Date,Open,High,Low,Close,Volume
1984-09-07,3.3098297535871,3.3504463601108,3.2698710942197,3.3098297535871,2973600.4452779
1984-09-10,3.3098297535871,3.3199814129939,3.2302513773268,3.2901843819297,2307999.0592183
1984-09-11,3.3199814129939,3.4100271303774,3.3199814129939,3.3504463601108,5442398.7695798
1984-09-12,3.3504463601108,3.3700518561829,3.2495744213369,3.2495744213369,4754399.4978261
1984-09-13,3.4303636788455,3.4401331972272,3.4303636788455,3.4303636788455,7404801.3962942
1984-09-14,3.4401331972272,3.5596934936129,3.4401331972272,3.4798094045325,8816799.6221051
1984-09-17,3.5701940643905,3.6199720866211,3.5701940643905,3.5701940643905,6883999.5302036
1984-09-18,3.5701940643905,3.5996687678074,3.4401331972272,3.4401331972272,3475200.546791
1984-09-19,3.4401331972272,3.4798094045325,3.3700518561829,3.3700518561829,3796000.1821004
1984-09-20,3.3799210635277,3.4100271303774,3.3799210635277,3.3799210635277,2363200.746848
1984-09-21,3.3799210635277,3.4798094045325,3.3098297535871,3.3504463601108,3565598.507826
1984-09-24,3.3504463601108,3.3700518561829,3.3199814129939,3.3199814129939,2821601.2115408
1984-09-25,3.3098297535871,3.3098297535871,3.2495744213369,3.2495744213369,5956800.6894748
1984-09-26,3.2495744213369,3.3995265595998,3.2102703861604,3.2102703861604,3963200.6573109
1984-09-27,3.2102703861604,3.2302513773268,3.2102703861604,3.2102703861604,3783200.0489603
1984-09-28,3.2102703861604,3.2102703861604,3.0701077040718,3.1300373857093,8335999.4059149
1984-10-01,3.1205436734588,3.1205436734588,3.0599626905959,3.0599626905959,3491999.9090101
1984-10-02,3.0799403587968,3.1899737132776,3.0799403587968,3.0799403587968,4223198.7273034
1984-10-03,3.1300373857093,3.1798154079399,3.1300373857093,3.1300373857093,4300800.5576474
1984-10-04,3.1693380979203,3.1899737132776,3.1693380979203,3.1693380979203,4481600.211324
1984-10-05,3.1693380979203,3.1693380979203,3.0799403587968,3.1002337087142,3484800.7369269
1984-10-08,3.1002337087142,3.1205436734588,3.1002337087142,3.1002337087142,1677600.4768756
1984-10-09,3.1002337087142,3.1205436734588,3.0701077040718,3.0701077040718,4473599.6767074
1984-10-10,3.0701077040718,3.0701077040718,2.9797263671793,2.9797263671793,13030399.513485
1984-10-11,2.9797263671793,3.0599626905959,2.9600776725565,2.9600776725565,6527200.1824972
1984-10-12,2.9600776725565,2.9797263671793,2.8094310345174,2.829740999262,9492800.5746561
1984-10-15,2.9895556989388,3.0196817035812,2.9895556989388,2.9895556989388,8687999.6967827
1984-10-16,2.9895556989388,3.000029685993,2.9797263671793,2.9797263671793,4215200.9913918
1984-10-17,3.1002337087142,3.1205436734588,3.1002337087142,3.1002337087142,5594401.0427707
1984-10-18,3.1899737132776,3.2102703861604,3.1899737132776,3.1899737132776,8827199.6400006
1984-10-19,3.1899737132776,3.4100271303774,3.1798154079399,3.1899737132776,11647200.955273
1984-10-22,3.1899737132776,3.2397450895773,3.1693380979203,3.1693380979203,4098401.0103266
1984-10-23,3.2397450895773,3.2698710942197,3.2397450895773,3.2397450895773,6658400.8851234
1984-10-24,3.2698710942197,3.3098297535871,3.2698710942197,3.2698710942197,5964800.7425937
1984-10-25,3.2698710942197,3.2698710942197,3.1503440274884,3.1503440274884,5648801.4581479
1984-10-26,3.1503440274884,3.1503440274884,3.0599626905959,3.0701077040718,4101599.5690251
1984-10-29,3.0799403587968,3.1002337087142,3.0799403587968,3.0799403587968,1808800.336881
1984-10-30,3.1205436734588,3.1503440274884,3.1205436734588,3.1205436734588,2664000.4148748
1984-10-31,3.1205436734588,3.1503440274884,3.1002337087142,3.1002337087142,2151200.5278938
1984-11-01,3.1205436734588,3.1503440274884,3.1205436734588,3.1205436734588,1679999.5087505
1984-11-02,3.1205436734588,3.1300373857093,3.0799403587968,3.1002337087142,988800.02315019
1984-11-05,3.1002337087142,3.1693380979203,3.0799403587968,3.0799403587968,3763200.5029883
1984-11-06,3.2698710942197,3.2901843819297,3.2698710942197,3.2698710942197,8047200.5849533
1984-11-07,3.2698710942197,3.2901843819297,3.2102703861604,3.2102703861604,8269599.918995
1984-11-08,3.2102703861604,3.2102703861604,3.0799403587968,3.0799403587968,3147199.7833144
1984-11-09,3.0799403587968,3.1002337087142,2.8703476368894,2.9004736415317,10504801.200246
1984-11-12,3.000029685993,3.0196817035812,3.000029685993,3.000029685993,4044799.8509306
1984-11-13,3.000029685993,3.0701077040718,2.930606292105,2.930606292105,4524000.9231928
1984-11-14,2.9600776725565,2.9895556989388,2.9600776725565,2.9600776725565,3726398.3747817
1984-11-15,2.9600776725565,2.9895556989388,2.9600776725565,2.9600776725565,3807199.004573
1984-11-16,2.9600776725565,3.000029685993,2.8804992962962,2.9004736415317,5920001.0891308
1984-11-19,2.9004736415317,2.9204579556636,2.7298626271535,2.7298626271535,8320799.1876239
1984-11-20,2.8195860168897,2.829740999262,2.8195860168897,2.8195860168897,9401599.3852845
1984-11-21,2.8804992962962,2.9004736415317,2.8804992962962,2.8804992962962,6383199.4671053
1984-11-23,2.9204579556636,3.000029685993,2.9204579556636,2.9600776725565,4895998.7136677
1984-11-26,2.9895556989388,2.9895556989388,2.9895556989388,2.9895556989388,3594401.0945049
1984-11-27,3.0701077040718,3.1002337087142,3.0701077040718,3.0701077040718,4550399.6329268
1984-11-28,3.2302513773268,3.3098297535871,3.2302513773268,3.2302513773268,14661601.704561
1984-11-29,3.2302513773268,3.2302513773268,3.1693380979203,3.1693380979203,6245601.4063333
1984-11-30,3.1693380979203,3.1899737132776,3.0701077040718,3.0799403587968,3882400.8400469
1984-12-03,3.0799403587968,3.1002337087142,3.0396527258513,3.0396527258513,3499999.9922226
1984-12-04,3.1002337087142,3.1693380979203,3.1002337087142,3.1002337087142,4299199.8789456
1984-12-05,3.2495744213369,3.2495744213369,3.2495744213369,3.2495744213369,9389600.9156138
1984-12-06,3.4100271303774,3.4303636788455,3.4100271303774,3.4100271303774,11331201.61064
1984-12-07,3.4100271303774,3.540021538232,3.3799210635277,3.3995265595998,17661598.963676
1984-12-10,3.3995265595998,3.3995265595998,3.330508567495,3.330508567495,3981599.5847685
1984-12-11,3.330508567495,3.3799210635277,3.2901843819297,3.2901843819297,4420799.5488151
1984-12-12,3.2901843819297,3.2901843819297,3.1798154079399,3.1798154079399,3931201.1068945
1984-12-13,3.2102703861604,3.2698710942197,3.2102703861604,3.2102703861604,2387199.2811503
1984-12-14,3.2102703861604,3.3199814129939,3.2102703861604,3.2901843819297,3433600.5053027
1984-12-17,3.3700518561829,3.3995265595998,3.3700518561829,3.3700518561829,4472800.962411
1984-12-18,3.5701940643905,3.5799635827722,3.5701940643905,3.5701940643905,12163199.190298
1984-12-19,3.5701940643905,3.5799635827722,3.4303636788455,3.4303636788455,11339200.941513
1984-12-20,3.4303636788455,3.4895789229142,3.4100271303774,3.4100271303774,4994400.1584923
1984-12-21,3.4100271303774,3.4303636788455,3.330508567495,3.3700518561829,4424799.8311702
1984-12-24,3.4303636788455,3.4401331972272,3.4303636788455,3.4303636788455,2412000.4419172
1984-12-26,3.4401331972272,3.4798094045325,3.4401331972272,3.4401331972272,2399201.00093
1984-12-27,3.4601042194973,3.4798094045325,3.4601042194973,3.4601042194973,3527199.7033668
1984-12-28,3.4601042194973,3.5996687678074,3.4401331972272,3.5799635827722,5904799.8175637
1984-12-31,3.6301071312008,3.6501113831252,3.6301071312008,3.6301071312008,7420000.0196243
1985-01-02,3.6301071312008,3.6301071312008,3.4798094045325,3.4798094045325,6260798.4948897
1985-01-03,3.540021538232,3.6301071312008,3.540021538232,3.540021538232,5950398.4561654
1985-01-04,3.540021538232,3.5596934936129,3.4895789229142,3.540021538232,4902399.0811738
1985-01-07,3.540021538232,3.5596934936129,3.5200837456163,3.5200837456163,6104001.1974028
1985-01-08,3.5200837456163,3.5596934936129,3.4895789229142,3.4895789229142,5039998.4058771
1985-01-09,3.5799635827722,3.6301071312008,3.5799635827722,3.5799635827722,5954401.4770383
1985-01-10,3.7397982202417,3.7499332648213,3.7397982202417,3.7397982202417,9895200.848078
1985-01-11,3.7397982202417,3.7709676360309,3.6701156350497,3.7099912202811,7323200.7882752
1985-01-14,3.8095804943967,3.8494560796282,3.8095804943967,3.8095804943967,9658398.3849872
1985-01-15,3.8095804943967,3.8799609023303,3.7397982202417,3.7397982202417,9463199.8454593
1985-01-16,3.7709676360309,3.8304819469889,3.7709676360309,3.7709676360309,6781600.3308866
1985-01-17,3.7709676360309,3.8304819469889,3.4997804268026,3.4997804268026,19554398.218204
1985-01-18,3.4997804268026,3.6501113831252,3.4895789229142,3.5701940643905,12595201.005444
1985-01-21,3.6501113831252,3.6701156350497,3.6501113831252,3.6501113831252,11622400.366285
1985-01-22,3.7499332648213,3.7709676360309,3.7499332648213,3.7499332648213,15172801.544806
1985-01-23,3.7499332648213,3.7709676360309,3.6897543607762,3.6897543607762,15375202.506526
1985-01-24,3.6897543607762,3.6897543607762,3.6199720866211,3.6199720866211,14180798.779946
1985-01-25,3.6199720866211,3.6897543607762,3.540021538232,3.6897543607762,11373600.727548
1985-01-28,3.7709676360309,3.8095804943967,3.7709676360309,3.7709676360309,14720799.220692
1985-01-29,3.7709676360309,3.800641717374,3.729297649464,3.729297649464,7990401.6793861
1985-01-30,3.729297649464,3.800641717374,3.729297649464,3.729297649464,17587201.439908
1985-01-31,3.729297649464,3.7397982202417,3.6199720866211,3.6199720866211,9865601.1119701
1985-02-01,3.6199720866211,3.6301071312008,3.540021538232,3.5701940643905,4919200.5800386
1985-02-04,3.6501113831252,3.6605454945941,3.6501113831252,3.6501113831252,7786398.4440033
1985-02-05,3.6701156350497,3.7397982202417,3.6701156350497,3.6701156350497,6787199.7270761
1985-02-06,3.7397982202417,3.7397982202417,3.7397982202417,3.7397982202417,6943998.6496175
1985-02-07,3.7397982202417,3.7899417686702,3.729297649464,3.729297649464,8767199.8886211
1985-02-08,3.729297649464,3.7397982202417,3.6701156350497,3.729297649464,4715199.5414888
1985-02-11,3.800641717374,3.8304819469889,3.800641717374,3.800641717374,12391199.154367
1985-02-12,3.800641717374,3.8095804943967,3.7099912202811,3.7099912202811,8089600.5444821
1985-02-13,3.7099912202811,3.7099912202811,3.540021538232,3.540021538232,18822399.511964
1985-02-14,3.540021538232,3.5701940643905,3.4401331972272,3.4401331972272,15243998.46351
1985-02-15,3.4401331972272,3.4997804268026,3.4100271303774,3.4895789229142,6200799.5560374
1985-02-19,3.4798094045325,3.4798094045325,3.4401331972272,3.4401331972272,5351198.5432034
1985-02-20,3.4401331972272,3.4601042194973,3.2901843819297,3.2901843819297,7856000.4318836
1985-02-21,3.3504463601108,3.3700518561829,3.3504463601108,3.3504463601108,11008000.957278
1985-02-22,3.3504463601108,3.4798094045325,3.3504463601108,3.4401331972272,8090399.7402761
1985-02-25,3.4401331972272,3.4601042194973,3.3995265595998,3.3995265595998,3519199.259031
1985-02-26,3.3995265595998,3.4100271303774,3.330508567495,3.330508567495,6748798.9665328
1985-02-27,3.330508567495,3.330508567495,3.1300373857093,3.1300373857093,14413600.960682
1985-02-28,3.1300373857093,3.1300373857093,3.0799403587968,3.0799403587968,11395200.139695
1985-03-01,3.0799403587968,3.1002337087142,2.9895556989388,3.1002337087142,8836799.2282644
1985-03-04,3.1503440274884,3.2397450895773,3.1503440274884,3.1503440274884,5468000.2095104
1985-03-05,3.2302513773268,3.2302513773268,3.2302513773268,3.2302513773268,4670399.496809
1985-03-06,3.2302513773268,3.2302513773268,3.0701077040718,3.0701077040718,6914398.8533224
1985-03-07,3.0701077040718,3.0799403587968,2.7599886317958,2.7599886317958,26213600.736703
1985-03-08,2.7599886317958,2.7599886317958,2.5798739362708,2.680413578501,16912798.969226
1985-03-11,2.7701402912027,2.7897856628601,2.7701402912027,2.7701402912027,10214399.804686
1985-03-12,2.8703476368894,2.9004736415317,2.8703476368894,2.8703476368894,7836799.8108631
1985-03-13,2.8703476368894,2.8703476368894,2.7102106095652,2.7102106095652,8968801.2633303
1985-03-14,2.7102106095652,2.7298626271535,2.7102106095652,2.7102106095652,8628799.5625076
1985-03-15,2.7102106095652,2.8804992962962,2.6905619149424,2.8195860168897,6479198.9910692
1985-03-18,2.8500409951102,2.8804992962962,2.8500409951102,2.8500409951102,4456000.1857927
1985-03-19,2.8500409951102,2.8804992962962,2.7396886359476,2.7396886359476,6123199.7118712
1985-03-20,2.7701402912027,2.8195860168897,2.7701402912027,2.7701402912027,14463200.995102
1985-03-21,2.8195860168897,2.8703476368894,2.8195860168897,2.8195860168897,5802401.3103995
1985-03-22,2.8195860168897,2.8703476368894,2.7701402912027,2.7701402912027,2870401.0871716
1985-03-25,2.7701402912027,2.7701402912027,2.6905619149424,2.6905619149424,3927199.0189233
1985-03-26,2.8094310345174,2.8094310345174,2.8094310345174,2.8094310345174,4336800.7816357
1985-03-27,2.8094310345174,2.829740999262,2.7298626271535,2.7298626271535,3976801.1298019
1985-03-28,2.7298626271535,2.7701402912027,2.7298626271535,2.7298626271535,4628799.5756951
1985-03-29,2.7298626271535,2.7701402912027,2.7298626271535,2.7599886317958,3113599.1328857
1985-04-01,2.7599886317958,2.8195860168897,2.6905619149424,2.6905619149424,4073600.7222741
1985-04-02,2.6905619149424,2.7102106095652,2.6198259497072,2.6198259497072,8122399.4110669
1985-04-03,2.6198259497072,2.6296519585014,2.6198259497072,2.6198259497072,8666399.2012664
1985-04-04,2.6198259497072,2.6296519585014,2.5697255998293,2.5998482815063,5780800.3634792
1985-04-08,2.5998482815063,2.6198259497072,2.4400435507258,2.4400435507258,7097600.247298
1985-04-09,2.4400435507258,2.4603468695394,2.4400435507258,2.4400435507258,9424800.7701577
1985-04-10,2.6198259497072,2.6499586002805,2.6198259497072,2.6198259497072,8104000.9049198
1985-04-11,2.6702585961287,2.7396886359476,2.6702585961287,2.6702585961287,5238401.0112327
1985-04-12,2.6702585961287,2.6702585961287,2.5798739362708,2.5998482815063,2590399.5590388
1985-04-15,2.6702585961287,2.6905619149424,2.6702585961287,2.6702585961287,2136799.8063328
1985-04-16,2.6905619149424,2.7102106095652,2.6905619149424,2.6905619149424,2416001.6270803
1985-04-17,2.8195860168897,2.8500409951102,2.8195860168897,2.8195860168897,4401600.2218195
1985-04-18,2.8500409951102,2.8703476368894,2.8500409951102,2.8500409951102,7229599.7545014
1985-04-19,2.8500409951102,2.8500409951102,2.7897856628601,2.8094310345174,3429600.3132284
1985-04-22,2.8094310345174,2.8094310345174,2.6905619149424,2.6905619149424,3663999.6216209
1985-04-23,2.7599886317958,2.7701402912027,2.7599886317958,2.7599886317958,4224799.0749755
1985-04-24,2.7599886317958,2.8094310345174,2.7396886359476,2.7396886359476,2819200.1633946
1985-04-25,2.7396886359476,2.7599886317958,2.7396886359476,2.7396886359476,3129599.6303404
1985-04-26,2.7396886359476,2.8195860168897,2.7298626271535,2.7298626271535,4275200.3515545
1985-04-29,2.7298626271535,2.7396886359476,2.6296519585014,2.6296519585014,2221600.2369815
1985-04-30,2.6499586002805,2.6702585961287,2.6499586002805,2.6499586002805,3383199.2588173
1985-05-01,2.6499586002805,2.6702585961287,2.5998482815063,2.5998482815063,2047999.7553882
1985-05-02,2.5697255998293,2.5697255998293,2.3994335901329,2.3994335901329,11777599.031435
1985-05-03,2.3994335901329,2.5097992411573,2.3994335901329,2.5006245335887,5647199.0340172
1985-05-06,2.5006245335887,2.5202732282115,2.4603468695394,2.4603468695394,2004799.9680998
1985-05-07,2.5006245335887,2.5006245335887,2.5006245335887,2.5006245335887,3843201.1545519
1985-05-08,2.480321214775,2.480321214775,2.480321214775,2.480321214775,5156799.9819032
1985-05-09,2.5006245335887,2.5097992411573,2.5006245335887,2.5006245335887,4538400.6817585
1985-05-10,2.5006245335887,2.560225241648,2.5006245335887,2.5202732282115,4859999.8137978
1985-05-13,2.5202732282115,2.5399219228343,2.5006245335887,2.5006245335887,3115200.3833659
1985-05-14,2.5006245335887,2.5097992411573,2.4603468695394,2.4603468695394,4347999.0022363
1985-05-15,2.5006245335887,2.5399219228343,2.5006245335887,2.5006245335887,4658399.0710542
1985-05-16,2.6702585961287,2.7396886359476,2.6702585961287,2.6702585961287,8233599.9357554
1985-05-17,2.6702585961287,2.7599886317958,2.6499586002805,2.7102106095652,7566400.3085759
1985-05-20,2.7102106095652,2.7701402912027,2.6702585961287,2.6702585961287,7042399.943974
1985-05-21,2.6499586002805,2.6499586002805,2.5798739362708,2.5798739362708,5447999.399607
1985-05-22,2.5798739362708,2.5998482815063,2.5697255998293,2.5697255998293,4305599.31355
1985-05-23,2.560225241648,2.560225241648,2.4603468695394,2.4603468695394,8541599.3476439
1985-05-24,2.4603468695394,2.4603468695394,2.2599288552007,2.2599288552007,21052799.659918
1985-05-28,2.2298061735237,2.2298061735237,2.1001141555238,2.1001141555238,18248798.902287
1985-05-29,2.1299145095535,2.1502178283672,2.1299145095535,2.1299145095535,8805599.1745779
1985-05-30,2.1898508371218,2.2298061735237,2.1898508371218,2.1898508371218,11247200.736909
1985-05-31,2.1898508371218,2.250106169372,2.1695441953427,2.1695441953427,13193599.315123
1985-06-03,2.1200951466902,2.1200951466902,1.9999068098372,1.9999068098372,20572000.406723
1985-06-04,2.1502178283672,2.1695441953427,2.1502178283672,2.1502178283672,14354400.344909
1985-06-05,2.1502178283672,2.20950285471,2.1001141555238,2.1001141555238,10228801.669803
1985-06-06,2.1200951466902,2.1200951466902,2.1200951466902,2.1200951466902,9685600.3832451
1985-06-07,2.1200951466902,2.1200951466902,2.0401911198172,2.0401911198172,16972800.01463
1985-06-10,2.0401911198172,2.0604944386309,2.0103907657876,2.0103907657876,11290400.825133
1985-06-11,2.0103907657876,2.0604944386309,2.0103907657876,2.0103907657876,10739998.741437
1985-06-12,2.0103907657876,2.0198878010036,1.9701131017384,1.9701131017384,8856799.4964829
1985-06-13,1.9701131017384,1.9796034910235,1.8499214419199,1.8499214419199,13554400.871175
1985-06-14,1.8499214419199,1.9701131017384,1.8401020790566,1.8401020790566,20202399.812413
1985-06-17,1.8499214419199,1.8699024330863,1.8499214419199,1.8499214419199,8440800.0746886
1985-06-18,1.9000251147632,1.929506464111,1.9000251147632,1.9000251147632,9471999.0040914
1985-06-19,1.9501354335374,1.9796034910235,1.9501354335374,1.9501354335374,6142398.9786796
1985-06-20,1.9701131017384,1.9701131017384,1.9701131017384,1.9701131017384,6814400.9128068
1985-06-21,2.0103907657876,2.0604944386309,2.0103907657876,2.0103907657876,5933600.026848
1985-06-24,2.1502178283672,2.1803504789404,2.1502178283672,2.1502178283672,7348799.1586584
1985-06-25,2.1803504789404,2.2298061735237,2.1803504789404,2.1803504789404,10496799.792915
1985-06-26,2.2599288552007,2.2599288552007,2.2599288552007,2.2599288552007,4721600.3904924
1985-06-27,2.290054859843,2.3100358510094,2.290054859843,2.290054859843,6873599.6627762
1985-06-28,2.290054859843,2.3100358510094,2.250106169372,2.250106169372,4848000.5616935
1985-07-01,2.2599288552007,2.2704028422548,2.2599288552007,2.2599288552007,3694399.9980157
1985-07-02,2.2599288552007,2.2704028422548,2.1502178283672,2.1502178283672,2776001.2789142
1985-07-03,2.1803504789404,2.1803504789404,2.1803504789404,2.1803504789404,2446400.9201055
1985-07-05,2.1898508371218,2.20950285471,2.1898508371218,2.1898508371218,1306399.5649873
1985-07-08,2.1898508371218,2.20950285471,2.1898508371218,2.1898508371218,3293599.9217979
1985-07-09,2.1898508371218,2.20950285471,2.1898508371218,2.1898508371218,5282399.7535662
1985-07-10,2.250106169372,2.250106169372,2.250106169372,2.250106169372,3787199.8799114
1985-07-11,2.250106169372,2.2599288552007,2.250106169372,2.250106169372,2317600.242443
1985-07-12,2.250106169372,2.250106169372,2.2298061735237,2.2298061735237,1679999.5087505
1985-07-15,2.2298061735237,2.2704028422548,2.20950285471,2.20950285471,2774398.9149707
1985-07-16,2.20950285471,2.2298061735237,2.1803504789404,2.1803504789404,5119999.1778152
1985-07-17,2.1898508371218,2.2298061735237,2.1898508371218,2.1898508371218,4220798.973182
1985-07-18,2.1898508371218,2.1898508371218,2.1502178283672,2.1502178283672,6395199.8627665
1985-07-19,2.1695441953427,2.1695441953427,2.1695441953427,2.1695441953427,4104001.3695114
1985-07-22,2.1695441953427,2.1695441953427,2.1001141555238,2.1001141555238,6867999.9054634
1985-07-23,2.1001141555238,2.1299145095535,2.0604944386309,2.0604944386309,6024799.8018203
1985-07-24,2.0604944386309,2.0902914696951,2.0198878010036,2.0198878010036,6025599.5092056
1985-07-25,2.0696625002687,2.0902914696951,2.0696625002687,2.0696625002687,11252799.681694
1985-07-26,2.0696625002687,2.0902914696951,2.0696625002687,2.0696625002687,4661600.3080833
1985-07-29,2.0696625002687,2.0696625002687,1.9999068098372,1.9999068098372,2776799.3612449
1985-07-30,2.0198878010036,2.0401911198172,2.0198878010036,2.0198878010036,3195198.9283774
1985-07-31,2.0198878010036,2.0401911198172,1.9796034910235,1.9796034910235,2875200.5954143
1985-08-01,1.9796034910235,2.0103907657876,1.9796034910235,1.9796034910235,1841600.858614
1985-08-02,1.9796034910235,1.9796034910235,1.9701131017384,1.9701131017384,3479200.4680229
1985-08-05,1.9701131017384,1.9796034910235,1.9196804553169,1.9196804553169,3297599.3615322
1985-08-06,1.9196804553169,1.9701131017384,1.9000251147632,1.9000251147632,2252799.7188895
1985-08-07,1.9000251147632,1.9999068098372,1.8499214419199,1.8499214419199,5419200.0630372
1985-08-08,1.8898767783218,1.9000251147632,1.8898767783218,1.8898767783218,5277599.5832643
1985-08-09,1.9000251147632,1.9000251147632,1.9000251147632,1.9000251147632,2176801.3057651
1985-08-12,1.9000251147632,1.9000251147632,1.8699024330863,1.8699024330863,1963999.152499
1985-08-13,1.9000251147632,1.929506464111,1.9000251147632,1.9000251147632,1513601.6900982
1985-08-14,1.9000251147632,1.9000251147632,1.8201310567865,1.8201310567865,10353600.89146
1985-08-15,1.8201310567865,1.8401020790566,1.8001467426547,1.8001467426547,3756800.075295
1985-08-16,1.8201310567865,1.8499214419199,1.8201310567865,1.8201310567865,2991199.8760054
1985-08-19,1.8699024330863,1.9000251147632,1.8699024330863,1.8699024330863,1709600.0272921
1985-08-20,1.9000251147632,1.9000251147632,1.9000251147632,1.9000251147632,2391200.1051902
1985-08-21,1.9000251147632,1.9000251147632,1.9000251147632,1.9000251147632,2750400.5311365
1985-08-22,1.9000251147632,1.9000251147632,1.8499214419199,1.8499214419199,4404000.9991233
1985-08-23,1.8499214419199,1.8699024330863,1.8401020790566,1.8401020790566,1571999.8298743
1985-08-26,1.8898767783218,1.8898767783218,1.8898767783218,1.8898767783218,1273599.1034415
1985-08-27,1.9000251147632,1.9000251147632,1.9000251147632,1.9000251147632,1532799.7832561
1985-08-28,1.9000251147632,1.9196804553169,1.9000251147632,1.9000251147632,1462400.1042619
1985-08-29,1.9000251147632,1.9000251147632,1.8499214419199,1.8499214419199,2003997.8231327
1985-08-30,1.8699024330863,1.8699024330863,1.8699024330863,1.8699024330863,1531200.0073624
1985-09-03,1.8699024330863,1.8699024330863,1.8401020790566,1.8401020790566,1337600.280733
1985-09-04,1.8499214419199,1.8898767783218,1.8499214419199,1.8499214419199,1698400.9038834
1985-09-05,1.8499214419199,1.8699024330863,1.8499214419199,1.8499214419199,1172000.7550666
1985-09-06,1.8699024330863,1.8699024330863,1.8699024330863,1.8699024330863,3314398.7538448
1985-09-09,1.9000251147632,1.9196804553169,1.9000251147632,1.9000251147632,4725599.6195715
1985-09-10,1.9196804553169,1.9501354335374,1.9196804553169,1.9196804553169,4348800.5754249
1985-09-11,1.929506464111,1.9501354335374,1.929506464111,1.929506464111,3110399.2199751
1985-09-12,2.0103907657876,2.0103907657876,2.0103907657876,2.0103907657876,3970399.1071477
1985-09-13,2.0103907657876,2.0103907657876,1.9701131017384,1.9701131017384,2519199.1795705
1985-09-16,1.9701131017384,1.9701131017384,1.9000251147632,1.9000251147632,1320801.2495436
1985-09-17,1.9000251147632,1.9000251147632,1.9000251147632,1.9000251147632,6562399.8263859
1985-09-18,2.0198878010036,2.0198878010036,2.0198878010036,2.0198878010036,4288800.5832966
1985-09-19,2.1200951466902,2.1200951466902,2.1200951466902,2.1200951466902,6654400.1814579
1985-09-20,2.1200951466902,2.1299145095535,2.0902914696951,2.0902914696951,4829598.4443142
1985-09-23,2.1001141555238,2.1299145095535,2.1001141555238,2.1001141555238,4235200.2665215
1985-09-24,2.1001141555238,2.1502178283672,2.0604944386309,2.0604944386309,3146399.8652739
1985-09-25,2.0604944386309,2.0604944386309,1.9796034910235,1.9796034910235,3732000.9307994
1985-09-26,1.9796034910235,1.9999068098372,1.9796034910235,1.9796034910235,1910401.3635865
1985-09-27,1.9796034910235,1.9999068098372,1.9796034910235,1.9796034910235,246399.94480249
1985-09-30,1.9796034910235,1.9999068098372,1.9701131017384,1.9701131017384,1308798.8677046
1985-10-01,1.9701131017384,1.9796034910235,1.9701131017384,1.9701131017384,3155199.7461525
1985-10-02,1.9701131017384,1.9796034910235,1.9501354335374,1.9501354335374,767999.26125811
1985-10-03,1.9501354335374,1.9501354335374,1.929506464111,1.929506464111,1747200.0271741
1985-10-04,1.929506464111,1.929506464111,1.8699024330863,1.8699024330863,2483199.9185774
1985-10-07,1.8699024330863,1.9000251147632,1.8699024330863,1.8699024330863,3283199.1515624
1985-10-08,1.8898767783218,1.8898767783218,1.8898767783218,1.8898767783218,3106399.8705217
1985-10-09,1.8898767783218,1.9000251147632,1.8699024330863,1.8699024330863,2957600.4594144
1985-10-10,1.9796034910235,1.9999068098372,1.9796034910235,1.9796034910235,9347999.4296326
1985-10-11,1.9999068098372,2.0198878010036,1.9999068098372,1.9999068098372,4224799.0749755
1985-10-14,2.0696625002687,2.0696625002687,2.0696625002687,2.0696625002687,5542398.8768348
1985-10-15,2.1200951466902,2.1299145095535,2.1200951466902,2.1200951466902,10496000.235998
1985-10-16,2.250106169372,2.2599288552007,2.250106169372,2.250106169372,10301600.410766
1985-10-17,2.2704028422548,2.3794592448974,2.2704028422548,2.2704028422548,12435199.250912
1985-10-18,2.2704028422548,2.290054859843,2.20950285471,2.20950285471,8229599.833962
1985-10-21,2.20950285471,2.20950285471,2.1502178283672,2.1502178283672,4245601.5182546
1985-10-22,2.250106169372,2.2704028422548,2.250106169372,2.250106169372,15162398.637924
1985-10-23,2.250106169372,2.3100358510094,2.250106169372,2.250106169372,5299199.2662533
1985-10-24,2.290054859843,2.3499845414805,2.290054859843,2.290054859843,9736799.350938
1985-10-25,2.290054859843,2.290054859843,2.250106169372,2.250106169372,2260000.1248104
1985-10-28,2.250106169372,2.2599288552007,2.250106169372,2.250106169372,2123999.8236607
1985-10-29,2.250106169372,2.250106169372,2.2298061735237,2.2298061735237,4674399.5986025
1985-10-30,2.3699622096815,2.3699622096815,2.3699622096815,2.3699622096815,8091999.4258889
1985-10-31,2.3699622096815,2.3994335901329,2.3201841874508,2.3201841874508,5538399.7982238
1985-11-01,2.3201841874508,2.3699622096815,2.3201841874508,2.3201841874508,3305600.0767103
1985-11-04,2.3303424927886,2.3794592448974,2.3303424927886,2.3303424927886,5561599.2270128
1985-11-05,2.3303424927886,2.3794592448974,2.3201841874508,2.3201841874508,3840800.2267801
1985-11-06,2.3994335901329,2.4197335859812,2.3994335901329,2.3994335901329,7159200.0454137
1985-11-07,2.4400435507258,2.480321214775,2.4400435507258,2.4400435507258,11326400.477343
1985-11-08,2.560225241648,2.5798739362708,2.560225241648,2.560225241648,10504001.372486
1985-11-11,2.560225241648,2.5798739362708,2.5006245335887,2.5006245335887,6384799.9050583
1985-11-12,2.5006245335887,2.5202732282115,2.480321214775,2.480321214775,6201601.1593196
1985-11-13,2.480321214775,2.480321214775,2.4197335859812,2.4197335859812,3627200.1416513
1985-11-14,2.5006245335887,2.5097992411573,2.5006245335887,2.5006245335887,4982398.860023
1985-11-15,2.5006245335887,2.5202732282115,2.480321214775,2.480321214775,2913600.5133368
1985-11-18,2.480321214775,2.5006245335887,2.480321214775,2.480321214775,2305599.2449097
1985-11-19,2.480321214775,2.5006245335887,2.3994335901329,2.3994335901329,3368800.0118429
1985-11-20,2.3994335901329,2.4197335859812,2.3699622096815,2.3699622096815,3538400.8430468
1985-11-21,2.3699622096815,2.3994335901329,2.3699622096815,2.3699622096815,3676799.3635441
1985-11-22,2.3699622096815,2.3994335901329,2.3499845414805,2.3699622096815,4598399.831266
1985-11-25,2.3699622096815,2.3994335901329,2.3699622096815,2.3794592448974,3471199.2111599
1985-11-26,2.3794592448974,2.4302208648971,2.3699622096815,2.4197335859812,5873598.800882
1985-11-27,2.4197335859812,2.5097992411573,2.3994335901329,2.5006245335887,6847200.5317317
1985-11-29,2.5006245335887,2.5097992411573,2.480321214775,2.5097992411573,3536799.9536898
1985-12-02,2.5097992411573,2.5202732282115,2.5006245335887,2.5202732282115,3578399.9951781
1985-12-03,2.5202732282115,2.5399219228343,2.5006245335887,2.5097992411573,5538399.7982238
1985-12-04,2.5097992411573,2.5697255998293,2.5097992411573,2.560225241648,5896800.2158488
1985-12-05,2.560225241648,2.5798739362708,2.5006245335887,2.5097992411573,4469598.8225739
1985-12-06,2.5097992411573,2.5097992411573,2.4400435507258,2.4603468695394,2337600.7514103
1985-12-09,2.4603468695394,2.5006245335887,2.3994335901329,2.4197335859812,4995201.1599024
1985-12-10,2.4197335859812,2.4400435507258,2.3994335901329,2.4302208648971,7175200.3322131
1985-12-11,2.4302208648971,2.5097992411573,2.4302208648971,2.4603468695394,8486399.1947879
1985-12-12,2.480321214775,2.5202732282115,2.480321214775,2.5006245335887,4473599.6767074
1985-12-13,2.5006245335887,2.5202732282115,2.4603468695394,2.5006245335887,8969600.3989371
1985-12-16,2.5006245335887,2.6499586002805,2.5006245335887,2.5998482815063,10318400.766074
1985-12-17,2.5998482815063,2.6198259497072,2.5399219228343,2.5697255998293,3895199.2578516
1985-12-18,2.6702585961287,2.8500409951102,2.6702585961287,2.7701402912027,19992798.745708
1985-12-19,2.7701402912027,2.829740999262,2.7599886317958,2.8094310345174,9647199.1412041
1985-12-20,2.8094310345174,2.829740999262,2.7701402912027,2.7897856628601,7358399.3487942
1985-12-23,2.7897856628601,2.8094310345174,2.6905619149424,2.7298626271535,5115199.9404149
1985-12-24,2.7298626271535,2.7396886359476,2.6905619149424,2.7102106095652,2307200.1041731
1985-12-26,2.7102106095652,2.7396886359476,2.6905619149424,2.7102106095652,1637600.4219362
1985-12-27,2.7102106095652,2.8195860168897,2.7102106095652,2.7897856628601,4388799.7275563
1985-12-30,2.7897856628601,2.8195860168897,2.7599886317958,2.7701402912027,3845600.1262396
1985-12-31,2.7701402912027,2.7897856628601,2.7396886359476,2.7396886359476,3115999.0976623
1986-01-02,2.7396886359476,2.7701402912027,2.7102106095652,2.7701402912027,4193598.6300722
1986-01-03,2.7701402912027,2.7897856628601,2.7599886317958,2.7897856628601,8648801.0043766
1986-01-06,2.7897856628601,2.7897856628601,2.7298626271535,2.7701402912027,6608799.6770529
1986-01-07,2.7701402912027,2.8703476368894,2.7599886317958,2.8703476368894,16804801.005685
1986-01-08,2.8703476368894,2.930606292105,2.829740999262,2.8500409951102,21700000.222623
1986-01-09,2.8500409951102,2.8703476368894,2.7298626271535,2.8195860168897,15972799.032362
1986-01-10,2.8195860168897,2.8804992962962,2.8195860168897,2.829740999262,5472801.011778
1986-01-13,2.829740999262,2.8804992962962,2.8094310345174,2.8703476368894,7693600.578379
1986-01-14,2.8703476368894,2.9600776725565,2.8094310345174,2.9004736415317,9739198.4129065
1986-01-15,2.9004736415317,2.9895556989388,2.8804992962962,2.9797263671793,15123999.532529
1986-01-16,2.9797263671793,3.0799403587968,2.9797263671793,3.0599626905959,19099199.562319
1986-01-17,3.0599626905959,3.0799403587968,2.9797263671793,2.9895556989388,12335200.016372
1986-01-20,2.9895556989388,2.9895556989388,2.9204579556636,2.9797263671793,4550399.6329268
1986-01-21,2.9797263671793,3.000029685993,2.9600776725565,2.9895556989388,5427201.1995258
1986-01-22,2.9895556989388,3.000029685993,2.7897856628601,2.9204579556636,5107200.2484192
1986-01-23,2.9204579556636,2.930606292105,2.829740999262,2.8703476368894,5586400.3576861
1986-01-24,2.8703476368894,2.9204579556636,2.8195860168897,2.8195860168897,3999200.6706441
1986-01-27,2.8195860168897,2.829740999262,2.7396886359476,2.7599886317958,13913599.401225
1986-01-28,2.7599886317958,2.7897856628601,2.7396886359476,2.7701402912027,7939199.9731754
1986-01-29,2.7701402912027,3.0396527258513,2.7396886359476,2.9401000043555,21056000.054326
1986-01-30,2.930606292105,2.930606292105,2.8500409951102,2.8703476368894,8460000.3345858
1986-01-31,2.8703476368894,2.9004736415317,2.8500409951102,2.8804992962962,5275199.4981133
1986-02-03,2.8804992962962,2.9895556989388,2.8500409951102,2.9797263671793,12500799.090634
1986-02-04,2.9797263671793,3.0396527258513,2.9600776725565,2.9600776725565,9291999.7800465
1986-02-05,2.9600776725565,2.9797263671793,2.930606292105,2.9600776725565,7041599.0930319
1986-02-06,2.9600776725565,3.0196817035812,2.9401000043555,3.000029685993,4793599.0629467
1986-02-07,3.000029685993,3.000029685993,2.930606292105,2.9895556989388,4621600.3735183
1986-02-10,2.9895556989388,3.0599626905959,2.9600776725565,2.9797263671793,3994398.544258
1986-02-11,2.9797263671793,2.9895556989388,2.930606292105,2.9797263671793,5480798.6875023
1986-02-12,2.9797263671793,2.9895556989388,2.9600776725565,2.9895556989388,4751999.653424
1986-02-13,2.9895556989388,2.9895556989388,2.9600776725565,2.9797263671793,3906399.6150979
1986-02-14,2.9797263671793,3.000029685993,2.9600776725565,2.9600776725565,4911200.0755156
1986-02-18,2.9600776725565,2.9895556989388,2.9004736415317,2.9797263671793,5289599.7381767
1986-02-19,2.9797263671793,3.1798154079399,2.9797263671793,3.1205436734588,12845600.931665
1986-02-20,3.1205436734588,3.1693380979203,3.1002337087142,3.1300373857093,4925599.4729581
1986-02-21,3.1300373857093,3.2102703861604,3.1300373857093,3.1503440274884,6752799.3090751
1986-02-24,3.1503440274884,3.2102703861604,3.1205436734588,3.2102703861604,8825600.0145749
1986-02-25,3.2102703861604,3.2901843819297,3.1300373857093,3.2901843819297,8026398.2620486
1986-02-26,3.2901843819297,3.330508567495,3.2397450895773,3.2397450895773,5883199.9841067
1986-02-27,3.2397450895773,3.2495744213369,3.1798154079399,3.1899737132776,3861599.3898566
1986-02-28,3.1899737132776,3.2302513773268,3.1002337087142,3.1205436734588,4468800.8004304
1986-03-03,3.1205436734588,3.1300373857093,3.0599626905959,3.0701077040718,3886399.226505
1986-03-04,3.0701077040718,3.1205436734588,3.0599626905959,3.0701077040718,3182400.8716959
1986-03-05,3.0701077040718,3.1798154079399,3.0196817035812,3.1503440274884,6322400.128715
1986-03-06,3.1503440274884,3.2102703861604,3.1300373857093,3.1693380979203,3619199.6371284
1986-03-07,3.1693380979203,3.1693380979203,3.0799403587968,3.0799403587968,3435198.8968907
1986-03-10,3.0799403587968,3.1002337087142,3.0701077040718,3.0701077040718,2696000.0555721
1986-03-11,3.0701077040718,3.1002337087142,3.0599626905959,3.1002337087142,3680799.9468352
1986-03-12,3.1002337087142,3.1300373857093,3.0799403587968,3.0799403587968,3059998.9063914
1986-03-13,3.0799403587968,3.1205436734588,3.0396527258513,3.0799403587968,4141600.0753685
1986-03-14,3.0799403587968,3.2698710942197,3.0799403587968,3.2495744213369,13744798.397781
1986-03-17,3.2397450895773,3.2397450895773,3.1693380979203,3.2397450895773,4240000.3465426
1986-03-18,3.2397450895773,3.3995265595998,3.2302513773268,3.3504463601108,8905598.9207096
1986-03-19,3.3504463601108,3.3995265595998,3.2901843819297,3.3098297535871,6781600.3308866
1986-03-20,3.4895789229142,3.6897543607762,3.4895789229142,3.5200837456163,32290400.11641
1986-03-21,3.5200837456163,3.5799635827722,3.4303636788455,3.4401331972272,9299200.1558738
1986-03-24,3.4401331972272,3.4401331972272,3.2901843819297,3.330508567495,10511199.340825
1986-03-25,3.330508567495,3.4798094045325,3.330508567495,3.4798094045325,10038400.23103
1986-03-26,3.4798094045325,3.5799635827722,3.4798094045325,3.5200837456163,7933598.8616505
1986-03-27,3.5200837456163,3.6199720866211,3.5200837456163,3.5200837456163,7821600.5555674
1986-03-31,3.5200837456163,3.5596934936129,3.4895789229142,3.5200837456163,6707200.3093501
1986-04-01,3.5200837456163,3.5200837456163,3.3700518561829,3.3995265595998,7954400.8535257
1986-04-02,3.3995265595998,3.4100271303774,3.2698710942197,3.3995265595998,11617600.226076
1986-04-03,3.3995265595998,3.4401331972272,3.3504463601108,3.3700518561829,7538400.5891105
1986-04-04,3.3700518561829,3.3700518561829,3.3199814129939,3.330508567495,4498401.4092527
1986-04-07,3.330508567495,3.4303636788455,3.2698710942197,3.3995265595998,4290400.9610623
1986-04-08,3.3995265595998,3.4601042194973,3.3995265595998,3.4401331972272,6900799.8855116
1986-04-09,3.4401331972272,3.4601042194973,3.3504463601108,3.3799210635277,4832799.9822793
1986-04-10,3.3799210635277,3.4100271303774,3.3504463601108,3.3995265595998,3928001.1638903
1986-04-11,3.3995265595998,3.4303636788455,3.3700518561829,3.3700518561829,2702400.4531718
1986-04-14,3.3700518561829,3.3995265595998,3.330508567495,3.3504463601108,3034399.5429194
1986-04-15,3.3504463601108,3.4303636788455,3.3504463601108,3.4100271303774,4692801.2043906
1986-04-16,3.4100271303774,3.5596934936129,3.4100271303774,3.5200837456163,7529599.6248622
1986-04-17,3.5200837456163,3.6301071312008,3.4895789229142,3.6199720866211,9646400.788031
1986-04-18,3.6199720866211,3.729297649464,3.5799635827722,3.7099912202811,8845600.1022318
1986-04-21,3.729297649464,3.8304819469889,3.729297649464,3.7899417686702,9769599.1504245
1986-04-22,3.7899417686702,3.8989350349696,3.6897543607762,3.729297649464,11709600.460774
1986-04-23,3.729297649464,3.7899417686702,3.6605454945941,3.6897543607762,9338399.8413688
1986-04-24,3.6897543607762,3.9211989033905,3.6701156350497,3.9098011319451,16370400.218851
1986-04-25,3.9098011319451,4.0669441674115,3.9098011319451,4.0194589913317,9324000.6545815
1986-04-28,4.0194589913317,4.0784416278199,3.9602105176086,3.9903498141127,5197599.8345087
1986-04-29,3.9903498141127,4.0194589913317,3.3504463601108,3.8989350349696,4739199.7911264
1986-04-30,3.8989350349696,3.9405717918821,3.7709676360309,3.7709676360309,4920801.6800508
1986-05-01,3.7709676360309,3.7709676360309,3.7099912202811,3.7709676360309,9211999.9711037
1986-05-02,3.7709676360309,3.8695600205157,3.7499332648213,3.800641717374,3342401.3923896
1986-05-05,3.800641717374,4.0483355609701,3.800641717374,4.0011162221252,5333599.9550968
1986-05-06,4.0194589913317,4.140647540781,4.0194589913317,4.0669441674115,7804800.079885
1986-05-07,4.0669441674115,4.1006722665864,3.8989350349696,3.9211989033905,7100000.8440402
1986-05-08,3.9211989033905,4.1304792665469,3.9211989033905,4.1213078819437,8334399.3290852
1986-05-09,4.1213078819437,4.18972774027,4.0784416278199,4.1619477492254,7946399.566569
1986-05-12,4.1619477492254,4.5696423785628,4.140647540781,4.5402009048002,14300799.2457
1986-05-13,4.5402009048002,4.5493058300948,4.3888730588468,4.4903564232609,16848799.296615
1986-05-14,4.4903564232609,4.6613229949408,4.4903564232609,4.5896134008329,17249600.245547
1986-05-15,4.5896134008329,4.6098502603379,4.4393156741646,4.4903564232609,7947999.4929307
1986-05-16,4.4903564232609,4.520861245963,4.3806985638744,4.4903564232609,11401600.537294
1986-05-19,4.4903564232609,4.5493058300948,4.4193446518945,4.4393156741646,7482400.3376524
1986-05-20,4.4393156741646,4.4393156741646,4.2676845093975,4.4107714010698,8778399.8847442
1986-05-21,4.4107714010698,4.6416842692143,4.3701647634424,4.6098502603379,12383199.311903
1986-05-22,4.6098502603379,4.6701620830005,4.4588879405824,4.5810401500081,7875200.3908448
1986-05-23,4.5810401500081,4.6301868088059,4.5402009048002,4.6098502603379,4994400.1584923
1986-05-27,4.6098502603379,4.6098502603379,4.5402009048002,4.5896134008329,3023199.9079195
1986-05-28,4.5896134008329,4.6701620830005,4.5810401500081,4.6416842692143,7397599.1546636
1986-05-29,4.6416842692143,4.6416842692143,4.5493058300948,4.6098502603379,3622399.700507
1986-05-30,4.6098502603379,4.6416842692143,4.5493058300948,4.6098502603379,4551199.6111545
1986-06-02,4.6098502603379,4.6613229949408,4.5810401500081,4.6301868088059,7116000.8900909
1986-06-03,4.6301868088059,4.7485176079803,4.6301868088059,4.7176804887346,11639200.089627
1986-06-04,4.7176804887346,4.8414941808783,4.7104031944299,4.8302625577048,10737599.890124
1986-06-05,4.8302625577048,4.8801070392441,4.8001897205094,4.8414941808783,5281601.4003931
1986-06-06,4.8414941808783,4.8414941808783,4.6701620830005,4.7104031944299,6334401.4873715
1986-06-09,4.7104031944299,4.7176804887346,4.4687903775816,4.4903564232609,8822399.7405411
1986-06-10,4.4903564232609,4.4903564232609,4.3806985638744,4.4903564232609,8817599.8410816
1986-06-11,4.4903564232609,4.520861245963,4.4193446518945,4.5011892905821,6673599.6589215
1986-06-12,4.5011892905821,4.5402009048002,4.4903564232609,4.4903564232609,4610399.1134639
1986-06-13,4.4903564232609,4.5402009048002,4.3888730588468,4.5402009048002,5107200.2484192
1986-06-16,4.5402009048002,4.5896134008329,4.4393156741646,4.4687903775816,6200000.3602434
1986-06-17,4.4687903775816,4.4903564232609,4.2388411694134,4.2676845093975,7930399.6107992
1986-06-18,4.2676845093975,4.3295913554694,4.0483355609701,4.2676845093975,15344800.023579
1986-06-19,4.2676845093975,4.4588879405824,4.2198670367741,4.3701647634424,12308799.591302
1986-06-20,4.3701647634424,4.5011892905821,4.3701647634424,4.4903564232609,5760800.2457287
1986-06-23,4.4903564232609,4.520861245963,4.3207522674097,4.3295913554694,4154400.6900062
1986-06-24,4.3295913554694,4.3806985638744,4.2899151481641,4.3403909931362,5071199.7535884
1986-06-25,4.3701647634424,4.4903564232609,4.3701647634424,4.4687903775816,4713599.4345655
1986-06-26,4.4687903775816,4.5402009048002,4.4193446518945,4.520861245963,4175998.9585959
1986-06-27,4.520861245963,4.5810401500081,4.4193446518945,4.4687903775816,1792801.1936384
1986-06-30,4.4687903775816,4.520861245963,4.4588879405824,4.4687903775816,2527200.3461527
1986-07-01,4.4687903775816,4.5011892905821,4.3295913554694,4.4107714010698,3132799.5733446
1986-07-02,4.4107714010698,4.520861245963,4.4107714010698,4.5011892905821,5172799.5163627
1986-07-03,4.5011892905821,4.7104031944299,4.4393156741646,4.6891362156398,6470399.5916882
1986-07-07,4.6891362156398,4.7104031944299,4.4107714010698,4.4393156741646,6493599.1107581
1986-07-08,4.3888730588468,4.3888730588468,4.248045783671,4.2676845093975,9774399.8925049
1986-07-09,4.2676845093975,4.3295913554694,4.2388411694134,4.3207522674097,13040000.094837
1986-07-10,4.3295913554694,4.4107714010698,4.3207522674097,4.4107714010698,7448801.4928399
1986-07-11,4.4107714010698,4.7104031944299,4.3888730588468,4.6301868088059,7999999.7027825
1986-07-14,4.6301868088059,4.6613229949408,4.520861245963,4.520861245963,8479999.7601835
1986-07-15,4.3701647634424,4.3701647634424,4.2676845093975,4.3403909931362,10640000.439798
1986-07-16,4.4193446518945,4.4393156741646,4.0784416278199,4.1717172676071,19279999.998429
1986-07-17,4.1717172676071,4.210429814936,4.0011162221252,4.0194589913317,8960000.0583333
1986-07-18,4.0194589913317,4.0483355609701,3.8989350349696,3.9602105176086,11039998.88264
1986-07-21,4.1213078819437,4.210429814936,4.0784416278199,4.1717172676071,8160000.3438506
1986-07-22,4.1717172676071,4.3207522674097,4.140647540781,4.3207522674097,8559999.7496879
1986-07-23,4.3207522674097,4.3207522674097,4.248045783671,4.248045783671,6410400.2014319
1986-07-24,4.2676845093975,4.2899151481641,4.1213078819437,4.1304792665469,5163200.0785669
1986-07-25,4.1304792665469,4.2388411694134,4.1213078819437,4.2388411694134,7766399.0785928
1986-07-28,4.2198670367741,4.2388411694134,4.0194589913317,4.0391309467125,8800001.6441917
1986-07-29,4.0194589913317,4.0194589913317,3.8304819469889,3.8989350349696,21280000.067069
1986-07-30,3.8989350349696,3.9211989033905,3.7397982202417,3.800641717374,9119999.9169677
1986-07-31,3.800641717374,3.9211989033905,3.800641717374,3.8989350349696,10080000.302612
1986-08-01,3.8799609023303,3.9602105176086,3.8799609023303,3.9098011319451,5359999.9287621
1986-08-04,3.9098011319451,3.9211989033905,3.8095804943967,3.9211989033905,4648800.7467217
1986-08-05,3.9405717918821,4.0391309467125,3.9211989033905,4.0011162221252,4210398.8650057
1986-08-06,4.0011162221252,4.0011162221252,3.8695600205157,3.8799609023303,6614399.253804
1986-08-07,3.8799609023303,4.0669441674115,3.8799609023303,3.9602105176086,6192800.1649777
1986-08-08,3.9794504874828,4.0391309467125,3.9405717918821,3.9405717918821,3933600.3494246
1986-08-11,3.9794504874828,4.1717172676071,3.9602105176086,4.1717172676071,6551200.492322
1986-08-12,4.1619477492254,4.2899151481641,4.1619477492254,4.2676845093975,8719999.3976672
1986-08-13,4.2676845093975,4.520861245963,4.2676845093975,4.4903564232609,16239999.825482
1986-08-14,4.4903564232609,4.6098502603379,4.4903564232609,4.4903564232609,8239999.3402662
1986-08-15,4.5011892905821,4.5493058300948,4.4393156741646,4.4588879405824,4899200.9437857
1986-08-18,4.4588879405824,4.4687903775816,4.3701647634424,4.4107714010698,5262399.5455349
1986-08-19,4.3806985638744,4.4193446518945,4.3207522674097,4.4107714010698,4920801.6800508
1986-08-20,4.3888730588468,4.5493058300948,4.3888730588468,4.520861245963,6118400.3540965
1986-08-21,4.5011892905821,4.5402009048002,4.4588879405824,4.4588879405824,6952000.1171357
1986-08-22,4.4687903775816,4.5696423785628,4.4687903775816,4.520861245963,4132800.044022
1986-08-25,4.5493058300948,4.5896134008329,4.5402009048002,4.5402009048002,4514401.786333
1986-08-26,4.5402009048002,4.5896134008329,4.5402009048002,4.5696423785628,4687200.6947378
1986-08-27,4.5696423785628,4.6098502603379,4.520861245963,4.6098502603379,5251199.5193182
1986-08-28,4.6098502603379,4.7372859848068,4.5896134008329,4.7104031944299,7846399.0981909
1986-08-29,4.6891362156398,4.7372859848068,4.5896134008329,4.6098502603379,4829598.4443142
1986-09-02,4.6301868088059,4.6301868088059,4.3295913554694,4.3295913554694,8320000.9548251
1986-09-03,4.3295913554694,4.3403909931362,4.248045783671,4.3295913554694,4196000.4305585
1986-09-04,4.3701647634424,4.4193446518945,4.3295913554694,4.4193446518945,7100000.8440402
1986-09-05,4.4393156741646,4.4687903775816,4.3701647634424,4.3806985638744,3517600.1451966
1986-09-08,4.3701647634424,4.3701647634424,4.18972774027,4.3295913554694,4507201.5609737
1986-09-09,4.3207522674097,4.4903564232609,4.3207522674097,4.4588879405824,5384799.2538193
1986-09-10,4.4393156741646,4.4687903775816,4.3295913554694,4.3701647634424,2702400.4531718
1986-09-11,4.3207522674097,4.3295913554694,4.0483355609701,4.0669441674115,4798400.4670863
1986-09-12,4.0483355609701,4.0784416278199,3.9602105176086,3.9602105176086,8160000.3438506
1986-09-15,4.0194589913317,4.1304792665469,3.9903498141127,4.1304792665469,7954400.8535257
1986-09-16,4.1304792665469,4.3806985638744,4.0483355609701,4.3403909931362,8800001.6441917
1986-09-17,4.3403909931362,4.3701647634424,4.2676845093975,4.2676845093975,4173598.7229769
1986-09-18,4.2676845093975,4.3007480154853,4.210429814936,4.2388411694134,3536799.9536898
1986-09-19,4.210429814936,4.2198670367741,4.140647540781,4.18972774027,4557600.7610942
1986-09-22,4.1717172676071,4.4107714010698,4.1717172676071,4.3888730588468,8559999.7496879
1986-09-23,4.3888730588468,4.520861245963,4.3806985638744,4.5011892905821,12080001.033312
1986-09-24,4.5011892905821,4.5402009048002,4.2388411694134,4.3806985638744,6316799.4685942
1986-09-25,4.3806985638744,4.3888730588468,4.18972774027,4.3007480154853,6707200.3093501
1986-09-26,4.248045783671,4.2899151481641,4.2198670367741,4.2676845093975,2500799.7104281
1986-09-29,4.18972774027,4.2198670367741,3.9405717918821,4.0483355609701,7462399.1064386
1986-09-30,4.1006722665864,4.2198670367741,4.0669441674115,4.1717172676071,6456800.353035
1986-10-01,4.1619477492254,4.3007480154853,4.1619477492254,4.248045783671,4949599.9633445
1986-10-02,4.210429814936,4.2899151481641,4.1717172676071,4.248045783671,3386400.2851912
1986-10-03,4.2899151481641,4.3295913554694,4.1619477492254,4.210429814936,4955200.0817805
1986-10-06,4.210429814936,4.2676845093975,4.18972774027,4.248045783671,3375199.0552304
1986-10-07,4.2388411694134,4.248045783671,4.1006722665864,4.1213078819437,4571202.0160187
1986-10-08,4.1006722665864,4.1213078819437,4.0194589913317,4.0784416278199,3984801.4537632
1986-10-09,4.0784416278199,4.140647540781,4.0669441674115,4.1213078819437,2783999.3157618
1986-10-10,4.1006722665864,4.1619477492254,4.0391309467125,4.140647540781,2090401.1293162
1986-10-13,4.1304792665469,4.3207522674097,4.1213078819437,4.3207522674097,3560001.5793119
1986-10-14,4.3207522674097,4.3888730588468,4.210429814936,4.2388411694134,7119198.6964493
1986-10-15,4.1717172676071,4.1717172676071,4.0784416278199,4.1619477492254,7335999.8982328
1986-10-16,4.1619477492254,4.2198670367741,4.140647540781,4.18972774027,4848798.884773
1986-10-17,4.210429814936,4.2388411694134,4.1619477492254,4.18972774027,5423999.1499694
1986-10-20,4.1717172676071,4.18972774027,4.1006722665864,4.1006722665864,5320800.5442032
1986-10-21,4.1213078819437,4.1213078819437,4.0669441674115,4.0784416278199,4061601.2896082
1986-10-22,4.0784416278199,4.1006722665864,4.0194589913317,4.0483355609701,3374400.2205596
1986-10-23,4.0483355609701,4.1304792665469,4.0483355609701,4.1304792665469,4397600.7519917
1986-10-24,4.1304792665469,4.140647540781,4.0784416278199,4.1213078819437,2690400.2681658
1986-10-27,4.1717172676071,4.2388411694134,4.140647540781,4.2388411694134,5400001.2476328
1986-10-28,4.2388411694134,4.248045783671,4.1213078819437,4.1619477492254,5079998.9122206
1986-10-29,4.1717172676071,4.1717172676071,4.1304792665469,4.1619477492254,3051199.5371041
1986-10-30,4.1717172676071,4.3295913554694,4.1619477492254,4.2676845093975,10480001.092755
1986-10-31,4.2676845093975,4.3403909931362,4.2676845093975,4.3207522674097,4332000.4006786
1986-11-03,4.3295913554694,4.3806985638744,4.3207522674097,4.3701647634424,5422399.885667
1986-11-04,4.3403909931362,4.4687903775816,4.2198670367741,4.4588879405824,8800001.6441917
1986-11-05,4.4588879405824,4.6301868088059,4.4193446518945,4.6098502603379,22320000.321844
1986-11-06,4.5696423785628,4.5896134008329,4.4588879405824,4.5011892905821,11839999.469837
1986-11-07,4.4903564232609,4.5011892905821,4.3403909931362,4.4588879405824,5112798.7418007
1986-11-10,4.4687903775816,4.4687903775816,4.3806985638744,4.4107714010698,3781599.6711946
1986-11-11,4.4193446518945,4.4588879405824,4.3888730588468,4.4193446518945,1792000.1320411
1986-11-12,4.4588879405824,4.5696423785628,4.4393156741646,4.5696423785628,4678400.7837657
1986-11-13,4.5493058300948,4.5493058300948,4.4193446518945,4.4193446518945,4911200.0755156
1986-11-14,4.4193446518945,4.4193446518945,4.3403909931362,4.3888730588468,4825599.1249543
1986-11-17,4.3888730588468,4.6098502603379,4.3701647634424,4.5402009048002,5059999.7574653
1986-11-18,4.5402009048002,4.5810401500081,4.3806985638744,4.4107714010698,6073600.67054
1986-11-19,4.3806985638744,4.3888730588468,4.3007480154853,4.3701647634424,10800001.712832
1986-11-20,4.3403909931362,4.4107714010698,4.3403909931362,4.3888730588468,10559999.878515
1986-11-21,4.3888730588468,4.520861245963,4.3806985638744,4.4903564232609,10240000.913587
1986-11-24,4.520861245963,4.7485176079803,4.4903564232609,4.7372859848068,13439999.229832
1986-11-25,4.7372859848068,5.0408721070356,4.7372859848068,5.0104337436423,30319998.911163
1986-11-26,5.0005645362975,5.1404281514969,4.9901304248286,5.0507413143804,18080000.125769
1986-11-28,5.0507413143804,5.0709781738854,4.9387573791887,4.9901304248286,7876800.3773937
1986-12-01,4.9901304248286,5.0005645362975,4.8801070392441,5.0005645362975,12400000.419551
1986-12-02,5.0507413143804,5.209844899454,4.9901304248286,5.1708665148902,13199999.140945
1986-12-03,5.1902061737275,5.3591789661458,5.1708665148902,5.3293719661853,11999998.215009
1986-12-04,5.318904625062,5.3293719661853,5.2402832628473,5.2983022393591,9600000.8470831
1986-12-05,5.318904625062,5.4606623305599,5.2983022393591,5.4606623305599,9360000.2165106
1986-12-08,5.4407245379442,5.4711961309919,5.2805576039311,5.2983022393591,12400000.419551
1986-12-09,5.2805576039311,5.318904625062,5.1184633499652,5.2805576039311,10800001.712832
1986-12-10,5.2805576039311,5.4606623305599,5.2402832628473,5.4210525825633,8719999.3976672
1986-12-11,5.4407245379442,5.4711961309919,5.318904625062,5.3388424176778,8080000.444627
1986-12-12,5.3388424176778,5.3591789661458,5.1404281514969,5.1404281514969,6432798.7792789
1986-12-15,5.1093584246707,5.209844899454,5.0408721070356,5.209844899454,7466399.2082321
1986-12-16,5.1902061737275,5.2983022393591,5.1902061737275,5.2983022393591,5426400.6194261
1986-12-17,5.2805576039311,5.2983022393591,5.0896864692898,5.1404281514969,5396799.5291061
1986-12-18,5.1184633499652,5.2210100633188,5.0811796777738,5.1623597233742,6251999.1857895
1986-12-19,5.1623597233742,5.2983022393591,5.1623597233742,5.2511493598229,7110399.5077236
1986-12-22,5.2402832628473,5.2983022393591,5.209844899454,5.2511493598229,5870400.8440555
1986-12-23,5.2596229216846,5.2805576039311,5.2210100633188,5.2511493598229,8719999.3976672
1986-12-24,5.2402832628473,5.2511493598229,5.1902061737275,5.2210100633188,3420000.092999
1986-12-26,5.2210100633188,5.2210100633188,5.1093584246707,5.1093584246707,3209599.07816
1986-12-29,5.1093584246707,5.1184633499652,5.0104337436423,5.0507413143804,4201600.5790881
1986-12-30,5.0507413143804,5.1708665148902,5.0408721070356,5.1093584246707,5291201.1090313
1986-12-31,5.1093584246707,5.1623597233742,5.0408721070356,5.0507413143804,4734400.1023221
1987-01-02,5.0408721070356,5.1184633499652,5.0005645362975,5.0896864692898,4316800.1222004
1987-01-05,5.1404281514969,5.3889859661063,5.1093584246707,5.3591789661458,8559999.7496879
1987-01-06,5.3784521656744,5.4914329904968,5.318904625062,5.4606623305599,11599999.772167
1987-01-07,5.4711961309919,5.5897263080924,5.4407245379442,5.578594373882,15519999.047228
1987-01-08,5.578594373882,5.6178718253349,5.5392504631202,5.578594373882,10399999.658758
1987-01-09,5.578594373882,5.7099179679109,5.5318070205437,5.6600734863716,8559999.7496879
1987-01-12,5.6706405164579,5.7099179679109,5.578594373882,5.6706405164579,8320000.9548251
1987-01-13,5.6178718253349,5.6600734863716,5.5579587585247,5.5579587585247,7561601.1313628
1987-01-14,5.5579587585247,6.0111780143346,5.5392504631202,6.0007106732114,18000001.069166
1987-01-15,6.0111780143346,6.4126254686524,5.9908746955209,6.2106223998007,19520000.057223
1987-01-16,6.2293306952051,6.2293306952051,5.9496034648064,6.078036078906,14560001.370008
1987-01-19,6.078036078906,6.6213741573391,5.9712359697944,6.6213741573391,12960000.225707
1987-01-20,6.8596972384058,6.9510455582403,6.4211987194772,6.4297719703019,27679999.137142
1987-01-21,6.3386894877024,6.3815889714806,6.1107008291415,6.1107008291415,19039999.72898
1987-01-22,6.0891015538078,6.5610291050222,6.0400213543187,6.5397288965777,16880000.644326
1987-01-23,6.5397288965777,6.6117375575749,6.2594035324005,6.2594035324005,16400000.556831
1987-01-26,6.2293306952051,6.289210532361,6.1710126518041,6.2011519483082,12560000.278185
1987-01-27,6.2293306952051,6.6213741573391,6.2106223998007,6.5810333569466,13519999.881396
1987-01-28,6.6117375575749,6.9510455582403,6.4998200816919,6.8986756229696,14800000.044496
1987-01-29,6.9608483062763,7.1288906683726,6.6589236667654,6.7497070824757,19920000.335775
1987-01-30,6.7293373043533,6.9608483062763,6.5610291050222,6.9203081279577,14639999.102492
1987-02-02,6.9203081279577,6.9805202616572,6.7594433712031,6.9608483062763,8800001.6441917
1987-02-03,6.9805202616572,7.0017872404473,6.832814448029,6.9203081279577,6379199.6963415
1987-02-04,6.9203081279577,6.9203081279577,6.7807435796475,6.8596972384058,7780000.664547
1987-02-05,6.8596972384058,6.8678717333783,6.6213741573391,6.7077047993652,12160000.360757
1987-02-06,6.7293373043533,6.7293373043533,6.5891746222647,6.7293373043533,10480001.092755
1987-02-09,6.5891746222647,6.6589236667654,6.5102874228151,6.5610291050222,5607199.6110434
1987-02-10,6.5397288965777,6.5810333569466,6.4297719703019,6.5810333569466,5956800.6894748
1987-02-11,6.6117375575749,7.0764875034476,6.5810333569466,7.0407656250111,12239999.778483
1987-02-12,7.1085873495589,7.4586949878912,7.1085873495589,7.3096599880886,25359999.74245
1987-02-13,7.3096599880886,7.7900278715103,7.2310718555282,7.7504845828224,18240000.495995
1987-02-17,7.7504845828224,8.2914301261416,7.7088145962555,8.2806637181291,14639999.102492
1987-02-18,8.3002359845469,8.3994929621189,7.9017127398127,7.9200555090192,16800000.14323
1987-02-19,7.9200555090192,7.9200555090192,7.7007065605918,7.7802251234742,11199998.410245
1987-02-20,7.7802251234742,7.7900278715103,7.5523361538764,7.6290301961382,6808800.6138092
1987-02-23,7.5909157825878,8.0078482558372,7.4285224617327,7.8700116495537,12560000.278185
1987-02-24,7.8804125313683,8.2194214651444,7.8700116495537,8.1613692589783,12720001.31047
1987-02-25,8.1613692589783,8.6608109640024,8.050348983763,8.6188751402006,16239999.825482
1987-02-26,8.6608109640024,8.8900291197746,8.469840140398,8.6188751402006,17839999.374822
1987-02-27,8.6188751402006,8.8471628656508,8.4485731616079,8.7204581935778,14480000.116572
1987-03-02,8.76003471192,8.7911708980549,8.3503130736667,8.4093621694637,14160000.068274
1987-03-03,8.4093621694637,8.4901766888661,8.0691237384762,8.1007915990808,15599999.638605
1987-03-04,8.1987526201328,8.5118424235085,8.1518988074858,8.4306623779081,15999998.201821
1987-03-05,8.4093621694637,8.6005988303029,8.3788905764159,8.5409183710731,12080001.033312
1987-03-06,8.3788905764159,8.5305174892586,8.3199411695821,8.3788905764159,6299198.6234674
1987-03-09,8.2914301261416,8.3199411695821,8.0389179826633,8.050348983763,9119999.9169677
1987-03-10,8.0389179826633,8.340909081483,8.0389179826633,8.3199411695821,8719999.3976672
1987-03-11,8.3788905764159,8.469840140398,8.2610249924026,8.2610249924026,7802400.0248277
1987-03-12,8.2194214651444,8.2610249924026,7.9292268936225,8.1309641252393,10800001.712832
1987-03-13,8.1309641252393,8.2194214651444,7.9200555090192,7.9200555090192,7057598.1760873
1987-03-16,7.9200555090192,8.1309641252393,7.7900278715103,8.1309641252393,8800001.6441917
1987-03-17,8.1613692589783,8.469840140398,8.1007915990808,8.3503130736667,8719999.3976672
1987-03-18,8.3788905764159,8.4093621694637,8.0691237384762,8.2194214651444,10800001.712832
1987-03-19,8.1987526201328,8.5409183710731,8.1613692589783,8.5305174892586,7383200.0280635
1987-03-20,8.5118424235085,8.6994902816769,8.5118424235085,8.5118424235085,12400000.419551
1987-03-23,8.469840140398,8.5118424235085,8.2610249924026,8.4093621694637,8800001.6441917
1987-03-24,8.4485731616079,8.5409183710731,8.2610249924026,8.2610249924026,9600000.8470831
1987-03-25,8.2914301261416,8.3503130736667,8.1309641252393,8.3199411695821,9760000.8561856
1987-03-26,8.3199411695821,8.4485731616079,8.2914301261416,8.3788905764159,5107998.8423412
1987-03-27,8.3788905764159,8.4093621694637,8.0691237384762,8.1007915990808,4782399.0668235
1987-03-30,7.9200555090192,8.0078482558372,7.760885464637,7.7900278715103,9279999.5950406
1987-03-31,7.760885464637,8.0691237384762,7.760885464637,8.0389179826633,9760000.8561856
1987-04-01,7.8591787822325,8.3503130736667,7.7802251234742,8.3199411695821,7780800.1311835
1987-04-02,8.5118424235085,8.9510055355244,8.3503130736667,8.9510055355244,27760000.270204
1987-04-03,8.9106979647862,8.9607750539061,8.76003471192,8.9510055355244,19279999.998429
1987-04-06,8.9106979647862,9.0698347795141,8.6297080075219,8.7204581935778,10320000.451687
1987-04-07,8.6994902816769,8.76003471192,8.4485731616079,8.4485731616079,9279999.5950406
1987-04-08,8.4485731616079,8.76003471192,8.4093621694637,8.6005988303029,8239999.3402662
1987-04-09,8.5690638883157,8.9106979647862,8.4485731616079,8.8471628656508,8479999.7601835
1987-04-10,8.8789304152185,8.9106979647862,8.6994902816769,8.76003471192,7780000.664547
1987-04-13,8.7204581935778,8.76003471192,8.4093621694637,8.4093621694637,5079200.7697026
1987-04-14,8.3199411695821,8.6994902816769,8.2914301261416,8.469840140398,14560001.370008
1987-04-15,8.6608109640024,8.8471628656508,8.5690638883157,8.8471628656508,12479999.686809
1987-04-16,8.8789304152185,9.1287509566936,8.8471628656508,8.9106979647862,12400000.419551
1987-04-20,8.9106979647862,9.0698347795141,8.817056798801,8.8687621409845,5327201.0019901
1987-04-21,8.76003471192,9.3494955506042,8.6608109640024,9.3199876175329,15440001.073995
1987-04-22,9.5486740988353,9.6010108044516,9.2204315730716,9.2588118238569,14399999.525196
1987-04-23,9.2588118238569,9.6328115836737,9.2588118238569,9.4706508703991,10880000.167563
1987-04-24,9.4398802104621,9.5394362549234,9.2902803065354,9.3199876175329,9119999.9169677
1987-04-27,9.2588118238569,9.3803326698498,9.1287509566936,9.3494955506042,13679999.077971
1987-04-28,9.4398802104621,9.7070798611673,9.4098073732667,9.6010108044516,11599999.772167
1987-04-29,9.6328115836737,9.9399865085734,9.6010108044516,9.688105728528,10399999.658758
1987-04-30,9.7168826092034,9.970723938856,9.688105728528,9.8813029389745,9039999.5362465
1987-05-01,9.9088503224385,9.970723938856,9.8092942779773,9.970723938856,4739999.1072948
1987-05-04,9.9088503224385,10.011696102681,9.8508978052355,9.9399865085734,5075199.1933227
1987-05-05,9.970723938856,10.060842761479,9.7168826092034,10.011696102681,8239999.3402662
1987-05-06,10.041802169531,10.25071700649,9.8813029389745,9.970723938856,10240000.913587
1987-05-07,9.9399865085734,10.099056863993,9.9399865085734,10.011696102681,6456800.353035
1987-05-08,10.041802169531,10.099056863993,9.8508978052355,9.8508978052355,6597599.8313978
1987-05-11,9.6222777832417,9.9291204115979,9.57904600292,9.6222777832417,7045600.3082886
1987-05-12,9.4909541892128,9.5486740988353,9.3697656397635,9.4294128693389,9279999.5950406
1987-05-13,9.4605490554738,9.8092942779773,9.4294128693389,9.801784376092,11119999.142987
1987-05-14,9.7696845299807,9.9291204115979,9.7696845299807,9.8902084863428,5303199.3078596
1987-05-15,9.8902084863428,9.8902084863428,9.7278151654877,9.7696845299807,5212800.2333613
1987-05-18,9.7696845299807,9.801784376092,9.4294128693389,9.4605490554738,8640000.521626
1987-05-19,9.4605490554738,9.4605490554738,9.0590683715017,9.1386201640384,8559999.7496879
1987-05-20,9.1199450982884,9.3697656397635,9.0492323938112,9.2996842987192,10320000.451687
1987-05-21,9.3305214179649,9.4605490554738,9.2996842987192,9.2996842987192,6207200.4050411
1987-05-22,9.3697656397635,9.4294128693389,9.2106952843443,9.2588118238569,3468000.4117126
1987-05-26,9.2996842987192,9.7278151654877,9.2401035284525,9.7278151654877,5437598.6594651
1987-05-27,9.7278151654877,10.022794807237,9.6806290562971,9.9291204115979,6453600.4401244
1987-05-28,9.9291204115979,10.022794807237,9.801784376092,9.9802276200029,5400798.8484659
1987-05-29,10.022794807237,10.051571687913,9.8600359601843,9.8600359601843,3307201.4174713
1987-06-01,9.9291204115979,9.9291204115979,9.6806290562971,9.7070798611673,2975199.6192995
1987-06-02,9.6806290562971,9.7278151654877,9.6222777832417,9.6432124654883,4910400.2778496
1987-06-03,9.6432124654883,9.9291204115979,9.6432124654883,9.7070798611673,6118400.3540965
1987-06-04,9.7278151654877,9.8296308264454,9.6222777832417,9.801784376092,5485598.6772426
1987-06-05,9.8296308264454,9.8296308264454,9.7070798611673,9.7070798611673,4675999.5249642
1987-06-08,9.7070798611673,9.7278151654877,9.57904600292,9.7070798611673,7208800.1099273
1987-06-09,9.6806290562971,9.9291204115979,9.6806290562971,9.801784376092,4537599.6502548
1987-06-10,9.8296308264454,10.022794807237,9.7278151654877,9.801784376092,5222400.1225611
1987-06-11,9.801784376092,9.9802276200029,9.7278151654877,9.8600359601843,4477600.1095305
1987-06-12,9.8600359601843,9.959259708102,9.8296308264454,9.8600359601843,3634398.0197097
1987-06-15,9.8600359601843,9.9291204115979,9.6806290562971,9.801784376092,9279999.5950406
1987-06-16,10.360773621728,10.430190369686,9.4909541892128,10.360773621728,12239999.778483
1987-06-17,10.360773621728,10.609696962536,9.9802276200029,10.107331047928,10640000.439798
1987-06-18,10.051571687913,10.430190369686,9.8600359601843,10.360773621728,8199998.0514891
1987-06-19,10.360773621728,10.430190369686,10.080415027897,10.23433478689,4480000.0141198
1987-06-22,10.300827325264,10.552010282568,10.21047589506,10.480333918114,6039999.7191753
1987-06-23,10.480333918114,10.518548020628,10.180037531667,10.300827325264,2887599.0692456
1987-06-24,10.360773621728,10.799305370312,10.107331047928,10.480333918114,4240000.3465426
1987-06-25,10.480333918114,10.609696962536,10.107331047928,10.107331047928,4320000.0652046
1987-06-26,10.180037531667,10.360773621728,9.9802276200029,10.107331047928,4560000.0036243
1987-06-29,10.107331047928,10.180037531667,9.9802276200029,10.180037531667,3618001.0691394
1987-06-30,10.107331047928,10.23433478689,9.9291204115979,10.107331047928,5160001.6703364
1987-07-01,10.180037531667,10.180037531667,9.9291204115979,9.9802276200029,3386800.1388838
1987-07-02,9.9802276200029,10.23433478689,9.9291204115979,10.138101707865,2912800.3846411
1987-07-06,10.180037531667,10.430190369686,10.107331047928,10.180037531667,3053198.8055672
1987-07-07,10.107331047928,10.23433478689,9.6806290562971,9.801784376092,7279999.3157451
1987-07-08,9.801784376092,9.801784376092,9.1199450982884,9.2996842987192,12199998.790642
1987-07-09,9.2996842987192,9.6806290562971,9.2996842987192,9.4294128693389,8559999.7496879
1987-07-10,9.4909541892128,9.801784376092,9.4294128693389,9.4909541892128,5600000.3185858
1987-07-13,9.7278151654877,10.180037531667,9.6806290562971,10.107331047928,9119999.9169677
1987-07-14,10.23433478689,10.728526206526,10.23433478689,10.728526206526,9199999.4249745
1987-07-15,10.728526206526,11.179087089987,10.552010282568,10.981636483782,9679999.0309714
1987-07-16,10.981636483782,10.981636483782,10.799305370312,10.981636483782,3377999.5056652
1987-07-17,11.049424978676,11.179087089987,10.678781413949,10.799305370312,3292800.4551615
1987-07-20,10.728526206526,10.799305370312,10.360773621728,10.430190369686,4439998.2438451
1987-07-21,10.480333918114,10.609696962536,10.300827325264,10.329271909396,3963999.1609521
1987-07-22,10.360773621728,10.678781413949,10.300827325264,10.609696962536,2175999.6422957
1987-07-23,10.728526206526,10.859185207467,10.107331047928,10.430190369686,2669200.1379334
1987-07-24,10.360773621728,10.678781413949,10.360773621728,10.609696962536,4199999.6596375
1987-07-27,10.609696962536,10.728526206526,10.480333918114,10.552010282568,2022800.5766384
1987-07-28,10.609696962536,10.678781413949,10.430190369686,10.459698302757,2653200.9946908
1987-07-29,10.480333918114,10.480333918114,10.107331047928,10.23433478689,3529599.6982369
1987-07-30,10.23433478689,10.360773621728,10.180037531667,10.360773621728,3724800.3142233
1987-07-31,10.300827325264,10.480333918114,10.300827325264,10.300827325264,2608799.9008956
1987-08-03,10.23433478689,10.360773621728,10.051571687913,10.051571687913,2262799.7928116
1987-08-04,10.107331047928,10.552010282568,9.9802276200029,10.552010282568,4320000.0652046
1987-08-05,10.552010282568,10.859185207467,10.480333918114,10.799305370312,4640000.7454687
1987-08-06,10.799305370312,11.671351189669,10.678781413949,11.548168860958,9000001.1665488
1987-08-07,11.548168860958,11.789549070226,11.481377255696,11.610474462883,5439998.8048033
1987-08-10,12.059706160169,12.059706160169,11.440803847723,12.059706160169,2785601.1380204
1987-08-11,12.378976679256,12.558150975563,12.189069204591,12.378976679256,9679999.0309714
1987-08-12,12.378976679256,12.43998632466,12.059706160169,12.189069204591,5760001.0800283
1987-08-13,12.189069204591,12.558150975563,12.121313939352,12.249613634834,7000000.0747261
1987-08-14,12.121313939352,12.499533865272,12.00078998299,12.249613634834,3744799.6495402
1987-08-17,12.378976679256,12.499533865272,12.189069204591,12.378976679256,5199999.9196597
1987-08-18,12.312882896735,12.378976679256,12.059706160169,12.189069204591,8479999.7601835
1987-08-19,12.378976679256,12.499533865272,12.249613634834,12.499533865272,2388400.437189
1987-08-20,12.558150975563,13.119100770806,12.43998632466,12.940956593785,6279999.3867526
1987-08-21,12.940956593785,13.439069112634,12.881641660753,13.2501585276,5000000.0060858
1987-08-24,13.2501585276,13.381382432666,13.06081595706,13.06081595706,4320000.0652046
1987-08-25,13.190212231136,13.308376882038,12.997978680666,12.997978680666,4879999.2393955
1987-08-26,13.2501585276,13.381382432666,12.997978680666,12.997978680666,7000000.0747261
1987-08-27,13.06081595706,13.190212231136,12.881641660753,12.997978680666,4439998.2438451
1987-08-28,12.997978680666,13.119100770806,12.881641660753,12.997978680666,3422000.7156742
1987-08-31,13.06081595706,13.560955484825,12.940956593785,13.500278135965,5359999.9287621
1987-09-01,13.690252069938,13.808416720841,13.119100770806,13.119100770806,4960001.2752649
1987-09-02,12.997978680666,13.308376882038,12.692365549521,12.997978680666,8199998.0514891
1987-09-03,13.119100770806,13.190212231136,12.558150975563,12.807041086716,6599999.5253319
1987-09-04,12.807041086716,12.940956593785,12.499533865272,12.620655955413,3872799.2656053
1987-09-08,12.558150975563,12.620655955413,12.121313939352,12.471022821832,6279999.3867526
1987-09-09,12.558150975563,13.2501585276,12.378976679256,13.190212231136,5640000.0725892
1987-09-10,13.308376882038,13.61854247583,13.278902178621,13.439069112634,5000000.0060858
1987-09-11,13.500278135965,13.879494951516,13.190212231136,13.61854247583,4439998.2438451
1987-09-14,13.690252069938,13.808416720841,13.190212231136,13.2501585276,2925200.9349309
1987-09-15,13.2501585276,13.2501585276,12.881641660753,12.940956593785,3736000.2802529
1987-09-16,12.940956593785,13.151566143116,12.807041086716,12.940956593785,6000000.7476056
1987-09-17,12.997978680666,13.06081595706,12.749686703291,12.997978680666,2385600.5886263
1987-09-18,12.997978680666,13.06081595706,12.850239637383,12.940956593785,2542799.9366387
1987-09-21,12.940956593785,13.190212231136,12.558150975563,12.558150975563,4599999.8479085
1987-09-22,12.620655955413,13.560955484825,12.558150975563,13.531746618643,5480000.5449844
1987-09-23,13.531746618643,13.999387544445,13.439069112634,13.808416720841,9091999.3548815
1987-09-24,13.808416720841,14.47025174672,13.808416720841,14.122569873156,6519998.813581
1987-09-25,14.188663655677,14.500424272879,14.122569873156,14.380199383406,3804400.5704095
1987-09-28,14.380199383406,14.690331747543,13.879494951516,13.942066390675,7279999.3157451
1987-09-29,13.999387544445,13.999387544445,13.560955484825,13.61854247583,6120000.4008326
1987-09-30,13.560955484825,14.249606841773,13.560955484825,14.122569873156,4359999.3377104
1987-10-01,14.188663655677,14.690331747543,14.122569873156,14.561001932776,4159999.6949789
1987-10-02,14.561001932776,14.690331747543,14.380199383406,14.619319976177,3446398.8930138
1987-10-05,14.619319976177,14.939919681438,14.440178909525,14.809559747386,4799999.3702655
1987-10-06,14.880671207715,14.880671207715,13.879494951516,13.942066390675,7199999.5970831
1987-10-07,13.879494951516,13.942066390675,13.560955484825,13.879494951516,7999999.7027825
1987-10-08,13.879494951516,13.999387544445,13.308376882038,13.560955484825,5880000.7031617
1987-10-09,13.560955484825,13.879494951516,13.500278135965,13.531746618643,5199999.9196597
1987-10-12,13.560955484825,13.599834180426,12.940956593785,13.308376882038,7119999.126081
1987-10-13,13.61854247583,13.690252069938,13.308376882038,13.61854247583,5800000.0816917
1987-10-14,13.439069112634,13.500278135965,12.997978680666,13.308376882038,9240001.6466533
1987-10-15,13.308376882038,13.61854247583,12.940956593785,12.997978680666,12439999.541589
1987-10-16,13.06081595706,13.2501585276,11.880266026628,12.059706160169,15000000.650223
1987-10-19,12.059706160169,12.059706160169,8.8789304152185,9.1199450982884,17000000.839238
1987-10-20,9.6222777832417,10.499939414186,8.1518988074858,8.6188751402006,20319999.530957
1987-10-21,9.6222777832417,10.499939414186,9.5007901669032,10.116768269766,19080000.536259
1987-10-22,9.8092942779773,10.116768269766,9.0010826246442,9.1893618462455,13760000.662436
1987-10-23,8.9411363281796,9.1199450982884,8.5586630065011,8.8789304152185,7080000.9670385
1987-10-26,8.6188751402006,8.750231963884,6.9084119116969,7.0017872404473,11199998.410245
1987-10-27,7.3810040559985,8.061248310393,7.2500792178219,7.5611087826273,16279999.69986
1987-10-28,7.690837353247,8.4397673032026,7.3096599880886,8.3788905764159,14959999.421633
1987-10-29,8.5586630065011,10.003488378055,8.061248310393,9.8813029389745,11839999.469837
1987-10-30,10.003488378055,10.751487897688,9.6222777832417,9.6537794955746,15039998.92964
1987-11-02,9.688105728528,9.8813029389745,9.3803326698498,9.688105728528,6720000.7735198
1987-11-03,9.5007901669032,9.6222777832417,8.5586630065011,9.0590683715017,11199998.410245
1987-11-04,8.8789304152185,9.3089221426311,8.6896210743321,9.0010826246442,8360000.3777989
1987-11-05,9.0590683715017,9.688105728528,9.0590683715017,9.5007901669032,9119999.9169677
1987-11-06,9.558443617217,9.8813029389745,9.2486103199686,9.4398802104621,6680000.1167084
1987-11-09,9.2486103199686,9.3803326698498,9.0590683715017,9.3089221426311,7519999.3745392
1987-11-10,9.1199450982884,9.3803326698498,9.0010826246442,9.0590683715017,8280001.0503537
1987-11-11,9.3089221426311,9.558443617217,9.1893618462455,9.3089221426311,6640000.5432666
1987-11-12,9.6222777832417,10.003488378055,9.6010108044516,9.688105728528,8800001.6441917
1987-11-13,9.8092942779773,9.8813029389745,9.2486103199686,9.3089221426311,5519999.4563669
1987-11-16,9.4398802104621,9.6222777832417,9.1199450982884,9.1893618462455,6599999.5253319
1987-11-17,9.1893618462455,9.2486103199686,8.750231963884,8.750231963884,9600000.8470831
1987-11-18,8.9411363281796,9.1199450982884,8.6188751402006,9.0590683715017,9479999.5988952
1987-11-19,9.1199450982884,9.1199450982884,8.5010095561873,8.6188751402006,6519998.813581
1987-11-20,8.5010095561873,9.0010826246442,8.3101051918917,8.8789304152185,8960000.0583333
1987-11-23,8.8789304152185,9.0590683715017,8.6896210743321,9.0590683715017,3478400.2189528
1987-11-24,9.1893618462455,9.4398802104621,9.0279321853668,9.2486103199686,7040000.0694783
1987-11-25,9.2486103199686,9.2486103199686,9.0010826246442,9.1199450982884,3300000.3494912
1987-11-27,9.0590683715017,9.1199450982884,8.6896210743321,8.750231963884,2524401.4605852
1987-11-30,8.4397673032026,8.6188751402006,7.619393596374,8.2511557850578,14879999.913626
1987-12-01,8.3788905764159,8.5010095561873,8.1879197528116,8.3101051918917,6480001.1360362
1987-12-02,8.3101051918917,8.3788905764159,8.1211613772032,8.1211613772032,5079998.9122206
1987-12-03,8.2511557850578,8.3503130736667,7.4379929132252,7.619393596374,11399999.557657
1987-12-04,7.5611087826273,7.8094007600019,7.4379929132252,7.690837353247,8719999.3976672
1987-12-07,7.7504845828224,8.3101051918917,7.7504845828224,8.2511557850578,7279999.3157451
1987-12-08,8.3788905764159,8.7204581935778,8.3101051918917,8.6188751402006,9079998.8087522
1987-12-09,8.6188751402006,9.0590683715017,8.469840140398,8.750231963884,6400000.1233493
1987-12-10,8.4397673032026,9.0010826246442,8.3101051918917,8.6896210743321,9880001.6529695
1987-12-11,8.6896210743321,8.6896210743321,8.3788905764159,8.5010095561873,4359999.3377104
1987-12-14,8.6188751402006,9.3803326698498,8.5586630065011,9.3089221426311,12199998.790642
1987-12-15,9.4398802104621,9.558443617217,9.2486103199686,9.3803326698498,10679999.2609
1987-12-16,9.4398802104621,9.9399865085734,9.3089221426311,9.8092942779773,11800000.708923
1987-12-17,10.116768269766,10.190139346592,9.8092942779773,9.8092942779773,11639999.706732
1987-12-18,9.8813029389745,10.308004930605,9.8092942779773,10.116768269766,10800001.712832
1987-12-21,10.116768269766,10.438464553621,10.060842761479,10.438464553621,6720000.7735198
1987-12-22,10.438464553621,10.438464553621,10.116768269766,10.380113280566,4599999.8479085
1987-12-23,10.438464553621,10.688550932331,10.308004930605,10.560915829936,6120000.4008326
1987-12-24,10.499939414186,10.751487897688,10.438464553621,10.650270370509,2497999.1396189
1987-12-28,10.560915829936,10.61910095472,9.8813029389745,10.060842761479,8199998.0514891
1987-12-29,10.116768269766,10.560915829936,10.060842761479,10.531075600321,4240000.3465426
1987-12-30,10.61910095472,10.940730779266,10.61910095472,10.85127654973,5560000.9257057
1987-12-31,10.61910095472,10.751487897688,10.470398251461,10.499939414186,4199999.6596375
1988-01-04,10.688550932331,11.188291704244,10.560915829936,11.188291704244,11800000.708923
1988-01-05,11.500019091791,11.55870266139,11.057964999846,11.151639395486,11039998.88264
1988-01-06,11.24923489034,11.24923489034,10.940730779266,10.940730779266,9600000.8470831
1988-01-07,10.87879070354,11.188291704244,10.61910095472,11.121167802438,7599998.1302059
1988-01-08,11.121167802438,11.311474032955,9.8813029389745,10.003488378055,17359999.768825
1988-01-11,10.003488378055,10.688550932331,9.9399865085734,10.61910095472,14439998.767608
1988-01-12,10.751487897688,10.87879070354,9.9399865085734,10.499939414186,14320000.10747
1988-01-13,10.499939414186,10.809074888693,10.280191709907,10.560915829936,7560000.151725
1988-01-14,10.688550932331,10.719354821922,10.499939414186,10.560915829936,4719999.5011355
1988-01-15,10.87879070354,11.24923489034,10.61910095472,10.719354821922,12279999.171363
1988-01-18,10.751487897688,10.751487897688,10.499939414186,10.688550932331,4480000.0141198
1988-01-19,10.560915829936,10.809074888693,10.349309390974,10.688550932331,9799998.8948537
1988-01-20,10.751487897688,10.751487897688,9.558443617217,9.9399865085734,24320000.270109
1988-01-21,10.116768269766,10.190139346592,9.8508978052355,10.029374278801,17640001.658081
1988-01-22,10.116768269766,10.190139346592,9.558443617217,9.8092942779773,15920000.228588
1988-01-25,9.8813029389745,10.380113280566,9.8813029389745,10.222272422358,7159999.6625181
1988-01-26,10.190139346592,10.25071700649,9.8092942779773,9.9399865085734,5119999.1778152
1988-01-27,10.060842761479,10.116768269766,9.688105728528,9.9399865085734,9240001.6466533
1988-01-28,10.003488378055,10.380113280566,9.9399865085734,10.308004930605,8320000.9548251
1988-01-29,10.380113280566,10.438464553621,10.060842761479,10.380113280566,9479999.5988952
1988-02-01,10.438464553621,10.61910095472,10.349309390974,10.438464553621,7119999.126081
1988-02-02,10.380113280566,10.470398251461,10.116768269766,10.308004930605,6840001.1790869
1988-02-03,10.25071700649,10.308004930605,9.8092942779773,9.8813029389745,8080000.444627
1988-02-04,9.8813029389745,10.029374278801,9.7477529581034,9.9399865085734,7119999.126081
1988-02-05,10.003488378055,10.099056863993,9.6222777832417,9.6537794955746,4719999.5011355
1988-02-08,9.6222777832417,9.8092942779773,9.4398802104621,9.688105728528,7279999.3157451
1988-02-09,9.7477529581034,9.970723938856,9.688105728528,9.9399865085734,4159999.6949789
1988-02-10,9.9399865085734,10.380113280566,9.9399865085734,10.25071700649,8160000.3438506
1988-02-11,10.25071700649,10.308004930605,10.060842761479,10.147904455901,5280000.6314105
1988-02-12,10.147904455901,10.380113280566,10.116768269766,10.25071700649,4919999.6253646
1988-02-16,10.25071700649,10.308004930605,10.003488378055,10.308004930605,5519999.4563669
1988-02-17,10.308004930605,10.61910095472,10.308004930605,10.470398251461,9160000.814528
1988-02-18,10.401014733158,10.688550932331,10.380113280566,10.438464553621,5119999.1778152
1988-02-19,10.438464553621,10.499939414186,10.380113280566,10.438464553621,3241600.0730694
1988-02-22,10.380113280566,10.900722275417,10.380113280566,10.809074888693,7159999.6625181
1988-02-23,10.809074888693,10.940730779266,10.560915829936,10.688550932331,7879999.8088067
1988-02-24,10.688550932331,10.751487897688,10.499939414186,10.560915829936,5199999.9196597
1988-02-25,10.499939414186,10.751487897688,10.438464553621,10.438464553621,6400000.1233493
1988-02-26,10.499939414186,10.560915829936,10.308004930605,10.438464553621,2940798.2683968
1988-02-29,10.438464553621,10.809074888693,10.380113280566,10.751487897688,3999999.6256893
1988-03-01,10.809074888693,10.87879070354,10.61910095472,10.809074888693,6120000.4008326
1988-03-02,10.940730779266,11.24923489034,10.87879070354,11.188291704244,10439998.810889
1988-03-03,11.121167802438,11.74964025534,11.121167802438,11.621207641241,16920000.368236
1988-03-04,11.500019091791,11.74964025534,11.380192958171,11.720497848467,7479999.6506294
1988-03-07,11.689993025765,11.937520721089,11.621207641241,11.720497848467,7400000.3833714
1988-03-08,11.689993025765,11.74964025534,11.500019091791,11.55870266139,5160001.6703364
1988-03-09,11.55870266139,11.809885618694,11.55870266139,11.689993025765,4799999.3702655
1988-03-10,11.74964025534,11.809885618694,11.311474032955,11.311474032955,6319998.9301008
1988-03-11,11.380192958171,11.440803847723,11.121167802438,11.440803847723,5640000.0725892
1988-03-14,11.440803847723,11.621207641241,11.380192958171,11.55870266139,3504400.5796744
1988-03-15,11.500019091791,11.55870266139,11.188291704244,11.24923489034,6480001.1360362
1988-03-16,11.217766407661,11.599940662451,11.121167802438,11.527932001453,4240000.3465426
1988-03-17,11.55870266139,11.621207641241,11.188291704244,11.24923489034,9320000.3421328
1988-03-18,11.24923489034,11.380192958171,11.057964999846,11.188291704244,9720000.1090933
1988-03-21,11.100864483624,11.151639395486,10.751487897688,10.971833735746,8119999.7171328
1988-03-22,10.999979252989,11.121167802438,10.809074888693,10.999979252989,4256399.2832906
1988-03-23,10.999979252989,10.999979252989,10.470398251461,10.61910095472,7479999.6506294
1988-03-24,10.438464553621,10.61910095472,10.003488378055,10.222272422358,11440001.508493
1988-03-25,10.190139346592,10.308004930605,10.003488378055,10.029374278801,4679998.7239496
1988-03-28,10.003488378055,10.438464553621,9.8813029389745,10.380113280566,6159998.5598751
1988-03-29,10.380113280566,10.499939414186,10.147904455901,10.25071700649,7640000.3819783
1988-03-30,10.190139346592,10.308004930605,9.688105728528,9.8813029389745,13279999.250823
1988-03-31,9.9399865085734,10.116768269766,9.8092942779773,10.003488378055,7759999.8245501
1988-04-04,9.9399865085734,10.116768269766,9.6222777832417,9.688105728528,6480001.1360362
1988-04-05,9.8092942779773,9.8813029389745,9.6222777832417,9.8092942779773,5280000.6314105
1988-04-06,9.8813029389745,10.438464553621,9.7477529581034,10.438464553621,6799999.7097482
1988-04-07,10.438464553621,10.600492348278,10.190139346592,10.190139346592,5839999.9560695
1988-04-08,10.190139346592,10.438464553621,9.9399865085734,10.25071700649,7239998.9899633
1988-04-11,10.438464553621,10.499939414186,10.25071700649,10.380113280566,5319998.6700786
1988-04-12,10.438464553621,10.560915829936,10.308004930605,10.438464553621,6200000.3602434
1988-04-13,10.438464553621,10.499939414186,10.25071700649,10.308004930605,5119999.1778152
1988-04-14,10.116768269766,10.380113280566,9.7477529581034,9.8813029389745,6720000.7735198
1988-04-15,9.9399865085734,10.003488378055,9.6222777832417,9.8813029389745,8320000.9548251
1988-04-18,9.9399865085734,10.190139346592,9.8092942779773,10.003488378055,6080000.3157996
1988-04-19,10.029374278801,10.380113280566,10.029374278801,10.060842761479,7583201.8676279
1988-04-20,10.060842761479,10.116768269766,9.8092942779773,9.9399865085734,7680000.0457009
1988-04-21,10.099056863993,10.116768269766,9.7477529581034,9.8813029389745,6360000.1285971
1988-04-22,9.9399865085734,10.060842761479,9.8813029389745,10.029374278801,3844399.7225409
1988-04-25,10.060842761479,10.25071700649,10.003488378055,10.222272422358,5359999.9287621
1988-04-26,10.25071700649,10.438464553621,10.190139346592,10.380113280566,6279999.3867526
1988-04-27,10.438464553621,10.499939414186,10.380113280566,10.438464553621,4520000.7913057
1988-04-28,10.438464553621,10.499939414186,10.308004930605,10.349309390974,3541600.1239918
1988-04-29,10.308004930605,10.380113280566,10.116768269766,10.25071700649,3214000.6587006
1988-05-02,10.190139346592,10.308004930605,10.116768269766,10.25071700649,2935600.2907672
1988-05-03,10.25071700649,10.560915829936,10.190139346592,10.438464553621,4439998.2438451
1988-05-04,10.470398251461,10.781926261081,10.438464553621,10.499939414186,7999999.7027825
1988-05-05,10.499939414186,10.560915829936,10.380113280566,10.438464553621,2516399.3611013
1988-05-06,10.401014733158,10.438464553621,10.308004930605,10.308004930605,3822800.0997391
1988-05-09,10.308004930605,10.308004930605,10.116768269766,10.190139346592,2727600.1134192
1988-05-10,10.116768269766,10.25071700649,10.060842761479,10.222272422358,3425197.589131
1988-05-11,10.060842761479,10.190139346592,9.8813029389745,9.8813029389745,6240001.3781781
1988-05-12,9.8813029389745,10.060842761479,9.8813029389745,9.9399865085734,2963599.7995774
1988-05-13,10.060842761479,10.116768269766,10.003488378055,10.116768269766,2549999.0786283
1988-05-16,10.116768269766,10.349309390974,10.003488378055,10.308004930605,2670001.1694371
1988-05-17,10.380113280566,10.499939414186,10.060842761479,10.116768269766,6919999.4833496
1988-05-18,10.116768269766,10.190139346592,9.8813029389745,9.9399865085734,6240001.3781781
1988-05-19,9.8813029389745,9.9399865085734,9.6222777832417,9.7477529581034,8920001.2673252
1988-05-20,9.8092942779773,9.8813029389745,9.688105728528,9.688105728528,2919201.2336448
1988-05-23,9.6222777832417,9.7168826092034,9.3494955506042,9.5007901669032,6560000.2829197
1988-05-24,9.5007901669032,9.7477529581034,9.4398802104621,9.7168826092034,5079998.9122206
1988-05-25,9.7477529581034,9.9399865085734,9.6222777832417,9.6222777832417,4840001.3511955
1988-05-26,9.6222777832417,9.8813029389745,9.6222777832417,9.8508978052355,3063600.1475811
1988-05-27,9.8092942779773,10.003488378055,9.7477529581034,9.9399865085734,2998401.4856704
1988-05-31,10.003488378055,10.380113280566,9.9399865085734,10.380113280566,4399999.9644282
1988-06-01,10.380113280566,10.61910095472,10.308004930605,10.61910095472,8199998.0514891
1988-06-02,10.499939414186,10.61910095472,10.380113280566,10.438464553621,4760000.5792574
1988-06-03,10.438464553621,10.809074888693,10.438464553621,10.751487897688,6279999.3867526
1988-06-06,10.688550932331,10.999979252989,10.688550932331,10.999979252989,5880000.7031617
1988-06-07,10.940730779266,11.311474032955,10.87879070354,10.999979252989,11119999.142987
1988-06-08,11.057964999846,11.380192958171,10.999979252989,11.24923489034,9240001.6466533
1988-06-09,11.24923489034,11.311474032955,10.809074888693,10.87879070354,9639999.7283721
1988-06-10,10.87879070354,11.188291704244,10.751487897688,11.121167802438,6319998.9301008
1988-06-13,11.24923489034,11.311474032955,11.057964999846,11.24923489034,5319998.6700786
1988-06-14,11.311474032955,11.500019091791,11.24923489034,11.311474032955,10443600.593764
1988-06-15,11.311474032955,11.440803847723,11.24923489034,11.440803847723,4359999.3377104
1988-06-16,11.24923489034,11.311474032955,11.057964999846,11.121167802438,3834799.1712818
1988-06-17,11.188291704244,11.188291704244,11.057964999846,11.188291704244,3406799.2635455
1988-06-20,11.100864483624,11.188291704244,10.999979252989,11.028789363319,2807199.6774525
1988-06-21,10.999979252989,11.24923489034,10.971833735746,11.217766407661,4413999.5984589
1988-06-22,11.380192958171,11.470876684918,11.24923489034,11.399466157699,6984401.1462993
1988-06-23,11.440803847723,11.440803847723,11.24923489034,11.24923489034,2549600.8198966
1988-06-24,11.24923489034,11.380192958171,11.121167802438,11.24923489034,2668400.4606417
1988-06-27,11.121167802438,11.350020432012,11.121167802438,11.121167802438,2986400.0969203
1988-06-28,11.188291704244,11.55870266139,11.121167802438,11.55870266139,5806000.3246627
1988-06-29,11.500019091791,11.689993025765,11.440803847723,11.599940662451,5123200.3245635
1988-06-30,11.55870266139,11.689993025765,11.500019091791,11.55870266139,4096000.0825548
1988-07-01,11.621207641241,11.720497848467,11.55870266139,11.621207641241,3376399.6093971
1988-07-05,11.621207641241,11.809885618694,11.527932001453,11.809885618694,3730400.6433145
1988-07-06,11.77974632219,11.880266026628,11.527932001453,11.621207641241,5591200.1668648
1988-07-07,11.621207641241,11.621207641241,11.311474032955,11.470876684918,3771599.9583958
1988-07-08,11.380192958171,11.500019091791,11.24923489034,11.311474032955,3763999.337659
1988-07-11,11.380192958171,11.380192958171,11.217766407661,11.282265166773,2629598.311632
1988-07-12,11.24923489034,11.311474032955,11.121167802438,11.188291704244,3603601.0698249
1988-07-13,11.188291704244,11.24923489034,11.057964999846,11.188291704244,4113198.8470624
1988-07-14,11.188291704244,11.311474032955,11.121167802438,11.24923489034,2243199.3481921
1988-07-15,11.24923489034,11.380192958171,11.188291704244,11.24923489034,2965200.9597768
1988-07-18,11.350020432012,11.500019091791,11.311474032955,11.380192958171,4053599.8822772
1988-07-19,11.24923489034,11.380192958171,10.971833735746,11.188291704244,4367999.7519525
1988-07-20,11.188291704244,11.24923489034,10.999979252989,11.057964999846,4288800.5832966
1988-07-21,10.940730779266,10.999979252989,10.688550932331,10.751487897688,5322399.7483184
1988-07-22,10.751487897688,10.809074888693,10.61910095472,10.61910095472,3708800.0274239
1988-07-25,10.688550932331,10.809074888693,10.560915829936,10.688550932331,3782000.3374145
1988-07-26,10.688550932331,10.809074888693,10.560915829936,10.688550932331,3625999.9486079
1988-07-27,10.688550932331,10.809074888693,10.61910095472,10.688550932331,4161598.5680645
1988-07-28,10.61910095472,10.751487897688,10.560915829936,10.650270370509,3310000.9049109
1988-07-29,10.809074888693,11.121167802438,10.751487897688,11.100864483624,5676798.4390955
1988-08-01,11.121167802438,11.440803847723,11.057964999846,11.24923489034,3069198.7011498
1988-08-02,11.24923489034,11.380192958171,11.121167802438,11.151639395486,4331599.2228675
1988-08-03,11.188291704244,11.188291704244,10.999979252989,11.188291704244,3958799.1670511
1988-08-04,11.188291704244,11.311474032955,11.121167802438,11.151639395486,2461199.2082453
1988-08-05,11.121167802438,11.24923489034,11.057964999846,11.057964999846,1880799.8820496
1988-08-08,11.121167802438,11.188291704244,10.999979252989,10.999979252989,1069200.4983129
1988-08-09,10.999979252989,11.057964999846,10.751487897688,10.87879070354,6072399.8756244
1988-08-10,10.940730779266,10.940730779266,10.438464553621,10.470398251461,5278800.7693967
1988-08-11,10.560915829936,10.809074888693,10.499939414186,10.809074888693,3787600.0947272
1988-08-12,10.751487897688,10.751487897688,10.560915829936,10.61910095472,2767199.6827003
1988-08-15,10.560915829936,10.560915829936,10.116768269766,10.308004930605,5952799.5043116
1988-08-16,10.25071700649,10.809074888693,10.190139346592,10.61910095472,4383999.6776287
1988-08-17,10.61910095472,10.688550932331,10.438464553621,10.499939414186,4248001.6334992
1988-08-18,10.499939414186,10.751487897688,10.438464553621,10.61910095472,2645201.1823207
1988-08-19,10.61910095472,10.688550932331,10.116768269766,10.190139346592,8119999.7171328
1988-08-22,10.060842761479,10.190139346592,9.8813029389745,9.9399865085734,6078400.8107483
1988-08-23,9.9399865085734,10.060842761479,9.8092942779773,9.8813029389745,5842000.3379958
1988-08-24,9.9399865085734,10.190139346592,9.8813029389745,10.190139346592,4481200.2974441
1988-08-25,10.060842761479,10.116768269766,9.8092942779773,10.029374278801,4560000.0036243
1988-08-26,10.003488378055,10.190139346592,10.003488378055,10.060842761479,1434001.283444
1988-08-29,10.190139346592,10.25071700649,10.116768269766,10.222272422358,2044000.8272452
1988-08-30,10.190139346592,10.25071700649,10.003488378055,10.222272422358,1805999.4952293
1988-08-31,10.25071700649,10.280191709907,9.8813029389745,9.970723938856,8488798.9188156
1988-09-01,9.9399865085734,9.9399865085734,9.6222777832417,9.7168826092034,8811999.5721776
1988-09-02,9.8813029389745,10.003488378055,9.7477529581034,9.9399865085734,6653600.1129494
1988-09-06,10.003488378055,10.003488378055,9.688105728528,9.7168826092034,5123200.3245635
1988-09-07,9.7477529581034,9.8813029389745,9.4398802104621,9.558443617217,6396798.7960394
1988-09-08,9.558443617217,9.8813029389745,9.4398802104621,9.688105728528,7402001.3671698
1988-09-09,9.688105728528,10.25071700649,9.4398802104621,10.116768269766,8381201.139997
1988-09-12,10.25071700649,10.438464553621,10.029374278801,10.25071700649,5286800.19055
1988-09-13,10.060842761479,10.308004930605,10.003488378055,10.25071700649,4274400.0723908
1988-09-14,10.438464553621,10.600492348278,10.380113280566,10.499939414186,8520400.1202196
1988-09-15,10.499939414186,10.688550932331,10.380113280566,10.401014733158,5920001.0891308
1988-09-16,10.380113280566,10.688550932331,10.349309390974,10.560915829936,4420000.8345188
1988-09-19,10.499939414186,10.560915829936,10.308004930605,10.438464553621,3290400.490385
1988-09-20,10.438464553621,10.560915829936,10.349309390974,10.380113280566,3667199.1433147
1988-09-21,10.438464553621,10.751487897688,10.380113280566,10.688550932331,3262399.9282987
1988-09-22,10.751487897688,10.999979252989,10.688550932331,10.999979252989,5202400.0649978
1988-09-23,10.87879070354,11.057964999846,10.87879070354,10.940730779266,3624399.4504677
1988-09-26,10.940730779266,10.999979252989,10.61910095472,10.688550932331,3108399.0787976
1988-09-27,10.61910095472,10.87879070354,10.61910095472,10.85127654973,5820800.5387931
1988-09-28,10.87879070354,11.028789363319,10.809074888693,10.87879070354,3024799.9546556
1988-09-29,10.940730779266,11.057964999846,10.87879070354,10.999979252989,3788401.0058565
1988-09-30,10.999979252989,10.999979252989,10.809074888693,10.809074888693,3317600.5626524
1988-10-03,10.751487897688,10.809074888693,10.499939414186,10.61910095472,3242000.528634
1988-10-04,10.560915829936,10.688550932331,10.280191709907,10.380113280566,1844800.2599333
1988-10-05,10.308004930605,10.438464553621,10.116768269766,10.222272422358,4399999.9644282
1988-10-06,10.116768269766,10.222272422358,9.8092942779773,9.9399865085734,5991600.2991092
1988-10-07,9.7477529581034,9.9399865085734,9.6010108044516,9.9399865085734,16342400.138263
1988-10-10,9.8813029389745,9.9399865085734,9.3803326698498,9.6222777832417,11880000.337304
1988-10-11,9.558443617217,9.8813029389745,9.558443617217,9.7477529581034,6948400.1097837
1988-10-12,9.6222777832417,9.7477529581034,9.5007901669032,9.688105728528,4747999.1604137
1988-10-13,9.6222777832417,9.9399865085734,9.6222777832417,9.7477529581034,5873598.800882
1988-10-14,9.8813029389745,9.8813029389745,9.5289689138001,9.688105728528,5615999.7025772
1988-10-17,9.6222777832417,9.7477529581034,9.558443617217,9.6222777832417,3346000.1959976
1988-10-18,9.7477529581034,9.8813029389745,9.558443617217,9.8508978052355,5092801.3324744
1988-10-19,9.9399865085734,10.190139346592,9.8813029389745,10.003488378055,9904400.5525556
1988-10-20,10.003488378055,10.401014733158,10.003488378055,10.380113280566,6195198.8357294
1988-10-21,10.308004930605,10.438464553621,10.190139346592,10.25071700649,4414399.4521515
1988-10-24,10.308004930605,10.308004930605,9.8986820482045,10.003488378055,4827199.7434689
1988-10-25,10.060842761479,10.060842761479,9.9399865085734,9.970723938856,3042400.4988464
1988-10-26,10.003488378055,10.003488378055,9.6222777832417,9.8092942779773,6739999.9282751
1988-10-27,9.688105728528,9.8092942779773,9.558443617217,9.7477529581034,5131600.7429663
1988-10-28,9.7477529581034,9.8813029389745,9.6222777832417,9.6222777832417,3017199.1232636
1988-10-31,9.688105728528,9.688105728528,9.3803326698498,9.6537794955746,8675198.329805
1988-11-01,9.6222777832417,9.688105728528,9.4398802104621,9.5007901669032,5131998.5803875
1988-11-02,9.558443617217,9.558443617217,9.1893618462455,9.3089221426311,7447199.8812365
1988-11-03,9.3089221426311,9.3803326698498,9.1893618462455,9.2800455729927,8659199.1263752
1988-11-04,9.1893618462455,9.5007901669032,9.1893618462455,9.4398802104621,5492798.2104491
1988-11-07,9.3089221426311,9.4398802104621,9.2486103199686,9.3803326698498,6074400.3779252
1988-11-08,9.3803326698498,9.688105728528,9.3494955506042,9.6222777832417,5518799.8651955
1988-11-09,9.558443617217,9.8508978052355,9.5007901669032,9.8092942779773,7204399.6729436
1988-11-10,9.8813029389745,9.9399865085734,9.7477529581034,9.8813029389745,3568399.4698521
1988-11-11,9.7477529581034,9.8986820482045,9.6222777832417,9.6222777832417,3881601.1326616
1988-11-14,9.688105728528,9.7477529581034,9.558443617217,9.7168826092034,3043999.4622128
1988-11-15,9.7477529581034,9.8092942779773,9.688105728528,9.7477529581034,2857198.6326635
1988-11-16,9.7477529581034,9.8092942779773,9.4398802104621,9.5007901669032,5280000.6314105
1988-11-17,9.5007901669032,9.6222777832417,9.5007901669032,9.558443617217,2840799.6357283
1988-11-18,9.6222777832417,9.6222777832417,9.5007901669032,9.5007901669032,2056800.298326
1988-11-21,9.3803326698498,9.4398802104621,9.0590683715017,9.1500511651381,7925200.0683023
1988-11-22,9.1199450982884,9.2204315730716,9.0010826246442,9.0279321853668,5292399.3158971
1988-11-23,8.9411363281796,9.2486103199686,8.8789304152185,9.2204315730716,6714000.741204
1988-11-25,9.0590683715017,9.1893618462455,9.0010826246442,9.1199450982884,1724799.192307
1988-11-28,9.1199450982884,9.1893618462455,9.0010826246442,9.1199450982884,4977200.1601469
1988-11-29,9.1199450982884,9.1893618462455,9.0010826246442,9.1893618462455,3309600.6600014
1988-11-30,9.1893618462455,9.5007901669032,9.1893618462455,9.3992403431804,5994399.5457999
1988-12-01,9.4398802104621,9.7477529581034,9.3803326698498,9.688105728528,7577201.1431592
1988-12-02,9.558443617217,9.970723938856,9.5007901669032,9.8092942779773,11918401.549251
1988-12-05,9.8813029389745,10.003488378055,9.688105728528,9.8813029389745,5514799.91387
1988-12-06,9.8092942779773,9.9399865085734,9.7477529581034,9.8813029389745,3747600.4911918
1988-12-07,9.7477529581034,9.8813029389745,9.688105728528,9.8508978052355,3504800.282899
1988-12-08,9.8092942779773,9.8092942779773,9.688105728528,9.7804841676476,2123599.6088449
1988-12-09,9.8092942779773,9.8813029389745,9.688105728528,9.7804841676476,1605600.6307709
1988-12-12,9.8092942779773,9.8813029389745,9.6222777832417,9.6222777832417,4210002.050767
1988-12-13,9.6222777832417,9.688105728528,9.558443617217,9.688105728528,4376800.1745159
1988-12-14,9.6222777832417,10.003488378055,9.6222777832417,9.9399865085734,6903601.3290352
1988-12-15,10.003488378055,10.116768269766,9.8092942779773,9.8813029389745,4020400.6203149
1988-12-16,9.8813029389745,10.116768269766,9.8092942779773,10.029374278801,6553199.2491938
1988-12-19,10.060842761479,10.25071700649,10.003488378055,10.190139346592,8368801.2517664
1988-12-20,10.25071700649,10.380113280566,10.147904455901,10.25071700649,9792399.8991714
1988-12-21,10.25071700649,10.499939414186,10.25071700649,10.438464553621,8641600.4780813
1988-12-22,10.438464553621,10.499939414186,10.190139346592,10.25071700649,3786800.2669676
1988-12-23,10.25071700649,10.349309390974,10.25071700649,10.280191709907,1462799.8375801
1988-12-27,10.25071700649,10.380113280566,10.116768269766,10.116768269766,2142399.4432711
1988-12-28,10.116768269766,10.190139346592,9.9399865085734,10.060842761479,1840800.3687951
1988-12-29,10.060842761479,10.190139346592,10.060842761479,10.116768269766,4207599.6785022
1988-12-30,10.116768269766,10.308004930605,10.060842761479,10.060842761479,2917600.0734454
1989-01-03,10.060842761479,10.116768269766,10.003488378055,10.099056863993,3571998.875332
1989-01-04,10.190139346592,10.531075600321,10.116768269766,10.499939414186,8569599.8796366
1989-01-05,10.499939414186,10.809074888693,10.308004930605,10.560915829936,10976000.383679
1989-01-06,10.560915829936,10.87879070354,10.560915829936,10.650270370509,7095200.5533639
1989-01-09,10.751487897688,10.781926261081,10.560915829936,10.751487897688,2832398.4047983
1989-01-10,10.61910095472,10.719354821922,10.380113280566,10.650270370509,3689999.8017808
1989-01-11,10.560915829936,10.61910095472,10.308004930605,10.531075600321,5576001.7240964
1989-01-12,10.560915829936,10.751487897688,10.499939414186,10.688550932331,5368399.4744504
1989-01-13,10.688550932331,10.87879070354,10.600492348278,10.809074888693,6925199.5976249
1989-01-16,10.809074888693,10.999979252989,10.751487897688,10.940730779266,6021200.0352171
1989-01-17,10.809074888693,10.87879070354,10.003488378055,10.099056863993,27021599.571403
1989-01-18,10.190139346592,10.280191709907,9.8813029389745,9.9399865085734,17425999.281678
1989-01-19,10.116768269766,10.25071700649,10.003488378055,10.116768269766,9142398.6753763
1989-01-20,10.116768269766,10.380113280566,10.060842761479,10.25071700649,6204800.5606389
1989-01-23,10.190139346592,10.308004930605,10.190139346592,10.25071700649,6447599.4147197
1989-01-24,10.25071700649,10.438464553621,10.190139346592,10.401014733158,7974798.4174806
1989-01-25,10.438464553621,10.499939414186,10.25071700649,10.380113280566,3962001.1263267
1989-01-26,10.190139346592,10.531075600321,10.147904455901,10.438464553621,10187998.115685
1989-01-27,9.558443617217,9.8092942779773,9.0590683715017,9.3992403431804,75970398.689211
1989-01-30,9.3992403431804,9.5007901669032,9.3089221426311,9.3494955506042,20946401.47227
1989-01-31,9.3089221426311,9.4398802104621,9.1893618462455,9.4398802104621,16441200.985376
1989-02-01,9.4398802104621,9.8986820482045,9.3494955506042,9.8092942779773,17412800.16756
1989-02-02,9.8813029389745,10.060842761479,9.8092942779773,9.9399865085734,16910399.606321
1989-02-03,10.003488378055,10.060842761479,9.7477529581034,9.8092942779773,6389600.2258282
1989-02-06,9.8813029389745,9.8813029389745,9.558443617217,9.6222777832417,4169201.5361022
1989-02-07,9.558443617217,9.8092942779773,9.558443617217,9.7477529581034,5898399.1792152
1989-02-08,9.7477529581034,9.8813029389745,9.5007901669032,9.558443617217,5607600.3374505
1989-02-09,9.558443617217,9.7477529581034,9.5007901669032,9.558443617217,5743200.8450948
1989-02-10,9.558443617217,9.558443617217,9.2486103199686,9.3089221426311,12440800.72356
1989-02-13,9.1893618462455,9.3089221426311,9.1893618462455,9.2486103199686,8399600.3382969
1989-02-14,9.2204315730716,9.2486103199686,8.8107763941271,8.9411363281796,31841999.665452
1989-02-15,8.9411363281796,9.0590683715017,8.8789304152185,9.0590683715017,11807999.799046
1989-02-16,9.0590683715017,9.3089221426311,9.0010826246442,9.1019013959711,9131999.1088848
1989-02-17,9.0590683715017,9.2486103199686,9.0590683715017,9.1893618462455,4173199.4109692
1989-02-21,9.2204315730716,9.4398802104621,9.1893618462455,9.3803326698498,6805599.8281841
1989-02-22,9.3089221426311,9.3803326698498,9.1199450982884,9.1893618462455,8511600.0587794
1989-02-23,9.1199450982884,9.2486103199686,9.0590683715017,9.1893618462455,3406000.5191555
1989-02-24,9.2486103199686,9.2486103199686,9.0010826246442,9.0010826246442,5433201.0211864
1989-02-27,9.0010826246442,9.1199450982884,8.9411363281796,9.1199450982884,4139998.2832035
1989-02-28,9.1199450982884,9.1893618462455,9.0010826246442,9.0590683715017,6286400.9580027
1989-03-01,9.0590683715017,9.1199450982884,8.8789304152185,9.0010826246442,6075999.6422277
1989-03-02,8.9411363281796,9.0590683715017,8.6896210743321,8.750231963884,13440400.708579
1989-03-03,8.8107763941271,8.8107763941271,8.5010095561873,8.6896210743321,13849200.025389
1989-03-06,8.750231963884,8.9716411508817,8.6188751402006,8.8789304152185,6018399.3440335
1989-03-07,8.8789304152185,9.0010826246442,8.750231963884,8.9411363281796,9310399.2792825
1989-03-08,8.9008287574415,9.0590683715017,8.8107763941271,8.8107763941271,7724801.9561839
1989-03-09,8.8107763941271,8.9411363281796,8.6188751402006,8.6188751402006,4765599.5842301
1989-03-10,8.6188751402006,8.750231963884,8.5586630065011,8.750231963884,3668399.426639
1989-03-13,8.750231963884,8.8789304152185,8.6896210743321,8.750231963884,4682399.4410662
1989-03-14,8.750231963884,8.8789304152185,8.7204581935778,8.8107763941271,5783598.8879235
1989-03-15,8.8107763941271,8.8789304152185,8.6896210743321,8.750231963884,3216401.5563788
1989-03-16,8.750231963884,8.8789304152185,8.6188751402006,8.8107763941271,6865601.7763966
1989-03-17,8.6188751402006,8.9411363281796,8.5010095561873,8.7204581935778,8468799.8844348
1989-03-20,8.750231963884,8.8107763941271,8.6188751402006,8.7204581935778,6480399.3044871
1989-03-21,8.8789304152185,8.8789304152185,8.6896210743321,8.7204581935778,4578399.3824858
1989-03-22,8.5586630065011,8.6896210743321,8.4397673032026,8.469840140398,5173199.1293065
1989-03-23,8.5010095561873,8.6188751402006,8.4397673032026,8.6005988303029,4246800.2968988
1989-03-27,8.5586630065011,8.6188751402006,8.3788905764159,8.4397673032026,5416399.5825088
1989-03-28,8.5010095561873,8.6188751402006,8.5010095561873,8.5010095561873,5044801.2846032
1989-03-29,8.5010095561873,8.6188751402006,8.5010095561873,8.5586630065011,2657201.7284499
1989-03-30,8.5586630065011,8.750231963884,8.5010095561873,8.6896210743321,3758799.7048813
1989-03-31,8.750231963884,8.9411363281796,8.6896210743321,8.9008287574415,6619599.6088282
1989-04-03,8.8789304152185,9.0590683715017,8.6896210743321,8.750231963884,5938799.7198129
1989-04-04,8.6188751402006,8.7204581935778,8.469840140398,8.6188751402006,4133199.4764041
1989-04-05,8.6188751402006,8.8107763941271,8.5586630065011,8.750231963884,4294799.3817747
1989-04-06,8.6896210743321,9.0279321853668,8.6188751402006,9.0010826246442,5584799.9799204
1989-04-07,9.0010826246442,9.3803326698498,9.0010826246442,9.3494955506042,12677999.66986
1989-04-10,9.3089221426311,9.5007901669032,9.1893618462455,9.2486103199686,4834799.0099935
1989-04-11,9.3803326698498,9.5007901669032,9.2486103199686,9.4398802104621,5233599.8478419
1989-04-12,9.558443617217,9.8092942779773,9.4706508703991,9.6222777832417,13853998.570636
1989-04-13,9.688105728528,9.8813029389745,9.558443617217,9.6222777832417,6473999.7495083
1989-04-14,9.7477529581034,9.8092942779773,9.558443617217,9.688105728528,4405599.9624898
1989-04-17,9.6222777832417,9.8092942779773,9.5007901669032,9.8092942779773,5005199.8796123
1989-04-18,9.8813029389745,10.116768269766,9.8092942779773,10.029374278801,20035197.832522
1989-04-19,10.003488378055,10.401014733158,9.9399865085734,10.222272422358,15209998.89229
1989-04-20,10.190139346592,10.380113280566,10.060842761479,10.190139346592,6422000.1415285
1989-04-21,10.116768269766,10.222272422358,9.9399865085734,10.029374278801,4113198.8470624
1989-04-24,10.003488378055,10.060842761479,9.8813029389745,10.029374278801,3956799.74812
1989-04-25,10.003488378055,10.116768269766,9.9399865085734,10.003488378055,4149198.6497403
1989-04-26,10.003488378055,10.060842761479,9.7804841676476,9.9399865085734,6647600.2912888
1989-04-27,9.8813029389745,10.003488378055,9.7477529581034,9.8508978052355,4977999.8976258
1989-04-28,9.8092942779773,9.8813029389745,9.6222777832417,9.7477529581034,3709200.2422397
1989-05-01,9.6222777832417,9.8092942779773,9.6222777832417,9.7477529581034,2880800.352727
1989-05-02,9.7477529581034,10.060842761479,9.7477529581034,9.970723938856,7705200.0670715
1989-05-03,9.9399865085734,10.190139346592,9.9399865085734,10.060842761479,7876399.5907995
1989-05-04,10.060842761479,10.308004930605,10.003488378055,10.25071700649,6746799.6077889
1989-05-05,10.61910095472,10.688550932331,10.380113280566,10.380113280566,16455598.396641
1989-05-08,10.380113280566,10.560915829936,10.380113280566,10.560915829936,7354400.510932
1989-05-09,10.499939414186,10.751487897688,10.499939414186,10.61910095472,12384800.532289
1989-05-10,10.751487897688,10.87879070354,10.61910095472,10.809074888693,8372800.510939
1989-05-11,10.809074888693,11.057964999846,10.751487897688,10.971833735746,10748000.269142
1989-05-12,11.121167802438,11.24923489034,10.999979252989,11.24923489034,16683599.684828
1989-05-15,11.188291704244,11.55870266139,11.188291704244,11.500019091791,11353600.489423
1989-05-16,11.500019091791,11.55870266139,11.24923489034,11.350020432012,8166799.3613052
1989-05-17,11.311474032955,11.380192958171,11.24923489034,11.311474032955,8873598.8587019
1989-05-18,11.311474032955,11.380192958171,11.188291704244,11.188291704244,7544800.8362421
1989-05-19,11.188291704244,11.55870266139,11.188291704244,11.440803847723,11813200.515194
1989-05-22,11.440803847723,11.55870266139,11.311474032955,11.500019091791,6799999.7097482
1989-05-23,11.500019091791,11.500019091791,11.311474032955,11.380192958171,4802400.0873821
1989-05-24,11.311474032955,11.937520721089,11.311474032955,11.937520721089,10628799.420493
1989-05-25,11.809885618694,12.249613634834,11.809885618694,12.059706160169,8298799.9217847
1989-05-26,12.059706160169,12.249613634834,12.00078998299,12.121313939352,4018399.2753932
1989-05-30,12.059706160169,12.249613634834,11.84979443358,11.880266026628,3997199.2655352
1989-05-31,11.880266026628,12.031527413272,11.74964025534,11.937520721089,4114799.0442665
1989-06-01,11.937520721089,12.312882896735,11.880266026628,12.189069204591,6410799.7541885
1989-06-02,12.121313939352,12.378976679256,12.121313939352,12.249613634834,4445600.0776164
1989-06-05,12.189069204591,12.249613634834,11.621207641241,11.74964025534,4432799.1921363
1989-06-06,11.689993025765,11.74964025534,11.55870266139,11.689993025765,5178798.7361512
1989-06-07,11.689993025765,12.121313939352,11.689993025765,12.059706160169,6274000.4378065
1989-06-08,12.121313939352,12.249613634834,11.809885618694,11.902230828159,6357599.9230717
1989-06-09,11.809885618694,11.937520721089,11.621207641241,11.74964025534,3372000.6469999
1989-06-12,11.689993025765,11.937520721089,11.55870266139,11.880266026628,2887999.8558398
1989-06-13,11.880266026628,12.189069204591,11.74964025534,12.121313939352,8249199.5864286
1989-06-14,12.249613634834,12.558150975563,12.059706160169,12.39768497466,8975199.4039098
1989-06-15,12.378976679256,12.43998632466,11.880266026628,11.880266026628,5764399.0493367
1989-06-16,11.188291704244,11.380192958171,10.87879070354,11.121167802438,19357199.206469
1989-06-19,11.121167802438,11.188291704244,10.87879070354,10.999979252989,6540001.3689133
1989-06-20,10.999979252989,10.999979252989,10.560915829936,10.751487897688,4804799.6308482
1989-06-21,10.751487897688,10.87879070354,10.560915829936,10.61910095472,4637999.0695175
1989-06-22,10.61910095472,10.940730779266,10.499939414186,10.809074888693,4899999.0261164
1989-06-23,10.809074888693,11.057964999846,10.809074888693,10.971833735746,4424799.8311702
1989-06-26,10.999979252989,10.999979252989,10.809074888693,10.87879070354,6565598.5355524
1989-06-27,10.940730779266,11.057964999846,10.61910095472,10.650270370509,3778000.1152466
1989-06-28,10.560915829936,10.560915829936,10.25071700649,10.438464553621,9179600.8077435
1989-06-29,10.25071700649,10.308004930605,10.003488378055,10.147904455901,8340000.6211716
1989-06-30,10.116768269766,10.438464553621,9.8813029389745,10.308004930605,5883598.0923704
1989-07-03,10.438464553621,10.438464553621,10.190139346592,10.190139346592,1726800.0256374
1989-07-05,10.116768269766,10.190139346592,10.003488378055,10.116768269766,4255599.3652501
1989-07-06,10.190139346592,10.438464553621,10.060842761479,10.308004930605,6211601.0225864
1989-07-07,10.308004930605,10.499939414186,10.116768269766,10.308004930605,3789600.7174024
1989-07-10,10.25071700649,10.308004930605,10.003488378055,10.116768269766,7274799.9237162
1989-07-11,10.190139346592,10.25071700649,9.9399865085734,9.9399865085734,8711599.7015108
1989-07-12,9.9399865085734,10.060842761479,9.8813029389745,10.003488378055,4433199.4069521
1989-07-13,10.003488378055,10.25071700649,9.8813029389745,10.147904455901,8051199.6334707
1989-07-14,10.190139346592,10.25071700649,9.9399865085734,10.190139346592,9189999.1403972
1989-07-17,10.190139346592,10.308004930605,9.9399865085734,10.190139346592,4674800.1745416
1989-07-18,10.190139346592,10.190139346592,9.688105728528,9.8092942779773,17046800.272755
1989-07-19,9.8813029389745,10.190139346592,9.7477529581034,10.116768269766,8534799.6380365
1989-07-20,10.190139346592,10.308004930605,9.9399865085734,10.003488378055,8431199.5535231
1989-07-21,9.9399865085734,10.003488378055,9.7477529581034,10.003488378055,4981601.7707811
1989-07-24,9.9399865085734,9.9399865085734,9.8092942779773,9.8092942779773,4142399.993409
1989-07-25,9.8092942779773,9.9399865085734,9.5007901669032,9.688105728528,7494398.6869486
1989-07-26,9.558443617217,9.6222777832417,9.4398802104621,9.558443617217,8347999.9219505
1989-07-27,9.558443617217,9.8813029389745,9.5007901669032,9.8092942779773,6181200.6461916
1989-07-28,9.8092942779773,9.9399865085734,9.7477529581034,9.8508978052355,4262001.2073427
1989-07-31,9.8092942779773,10.003488378055,9.7477529581034,9.9399865085734,3995199.7262298
1989-08-01,9.9399865085734,10.060842761479,9.8092942779773,9.970723938856,4983600.2869042
1989-08-02,9.9399865085734,10.116768269766,9.8813029389745,10.116768269766,3621598.157412
1989-08-03,10.116768269766,10.380113280566,10.116768269766,10.308004930605,6176399.5128944
1989-08-04,10.308004930605,10.688550932331,10.280191709907,10.688550932331,6548399.9215127
1989-08-07,10.751487897688,10.999979252989,10.650270370509,10.940730779266,6007600.2247854
1989-08-08,10.87879070354,11.188291704244,10.87879070354,11.028789363319,7364000.7612551
1989-08-09,10.999979252989,11.440803847723,10.971833735746,10.999979252989,6969998.9200582
1989-08-10,10.999979252989,10.999979252989,10.688550932331,10.809074888693,5441600.5668747
1989-08-11,10.999979252989,10.999979252989,10.308004930605,10.470398251461,8217199.9156378
1989-08-14,10.380113280566,10.499939414186,10.116768269766,10.190139346592,3672401.4845166
1989-08-15,10.190139346592,10.380113280566,10.190139346592,10.349309390974,5847599.7040918
1989-08-16,10.380113280566,10.438464553621,10.003488378055,10.099056863993,4304800.719628
1989-08-17,10.060842761479,10.308004930605,10.003488378055,10.25071700649,5475599.7468775
1989-08-18,10.438464553621,10.61910095472,10.380113280566,10.560915829936,3002399.5110053
1989-08-21,10.560915829936,10.809074888693,10.499939414186,10.560915829936,4922400.58323
1989-08-22,10.499939414186,10.751487897688,10.499939414186,10.719354821922,3994000.1952455
1989-08-23,10.751487897688,11.057964999846,10.61910095472,10.940730779266,6201601.1593196
1989-08-24,10.940730779266,11.121167802438,10.87879070354,11.028789363319,5818800.1267731
1989-08-25,10.999979252989,11.24923489034,10.999979252989,11.188291704244,5763999.0150824
1989-08-28,11.121167802438,11.24923489034,10.999979252989,11.188291704244,2916400.6327419
1989-08-29,11.188291704244,11.24923489034,10.940730779266,11.028789363319,6317999.9023865
1989-08-30,10.999979252989,11.188291704244,10.999979252989,11.121167802438,4146401.2086657
1989-08-31,11.121167802438,11.24923489034,11.057964999846,11.121167802438,2010401.1097182
1989-09-01,11.121167802438,11.188291704244,11.057964999846,11.151639395486,2647200.8720942
1989-09-05,11.121167802438,11.350020432012,11.121167802438,11.188291704244,4100800.2528567
1989-09-06,11.188291704244,11.217766407661,10.999979252989,11.188291704244,3098398.9145947
1989-09-07,11.188291704244,11.380192958171,11.188291704244,11.188291704244,4067600.0278991
1989-09-08,11.188291704244,11.311474032955,11.121167802438,11.24923489034,1993998.1705211
1989-09-11,11.188291704244,11.500019091791,11.121167802438,11.440803847723,3521199.8817062
1989-09-12,11.380192958171,11.689993025765,11.24923489034,11.500019091791,3699599.2997638
1989-09-13,11.55870266139,11.650084210879,11.24923489034,11.24923489034,4595999.896583
1989-09-14,11.24923489034,11.311474032955,11.121167802438,11.188291704244,4688800.7113803
1989-09-15,11.24923489034,11.311474032955,11.057964999846,11.24923489034,4459599.2602431
1989-09-18,11.121167802438,11.24923489034,10.999979252989,10.999979252989,2255598.5442698
1989-09-19,11.057964999846,11.121167802438,10.751487897688,10.809074888693,2885599.3493784
1989-09-20,10.999979252989,11.24923489034,10.940730779266,11.151639395486,4219598.6597641
1989-09-21,11.24923489034,11.500019091791,11.057964999846,11.188291704244,7177199.9016122
1989-09-22,11.188291704244,11.311474032955,11.057964999846,11.217766407661,2589201.2317986
1989-09-25,11.188291704244,11.440803847723,11.188291704244,11.311474032955,4862799.6623606
1989-09-26,11.24923489034,11.380192958171,11.188291704244,11.311474032955,2761599.8351068
1989-09-27,11.057964999846,11.282265166773,10.999979252989,11.188291704244,3218799.9261945
1989-09-28,11.24923489034,11.440803847723,11.24923489034,11.380192958171,2836398.8075278
1989-09-29,11.311474032955,11.380192958171,11.121167802438,11.121167802438,2493199.2401594
1989-10-02,11.121167802438,11.188291704244,10.940730779266,11.100864483624,4907200.0038157
1989-10-03,11.057964999846,11.121167802438,10.781926261081,10.900722275417,6089200.110558
1989-10-04,10.940730779266,11.151639395486,10.87879070354,11.057964999846,5684799.3950225
1989-10-05,11.121167802438,11.621207641241,11.057964999846,11.380192958171,8759999.422513
1989-10-06,11.55870266139,12.059706160169,11.500019091791,12.031527413272,12918000.480994
1989-10-09,12.00078998299,12.43998632466,11.880266026628,12.378976679256,6984000.6606411
1989-10-10,12.43998632466,12.600352636599,12.121313939352,12.378976679256,10254398.475319
1989-10-11,12.189069204591,12.312882896735,12.00078998299,12.216982114253,5605601.4301107
1989-10-12,12.249613634834,12.312882896735,12.121313939352,12.189069204591,2951599.7650394
1989-10-13,12.189069204591,12.378976679256,11.24923489034,11.440803847723,7182799.9297674
1989-10-16,11.188291704244,11.689993025765,10.61910095472,11.689993025765,15175599.527565
1989-10-17,11.500019091791,12.189069204591,11.24923489034,11.809885618694,8930000.7092816
1989-10-18,11.621207641241,12.059706160169,11.500019091791,12.059706160169,5144001.8349409
1989-10-19,12.059706160169,12.378976679256,12.059706160169,12.189069204591,3996399.1669332
1989-10-20,11.937520721089,12.312882896735,11.880266026628,12.00078998299,9339600.3353483
1989-10-23,12.00078998299,12.059706160169,11.55870266139,11.689993025765,4355601.8498996
1989-10-24,11.55870266139,12.121313939352,11.311474032955,11.902230828159,7730001.9500849
1989-10-25,11.937520721089,11.937520721089,11.55870266139,11.621207641241,4255199.9930552
1989-10-26,11.380192958171,11.621207641241,11.24923489034,11.311474032955,6045199.5927018
1989-10-27,11.311474032955,11.440803847723,11.121167802438,11.311474032955,4621999.8660877
1989-10-30,11.380192958171,11.500019091791,11.24923489034,11.440803847723,3106399.8705217
1989-10-31,11.440803847723,11.621207641241,11.380192958171,11.621207641241,3285601.3131719
1989-11-01,11.55870266139,11.689993025765,11.440803847723,11.527932001453,2185198.7749948
1989-11-02,11.24923489034,11.24923489034,10.751487897688,10.999979252989,16166800.4183
1989-11-03,10.999979252989,11.121167802438,10.809074888693,10.809074888693,6237601.4134016
1989-11-06,10.87879070354,10.999979252989,10.751487897688,10.809074888693,4395999.3510435
1989-11-07,10.809074888693,11.121167802438,10.809074888693,10.999979252989,5404399.8489068
1989-11-08,11.057964999846,11.311474032955,11.057964999846,11.24923489034,5093999.7499953
1989-11-09,11.24923489034,11.500019091791,11.121167802438,11.500019091791,3149600.5907118
1989-11-10,11.440803847723,11.74964025534,11.440803847723,11.689993025765,2316399.7183699
1989-11-13,11.621207641241,11.809885618694,11.621207641241,11.621207641241,2429199.8684841
1989-11-14,11.621207641241,11.689993025765,11.121167802438,11.188291704244,3013598.634414
1989-11-15,11.24923489034,11.311474032955,10.999979252989,11.057964999846,3492402.1100037
1989-11-16,11.121167802438,11.188291704244,10.940730779266,11.188291704244,3448800.3323769
1989-11-17,11.121167802438,11.311474032955,11.121167802438,11.188291704244,3162801.8715693
1989-11-20,11.24923489034,11.380192958171,11.121167802438,11.311474032955,3859599.1884919
1989-11-21,11.311474032955,11.621207641241,11.311474032955,11.311474032955,5008800.2781812
1989-11-22,11.380192958171,11.440803847723,11.121167802438,11.188291704244,3497998.9783306
1989-11-24,11.188291704244,11.24923489034,11.188291704244,11.188291704244,994798.58087948
1989-11-27,11.188291704244,11.311474032955,10.940730779266,10.999979252989,3755200.0887461
1989-11-28,10.940730779266,11.057964999846,10.688550932331,11.028789363319,4834799.0099935
1989-11-29,10.87879070354,11.057964999846,10.61910095472,10.999979252989,5462401.5355673
1989-11-30,10.940730779266,11.121167802438,10.87879070354,11.057964999846,2265999.5552542
1989-12-01,11.121167802438,11.24923489034,10.900722275417,10.999979252989,5222400.1225611
1989-12-04,10.940730779266,11.380192958171,10.940730779266,11.311474032955,3477199.2735693
1989-12-05,11.311474032955,11.440803847723,11.121167802438,11.24923489034,4348800.5754249
1989-12-06,11.24923489034,11.311474032955,10.25071700649,10.688550932331,11963601.236969
1989-12-07,10.560915829936,10.809074888693,10.499939414186,10.688550932331,6371998.5681741
1989-12-08,10.61910095472,10.751487897688,10.308004930605,10.438464553621,9020800.3898125
1989-12-11,10.25071700649,10.380113280566,9.6010108044516,9.8092942779773,23214798.675094
1989-12-12,9.8092942779773,9.8813029389745,8.750231963884,9.0010826246442,36621999.188809
1989-12-13,9.0010826246442,9.1199450982884,8.8789304152185,9.0010826246442,13919999.317327
1989-12-14,8.9411363281796,9.0279321853668,8.6188751402006,8.7204581935778,10884000.239263
1989-12-15,8.6896210743321,8.750231963884,8.1211613772032,8.4397673032026,18505999.019613
1989-12-18,8.4397673032026,8.750231963884,8.4397673032026,8.6896210743321,10971600.939785
1989-12-19,8.6188751402006,8.8789304152185,8.6188751402006,8.750231963884,8971200.2651116
1989-12-20,8.9411363281796,9.0590683715017,8.8107763941271,8.9411363281796,6356801.0583073
1989-12-21,8.9411363281796,9.0590683715017,8.8789304152185,9.0590683715017,10885999.808662
1989-12-22,9.0590683715017,9.3089221426311,9.0010826246442,9.1199450982884,6592401.1917089
1989-12-26,9.1893618462455,9.1893618462455,8.8107763941271,8.8789304152185,4831601.6550391
1989-12-27,8.8789304152185,8.9411363281796,8.750231963884,8.7806370976229,9178799.8966142
1989-12-28,8.750231963884,8.8107763941271,8.5586630065011,8.6510082159663,5402000.7568447
1989-12-29,8.6896210743321,8.9411363281796,8.6005988303029,8.8107763941271,5443200.8543596
1990-01-02,8.8107763941271,9.3803326698498,8.750231963884,9.3089221426311,6542799.863264
1990-01-03,9.5007901669032,9.5007901669032,9.3803326698498,9.3803326698498,7428399.4449382
1990-01-04,9.558443617217,9.688105728528,9.3089221426311,9.3992403431804,7911201.3972669
1990-01-05,9.4398802104621,9.558443617217,9.2486103199686,9.4398802104621,4404000.9991233
1990-01-08,9.3803326698498,9.5007901669032,9.2486103199686,9.5007901669032,3627598.6411319
1990-01-09,9.5007901669032,9.5007901669032,9.2486103199686,9.3992403431804,3076399.6487555
1990-01-10,9.3992403431804,9.3992403431804,8.9411363281796,9.0010826246442,7132799.2592211
1990-01-11,9.0590683715017,9.0590683715017,8.6188751402006,8.6188751402006,7537600.821538
1990-01-12,8.5586630065011,8.6896210743321,8.4397673032026,8.6188751402006,6139200.8111979
1990-01-15,8.6188751402006,8.9411363281796,8.5586630065011,8.5586630065011,5776399.8061211
1990-01-16,8.3788905764159,8.750231963884,8.1879197528116,8.7204581935778,7651599.9910452
1990-01-17,8.6896210743321,8.6896210743321,8.2511557850578,8.3101051918917,7046400.1661419
1990-01-18,8.2511557850578,8.3788905764159,8.061248310393,8.1007915990808,9760399.5061341
1990-01-19,8.4397673032026,8.6188751402006,8.3788905764159,8.5586630065011,9469199.6069327
1990-01-22,8.5010095561873,8.6188751402006,8.3101051918917,8.3101051918917,5200399.2316674
1990-01-23,8.4397673032026,8.5586630065011,8.2511557850578,8.4397673032026,5031199.247245
1990-01-24,8.1211613772032,8.5586630065011,8.061248310393,8.5010095561873,6063999.2164728
1990-01-25,8.5586630065011,8.6896210743321,8.5010095561873,8.5305174892586,3983600.6588477
1990-01-26,8.5010095561873,8.5010095561873,8.061248310393,8.1879197528116,6473200.1023102
1990-01-29,8.2511557850578,8.3788905764159,8.0284506415401,8.3101051918917,4283199.4717717
1990-01-30,8.3101051918917,8.6188751402006,8.2511557850578,8.5010095561873,4158799.9834331
1990-01-31,8.6188751402006,8.6896210743321,8.2511557850578,8.5010095561873,5140800.2969758
1990-02-01,8.6188751402006,8.6510082159663,8.3788905764159,8.3994929621189,4181199.7048369
1990-02-02,8.3101051918917,8.6896210743321,8.3101051918917,8.5586630065011,4231201.7596889
1990-02-05,8.5586630065011,8.8107763941271,8.5010095561873,8.750231963884,3634001.8976237
1990-02-06,8.6896210743321,8.750231963884,8.5010095561873,8.6896210743321,2640000.1351437
1990-02-07,8.2511557850578,8.5010095561873,8.1211613772032,8.3101051918917,11158799.366006
1990-02-08,8.3101051918917,8.3788905764159,8.061248310393,8.2511557850578,6665598.4321521
1990-02-09,8.3788905764159,8.6188751402006,8.3101051918917,8.5586630065011,6002799.181769
1990-02-12,8.5586630065011,8.6188751402006,8.4397673032026,8.5010095561873,2675600.0239418
1990-02-13,8.5010095561873,8.750231963884,8.4397673032026,8.6188751402006,3648798.7713643
1990-02-14,8.6188751402006,8.6896210743321,8.4397673032026,8.5586630065011,3430799.7840255
1990-02-15,8.4397673032026,8.5586630065011,8.3788905764159,8.5586630065011,3498800.190396
1990-02-16,8.5586630065011,8.6188751402006,8.4397673032026,8.4397673032026,4543200.731686
1990-02-20,8.3788905764159,8.4397673032026,8.2511557850578,8.3788905764159,4401600.2218195
1990-02-21,8.1879197528116,8.5586630065011,8.1211613772032,8.5010095561873,6282400.4649924
1990-02-22,8.5010095561873,8.6188751402006,8.2511557850578,8.2511557850578,6970799.9816555
1990-02-23,8.1879197528116,8.3788905764159,8.1879197528116,8.3101051918917,5355600.3343993
1990-02-26,8.2511557850578,8.5586630065011,8.2511557850578,8.5010095561873,2843198.5472288
1990-02-27,8.5010095561873,8.5586630065011,8.3788905764159,8.3788905764159,2641200.5388424
1990-02-28,8.3788905764159,8.5010095561873,8.3101051918917,8.5010095561873,3904798.4548986
1990-03-01,8.3788905764159,8.6896210743321,8.3101051918917,8.5586630065011,7281998.8851442
1990-03-02,8.3788905764159,8.6896210743321,8.3101051918917,8.4397673032026,3746400.6893652
1990-03-05,8.3788905764159,8.6896210743321,8.3788905764159,8.6188751402006,6516800.4956313
1990-03-06,8.750231963884,8.8107763941271,8.6188751402006,8.8107763941271,5571999.4856571
1990-03-07,8.750231963884,9.0010826246442,8.750231963884,8.8471628656508,7293599.9086104
1990-03-08,8.9411363281796,9.2486103199686,8.750231963884,9.1893618462455,7994400.0357506
1990-03-09,9.1893618462455,9.3803326698498,9.0590683715017,9.2204315730716,8231201.9571566
1990-03-12,9.3089221426311,9.3803326698498,9.0590683715017,9.1500511651381,5855599.6669299
1990-03-13,9.1199450982884,9.3089221426311,9.0590683715017,9.2204315730716,5306398.5286173
1990-03-14,9.1893618462455,9.3089221426311,9.1199450982884,9.2486103199686,3635200.3452383
1990-03-15,9.1199450982884,9.5007901669032,9.1199450982884,9.1893618462455,4294000.9383208
1990-03-16,10.003488378055,10.190139346592,9.7804841676476,10.060842761479,23027199.883588
1990-03-19,10.116768269766,10.61910095472,10.003488378055,10.600492348278,15421199.855263
1990-03-20,10.560915829936,10.751487897688,10.190139346592,10.349309390974,13975599.143314
1990-03-21,10.308004930605,10.560915829936,10.308004930605,10.401014733158,5454799.3800569
1990-03-22,10.438464553621,10.560915829936,10.190139346592,10.190139346592,8273601.0138773
1990-03-23,10.308004930605,10.751487897688,10.25071700649,10.560915829936,8142401.2441528
1990-03-26,10.61910095472,10.85127654973,10.499939414186,10.560915829936,4573601.2284552
1990-03-27,10.499939414186,10.560915829936,10.308004930605,10.499939414186,3021599.2292177
1990-03-28,10.499939414186,10.531075600321,10.25071700649,10.308004930605,3676400.5932212
1990-03-29,10.25071700649,10.380113280566,10.190139346592,10.280191709907,3460400.5433159
1990-03-30,10.003488378055,10.25071700649,10.003488378055,10.060842761479,7976801.1467079
1990-04-02,10.003488378055,10.147904455901,9.8813029389745,10.060842761479,5313200.1642153
1990-04-03,10.116768269766,10.438464553621,10.116768269766,10.438464553621,4989600.921092
1990-04-04,10.380113280566,10.499939414186,10.190139346592,10.308004930605,5347599.6794083
1990-04-05,10.25071700649,10.308004930605,10.003488378055,10.060842761479,3863999.2643523
1990-04-06,10.060842761479,10.308004930605,9.9399865085734,9.970723938856,4222800.2278229
1990-04-09,9.9399865085734,10.380113280566,9.8813029389745,10.280191709907,3767199.2505696
1990-04-10,10.308004930605,10.499939414186,10.25071700649,10.308004930605,4690000.663675
1990-04-11,10.380113280566,10.751487897688,10.380113280566,10.61910095472,7612800.6106469
1990-04-12,10.751487897688,10.999979252989,10.61910095472,10.809074888693,7564400.1373047
1990-04-16,10.87879070354,11.057964999846,10.809074888693,10.940730779266,8103198.1279872
1990-04-17,10.809074888693,10.87879070354,10.688550932331,10.809074888693,4682399.4410662
1990-04-18,10.809074888693,10.940730779266,10.61910095472,10.809074888693,6908800.9919066
1990-04-19,10.438464553621,10.781926261081,10.003488378055,10.060842761479,17195599.744049
1990-04-20,10.222272422358,10.380113280566,9.9399865085734,10.060842761479,11554398.966825
1990-04-23,10.060842761479,10.116768269766,9.8813029389745,9.9399865085734,4584000.3134491
1990-04-24,10.003488378055,10.116768269766,9.6222777832417,9.688105728528,10847599.258774
1990-04-25,9.688105728528,9.7477529581034,9.558443617217,9.688105728528,4734801.4606948
1990-04-26,9.7477529581034,9.8813029389745,9.5289689138001,9.7168826092034,5077198.4617857
1990-04-27,9.7477529581034,9.8813029389745,9.688105728528,9.7804841676476,4157600.6029168
1990-04-30,9.8092942779773,9.9399865085734,9.7477529581034,9.8508978052355,4871201.1340395
1990-05-01,9.9399865085734,10.003488378055,9.8508978052355,9.8986820482045,5843199.7786993
1990-05-02,9.9399865085734,10.003488378055,9.8092942779773,9.9399865085734,4836799.2113583
1990-05-03,9.9399865085734,10.060842761479,9.9399865085734,10.003488378055,5939601.8647799
1990-05-04,10.003488378055,10.190139346592,9.8092942779773,10.003488378055,6054799.1207784
1990-05-07,9.9399865085734,10.438464553621,9.9399865085734,10.380113280566,4856799.8407
1990-05-08,10.25071700649,10.499939414186,10.25071700649,10.438464553621,4016399.6759005
1990-05-09,10.401014733158,10.499939414186,10.308004930605,10.470398251461,3472800.4616401
1990-05-10,10.438464553621,10.438464553621,10.116768269766,10.349309390974,6394400.0651005
1990-05-11,10.349309390974,10.688550932331,10.190139346592,10.650270370509,7687200.4215282
1990-05-14,10.688550932331,10.688550932331,10.308004930605,10.438464553621,8085200.1375919
1990-05-15,10.349309390974,10.499939414186,10.25071700649,10.438464553621,5335199.008744
1990-05-16,10.438464553621,10.438464553621,10.25071700649,10.401014733158,3117998.9679974
1990-05-17,10.438464553621,10.560915829936,10.25071700649,10.380113280566,5485201.0805702
1990-05-18,10.308004930605,10.380113280566,9.8813029389745,9.9399865085734,9230800.0462788
1990-05-21,9.8813029389745,10.003488378055,9.688105728528,9.8813029389745,9374399.8246083
1990-05-22,10.029374278801,10.380113280566,10.003488378055,10.349309390974,10753200.112575
1990-05-23,10.308004930605,10.61910095472,10.308004930605,10.499939414186,7411198.75444
1990-05-24,10.560915829936,10.560915829936,10.380113280566,10.499939414186,5290398.3621923
1990-05-25,9.8813029389745,10.190139346592,9.7477529581034,10.003488378055,11547200.637363
1990-05-29,10.003488378055,10.308004930605,9.8092942779773,10.25071700649,8686000.09729
1990-05-30,10.401014733158,10.438464553621,10.308004930605,10.349309390974,9886399.5828938
1990-05-31,10.380113280566,10.380113280566,10.25071700649,10.308004930605,3681600.2560925
1990-06-01,10.349309390974,10.499939414186,10.190139346592,10.190139346592,5615601.0827223
1990-06-04,10.190139346592,10.25071700649,9.9399865085734,10.190139346592,6408002.0723651
1990-06-05,10.25071700649,10.25071700649,9.7477529581034,9.8813029389745,10693998.925024
1990-06-06,9.7477529581034,9.8813029389745,9.688105728528,9.8813029389745,7562400.1165016
1990-06-07,9.8813029389745,9.9399865085734,9.6222777832417,9.7477529581034,6658400.8851234
1990-06-08,9.6222777832417,9.6222777832417,9.3803326698498,9.558443617217,11924401.280631
1990-06-11,9.4398802104621,9.7477529581034,9.4398802104621,9.7477529581034,5639199.3119279
1990-06-12,9.7804841676476,10.116768269766,9.688105728528,10.116768269766,5894000.6080348
1990-06-13,10.099056863993,10.190139346592,9.9399865085734,9.9399865085734,4962399.1033957
1990-06-14,10.003488378055,10.060842761479,9.8092942779773,9.9399865085734,5011599.8859952
1990-06-15,9.9399865085734,10.003488378055,9.7804841676476,9.8813029389745,5148000.5524287
1990-06-18,9.8092942779773,9.8813029389745,9.7477529581034,9.8092942779773,3978399.130173
1990-06-19,9.7477529581034,9.9399865085734,9.6010108044516,9.8986820482045,5615199.6340688
1990-06-20,9.970723938856,10.060842761479,9.9399865085734,10.003488378055,5526400.6063066
1990-06-21,10.003488378055,10.499939414186,10.003488378055,10.470398251461,7449999.970548
1990-06-22,10.499939414186,10.650270370509,10.308004930605,10.380113280566,10142000.104888
1990-06-25,10.380113280566,10.438464553621,10.060842761479,10.308004930605,4357198.6465267
1990-06-26,10.438464553621,10.499939414186,10.099056863993,10.147904455901,4544798.7621508
1990-06-27,10.190139346592,10.499939414186,10.060842761479,10.380113280566,3472400.0963562
1990-06-28,10.688550932331,10.809074888693,10.438464553621,10.751487897688,8926399.1370622
1990-06-29,10.751487897688,11.217766407661,10.688550932331,11.188291704244,11613999.76732
1990-07-02,11.121167802438,11.121167802438,10.940730779266,10.999979252989,4836000.2563131
1990-07-03,10.971833735746,11.121167802438,10.940730779266,10.999979252989,3553598.5635688
1990-07-05,10.940730779266,11.057964999846,10.809074888693,10.87879070354,3838001.612055
1990-07-06,10.87879070354,11.24923489034,10.809074888693,11.188291704244,7466399.2082321
1990-07-09,11.24923489034,11.74964025534,11.188291704244,11.650084210879,11266400.304653
1990-07-10,11.74964025534,11.880266026628,11.689993025765,11.74964025534,12908000.647821
1990-07-11,11.689993025765,11.74964025534,11.440803847723,11.74964025534,8791198.3928297
1990-07-12,11.689993025765,11.880266026628,11.621207641241,11.84979443358,6516800.4956313
1990-07-13,11.880266026628,11.937520721089,11.689993025765,11.689993025765,8249199.5864286
1990-07-16,11.689993025765,11.77974632219,11.311474032955,11.399466157699,6418000.1601094
1990-07-17,11.440803847723,11.500019091791,10.999979252989,11.057964999846,4887599.4388218
1990-07-18,11.121167802438,11.24923489034,10.751487897688,11.151639395486,10298801.164075
1990-07-19,10.190139346592,10.61910095472,10.003488378055,10.438464553621,20928000.468354
1990-07-20,10.499939414186,10.61910095472,10.190139346592,10.25071700649,6851600.2765626
1990-07-23,10.25071700649,10.438464553621,10.003488378055,10.380113280566,9649600.1592567
1990-07-24,10.499939414186,10.560915829936,10.25071700649,10.531075600321,6925600.3541256
1990-07-25,10.499939414186,10.809074888693,10.438464553621,10.560915829936,3747200.0055336
1990-07-26,10.560915829936,10.61910095472,10.25071700649,10.349309390974,2869198.7875759
1990-07-27,10.308004930605,10.438464553621,10.116768269766,10.349309390974,2225600.8503662
1990-07-30,10.190139346592,10.61910095472,10.190139346592,10.600492348278,3052000.327859
1990-07-31,10.61910095472,10.688550932331,10.380113280566,10.499939414186,3428801.3581833
1990-08-01,10.499939414186,10.688550932331,10.380113280566,10.600492348278,3339599.7382107
1990-08-02,10.308004930605,10.940730779266,10.308004930605,10.87879070354,7968799.5889089
1990-08-03,10.87879070354,10.940730779266,9.9399865085734,10.308004930605,9605998.6223788
1990-08-06,9.7477529581034,10.116768269766,9.6222777832417,9.8813029389745,6416400.3240286
1990-08-07,10.060842761479,10.147904455901,9.688105728528,9.8813029389745,7090400.1423132
1990-08-08,9.8813029389745,10.190139346592,9.8813029389745,10.029374278801,3662001.1355915
1990-08-09,10.060842761479,10.116768269766,9.8092942779773,9.8813029389745,3442399.6940284
1990-08-10,9.688105728528,9.8092942779773,9.558443617217,9.688105728528,3668000.0845376
1990-08-13,9.5007901669032,10.003488378055,9.4706508703991,9.970723938856,5575599.2221667
1990-08-14,10.003488378055,10.003488378055,9.8092942779773,9.9399865085734,3505998.5499519
1990-08-15,10.003488378055,10.060842761479,9.8092942779773,9.8092942779773,3287598.7760189
1990-08-16,9.7477529581034,9.8986820482045,9.6222777832417,9.6222777832417,4424799.8311702
1990-08-17,9.6222777832417,9.6222777832417,8.9411363281796,9.1199450982884,8789600.0915226
1990-08-20,9.1199450982884,9.3803326698498,9.0590683715017,9.1893618462455,2680798.7238178
1990-08-21,8.9411363281796,9.1893618462455,8.8107763941271,9.0590683715017,5751600.5111575
1990-08-22,9.2486103199686,9.2486103199686,8.7204581935778,8.7806370976229,4382800.0864573
1990-08-23,8.5586630065011,8.750231963884,8.3788905764159,8.6188751402006,5131998.5803875
1990-08-24,8.8107763941271,9.0010826246442,8.6896210743321,8.8789304152185,2621999.8576347
1990-08-27,9.1893618462455,9.5007901669032,9.0590683715017,9.4398802104621,4195199.8805524
1990-08-28,9.3803326698498,9.6010108044516,9.3089221426311,9.5289689138001,2863999.9974191
1990-08-29,9.5007901669032,9.5289689138001,9.1893618462455,9.3089221426311,5390400.3051569
1990-08-30,9.3089221426311,9.3803326698498,9.0010826246442,9.0590683715017,4378399.8300352
1990-08-31,9.0010826246442,9.3089221426311,9.0010826246442,9.2486103199686,3552000.0516064
1990-09-04,9.1199450982884,9.3803326698498,9.1199450982884,9.2486103199686,2955200.6451059
1990-09-05,9.3089221426311,9.3089221426311,8.9411363281796,9.0010826246442,2287599.9604896
1990-09-06,8.8789304152185,9.0010826246442,8.8107763941271,8.9411363281796,3129599.6303404
1990-09-07,8.8789304152185,9.1893618462455,8.7806370976229,9.1019013959711,2077599.6118705
1990-09-10,9.2486103199686,9.2486103199686,8.9411363281796,8.9411363281796,2713599.456206
1990-09-11,9.0010826246442,9.0279321853668,8.4397673032026,8.5010095561873,6366799.5372685
1990-09-12,8.6188751402006,8.6188751402006,8.3788905764159,8.5010095561873,3586001.518723
1990-09-13,8.6188751402006,8.6896210743321,8.2511557850578,8.4397673032026,3473599.3264044
1990-09-14,8.3788905764159,8.5586630065011,8.3101051918917,8.5010095561873,4068399.0732251
1990-09-17,8.5010095561873,8.8107763941271,8.3788905764159,8.4397673032026,2773998.9709973
1990-09-18,8.4397673032026,8.4397673032026,8.2511557850578,8.3503130736667,4450400.3682927
1990-09-19,8.3101051918917,8.4397673032026,7.9979790484924,8.1211613772032,6516399.408101
1990-09-20,8.061248310393,8.061248310393,7.8094007600019,7.912545607134,3604799.4873458
1990-09-21,7.9979790484924,8.1211613772032,7.7504845828224,7.8804125313683,5495200.793369
1990-09-24,7.8804125313683,7.8804125313683,7.4379929132252,7.5611087826273,4946399.0272514
1990-09-25,7.619393596374,7.690837353247,7.3096599880886,7.4995674627534,5641200.4461943
1990-09-26,7.4995674627534,7.619393596374,7.4379929132252,7.4379929132252,3362000.332329
1990-09-27,7.4995674627534,7.619393596374,7.0017872404473,7.0578124376975,5083599.7621934
1990-09-28,7.118390097595,7.2500792178219,6.8125111292153,7.2500792178219,6287199.220895
1990-10-01,7.3810040559985,7.7504845828224,7.3096599880886,7.619393596374,5559200.345606
1990-10-02,7.7504845828224,7.9979790484924,7.3810040559985,7.4098473959826,9678000.5148484
1990-10-03,7.4379929132252,7.4379929132252,6.6890629632695,6.7497070824757,9579999.3751205
1990-10-04,6.6890629632695,7.0017872404473,6.5610291050222,7.0017872404473,7624798.59882
1990-10-05,6.7497070824757,7.1907975144444,6.7497070824757,7.0017872404473,3553201.6590492
1990-10-08,7.1907975144444,7.3096599880886,7.0578124376975,7.2801852846716,2197599.6864079
1990-10-09,7.118390097595,7.2500792178219,6.9399468536842,7.0017872404473,4306400.0140241
1990-10-10,6.8125111292153,7.0017872404473,6.4998200816919,6.6213741573391,5282399.7535662
1990-10-11,6.6890629632695,6.9694215571011,6.3815889714806,6.9399468536842,7356400.8627648
1990-10-12,7.0578124376975,7.118390097595,6.7497070824757,7.0578124376975,8165998.8112991
1990-10-15,7.118390097595,7.1907975144444,6.6589236667654,6.9399468536842,7179199.1399817
1990-10-16,6.8777077110687,6.8777077110687,6.0583641235252,6.2486038947336,10901201.290884
1990-10-17,6.3085501911983,6.6213741573391,6.2486038947336,6.6213741573391,11037999.55399
1990-10-18,6.6213741573391,7.1907975144444,6.6213741573391,7.118390097595,11249999.983599
1990-10-19,7.8094007600019,7.9390961009672,7.5611087826273,7.8395068268517,33347598.443539
1990-10-22,7.8804125313683,7.8804125313683,7.619393596374,7.7802251234742,9026398.8831939
1990-10-23,7.7504845828224,7.8804125313683,7.5611087826273,7.7504845828224,5965999.5814251
1990-10-24,7.690837353247,7.7504845828224,7.4995674627534,7.619393596374,5065199.2698686
1990-10-25,7.5611087826273,7.8094007600019,7.4098473959826,7.4995674627534,5480798.6875023
1990-10-26,7.4379929132252,7.8094007600019,7.4379929132252,7.4995674627534,4792800.2282759
1990-10-29,7.5611087826273,7.619393596374,7.4379929132252,7.4687635731621,4410000.0082567
1990-10-30,7.4379929132252,7.690837353247,7.2212026481834,7.5909157825878,3501599.9787715
1990-10-31,7.619393596374,7.9711294877699,7.5611087826273,7.690837353247,5312800.9123947
1990-11-01,7.619393596374,7.7504845828224,7.4379929132252,7.619393596374,3237600.1217439
1990-11-02,7.619393596374,8.1007915990808,7.619393596374,7.9390961009672,5307600.0156857
1990-11-05,8.061248310393,8.3788905764159,7.9979790484924,8.3101051918917,6588401.3306643
1990-11-06,8.3788905764159,8.6188751402006,8.3101051918917,8.3788905764159,6598800.114722
1990-11-07,8.3788905764159,8.4397673032026,8.1518988074858,8.3101051918917,7249200.5602442
1990-11-08,8.2511557850578,8.750231963884,8.2511557850578,8.6188751402006,7116000.8900909
1990-11-09,8.750231963884,8.9411363281796,8.6188751402006,8.8789304152185,7079598.6155769
1990-11-12,8.8789304152185,9.1893618462455,8.8107763941271,9.0590683715017,5180400.2273802
1990-11-13,9.0590683715017,9.1199450982884,8.9411363281796,9.0010826246442,5069599.2554483
1990-11-14,8.9411363281796,9.3089221426311,8.9411363281796,9.2486103199686,6812397.160397
1990-11-15,9.1893618462455,9.2486103199686,8.8789304152185,9.0010826246442,5777599.4875734
1990-11-16,8.9411363281796,9.0010826246442,8.6896210743321,8.7806370976229,6535999.4314101
1990-11-19,8.8789304152185,9.1019013959711,8.8107763941271,9.1019013959711,7996798.5560343
1990-11-20,9.1199450982884,9.1893618462455,8.8107763941271,8.8789304152185,5486800.0740302
1990-11-21,8.8107763941271,9.0590683715017,8.6896210743321,9.0279321853668,4400400.1190568
1990-11-23,9.0590683715017,9.2486103199686,9.0010826246442,9.1019013959711,1900000.8340998
1990-11-26,9.0010826246442,9.2486103199686,9.0010826246442,9.1893618462455,2909200.4675699
1990-11-27,9.2486103199686,9.558443617217,9.1893618462455,9.3803326698498,5877999.5388017
1990-11-28,9.4398802104621,9.6222777832417,9.1893618462455,9.1893618462455,6246801.0275983
1990-11-29,9.2486103199686,9.2486103199686,9.0590683715017,9.1893618462455,4525199.4009009
1990-11-30,9.0590683715017,9.3089221426311,9.0590683715017,9.1893618462455,4339601.0515089
1990-12-03,9.3089221426311,9.558443617217,9.2486103199686,9.5289689138001,5907198.8494386
1990-12-04,9.3803326698498,9.688105728528,9.3803326698498,9.6222777832417,5434000.2169804
1990-12-05,9.6222777832417,10.060842761479,9.4706508703991,10.029374278801,7799601.2897282
1990-12-06,10.308004930605,10.438464553621,10.116768269766,10.308004930605,19008800.969318
1990-12-07,10.25071700649,10.688550932331,10.25071700649,10.61910095472,11773601.0061
1990-12-10,10.560915829936,10.61910095472,10.380113280566,10.438464553621,8949599.649221
1990-12-11,10.308004930605,10.380113280566,10.003488378055,10.003488378055,12424399.770541
1990-12-12,9.9399865085734,10.003488378055,9.7477529581034,9.8986820482045,8655600.5334224
1990-12-13,9.8813029389745,10.25071700649,9.8813029389745,10.190139346592,5740399.0705415
1990-12-14,10.060842761479,10.116768269766,9.8813029389745,9.970723938856,3109600.0542747
1990-12-17,9.7477529581034,10.116768269766,9.7477529581034,10.029374278801,4682399.4410662
1990-12-18,10.25071700649,10.61910095472,10.190139346592,10.560915829936,7892399.8475053
1990-12-19,10.61910095472,10.61910095472,10.280191709907,10.470398251461,5023600.2816564
1990-12-20,10.308004930605,11.121167802438,10.308004930605,10.999979252989,14323999.607391
1990-12-21,11.057964999846,11.311474032955,10.87879070354,11.24923489034,12362001.498878
1990-12-24,11.188291704244,11.24923489034,10.999979252989,10.999979252989,2097199.5148052
1990-12-26,10.999979252989,11.057964999846,10.751487897688,10.940730779266,3681200.6431487
1990-12-27,10.809074888693,10.999979252989,10.809074888693,10.87879070354,3487600.4952089
1990-12-28,10.809074888693,10.87879070354,10.688550932331,10.751487897688,2283201.1184668
1990-12-31,10.751487897688,10.809074888693,10.688550932331,10.751487897688,1581200.4371599
1991-01-02,10.688550932331,10.999979252989,10.499939414186,10.87879070354,5535200.9987764
1991-01-03,10.87879070354,11.057964999846,10.751487897688,10.751487897688,5363600.0865822
1991-01-04,10.751487897688,11.057964999846,10.751487897688,10.809074888693,5054401.2941775
1991-01-07,10.751487897688,11.311474032955,10.751487897688,10.809074888693,11099999.506734
1991-01-08,10.940730779266,10.971833735746,10.61910095472,10.809074888693,7810399.4760745
1991-01-09,11.057964999846,11.500019091791,10.940730779266,11.311474032955,16688001.02462
1991-01-10,11.440803847723,11.809885618694,11.440803847723,11.77974632219,15547199.600993
1991-01-11,11.74964025534,11.809885618694,11.500019091791,11.74964025534,10987599.300593
1991-01-14,11.500019091791,11.689993025765,11.500019091791,11.55870266139,7530000.2910821
1991-01-15,11.621207641241,11.689993025765,11.500019091791,11.689993025765,6859199.9042104
1991-01-16,11.74964025534,12.499533865272,11.689993025765,12.43998632466,13951200.183541
1991-01-17,13.119100770806,13.190212231136,12.249613634834,12.807041086716,21131199.452218
1991-01-18,12.189069204591,12.692365549521,12.121313939352,12.558150975563,33687199.117018
1991-01-21,12.43998632466,12.881641660753,12.43998632466,12.692365549521,11582399.528912
1991-01-22,12.749686703291,13.119100770806,12.620655955413,12.807041086716,15275999.21767
1991-01-23,12.807041086716,13.06081595706,12.749686703291,12.940956593785,8723601.0902609
1991-01-24,12.881641660753,13.190212231136,12.881641660753,13.029679770925,8354799.4509963
1991-01-25,12.997978680666,13.398761541896,12.997978680666,13.381382432666,7993199.2107415
1991-01-28,13.308376882038,13.808416720841,13.308376882038,13.61854247583,9767200.1185496
1991-01-29,13.560955484825,13.61854247583,13.06081595706,13.439069112634,7698399.4847496
1991-01-30,13.308376882038,13.942066390675,13.308376882038,13.879494951516,12027602.655009
1991-01-31,13.879494951516,13.999387544445,13.690252069938,13.879494951516,8664000.3198596
1991-02-01,13.879494951516,14.47025174672,13.879494951516,13.942066390675,15876801.133452
1991-02-04,13.942066390675,13.999387544445,13.752125686356,13.808416720841,9566000.6739915
1991-02-05,13.808416720841,14.500424272879,13.690252069938,14.440178909525,12718400.05999
1991-02-06,14.440178909525,14.561001932776,14.122569873156,14.218171588749,7948798.3877887
1991-02-07,14.249606841773,14.690331747543,13.942066390675,14.440178909525,18577597.748094
1991-02-08,14.380199383406,15.060410408146,14.380199383406,14.968995629003,11198398.664445
1991-02-11,15.000829637879,15.380976883752,14.939919681438,15.34894349695,11536798.603196
1991-02-12,15.252012595183,15.310230949621,14.850864207755,15.000829637879,8026799.5903277
1991-02-13,15.000829637879,15.060410408146,14.500424272879,15.000829637879,9126801.4622849
1991-02-14,15.000829637879,15.000829637879,14.188663655677,14.280011975512,13488399.703174
1991-02-15,14.310151272016,14.619319976177,14.310151272016,14.401200524961,13057599.254722
1991-02-19,14.380199383406,15.060410408146,14.350392383445,15.000829637879,8080399.5459796
1991-02-20,14.880671207715,15.44025858713,14.809559747386,15.252012595183,7630001.6923619
1991-02-21,15.310230949621,15.559154290428,14.690331747543,14.749613450921,6816799.8243073
1991-02-22,14.749613450921,15.44025858713,14.619319976177,14.939919681438,8306000.0568632
1991-02-25,15.060410408146,15.11935981498,14.380199383406,14.500424272879,12831200.872163
1991-02-26,14.380199383406,14.690331747543,14.122569873156,14.561001932776,8929199.6777778
1991-02-27,14.561001932776,14.619319976177,14.380199383406,14.561001932776,6227599.6241442
1991-02-28,14.561001932776,14.619319976177,14.059599678145,14.310151272016,8119999.7171328
1991-03-01,14.249606841773,14.749613450921,14.249606841773,14.440178909525,4504800.6031083
1991-03-04,14.500424272879,14.690331747543,14.249606841773,14.599648020796,3155599.4192835
1991-03-05,14.749613450921,15.809340358101,14.749613450921,15.780231180883,15766002.418541
1991-03-06,15.999613358964,16.409899901342,15.718955698243,15.751088774009,18712800.77944
1991-03-07,15.879787225344,16.871692407976,15.809340358101,16.802873793798,11491200.385905
1991-03-08,16.933964780246,17.051863593914,16.248171173574,16.248171173574,11507199.980552
1991-03-11,16.119472722239,16.191149086693,15.559154290428,15.879787225344,6263197.8577942
1991-03-12,15.751088774009,15.941361774872,15.620363313759,15.718955698243,8345598.7233362
1991-03-13,15.688816401739,16.619545790696,15.688816401739,16.560596383862,6233999.9615566
1991-03-14,16.688264715912,16.871692407976,16.119472722239,16.308383307273,8109602.0465383
1991-03-15,16.439441064067,16.619545790696,16.308383307273,16.560596383862,7315600.1675385
1991-03-18,16.439441064067,17.051863593914,16.439441064067,16.933964780246,7643199.2115192
1991-03-19,16.619545790696,17.559413334602,16.439441064067,17.379242148664,15078400.322149
1991-03-20,17.307233487667,17.379242148664,16.717772648983,16.933964780246,12918000.480994
1991-03-21,17.051863593914,17.186011708563,15.941361774872,16.191149086693,10600000.445046
1991-03-22,15.999613358964,16.191149086693,15.559154290428,15.809340358101,12076000.329646
1991-03-25,15.879787225344,16.248171173574,15.809340358101,16.119472722239,4852001.265359
1991-03-26,16.191149086693,17.559413334602,16.191149086693,17.500463927768,11915200.402503
1991-03-27,17.500463927768,17.559413334602,17.117326013002,17.307233487667,6793599.2519613
1991-03-28,17.307233487667,17.500463927768,16.933964780246,16.996137463553,2810800.407051
1991-04-01,16.996137463553,17.379242148664,16.871692407976,17.117326013002,4211599.9909509
1991-04-02,17.248284080833,18.191374901212,17.117326013002,18.191374901212,10461599.216125
1991-04-03,18.122622746342,18.191374901212,17.500463927768,17.500463927768,8576000.0063938
1991-04-04,17.500463927768,18.001467426547,17.379242148664,17.880312106752,6015598.5926626
1991-04-05,17.939228283931,17.939228283931,17.186011708563,17.33667496143,5550401.1267866
1991-04-08,17.307233487667,17.500463927768,17.186011708563,17.500463927768,2588400.3206693
1991-04-09,17.438191555498,17.500463927768,17.051863593914,17.186011708563,4265999.50352
1991-04-10,17.117326013002,17.307233487667,16.688264715912,16.717772648983,7728801.0648885
1991-04-11,16.933964780246,17.841034655299,16.871692407976,17.752610545048,12699600.19547
1991-04-12,17.880312106752,18.312563450661,17.438191555498,17.939228283931,13132800.999916
1991-04-15,15.44025858713,16.119472722239,15.000829637879,15.559154290428,60727999.88122
1991-04-16,15.809340358101,16.119472722239,15.620363313759,16.058895062342,22170800.69592
1991-04-17,16.248171173574,16.248171173574,15.49887569742,15.809340358101,11514399.965162
1991-04-18,15.688816401739,15.751088774009,15.189441156024,15.252012595183,8834401.2797592
1991-04-19,15.252012595183,15.380976883752,14.880671207715,14.897983857636,10260798.692357
1991-04-22,14.880671207715,15.49887569742,14.690331747543,15.380976883752,9179200.5327404
1991-04-23,15.559154290428,15.751088774009,15.060410408146,15.380976883752,8474801.2107755
1991-04-24,15.44025858713,15.49887569742,15.11935981498,15.189441156024,3765999.599211
1991-04-25,14.939919681438,14.939919681438,14.619319976177,14.619319976177,11263599.583376
1991-04-26,14.619319976177,14.749613450921,14.440178909525,14.651054296091,4466400.7754666
1991-04-29,14.619319976177,15.060410408146,14.561001932776,14.561001932776,7382399.9896486
1991-04-30,14.440178909525,14.561001932776,13.61854247583,13.752125686356,25408799.678268
1991-05-01,12.00078998299,12.249613634834,11.74964025534,11.809885618694,66727600.534385
1991-05-02,11.937520721089,12.43998632466,11.880266026628,12.249613634834,28968800.144117
1991-05-03,12.249613634834,12.378976679256,12.059706160169,12.249613634834,8704000.1340502
1991-05-06,12.121313939352,12.620655955413,12.059706160169,12.558150975563,7583201.8676279
1991-05-07,12.749686703291,12.807041086716,12.620655955413,12.649798362286,9659999.7558418
1991-05-08,12.692365549521,12.692365549521,12.312882896735,12.43998632466,6313600.2177428
1991-05-09,12.499533865272,12.881641660753,12.43998632466,12.692365549521,8507600.9500748
1991-05-10,12.881641660753,13.308376882038,12.692365549521,12.807041086716,8633199.2170577
1991-05-13,13.06081595706,13.381382432666,12.881641660753,13.190212231136,8747999.4782558
1991-05-14,13.190212231136,13.439069112634,13.119100770806,13.381382432666,7747999.3987953
1991-05-15,12.881641660753,12.997978680666,12.249613634834,12.620655955413,18512399.567681
1991-05-16,12.749686703291,12.807041086716,12.121313939352,12.249613634834,13647600.606764
1991-05-17,12.189069204591,12.189069204591,11.621207641241,11.74964025534,16823600.147958
1991-05-20,11.809885618694,11.880266026628,10.999979252989,11.057964999846,9363198.7150219
1991-05-21,11.311474032955,11.621207641241,11.188291704244,11.311474032955,12492799.880136
1991-05-22,11.440803847723,11.621207641241,11.380192958171,11.55870266139,8116800.5565622
1991-05-23,11.621207641241,11.689993025765,11.188291704244,11.282265166773,7451998.8177007
1991-05-24,11.380192958171,11.500019091791,11.24923489034,11.470876684918,3468799.2463833
1991-05-28,11.500019091791,11.55870266139,11.311474032955,11.500019091791,6122797.932188
1991-05-29,11.55870266139,11.937520721089,11.470876684918,11.74964025534,13714399.495972
1991-05-30,11.74964025534,11.937520721089,11.621207641241,11.902230828159,5655199.7491954
1991-05-31,11.880266026628,11.937520721089,11.55870266139,11.74964025534,7780800.1311835
1991-06-03,11.74964025534,12.378976679256,11.689993025765,12.312882896735,7859599.80727
1991-06-04,12.378976679256,12.378976679256,12.121313939352,12.280749820969,6581599.6047855
1991-06-05,12.312882896735,12.312882896735,11.937520721089,12.00078998299,4760399.981546
1991-06-06,12.059706160169,12.059706160169,11.621207641241,11.650084210879,6017998.6176264
1991-06-07,11.55870266139,11.74964025534,11.399466157699,11.527932001453,5455200.0161831
1991-06-10,11.500019091791,11.77974632219,11.440803847723,11.500019091791,5979998.1621797
1991-06-11,11.24923489034,11.380192958171,11.057964999846,11.151639395486,6734398.8468438
1991-06-12,10.999979252989,11.188291704244,10.308004930605,10.600492348278,15558398.754495
1991-06-13,10.61910095472,10.751487897688,10.438464553621,10.531075600321,7548800.1856955
1991-06-14,10.688550932331,10.688550932331,10.190139346592,10.280191709907,8046001.1442499
1991-06-17,10.25071700649,10.560915829936,10.25071700649,10.499939414186,5950000.1673401
1991-06-18,10.560915829936,10.809074888693,10.380113280566,10.531075600321,8738799.5029358
1991-06-19,10.438464553621,10.560915829936,10.308004930605,10.438464553621,6390800.5392461
1991-06-20,10.308004930605,10.499939414186,10.190139346592,10.499939414186,5144400.6955447
1991-06-21,10.499939414186,10.61910095472,10.438464553621,10.499939414186,7357599.641409
1991-06-24,10.438464553621,10.560915829936,10.308004930605,10.438464553621,7427998.9592799
1991-06-25,10.499939414186,10.751487897688,10.438464553621,10.600492348278,8139999.0825432
1991-06-26,10.688550932331,10.87879070354,10.560915829936,10.751487897688,8944400.3474729
1991-06-27,10.61910095472,10.688550932331,10.438464553621,10.61910095472,5400001.2476328
1991-06-28,10.560915829936,10.61910095472,10.060842761479,10.380113280566,8094398.367483
1991-07-01,10.560915829936,10.751487897688,10.438464553621,10.61910095472,6957998.7350522
1991-07-02,10.560915829936,10.688550932331,10.438464553621,10.560915829936,4290799.8216661
1991-07-03,10.560915829936,10.87879070354,10.438464553621,10.781926261081,11084800.10097
1991-07-05,10.751487897688,11.500019091791,10.688550932331,11.399466157699,11841200.114285
1991-07-08,11.311474032955,11.809885618694,11.24923489034,11.689993025765,10967200.472707
1991-07-09,11.809885618694,12.059706160169,11.621207641241,11.720497848467,8087199.8574591
1991-07-10,11.880266026628,12.059706160169,11.689993025765,11.809885618694,5591999.9946245
1991-07-11,11.74964025534,11.809885618694,11.500019091791,11.689993025765,5211200.0361572
1991-07-12,11.809885618694,11.809885618694,11.55870266139,11.689993025765,4741199.7818359
1991-07-15,11.689993025765,11.689993025765,11.380192958171,11.380192958171,4928000.3405427
1991-07-16,11.380192958171,11.440803847723,10.87879070354,10.940730779266,7964001.6154399
1991-07-17,10.87879070354,11.121167802438,10.560915829936,10.61910095472,7462000.7273325
1991-07-18,10.999979252989,11.282265166773,10.751487897688,11.217766407661,14225599.938089
1991-07-19,11.311474032955,11.55870266139,11.24923489034,11.500019091791,4586400.7597232
1991-07-22,11.440803847723,11.55870266139,11.380192958171,11.500019091791,3881200.5567226
1991-07-23,11.55870266139,11.621207641241,11.121167802438,11.24923489034,4751999.653424
1991-07-24,11.311474032955,11.440803847723,11.121167802438,11.24923489034,4694799.4797648
1991-07-25,11.311474032955,11.440803847723,11.24923489034,11.311474032955,2349999.4358969
1991-07-26,11.440803847723,11.440803847723,11.188291704244,11.217766407661,2651199.1381779
1991-07-29,11.311474032955,11.380192958171,11.121167802438,11.380192958171,1903600.8715454
1991-07-30,11.380192958171,11.689993025765,11.380192958171,11.621207641241,3280798.2839778
1991-07-31,11.621207641241,11.720497848467,11.24923489034,11.55870266139,3671599.309456
1991-08-01,11.500019091791,12.312882896735,11.440803847723,12.280749820969,16015200.466477
1991-08-02,12.43998632466,12.558150975563,12.249613634834,12.499533865272,9750398.529404
1991-08-05,12.43998632466,12.43998632466,12.059706160169,12.121313939352,3598799.2142812
1991-08-06,12.189069204591,12.558150975563,11.937520721089,12.378976679256,7872400.0005972
1991-08-07,12.378976679256,12.749686703291,12.350166568926,12.600352636599,7557601.1499438
1991-08-08,12.692365549521,12.940956593785,12.499533865272,12.620655955413,6766001.8839575
1991-08-09,12.620655955413,12.749686703291,12.43998632466,12.692365549521,5514400.541675
1991-08-12,12.692365549521,13.06081595706,12.620655955413,12.940956593785,5090400.4347961
1991-08-13,12.997978680666,13.500278135965,12.997978680666,13.381382432666,10235200.863659
1991-08-14,13.690252069938,13.752125686356,13.469175179484,13.721687322962,7168399.5091424
1991-08-15,13.752125686356,13.752125686356,13.2501585276,13.308376882038,5198000.6812902
1991-08-16,13.190212231136,13.560955484825,13.06081595706,13.308376882038,5671600.5517467
1991-08-19,12.378976679256,12.90098131959,12.121313939352,12.620655955413,11517199.633163
1991-08-20,12.881641660753,12.940956593785,12.620655955413,12.749686703291,7122397.9773943
1991-08-21,13.119100770806,13.531746618643,12.997978680666,13.439069112634,7977599.8910979
1991-08-22,13.500278135965,13.690252069938,13.439069112634,13.560955484825,5915999.6331252
1991-08-23,13.500278135965,13.879494951516,13.190212231136,13.2501585276,8586399.4525108
1991-08-26,13.2501585276,13.381382432666,13.119100770806,13.2501585276,3628399.4017932
1991-08-27,13.2501585276,13.500278135965,13.190212231136,13.500278135965,3583999.0001508
1991-08-28,13.500278135965,13.560955484825,13.278902178621,13.308376882038,3842399.3406145
1991-08-29,13.308376882038,13.469175179484,13.119100770806,13.2501585276,4048400.4601547
1991-08-30,13.2501585276,13.308376882038,13.06081595706,13.2501585276,2362000.0723069
1991-09-03,13.190212231136,13.308376882038,12.997978680666,13.119100770806,2442000.0016241
1991-09-04,13.190212231136,13.190212231136,12.850239637383,12.881641660753,4278000.8320829
1991-09-05,12.881641660753,12.940956593785,12.692365549521,12.749686703291,2781600.3139805
1991-09-06,12.749686703291,12.940956593785,12.620655955413,12.881641660753,2831200.0775581
1991-09-09,12.940956593785,13.381382432666,12.881641660753,13.308376882038,4517199.046846
1991-09-10,13.190212231136,13.351209906508,12.43998632466,12.529008568689,6529999.1884391
1991-09-11,12.692365549521,12.749686703291,12.378976679256,12.620655955413,6357199.4374134
1991-09-12,12.807041086716,12.807041086716,12.43998632466,12.649798362286,4257599.9879253
1991-09-13,12.499533865272,12.558150975563,12.121313939352,12.15072218346,5954800.337642
1991-09-16,12.312882896735,12.312882896735,11.621207641241,11.809885618694,7349200.9684351
1991-09-17,11.74964025534,12.249613634834,11.689993025765,12.249613634834,4836000.2563131
1991-09-18,12.189069204591,12.620655955413,12.121313939352,12.529008568689,4333999.0973632
1991-09-19,12.558150975563,12.620655955413,12.378976679256,12.43998632466,6369199.7728874
1991-09-20,12.43998632466,12.749686703291,12.378976679256,12.649798362286,6719601.311044
1991-09-23,12.499533865272,12.692365549521,12.312882896735,12.378976679256,3130799.8233839
1991-09-24,12.378976679256,12.600352636599,12.059706160169,12.558150975563,3789199.3590297
1991-09-25,12.558150975563,12.620655955413,12.312882896735,12.620655955413,1945199.1976984
1991-09-26,12.558150975563,12.558150975563,12.249613634834,12.499533865272,2543600.1255216
1991-09-27,12.499533865272,12.692365549521,12.189069204591,12.249613634834,2243199.3481921
1991-09-30,12.312882896735,12.43998632466,12.249613634834,12.378976679256,2257200.2762477
1991-10-01,12.312882896735,12.807041086716,12.249613634834,12.692365549521,4692000.0224189
1991-10-02,12.940956593785,12.940956593785,12.378976679256,12.43998632466,642400.12156077
1991-10-03,12.499533865272,12.499533865272,11.880266026628,11.937520721089,6464398.8672196
1991-10-04,12.00078998299,12.189069204591,11.880266026628,12.059706160169,2834798.6705109
1991-10-07,12.00078998299,12.189069204591,11.880266026628,12.031527413272,2310798.9679683
1991-10-08,12.031527413272,12.121313939352,11.621207641241,12.059706160169,6152000.0716235
1991-10-09,12.059706160169,12.189069204591,11.937520721089,12.00078998299,4740801.0115129
1991-10-10,12.189069204591,12.249613634834,11.689993025765,11.937520721089,5614799.0581297
1991-10-11,12.031527413272,12.216982114253,11.621207641241,12.121313939352,4287599.9087555
1991-10-14,12.249613634834,12.558150975563,12.189069204591,12.471022821832,3995599.4294544
1991-10-15,12.620655955413,13.119100770806,12.499533865272,13.119100770806,10293200.774797
1991-10-16,13.119100770806,13.500278135965,13.06081595706,13.381382432666,7174000.7711353
1991-10-17,13.2501585276,13.308376882038,12.881641660753,13.097567954781,5414800.4686743
1991-10-18,13.781234863575,13.879494951516,13.61854247583,13.752125686356,15962799.590405
1991-10-21,13.808416720841,13.971541094092,13.560955484825,13.690252069938,4167601.1282429
1991-10-22,13.879494951516,14.059599678145,13.61854247583,13.61854247583,7436000.667547
1991-10-23,13.752125686356,13.808416720841,13.190212231136,13.278902178621,6029599.9420287
1991-10-24,13.2501585276,13.308376882038,12.881641660753,13.029679770925,6353599.9416526
1991-10-25,12.940956593785,13.06081595706,12.692365549521,12.807041086716,3820401.1280514
1991-10-28,12.881641660753,12.940956593785,12.692365549521,12.881641660753,2780799.1019152
1991-10-29,12.881641660753,12.997978680666,12.692365549521,12.940956593785,3615601.014082
1991-10-30,12.997978680666,13.190212231136,12.378976679256,12.43998632466,5294399.1561386
1991-10-31,12.692365549521,12.940956593785,12.499533865272,12.881641660753,8278799.5331917
1991-11-01,12.807041086716,12.997978680666,12.620655955413,12.749686703291,7187999.4421707
1991-11-04,12.692365549521,12.692365549521,12.121313939352,12.43998632466,6974798.9699857
1991-11-05,12.43998632466,12.620655955413,12.189069204591,12.189069204591,7699999.4412049
1991-11-06,12.249613634834,12.312882896735,11.880266026628,12.00078998299,8456798.4655911
1991-11-07,12.121313939352,12.620655955413,12.059706160169,12.43998632466,10597600.630737
1991-11-08,12.807041086716,13.439069112634,12.749686703291,13.308376882038,13422399.58845
1991-11-11,13.381382432666,13.61854247583,13.308376882038,13.439069112634,5890800.5747498
1991-11-12,13.560955484825,13.690252069938,13.439069112634,13.61854247583,5953198.6658514
1991-11-13,13.500278135965,13.61854247583,13.381382432666,13.531746618643,6640000.5432666
1991-11-14,13.560955484825,13.808416720841,13.500278135965,13.690252069938,6714400.2939606
1991-11-15,13.61854247583,13.690252069938,12.43998632466,12.499533865272,9176799.273939
1991-11-18,12.499533865272,13.119100770806,12.499533865272,13.029679770925,8526401.0252498
1991-11-19,12.940956593785,12.940956593785,12.43998632466,12.807041086716,10196000.215169
1991-11-20,12.807041086716,12.997978680666,12.558150975563,12.620655955413,6003601.1160808
1991-11-21,12.620655955413,12.940956593785,12.620655955413,12.749686703291,3814799.0234377
1991-11-22,12.749686703291,12.940956593785,12.558150975563,12.807041086716,3494399.9038803
1991-11-25,12.749686703291,13.06081595706,12.749686703291,12.807041086716,2801199.4344815
1991-11-26,12.881641660753,12.997978680666,12.499533865272,12.881641660753,4973999.0434922
1991-11-27,12.807041086716,12.881641660753,12.620655955413,12.749686703291,2258400.2285423
1991-11-29,12.620655955413,12.881641660753,12.620655955413,12.692365549521,1217600.5673188
1991-12-02,12.692365549521,12.997978680666,12.499533865272,12.940956593785,4246399.7510534
1991-12-03,12.997978680666,12.997978680666,12.558150975563,12.620655955413,3673601.0455944
1991-12-04,12.692365549521,12.692365549521,12.499533865272,12.620655955413,2876800.2810271
1991-12-05,12.620655955413,12.749686703291,12.312882896735,12.499533865272,3542800.5276905
1991-12-06,12.378976679256,12.43998632466,12.121313939352,12.189069204591,7035199.0866491
1991-12-09,12.249613634834,12.499533865272,12.189069204591,12.280749820969,3493999.5085028
1991-12-10,12.249613634834,12.378976679256,12.121313939352,12.280749820969,4379199.86845
1991-12-11,12.312882896735,12.43998632466,12.121313939352,12.249613634834,3020001.7705314
1991-12-12,12.350166568926,12.43998632466,12.249613634834,12.350166568926,3276801.5225742
1991-12-13,12.43998632466,12.692365549521,12.43998632466,12.600352636599,3397199.9160305
1991-12-16,12.600352636599,12.692365549521,12.499533865272,12.620655955413,2756798.6416224
1991-12-17,12.620655955413,12.749686703291,12.558150975563,12.620655955413,3494399.9038803
1991-12-18,12.558150975563,12.997978680666,12.499533865272,12.940956593785,6664399.7738823
1991-12-19,12.807041086716,12.940956593785,12.692365549521,12.692365549521,4118800.1391489
1991-12-20,12.807041086716,12.881641660753,12.558150975563,12.558150975563,4578001.0033797
1991-12-23,12.620655955413,12.940956593785,12.499533865272,12.881641660753,3684399.2018472
1991-12-24,12.997978680666,13.439069112634,12.940956593785,13.06081595706,6734398.8468438
1991-12-26,13.190212231136,13.752125686356,13.06081595706,13.721687322962,4803598.8961199
1991-12-27,13.690252069938,13.942066390675,13.61854247583,13.752125686356,5990800.8625664
1991-12-30,13.752125686356,14.310151272016,13.752125686356,14.188663655677,6558798.8560385
1991-12-31,14.350392383445,14.500424272879,13.999387544445,14.101269664712,4786799.5639944
1992-01-02,13.942066390675,14.939919681438,13.879494951516,14.880671207715,8344000.5724971
1992-01-03,15.000829637879,15.060410408146,14.561001932776,14.749613450921,6794800.6788425
1992-01-06,14.690331747543,14.749613450921,14.440178909525,14.500424272879,4079999.6452873
1992-01-07,14.380199383406,14.880671207715,14.380199383406,14.779121383992,5052400.9122511
1992-01-08,14.619319976177,15.310230949621,14.619319976177,15.11935981498,8312398.7391275
1992-01-09,15.11935981498,15.559154290428,15.060410408146,15.559154290428,7446799.937263
1992-01-10,15.380976883752,15.620363313759,15.252012595183,15.559154290428,7007999.2852241
1992-01-13,15.559154290428,15.688816401739,15.380976883752,15.49887569742,3851999.0191591
1992-01-14,15.559154290428,16.191149086693,15.559154290428,16.119472722239,9778798.7345277
1992-01-15,16.119472722239,16.248171173574,15.751088774009,15.879787225344,11633599.79063
1992-01-16,15.941361774872,16.058895062342,15.620363313759,15.688816401739,10483199.892202
1992-01-17,16.933964780246,17.248284080833,16.191149086693,16.191149086693,30298401.635662
1992-01-20,16.119472722239,16.308383307273,15.999613358964,15.999613358964,7487999.7037483
1992-01-21,16.058895062342,16.058895062342,15.252012595183,15.280789475858,6931598.8215741
1992-01-22,15.380976883752,15.941361774872,15.310230949621,15.879787225344,6560000.2829197
1992-01-23,16.058895062342,16.191149086693,15.751088774009,16.119472722239,4941199.7255033
1992-01-24,16.119472722239,16.439441064067,15.999613358964,16.159713833669,6343201.6691861
1992-01-27,16.191149086693,16.308383307273,16.058895062342,16.119472722239,2980399.6432941
1992-01-28,16.191149086693,16.335598394194,15.751088774009,16.308383307273,6204399.9546063
1992-01-29,16.191149086693,16.439441064067,15.809340358101,15.809340358101,5162800.6762783
1992-01-30,15.879787225344,15.941361774872,15.688816401739,15.941361774872,3111199.1982028
1992-01-31,15.999613358964,16.308383307273,15.879787225344,16.191149086693,5162800.6762783
1992-02-03,16.191149086693,16.560596383862,16.119472722239,16.439441064067,5647601.0544492
1992-02-04,16.439441064067,16.560596383862,16.248171173574,16.439441064067,6890400.8306114
1992-02-05,16.560596383862,16.688264715912,16.2792409004,16.531121680445,5768001.0127728
1992-02-06,16.439441064067,16.498324011592,15.999613358964,16.02915452169,3326400.0222205
1992-02-07,16.058895062342,16.191149086693,15.688816401739,15.999613358964,5269200.0074824
1992-02-10,15.999613358964,16.058895062342,15.751088774009,15.780231180883,3087200.1523093
1992-02-11,15.751088774009,15.941361774872,15.559154290428,15.718955698243,4357599.2525594
1992-02-12,15.941361774872,16.380458427579,15.751088774009,16.308383307273,4927200.3924087
1992-02-13,16.308383307273,16.308383307273,15.941361774872,16.058895062342,2714800.0705599
1992-02-14,15.941361774872,16.058895062342,15.809340358101,16.02915452169,2592402.1678917
1992-02-18,16.058895062342,16.119472722239,15.688816401739,15.688816401739,2441200.4146133
1992-02-19,15.688816401739,15.751088774009,15.44025858713,15.49887569742,3416799.9393396
1992-02-20,15.620363313759,16.191149086693,15.559154290428,16.159713833669,4673600.5231829
1992-02-21,16.191149086693,16.380458427579,16.119472722239,16.248171173574,5413600.0950692
1992-02-24,16.560596383862,16.619545790696,16.439441064067,16.531121680445,6121599.514667
1992-02-25,16.560596383862,17.117326013002,16.308383307273,17.117326013002,8114800.6561335
1992-02-26,17.051863593914,17.500463927768,17.051863593914,17.470955994697,8181599.6055292
1992-02-27,17.500463927768,17.500463927768,16.996137463553,17.117326013002,4363200.3339906
1992-02-28,17.117326013002,17.248284080833,16.7472473524,16.871692407976,3228400.2367047
1992-03-02,16.933964780246,17.117326013002,16.802873793798,16.802873793798,3187599.5113848
1992-03-03,16.933964780246,16.996137463553,16.560596383862,16.590037857625,3545600.1956916
1992-03-04,16.560596383862,16.688264715912,16.191149086693,16.248171173574,4120400.2761658
1992-03-05,16.119472722239,16.380458427579,15.751088774009,15.879787225344,8454399.072593
1992-03-06,15.879787225344,15.999613358964,15.751088774009,15.999613358964,4795999.4791272
1992-03-09,15.941361774872,16.058895062342,15.879787225344,15.941361774872,3890800.9876072
1992-03-10,15.999613358964,16.191149086693,15.941361774872,15.941361774872,4381999.5665448
1992-03-11,15.941361774872,16.058895062342,15.751088774009,15.809340358101,4702000.1565282
1992-03-12,15.809340358101,15.941361774872,15.380976883752,15.688816401739,5460800.2549935
1992-03-13,15.809340358101,15.941361774872,15.49887569742,15.780231180883,2828000.1947411
1992-03-16,15.688816401739,15.879787225344,15.44025858713,15.850312521927,2010401.1097182
1992-03-17,15.879787225344,15.941361774872,15.688816401739,15.718955698243,3039201.0072462
1992-03-18,15.809340358101,15.999613358964,15.751088774009,15.941361774872,2893999.1960028
1992-03-19,15.941361774872,15.941361774872,15.688816401739,15.751088774009,4232800.2716513
1992-03-20,15.751088774009,15.809340358101,15.751088774009,15.809340358101,1934400.1988248
1992-03-23,15.751088774009,15.941361774872,15.751088774009,15.751088774009,1788399.7334722
1992-03-24,15.879787225344,16.248171173574,15.809340358101,16.248171173574,7479199.2209977
1992-03-25,16.248171173574,16.248171173574,16.058895062342,16.119472722239,4341199.3829097
1992-03-26,16.191149086693,16.308383307273,15.941361774872,15.999613358964,4393599.7473902
1992-03-27,15.968244565249,15.999613358964,15.11935981498,15.252012595183,9447599.9540373
1992-03-30,15.310230949621,15.310230949621,14.440178909525,14.530530339728,12108400.27544
1992-03-31,14.561001932776,14.939919681438,14.500424272879,14.561001932776,7593999.6627574
1992-04-01,14.310151272016,14.809559747386,14.310151272016,14.749613450921,5701999.1827126
1992-04-02,14.749613450921,14.880671207715,14.599648020796,14.690331747543,4784800.1450634
1992-04-03,14.690331747543,14.809559747386,14.619319976177,14.749613450921,4159201.0709634
1992-04-06,14.749613450921,15.252012595183,14.749613450921,15.189441156024,3642399.3668535
1992-04-07,15.252012595183,15.310230949621,14.310151272016,14.310151272016,8222000.5975309
1992-04-08,14.249606841773,14.249606841773,13.690252069938,13.971541094092,13107998.244188
1992-04-09,13.999387544445,14.561001932776,13.808416720841,14.310151272016,6861999.542118
1992-04-10,14.310151272016,14.380199383406,13.752125686356,13.879494951516,9788000.5455574
1992-04-13,13.879494951516,14.188663655677,13.808416720841,14.122569873156,4386799.3757235
1992-04-14,14.440178909525,14.809559747386,14.310151272016,14.690331747543,5157200.3170935
1992-04-15,14.500424272879,15.220245045615,14.380199383406,15.11935981498,7762801.6893842
1992-04-16,15.060410408146,15.189441156024,14.619319976177,14.749613450921,9238798.8956536
1992-04-20,14.749613450921,14.749613450921,13.999387544445,14.188663655677,7358799.9247333
1992-04-21,14.249606841773,14.310151272016,13.999387544445,14.059599678145,6441600.9171776
1992-04-22,14.059599678145,14.500424272879,14.059599678145,14.401200524961,6125999.9215572
1992-04-23,14.380199383406,14.561001932776,13.999387544445,14.249606841773,6529198.9092754
1992-04-24,14.249606841773,14.561001932776,13.999387544445,14.122569873156,3509998.9526814
1992-04-27,13.999387544445,14.059599678145,13.752125686356,13.942066390675,5009599.865192
1992-04-28,13.808416720841,13.942066390675,13.2501585276,13.560955484825,6218800.3451376
1992-04-29,13.560955484825,14.249606841773,13.560955484825,14.249606841773,7103599.8583034
1992-04-30,14.310151272016,15.060410408146,14.122569873156,15.032231661249,9295200.1744548
1992-05-01,15.000829637879,15.189441156024,14.561001932776,14.809559747386,4799199.3920378
1992-05-04,14.880671207715,15.310230949621,14.809559747386,15.11935981498,4401199.8264421
1992-05-05,15.11935981498,15.147538561877,14.880671207715,15.11935981498,6431600.3617579
1992-05-06,15.189441156024,15.529679587011,15.11935981498,15.44025858713,6356801.0583073
1992-05-07,15.380976883752,15.559154290428,15.11935981498,15.189441156024,6155600.8915028
1992-05-08,15.380976883752,15.718955698243,15.252012595183,15.49887569742,7096399.1213529
1992-05-11,15.49887569742,15.688816401739,15.380976883752,15.559154290428,3246398.4076615
1992-05-12,15.559154290428,15.751088774009,15.44025858713,15.559154290428,2751600.0019335
1992-05-13,15.620363313759,15.809340358101,15.559154290428,15.688816401739,3481200.1577964
1992-05-14,15.688816401739,15.751088774009,15.060410408146,15.34894349695,5604399.4916382
1992-05-15,15.252012595183,15.310230949621,15.11935981498,15.147538561877,4332400.2242776
1992-05-18,15.380976883752,15.380976883752,15.000829637879,15.099023266512,4610399.1134639
1992-05-19,15.189441156024,15.189441156024,14.749613450921,14.850864207755,4702799.7736326
1992-05-20,14.939919681438,15.060410408146,14.809559747386,15.000829637879,6185999.2215326
1992-05-21,15.060410408146,15.060410408146,14.690331747543,14.779121383992,4917599.5402136
1992-05-22,14.749613450921,14.939919681438,14.749613450921,14.880671207715,1659600.319741
1992-05-26,14.880671207715,14.939919681438,14.690331747543,14.809559747386,3414799.4671324
1992-05-27,14.809559747386,15.060410408146,14.749613450921,15.060410408146,5503200.9367687
1992-05-28,15.000829637879,15.060410408146,14.749613450921,14.880671207715,4544400.1723895
1992-05-29,14.939919681438,15.147538561877,14.880671207715,14.939919681438,6366000.8530657
1992-06-01,14.310151272016,14.880671207715,13.999387544445,14.380199383406,8858799.2464436
1992-06-02,14.380199383406,14.380199383406,14.059599678145,14.122569873156,5560000.9257057
1992-06-03,14.122569873156,14.122569873156,13.500278135965,13.531746618643,10734799.078566
1992-06-04,13.560955484825,13.690252069938,13.381382432666,13.61854247583,6434000.0556921
1992-06-05,13.690252069938,13.808416720841,13.560955484825,13.721687322962,4026000.9794997
1992-06-08,13.752125686356,13.752125686356,13.500278135965,13.560955484825,3726398.3747817
1992-06-09,13.560955484825,13.560955484825,13.381382432666,13.500278135965,3617200.3084781
1992-06-10,13.500278135965,13.690252069938,13.381382432666,13.439069112634,4521600.4769186
1992-06-11,13.439069112634,13.560955484825,13.381382432666,13.469175179484,5018398.5122329
1992-06-12,13.61854247583,13.752125686356,13.560955484825,13.647684882704,3446799.2282041
1992-06-15,13.500278135965,13.500278135965,13.119100770806,13.151566143116,6756797.6955332
1992-06-16,12.940956593785,12.997978680666,12.189069204591,12.312882896735,13048398.527062
1992-06-17,12.249613634834,12.312882896735,11.74964025534,11.880266026628,10865999.239507
1992-06-18,11.880266026628,12.249613634834,11.188291704244,11.311474032955,15490001.473699
1992-06-19,11.500019091791,11.500019091791,10.940730779266,11.188291704244,15265599.169681
1992-06-22,10.999979252989,11.188291704244,10.688550932331,11.057964999846,13926399.113054
1992-06-23,11.24923489034,11.380192958171,11.121167802438,11.311474032955,11126799.093343
1992-06-24,11.380192958171,11.500019091791,11.311474032955,11.500019091791,7538000.5247626
1992-06-25,11.621207641241,11.621207641241,11.311474032955,11.399466157699,5735999.7169275
1992-06-26,11.440803847723,11.500019091791,11.121167802438,11.311474032955,3941599.680297
1992-06-29,11.440803847723,11.77974632219,11.311474032955,11.689993025765,6729600.7530004
1992-06-30,11.689993025765,12.059706160169,11.621207641241,12.00078998299,6905200.4729633
1992-07-01,12.00078998299,12.378976679256,11.937520721089,12.249613634834,5126000.2935007
1992-07-02,12.249613634834,12.249613634834,11.440803847723,11.55870266139,9165998.409262
1992-07-06,11.621207641241,11.689993025765,11.380192958171,11.55870266139,4357198.6465267
1992-07-07,11.55870266139,11.55870266139,10.87879070354,11.057964999846,7396000.4019523
1992-07-08,10.999979252989,11.440803847723,10.999979252989,11.440803847723,6998401.1715468
1992-07-09,11.500019091791,11.621207641241,11.440803847723,11.470876684918,5921200.1386174
1992-07-10,11.500019091791,11.55870266139,11.217766407661,11.440803847723,5135600.0924197
1992-07-13,11.440803847723,11.77974632219,11.311474032955,11.74964025534,4484399.4279211
1992-07-14,11.74964025534,12.00078998299,11.74964025534,11.880266026628,4499600.9703306
1992-07-15,11.880266026628,12.249613634834,11.809885618694,12.00078998299,6230801.6135133
1992-07-16,11.937520721089,12.249613634834,11.809885618694,12.189069204591,4992800.653441
1992-07-17,11.24923489034,11.500019091791,11.151639395486,11.24923489034,15130001.370461
1992-07-20,11.188291704244,11.311474032955,10.999979252989,11.188291704244,6861599.868987
1992-07-21,11.380192958171,11.55870266139,11.24923489034,11.440803847723,4712400.6860149
1992-07-22,11.311474032955,11.380192958171,10.999979252989,11.057964999846,5784799.7430263
1992-07-23,11.121167802438,11.188291704244,10.940730779266,11.188291704244,6125598.141874
1992-07-24,11.121167802438,11.55870266139,10.999979252989,11.470876684918,4820398.7398366
1992-07-27,11.440803847723,11.621207641241,11.311474032955,11.311474032955,85599.626442764
1992-07-28,11.380192958171,11.621207641241,11.311474032955,11.621207641241,4794400.6361352
1992-07-29,11.650084210879,11.937520721089,11.621207641241,11.809885618694,8955999.3245742
1992-07-30,11.809885618694,11.880266026628,11.689993025765,11.809885618694,4924801.5410954
1992-07-31,11.809885618694,11.880266026628,11.689993025765,11.689993025765,3239600.2027342
1992-08-03,11.689993025765,11.809885618694,11.380192958171,11.440803847723,2448002.4113345
1992-08-04,11.24923489034,11.440803847723,11.188291704244,11.380192958171,4275599.452907
1992-08-05,11.380192958171,11.380192958171,11.121167802438,11.188291704244,4973601.7176622
1992-08-06,11.057964999846,11.121167802438,10.688550932331,10.999979252989,9213201.3979849
1992-08-07,10.499939414186,10.940730779266,10.380113280566,10.85127654973,7827198.1762343
1992-08-10,10.809074888693,11.121167802438,10.751487897688,11.028789363319,3266000.1162123
1992-08-11,11.121167802438,11.121167802438,10.751487897688,10.87879070354,4332400.2242776
1992-08-12,10.940730779266,11.057964999846,10.809074888693,11.028789363319,4335200.7348996
1992-08-13,11.121167802438,11.380192958171,11.057964999846,11.188291704244,6106800.5343743
1992-08-14,11.24923489034,11.311474032955,11.121167802438,11.188291704244,4860800.1230551
1992-08-17,11.057964999846,11.188291704244,10.940730779266,11.188291704244,4596799.7544362
1992-08-18,11.121167802438,11.311474032955,11.121167802438,11.188291704244,4011198.7791915
1992-08-19,11.151639395486,11.311474032955,11.121167802438,11.121167802438,6090800.5184173
1992-08-20,11.188291704244,11.24923489034,11.057964999846,11.188291704244,3889600.9450317
1992-08-21,11.188291704244,11.311474032955,10.999979252989,11.151639395486,3909599.8590382
1992-08-24,11.057964999846,11.188291704244,10.809074888693,10.809074888693,5434797.697439
1992-08-25,10.809074888693,11.121167802438,10.809074888693,11.100864483624,4727200.0274308
1992-08-26,11.057964999846,11.121167802438,10.809074888693,11.057964999846,4323599.7114334
1992-08-27,11.188291704244,11.282265166773,11.057964999846,11.121167802438,2955200.6451059
1992-08-28,11.057964999846,11.311474032955,10.999979252989,11.24923489034,2187200.4509461
1992-08-31,11.24923489034,11.55870266139,11.188291704244,11.500019091791,4325599.3109261
1992-09-01,11.55870266139,11.621207641241,11.440803847723,11.621207641241,2153199.9468248
1992-09-02,11.621207641241,12.189069204591,11.621207641241,12.121313939352,6782000.27486
1992-09-03,12.249613634834,12.312882896735,11.937520721089,11.937520721089,7566400.3085759
1992-09-04,12.059706160169,12.059706160169,11.689993025765,11.809885618694,2258400.2285423
1992-09-08,11.689993025765,12.00078998299,11.621207641241,11.937520721089,2500000.6049149
1992-09-09,12.00078998299,12.312882896735,11.937520721089,12.249613634834,5614400.5586492
1992-09-10,12.00078998299,12.378976679256,11.880266026628,12.312882896735,8149199.4490801
1992-09-11,12.249613634834,12.312882896735,11.880266026628,11.902230828159,6424400.1063051
1992-09-14,12.249613634834,12.499533865272,12.121313939352,12.378976679256,7667199.671812
1992-09-15,12.312882896735,12.312882896735,11.937520721089,12.059706160169,7804398.3603891
1992-09-16,11.937520721089,12.059706160169,11.621207641241,11.74964025534,6382800.2152847
1992-09-17,11.809885618694,11.809885618694,11.350020432012,11.500019091791,6158401.4322184
1992-09-18,11.440803847723,11.720497848467,11.311474032955,11.621207641241,4128799.8519477
1992-09-21,11.689993025765,11.937520721089,11.55870266139,11.621207641241,3202798.8870549
1992-09-22,11.689993025765,11.689993025765,11.311474032955,11.440803847723,3983600.6588477
1992-09-23,11.500019091791,11.880266026628,11.380192958171,11.880266026628,4427599.228329
1992-09-24,11.809885618694,11.937520721089,11.55870266139,11.55870266139,4487600.5144822
1992-09-25,11.55870266139,11.621207641241,11.311474032955,11.380192958171,4909598.7347546
1992-09-28,11.24923489034,11.24923489034,10.940730779266,11.188291704244,5340000.38279
1992-09-29,11.121167802438,11.380192958171,10.999979252989,11.217766407661,5616801.6669826
1992-09-30,11.24923489034,11.380192958171,11.121167802438,11.282265166773,3573200.4225876
1992-10-01,11.188291704244,11.282265166773,11.057964999846,11.057964999846,4383199.8498691
1992-10-02,11.121167802438,11.188291704244,10.751487897688,10.940730779266,4055198.966018
1992-10-05,10.809074888693,10.940730779266,10.380113280566,10.87879070354,9462799.5403627
1992-10-06,10.940730779266,11.24923489034,10.688550932331,11.188291704244,4051600.6138141
1992-10-07,11.24923489034,11.311474032955,10.87879070354,10.940730779266,4046799.2096745
1992-10-08,10.999979252989,11.057964999846,10.751487897688,10.87879070354,4534798.8086031
1992-10-09,10.87879070354,10.999979252989,10.751487897688,10.85127654973,2098001.449117
1992-10-12,10.809074888693,11.057964999846,10.809074888693,10.999979252989,2558400.2493711
1992-10-13,11.188291704244,11.500019091791,10.999979252989,11.350020432012,5256398.5201302
1992-10-14,11.311474032955,11.55870266139,11.24923489034,11.500019091791,3418800.4115467
1992-10-15,11.440803847723,11.500019091791,11.311474032955,11.380192958171,2693600.2713572
1992-10-16,11.689993025765,12.378976679256,11.621207641241,12.249613634834,16119601.040809
1992-10-19,12.249613634834,12.312882896735,12.121313939352,12.249613634834,7001599.1283733
1992-10-20,12.249613634834,12.499533865272,12.121313939352,12.280749820969,10258799.72483
1992-10-21,12.312882896735,12.378976679256,12.00078998299,12.121313939352,4080399.1679503
1992-10-22,12.121313939352,12.312882896735,12.059706160169,12.189069204591,3016799.9015367
1992-10-23,12.312882896735,12.378976679256,12.059706160169,12.189069204591,3265200.1981719
1992-10-26,12.189069204591,12.881641660753,12.121313939352,12.881641660753,8953200.4991939
1992-10-27,12.881641660753,13.119100770806,12.749686703291,12.881641660753,7570000.1955535
1992-10-28,12.807041086716,13.190212231136,12.692365549521,13.06081595706,7021200.8971113
1992-10-29,13.06081595706,13.500278135965,12.881641660753,13.308376882038,7639200.8551547
1992-10-30,13.381382432666,13.381382432666,12.997978680666,13.119100770806,4636799.6890013
1992-11-02,13.119100770806,13.190212231136,12.940956593785,13.06081595706,6074799.0880609
1992-11-03,13.119100770806,13.119100770806,12.881641660753,12.997978680666,4026800.8373529
1992-11-04,12.997978680666,13.190212231136,12.997978680666,13.119100770806,5069999.4702641
1992-11-05,13.119100770806,13.752125686356,13.119100770806,13.752125686356,10644800.640194
1992-11-06,13.690252069938,14.122569873156,13.690252069938,13.942066390675,9427600.4080653
1992-11-09,13.999387544445,13.999387544445,13.690252069938,13.808416720841,4033199.3691492
1992-11-10,13.752125686356,14.122569873156,13.690252069938,14.059599678145,4365199.1510497
1992-11-11,14.122569873156,14.561001932776,14.059599678145,14.188663655677,5015199.5623176
1992-11-12,14.249606841773,14.380199383406,14.101269664712,14.218171588749,3842799.585524
1992-11-13,14.249606841773,14.310151272016,13.999387544445,14.059599678145,3026800.4569563
1992-11-16,14.059599678145,14.440178909525,13.999387544445,14.350392383445,2412401.2285115
1992-11-17,14.310151272016,14.380199383406,13.721687322962,13.808416720841,6028799.2415546
1992-11-18,13.999387544445,14.561001932776,13.879494951516,14.440178909525,10885999.808662
1992-11-19,14.440178909525,14.880671207715,14.440178909525,14.561001932776,8590799.9797754
1992-11-20,14.619319976177,14.690331747543,14.249606841773,14.380199383406,5553201.4869407
1992-11-23,14.122569873156,14.249606841773,14.059599678145,14.188663655677,5454399.8273003
1992-11-24,14.249606841773,14.380199383406,14.122569873156,14.380199383406,5600800.4773751
1992-11-25,14.249606841773,14.310151272016,13.999387544445,14.122569873156,4190799.7745983
1992-11-27,14.122569873156,14.310151272016,14.059599678145,14.122569873156,1685600.6804626
1992-11-30,14.059599678145,14.380199383406,13.899831499984,14.380199383406,5732400.0105114
1992-12-01,14.310151272016,14.749613450921,14.188663655677,14.561001932776,4647999.9258732
1992-12-02,14.561001932776,14.619319976177,14.249606841773,14.310151272016,3491999.9090101
1992-12-03,14.122569873156,14.401200524961,14.028529951319,14.380199383406,6699600.5613279
1992-12-04,14.310151272016,14.380199383406,14.122569873156,14.218171588749,3420801.0342219
1992-12-07,14.188663655677,14.440178909525,14.188663655677,14.440178909525,5150801.424174
1992-12-08,14.440178909525,14.690331747543,14.440178909525,14.530530339728,7022800.372069
1992-12-09,14.440178909525,14.500424272879,14.310151272016,14.401200524961,5693200.8667013
1992-12-10,14.310151272016,14.401200524961,14.122569873156,14.310151272016,5006801.0097181
1992-12-11,14.310151272016,14.561001932776,14.310151272016,14.380199383406,4292399.4771853
1992-12-14,14.380199383406,14.440178909525,14.188663655677,14.310151272016,3946799.1927004
1992-12-15,14.188663655677,14.249606841773,13.879494951516,14.101269664712,6519199.8585358
1992-12-16,14.059599678145,14.249606841773,13.61854247583,13.752125686356,8068801.200844
1992-12-17,13.808416720841,14.380199383406,13.808416720841,14.218171588749,8352399.3658453
1992-12-18,14.380199383406,14.809559747386,14.310151272016,14.561001932776,8409199.8362799
1992-12-21,14.561001932776,15.000829637879,14.500424272879,14.897983857636,9145200.8110528
1992-12-22,14.939919681438,15.310230949621,14.939919681438,15.147538561877,10006000.977389
1992-12-23,15.060410408146,15.11935981498,14.809559747386,14.939919681438,4012001.0746265
1992-12-24,15.000829637879,15.000829637879,14.749613450921,14.749613450921,1641599.44036
1992-12-28,14.809559747386,14.939919681438,14.809559747386,14.880671207715,2516000.1393744
1992-12-29,14.880671207715,15.189441156024,14.880671207715,14.897983857636,4152800.5228957
1992-12-30,14.939919681438,14.939919681438,14.690331747543,14.690331747543,3592398.63612
1992-12-31,14.690331747543,15.000829637879,14.690331747543,14.939919681438,3294001.5811067
1993-01-04,14.880671207715,15.000829637879,14.440178909525,14.561001932776,4612001.2366586
1993-01-05,14.500424272879,14.809559747386,14.310151272016,14.809559747386,6651998.8624692
1993-01-06,15.189441156024,15.49887569742,15.11935981498,15.44025858713,10049999.990565
1993-01-07,15.44025858713,15.620363313759,15.147538561877,15.252012595183,9719200.7628313
1993-01-08,15.189441156024,15.751088774009,14.939919681438,15.559154290428,11461999.901618
1993-01-11,15.49887569742,16.088967899537,15.44025858713,16.02915452169,9776000.3605514
1993-01-12,15.688816401739,15.941361774872,15.380976883752,15.380976883752,12362798.58812
1993-01-13,15.380976883752,15.999613358964,15.310230949621,15.879787225344,7130000.5241216
1993-01-14,15.999613358964,16.308383307273,15.941361774872,16.248171173574,13136000.160486
1993-01-15,15.252012595183,15.559154290428,15.000829637879,15.060410408146,32236798.686171
1993-01-18,14.880671207715,15.000829637879,14.500424272879,14.880671207715,11915599.62423
1993-01-19,14.939919681438,15.11935981498,14.809559747386,14.939919681438,9787199.4839601
1993-01-20,14.939919681438,15.060410408146,14.880671207715,15.000829637879,5669200.526783
1993-01-21,14.939919681438,15.060410408146,14.690331747543,15.000829637879,6586400.5575211
1993-01-22,15.060410408146,15.060410408146,14.749613450921,14.880671207715,5248000.9907133
1993-01-25,14.809559747386,15.11935981498,14.809559747386,15.000829637879,7223998.1313853
1993-01-26,15.11935981498,15.49887569742,15.11935981498,15.189441156024,10200800.144722
1993-01-27,15.252012595183,15.44025858713,14.690331747543,15.060410408146,8093601.7898324
1993-01-28,15.000829637879,15.060410408146,14.809559747386,14.968995629003,6572799.7840941
1993-01-29,15.060410408146,15.310230949621,14.749613450921,14.880671207715,9503598.3998793
1993-02-01,14.809559747386,15.310230949621,14.809559747386,15.310230949621,8591199.3519703
1993-02-02,15.189441156024,15.380976883752,15.060410408146,15.060410408146,6512000.4757974
1993-02-03,15.252012595183,15.252012595183,14.619319976177,15.000829637879,9435199.3134667
1993-02-04,15.000829637879,15.060410408146,14.749613450921,14.880671207715,7433999.9244974
1993-02-05,14.809559747386,14.880671207715,14.059599678145,14.310151272016,13129199.367509
1993-02-08,14.249606841773,14.380199383406,13.879494951516,14.122569873156,10038400.23103
1993-02-09,14.249606841773,14.350392383445,14.122569873156,14.218171588749,8523600.6350022
1993-02-10,14.249606841773,14.310151272016,13.752125686356,13.942066390675,9581599.6024183
1993-02-11,13.942066390675,14.059599678145,13.752125686356,13.781234863575,6009598.9515637
1993-02-12,13.752125686356,13.879494951516,13.439069112634,13.469175179484,9835599.9272087
1993-02-16,13.381382432666,13.381382432666,12.881641660753,13.2501585276,14561999.825944
1993-02-17,13.308376882038,13.500278135965,12.997978680666,13.469175179484,8913601.1104743
1993-02-18,13.752125686356,13.808416720841,13.381382432666,13.752125686356,10004400.419062
1993-02-19,13.808416720841,13.879494951516,13.690252069938,13.752125686356,6349999.5129902
1993-02-22,13.752125686356,13.999387544445,13.690252069938,13.781234863575,3527199.7033668
1993-02-23,13.752125686356,13.808416720841,13.500278135965,13.560955484825,6931199.8105023
1993-02-24,13.029679770925,13.469175179484,13.029679770925,13.398761541896,10234399.922436
1993-02-25,13.308376882038,13.690252069938,13.308376882038,13.690252069938,5972399.8586503
1993-02-26,13.560955484825,13.560955484825,13.06081595706,13.2501585276,10531598.710396
1993-03-01,13.2501585276,13.381382432666,13.190212231136,13.308376882038,4260799.5998999
1993-03-02,13.2501585276,13.61854247583,13.2501585276,13.560955484825,5274800.0958248
1993-03-03,13.500278135965,13.752125686356,13.308376882038,13.647684882704,7239199.6737948
1993-03-04,13.61854247583,13.808416720841,13.381382432666,13.752125686356,6726401.0206515
1993-03-05,13.690252069938,13.942066390675,13.690252069938,13.752125686356,3986399.3337599
1993-03-08,13.752125686356,14.188663655677,13.752125686356,14.122569873156,6321600.0602065
1993-03-09,14.122569873156,14.380199383406,14.122569873156,14.188663655677,5529599.4960348
1993-03-10,14.188663655677,14.310151272016,13.999387544445,14.188663655677,4731999.6560479
1993-03-11,14.249606841773,14.310151272016,14.059599678145,14.218171588749,5164799.1924013
1993-03-12,14.188663655677,14.188663655677,13.879494951516,14.059599678145,4524799.3967403
1993-03-15,13.999387544445,14.310151272016,13.846796971626,14.249606841773,4858400.9407122
1993-03-16,14.310151272016,14.440178909525,14.122569873156,14.122569873156,3617200.3084781
1993-03-17,14.122569873156,14.249606841773,13.752125686356,13.781234863575,6293601.5444852
1993-03-18,13.752125686356,13.899831499984,13.61854247583,13.61854247583,3792400.2048419
1993-03-19,13.752125686356,13.808416720841,13.381382432666,13.439069112634,5503599.5265301
1993-03-22,13.381382432666,13.469175179484,13.190212231136,13.308376882038,5900000.2491338
1993-03-23,13.308376882038,13.500278135965,13.151566143116,13.190212231136,3662001.1355915
1993-03-24,13.190212231136,13.560955484825,13.119100770806,13.439069112634,5109599.7316981
1993-03-25,13.439069112634,13.690252069938,13.381382432666,13.690252069938,6108798.6893741
1993-03-26,13.690252069938,13.690252069938,13.119100770806,13.308376882038,5419999.048176
1993-03-29,13.06081595706,13.119100770806,12.692365549521,12.749686703291,9346800.83155
1993-03-30,12.778530043275,13.06081595706,12.558150975563,13.06081595706,9430400.9788745
1993-03-31,13.119100770806,13.190212231136,12.807041086716,12.881641660753,7965598.9537518
1993-04-01,12.807041086716,12.997978680666,12.749686703291,12.940956593785,3864400.3217891
1993-04-02,12.620655955413,12.807041086716,12.378976679256,12.529008568689,9064000.5081305
1993-04-05,12.499533865272,12.620655955413,12.378976679256,12.499533865272,5327599.2908154
1993-04-06,12.499533865272,12.558150975563,12.189069204591,12.189069204591,6013199.5908814
1993-04-07,12.249613634834,12.692365549521,12.121313939352,12.620655955413,5816000.0073679
1993-04-08,12.499533865272,12.620655955413,12.249613634834,12.43998632466,5836799.8024101
1993-04-12,12.378976679256,12.749686703291,12.378976679256,12.499533865272,3323200.0190291
1993-04-13,12.620655955413,12.807041086716,12.059706160169,12.121313939352,5874399.7421049
1993-04-14,12.059706160169,12.189069204591,11.902230828159,12.189069204591,6073600.67054
1993-04-15,12.059706160169,12.059706160169,11.689993025765,11.809885618694,7810799.6908904
1993-04-16,12.059706160169,12.189069204591,11.84979443358,12.031527413272,24528400.72246
1993-04-19,12.121313939352,12.378976679256,12.059706160169,12.121313939352,8138001.1983859
1993-04-20,12.189069204591,12.558150975563,12.059706160169,12.499533865272,8573199.6161462
1993-04-21,12.558150975563,12.692365549521,12.312882896735,12.39768497466,7331200.8714877
1993-04-22,12.312882896735,12.620655955413,12.249613634834,12.499533865272,5631199.0782474
1993-04-23,12.43998632466,12.558150975563,12.189069204591,12.312882896735,4790799.9065367
1993-04-26,12.312882896735,12.43998632466,12.121313939352,12.249613634834,3671599.309456
1993-04-27,12.189069204591,12.558150975563,12.189069204591,12.558150975563,4631198.4871956
1993-04-28,12.43998632466,12.997978680666,12.43998632466,12.850239637383,5830001.1761723
1993-04-29,12.881641660753,12.940956593785,12.529008568689,12.692365549521,2944400.3522074
1993-04-30,12.692365549521,13.119100770806,12.692365549521,12.807041086716,4726400.5607944
1993-05-03,12.807041086716,12.997978680666,12.749686703291,12.969467637225,2327999.7186536
1993-05-04,13.06081595706,13.560955484825,12.997978680666,13.351209906508,6100798.8168168
1993-05-05,13.2501585276,13.879494951516,13.2501585276,13.61854247583,9037999.4552561
1993-05-06,13.61854247583,13.690252069938,13.381382432666,13.439069112634,2516399.3611013
1993-05-07,13.381382432666,13.690252069938,13.381382432666,13.690252069938,2924798.8844054
1993-05-10,13.752125686356,13.971541094092,13.752125686356,13.752125686356,4926000.7711436
1993-05-11,13.752125686356,13.808416720841,13.500278135965,13.61854247583,5656401.145983
1993-05-12,13.560955484825,13.690252069938,13.2501585276,13.308376882038,3757999.6363728
1993-05-13,13.381382432666,13.942066390675,13.381382432666,13.879494951516,12918800.248567
1993-05-14,13.808416720841,13.999387544445,13.752125686356,13.879494951516,4193201.0634934
1993-05-17,13.879494951516,13.999387544445,13.752125686356,13.942066390675,2487199.1175628
1993-05-18,13.879494951516,14.059599678145,13.752125686356,13.879494951516,5838398.7356829
1993-05-19,13.690252069938,14.380199383406,13.61854247583,14.310151272016,6170401.8880668
1993-05-20,14.310151272016,14.749613450921,14.310151272016,14.690331747543,10376000.311928
1993-05-21,14.690331747543,14.779121383992,14.188663655677,14.380199383406,5292800.283053
1993-05-24,14.188663655677,14.690331747543,14.188663655677,14.401200524961,5368399.4744504
1993-05-25,14.188663655677,14.380199383406,13.942066390675,14.101269664712,6454399.2747952
1993-05-26,13.999387544445,14.440178909525,13.846796971626,14.440178909525,4341600.8315633
1993-05-27,14.440178909525,14.619319976177,14.310151272016,14.380199383406,7045999.9212324
1993-05-28,14.249606841773,14.380199383406,14.059599678145,14.150349864201,6569600.9846468
1993-06-01,14.122569873156,14.440178909525,14.122569873156,14.249606841773,4824001.0343024
1993-06-02,14.188663655677,14.561001932776,13.999387544445,14.249606841773,7159999.6625181
1993-06-03,14.249606841773,14.310151272016,13.999387544445,14.101269664712,5601999.1055513
1993-06-04,13.942066390675,14.059599678145,13.61854247583,13.721687322962,7631600.1140435
1993-06-07,13.61854247583,13.690252069938,12.600352636599,12.692365549521,17225199.450064
1993-06-08,12.189069204591,12.499533865272,12.00078998299,12.378976679256,22181999.307738
1993-06-09,11.24923489034,11.399466157699,10.999979252989,11.057964999846,42086399.932652
1993-06-10,10.87879070354,11.188291704244,10.688550932331,11.121167802438,19775201.146835
1993-06-11,11.24923489034,11.311474032955,10.85127654973,10.940730779266,8654400.641315
1993-06-14,10.999979252989,11.188291704244,10.87879070354,11.151639395486,8910399.7831644
1993-06-15,11.311474032955,11.311474032955,10.470398251461,10.499939414186,16011599.827159
1993-06-16,10.560915829936,10.809074888693,10.380113280566,10.560915829936,12609999.143115
1993-06-17,10.61910095472,10.61910095472,10.116768269766,10.308004930605,14622800.337985
1993-06-18,10.401014733158,10.531075600321,9.9399865085734,10.25071700649,11117598.937462
1993-06-21,10.116768269766,10.116768269766,9.8813029389745,9.8986820482045,9770800.7578673
1993-06-22,10.222272422358,10.499939414186,9.9399865085734,10.349309390974,12013599.921337
1993-06-23,10.438464553621,10.438464553621,10.003488378055,10.116768269766,6454399.2747952
1993-06-24,10.116768269766,10.438464553621,10.003488378055,10.438464553621,7958401.9183144
1993-06-25,10.099056863993,10.190139346592,9.8813029389745,10.003488378055,9184399.0520549
1993-06-28,10.116768269766,10.116768269766,9.688105728528,10.029374278801,12629199.282638
1993-06-29,10.060842761479,10.060842761479,9.6222777832417,9.7477529581034,10509599.173715
1993-06-30,9.688105728528,9.9399865085734,9.6222777832417,9.8813029389745,7152000.0608032
1993-07-01,9.7477529581034,9.9399865085734,9.5007901669032,9.5007901669032,7791600.2435204
1993-07-02,9.558443617217,9.688105728528,9.4398802104621,9.6222777832417,6844000.3178851
1993-07-06,9.558443617217,9.7477529581034,9.3803326698498,9.4398802104621,5544799.473577
1993-07-07,9.3803326698498,9.4706508703991,9.0590683715017,9.1199450982884,8108399.7770362
1993-07-08,9.1199450982884,9.3803326698498,9.0590683715017,9.1199450982884,4963199.412653
1993-07-09,9.2486103199686,9.3089221426311,9.1199450982884,9.1893618462455,5602799.8963062
1993-07-12,9.1893618462455,9.5289689138001,9.0590683715017,9.5007901669032,6210000.1633231
1993-07-13,9.688105728528,9.688105728528,9.2486103199686,9.3089221426311,5646799.9627583
1993-07-14,9.1893618462455,9.3803326698498,8.9411363281796,9.3089221426311,8796399.7710364
1993-07-15,9.3089221426311,9.4398802104621,8.8107763941271,8.9411363281796,12072800.085706
1993-07-16,7.118390097595,7.4098473959826,6.6213741573391,6.8777077110687,75735600.39984
1993-07-19,7.0017872404473,7.1907975144444,6.3815889714806,6.4126254686524,28793999.680135
1993-07-20,6.5610291050222,6.9399468536842,6.4378800059657,6.7195345563172,18996800.393095
1993-07-21,6.4998200816919,6.6890629632695,6.3815889714806,6.5610291050222,16282400.477164
1993-07-22,6.4998200816919,6.7497070824757,6.4378800059657,6.6213741573391,7541999.422812
1993-07-23,6.7497070824757,6.8777077110687,6.4998200816919,6.5610291050222,8349200.3557428
1993-07-26,6.6890629632695,6.8777077110687,6.4998200816919,6.7195345563172,5458001.2791452
1993-07-27,6.6890629632695,6.8777077110687,6.5610291050222,6.6213741573391,7093199.7802207
1993-07-28,6.5610291050222,6.7497070824757,6.5610291050222,6.7195345563172,3278398.6803245
1993-07-29,6.7497070824757,6.8777077110687,6.6890629632695,6.8125111292153,4334801.3025174
1993-07-30,6.8777077110687,7.0578124376975,6.7497070824757,6.9399468536842,7658799.1330348
1993-08-02,7.0578124376975,7.3096599880886,7.0017872404473,7.118390097595,7725198.6801419
1993-08-03,7.2500792178219,7.3096599880886,7.1907975144444,7.2500792178219,6302798.3298834
1993-08-04,7.3096599880886,7.619393596374,7.2500792178219,7.5611087826273,8678400.5900165
1993-08-05,7.690837353247,7.690837353247,7.2500792178219,7.3810040559985,7477600.046976
1993-08-06,7.3096599880886,7.5611087826273,7.3096599880886,7.3096599880886,4497202.8713574
1993-08-09,7.3096599880886,7.5611087826273,7.2500792178219,7.4379929132252,5764799.986399
1993-08-10,7.3810040559985,7.4379929132252,7.0578124376975,7.118390097595,5456400.2694138
1993-08-11,7.118390097595,7.118390097595,6.7497070824757,6.8777077110687,5963199.1309903
1993-08-12,6.8777077110687,6.9399468536842,6.4998200816919,6.6213741573391,12077598.901796
1993-08-13,6.6213741573391,6.9399468536842,6.5610291050222,6.8416535360886,4957602.1832028
1993-08-16,6.8777077110687,7.0017872404473,6.8125111292153,6.8777077110687,3658800.079124
1993-08-17,6.9399468536842,7.118390097595,6.8125111292153,7.0882840307452,3863599.3805661
1993-08-18,7.2500792178219,7.4379929132252,7.0578124376975,7.118390097595,6739999.9282751
1993-08-19,7.1907975144444,7.1907975144444,6.8777077110687,6.8777077110687,5433201.0211864
1993-08-20,6.9399468536842,7.0017872404473,6.7497070824757,7.0017872404473,3569200.0198581
1993-08-23,7.0017872404473,7.1907975144444,6.8777077110687,7.0882840307452,3256398.9329876
1993-08-24,7.0578124376975,7.1907975144444,6.9399468536842,7.0017872404473,3616399.9992208
1993-08-25,7.0017872404473,7.0578124376975,6.6890629632695,6.8125111292153,5206000.8547835
1993-08-26,6.8125111292153,6.8125111292153,6.6213741573391,6.7195345563172,6290799.8000255
1993-08-27,6.7497070824757,6.7497070824757,6.5610291050222,6.6213741573391,6663200.2128045
1993-08-30,6.6213741573391,6.6213741573391,6.469979852077,6.4998200816919,9776399.5521848
1993-08-31,6.6213741573391,6.6890629632695,6.4998200816919,6.6213741573391,4566799.4122957
1993-09-01,6.6213741573391,6.6890629632695,6.4378800059657,6.529959378196,8055999.8639598
1993-09-02,6.4998200816919,6.5610291050222,6.3085501911983,6.4378800059657,10080799.61878
1993-09-03,6.4998200816919,6.4998200816919,6.3085501911983,6.4378800059657,5819201.4851458
1993-09-07,6.4998200816919,6.7497070824757,6.4378800059657,6.5610291050222,5126400.4481293
1993-09-08,6.5610291050222,6.7497070824757,6.4998200816919,6.6890629632695,8094000.2893129
1993-09-09,6.6890629632695,6.7497070824757,6.4998200816919,6.4998200816919,5340400.9286355
1993-09-10,6.5610291050222,6.5610291050222,6.3386894877024,6.5610291050222,4803200.6072946
1993-09-13,6.5610291050222,6.6213741573391,6.1923128602486,6.3085501911983,9135201.1283476
1993-09-14,6.0583641235252,6.2486038947336,6.0007106732114,6.0583641235252,9880001.6529695
1993-09-15,6.1202045102883,6.2486038947336,5.8804857837385,6.1202045102883,9204399.8619582
1993-09-16,6.0583641235252,6.2486038947336,6.0583641235252,6.1923128602486,3069999.6122791
1993-09-17,6.0891015538078,6.3815889714806,6.0583641235252,6.3085501911983,6143998.9652285
1993-09-20,6.3085501911983,6.3815889714806,6.1923128602486,6.2204583774911,3965598.997033
1993-09-21,6.1923128602486,6.3085501911983,5.9712359697944,6.1202045102883,5231999.7108249
1993-09-22,6.0583641235252,6.3815889714806,6.0583641235252,6.3815889714806,3946000.1473744
1993-09-23,6.3815889714806,6.3815889714806,6.1202045102883,6.1923128602486,4676800.0749703
1993-09-24,6.2486038947336,6.3085501911983,6.1202045102883,6.2486038947336,2734800.6096209
1993-09-27,6.2486038947336,6.3085501911983,6.0583641235252,6.1923128602486,4041999.2801214
1993-09-28,6.1923128602486,6.2486038947336,6.0583641235252,6.1923128602486,3376800.1853362
1993-09-29,6.0583641235252,6.2204583774911,5.9398007167703,5.9712359697944,8455200.2244711
1993-09-30,6.0007106732114,6.0007106732114,5.7498932421055,5.840610198507,9817999.5334859
1993-10-01,5.6905783090736,5.7498932421055,5.6178718253349,5.6905783090736,11999599.98637
1993-10-04,5.6600734863716,5.7498932421055,5.5013686571503,5.6905783090736,6887199.7139567
1993-10-05,5.7498932421055,6.0007106732114,5.7498932421055,5.8804857837385,6296798.869346
1993-10-06,5.9398007167703,6.0007106732114,5.840610198507,5.9119874960714,6259998.7574108
1993-10-07,5.8804857837385,5.9398007167703,5.6905783090736,5.7498932421055,4817999.4672129
1993-10-08,5.8087761896306,5.8087761896306,5.5579587585247,5.6600734863716,4978800.206883
1993-10-11,5.6905783090736,6.0007106732114,5.6905783090736,5.9398007167703,5755199.0740167
1993-10-12,6.0007106732114,6.2486038947336,5.9398007167703,6.0007106732114,10940799.355485
1993-10-13,6.0583641235252,6.0583641235252,5.8804857837385,6.0007106732114,6321600.0602065
1993-10-14,6.0007106732114,6.1202045102883,5.8804857837385,5.9398007167703,5738801.0099831
1993-10-15,6.9399468536842,7.118390097595,6.6890629632695,7.0578124376975,34115998.792327
1993-10-18,7.0017872404473,7.1907975144444,6.9399468536842,7.0882840307452,11892799.236606
1993-10-19,7.0578124376975,7.118390097595,6.8125111292153,6.9399468536842,7627601.4868366
1993-10-20,7.0017872404473,7.0578124376975,6.8125111292153,6.9399468536842,4943199.8967745
1993-10-21,6.8777077110687,7.8094007600019,6.8125111292153,7.5611087826273,22396799.856753
1993-10-22,7.619393596374,7.8804125313683,7.4379929132252,7.5611087826273,14145600.58055
1993-10-25,7.5611087826273,7.619393596374,7.4098473959826,7.4995674627534,7825999.8790878
1993-10-26,7.4379929132252,7.4995674627534,7.2500792178219,7.4379929132252,7945599.3475926
1993-10-27,7.4995674627534,8.061248310393,7.4379929132252,7.9390961009672,16395200.536997
1993-10-28,7.9390961009672,8.061248310393,7.7504845828224,7.7504845828224,8730799.1488808
1993-10-29,7.7504845828224,7.9390961009672,7.619393596374,7.690837353247,4888000.3156969
1993-11-01,7.690837353247,7.8804125313683,7.5611087826273,7.8804125313683,3784801.0887853
1993-11-02,7.8094007600019,8.2511557850578,7.7504845828224,8.1879197528116,8008799.6739419
1993-11-03,8.2511557850578,8.2511557850578,7.7504845828224,7.912545607134,6319998.9301008
1993-11-04,7.8804125313683,8.061248310393,7.690837353247,8.061248310393,6620401.6635144
1993-11-05,7.9711294877699,8.061248310393,7.690837353247,7.9711294877699,13501200.016876
1993-11-08,7.9979790484924,8.0284506415401,7.619393596374,7.690837353247,5963999.9518388
1993-11-09,7.7504845828224,7.8094007600019,7.4379929132252,7.5307036488883,6116001.5027832
1993-11-10,7.5611087826273,7.690837353247,7.4995674627534,7.690837353247,2749200.8797778
1993-11-11,7.690837353247,7.9979790484924,7.619393596374,7.8395068268517,5086799.7051977
1993-11-12,7.8804125313683,7.9979790484924,7.619393596374,7.9390961009672,5130799.7415561
1993-11-15,7.8804125313683,8.1879197528116,7.8804125313683,7.9979790484924,5610800.0998931
1993-11-16,7.9979790484924,8.5586630065011,7.9390961009672,8.5010095561873,10824401.54532
1993-11-17,8.5010095561873,8.750231963884,8.1879197528116,8.3788905764159,10807999.659399
1993-11-18,8.3788905764159,8.4397673032026,8.2511557850578,8.3788905764159,4085999.1660118
1993-11-19,8.2511557850578,8.3788905764159,8.1211613772032,8.2511557850578,4391599.6062126
1993-11-22,8.1879197528116,8.2511557850578,8.061248310393,8.1211613772032,5378800.6058092
1993-11-23,8.1211613772032,8.2511557850578,7.8094007600019,8.2511557850578,6648799.069933
1993-11-24,8.1879197528116,8.3788905764159,8.1518988074858,8.2511557850578,3230000.2834408
1993-11-26,8.1879197528116,8.2511557850578,8.061248310393,8.1518988074858,1551600.0088992
1993-11-29,8.061248310393,8.1211613772032,7.8804125313683,7.9390961009672,3454002.6133916
1993-11-30,7.9390961009672,8.1518988074858,7.8804125313683,7.8804125313683,4023601.0147231
1993-12-01,7.9979790484924,8.061248310393,7.8094007600019,7.8804125313683,3972000.2071599
1993-12-02,7.9390961009672,7.9979790484924,7.7504845828224,7.9390961009672,3594798.4504285
1993-12-03,7.9390961009672,7.9979790484924,7.7504845828224,7.8804125313683,4302400.3034475
1993-12-06,7.8804125313683,8.1211613772032,7.8094007600019,8.061248310393,5606399.5124414
1993-12-07,7.9979790484924,8.061248310393,7.8804125313683,8.061248310393,2280400.06616
1993-12-08,7.9979790484924,8.061248310393,7.8804125313683,7.9711294877699,1414001.5268167
1993-12-09,7.9390961009672,7.9979790484924,7.4379929132252,7.4995674627534,6527200.1824972
1993-12-10,7.5611087826273,7.619393596374,6.9399468536842,7.0578124376975,17759198.805218
1993-12-13,7.0578124376975,7.3810040559985,6.9399468536842,7.3810040559985,8726000.9948503
1993-12-14,7.3096599880886,7.4379929132252,7.2500792178219,7.2801852846716,10488000.032411
1993-12-15,7.2500792178219,7.4379929132252,7.2500792178219,7.4379929132252,4424401.1210345
1993-12-16,7.3810040559985,7.4379929132252,7.2500792178219,7.3387691653075,4513200.1788902
1993-12-17,7.3810040559985,7.4379929132252,7.2801852846716,7.3810040559985,5184001.7394124
1993-12-20,7.3096599880886,7.4379929132252,7.0578124376975,7.118390097595,6751199.9243982
1993-12-21,7.118390097595,7.1907975144444,6.8125111292153,6.8777077110687,8968801.2633303
1993-12-22,6.8125111292153,7.118390097595,6.7497070824757,7.0017872404473,6477600.6596684
1993-12-23,6.8125111292153,6.8125111292153,6.6213741573391,6.8125111292153,8105600.0488479
1993-12-27,6.9399468536842,7.1907975144444,6.8125111292153,7.118390097595,5712000.0992555
1993-12-28,7.1907975144444,7.3810040559985,7.118390097595,7.2801852846716,5696399.8467103
1993-12-29,7.3096599880886,7.3096599880886,7.118390097595,7.118390097595,3833999.9153006
1993-12-30,7.118390097595,7.5611087826273,7.118390097595,7.4379929132252,11233998.733805
1993-12-31,7.4379929132252,7.5611087826273,7.3096599880886,7.3096599880886,5748801.0839052
1994-01-03,7.3810040559985,7.4995674627534,7.2500792178219,7.4687635731621,6483199.062769
1994-01-04,7.5611087826273,7.8804125313683,7.4995674627534,7.8804125313683,10184800.790824
1994-01-05,7.9390961009672,8.469840140398,7.9390961009672,8.4397673032026,21862000.10206
1994-01-06,8.4397673032026,8.5010095561873,8.1211613772032,8.1879197528116,13089599.948696
1994-01-07,7.9979790484924,8.3101051918917,7.8094007600019,8.2806637181291,10671199.19946
1994-01-10,8.2511557850578,8.469840140398,8.1879197528116,8.3994929621189,7199601.3383514
1994-01-11,8.3788905764159,8.4397673032026,7.9390961009672,7.9711294877699,12692801.659513
1994-01-12,8.061248310393,8.061248310393,7.619393596374,7.619393596374,15682799.145642
1994-01-13,7.4995674627534,7.690837353247,7.4379929132252,7.6584716699008,18985600.336785
1994-01-14,7.690837353247,7.9390961009672,7.619393596374,7.7504845828224,7661199.0978114
1994-01-17,7.7504845828224,7.8804125313683,7.4995674627534,7.5909157825878,5204000.1418275
1994-01-18,7.5611087826273,7.5611087826273,7.2500792178219,7.3387691653075,12957200.407238
1994-01-19,7.3096599880886,7.4379929132252,7.1907975144444,7.3096599880886,10056799.730266
1994-01-20,7.3810040559985,7.690837353247,7.3810040559985,7.4687635731621,9574400.6108967
1994-01-21,8.3101051918917,8.3788905764159,8.061248310393,8.3503130736667,35004800.002247
1994-01-24,8.3101051918917,8.8107763941271,8.3101051918917,8.750231963884,24719600.213471
1994-01-25,8.6896210743321,8.750231963884,8.3101051918917,8.469840140398,15797599.647589
1994-01-26,8.4397673032026,8.5010095561873,8.3101051918917,8.3788905764159,5921599.8719356
1994-01-27,8.3788905764159,8.5586630065011,8.2511557850578,8.5305174892586,4723199.5043269
1994-01-28,8.5586630065011,8.6896210743321,8.4397673032026,8.5010095561873,4872799.6159083
1994-01-31,8.3788905764159,8.4397673032026,8.1879197528116,8.1879197528116,8513599.8388337
1994-02-01,8.2511557850578,8.3788905764159,8.061248310393,8.3101051918917,5597200.0487126
1994-02-02,8.3101051918917,8.3101051918917,8.1211613772032,8.2511557850578,5230400.3863353
1994-02-03,8.2511557850578,8.3994929621189,8.1211613772032,8.3788905764159,4928400.0437673
1994-02-04,8.3788905764159,8.750231963884,8.3101051918917,8.3788905764159,12643200.210694
1994-02-07,8.3788905764159,9.2800455729927,8.3788905764159,9.1199450982884,25908799.582577
1994-02-08,9.0010826246442,9.1199450982884,8.8107763941271,8.9411363281796,10192400.56894
1994-02-09,8.9411363281796,9.1199450982884,8.8107763941271,9.0590683715017,6677998.9824419
1994-02-10,9.0590683715017,9.3803326698498,9.0010826246442,9.1199450982884,10786798.566171
1994-02-11,9.0590683715017,9.3803326698498,9.0590683715017,9.2486103199686,5866000.0459486
1994-02-14,9.2486103199686,9.5007901669032,9.1893618462455,9.2486103199686,8769599.7631168
1994-02-15,9.1893618462455,9.3803326698498,9.0590683715017,9.2800455729927,4634801.2029718
1994-02-16,9.3803326698498,9.3803326698498,9.1893618462455,9.1893618462455,4358000.5507449
1994-02-17,9.3089221426311,9.4706508703991,9.0590683715017,9.2486103199686,5184001.7394124
1994-02-18,9.1199450982884,9.2486103199686,9.0590683715017,9.0590683715017,5323999.915429
1994-02-22,9.0590683715017,9.3803326698498,8.9411363281796,9.3089221426311,7663200.4126394
1994-02-23,9.3089221426311,9.558443617217,9.2486103199686,9.3089221426311,9304800.0034674
1994-02-24,9.2486103199686,9.3089221426311,9.0590683715017,9.1500511651381,7066401.5478237
1994-02-25,9.2486103199686,9.3089221426311,8.8789304152185,9.0010826246442,8457999.8924723
1994-02-28,9.0590683715017,9.2486103199686,9.0010826246442,9.1199450982884,4422401.5215418
1994-03-01,9.1893618462455,9.1893618462455,8.9411363281796,9.0590683715017,7566798.9284308
1994-03-02,8.8107763941271,9.0590683715017,8.6896210743321,8.9008287574415,10505199.970569
1994-03-03,8.9411363281796,9.0590683715017,8.8789304152185,8.9411363281796,6731201.8831062
1994-03-04,9.0010826246442,9.3803326698498,8.9411363281796,9.1893618462455,8101600.6693009
1994-03-07,9.2486103199686,9.5289689138001,9.1893618462455,9.4706508703991,11085599.146296
1994-03-08,9.5007901669032,9.5007901669032,9.1893618462455,9.2486103199686,6644801.1950661
1994-03-09,9.1500511651381,9.3803326698498,9.0010826246442,9.3803326698498,8876400.6633489
1994-03-10,9.3089221426311,9.3992403431804,9.1893618462455,9.3089221426311,5134399.6586274
1994-03-11,9.2486103199686,9.4398802104621,9.1893618462455,9.3089221426311,5780000.8366556
1994-03-14,9.6222777832417,9.6222777832417,9.4398802104621,9.5289689138001,15775200.317402
1994-03-15,9.558443617217,9.558443617217,9.3089221426311,9.3992403431804,7305199.6380518
1994-03-16,9.3803326698498,9.4398802104621,9.1199450982884,9.1893618462455,5255999.5391521
1994-03-17,9.1893618462455,9.2486103199686,9.0590683715017,9.1199450982884,5579601.0693891
1994-03-18,9.1893618462455,9.1893618462455,8.9411363281796,9.1019013959711,7988398.6492227
1994-03-21,9.1019013959711,9.1199450982884,8.8107763941271,8.8789304152185,8804000.4519603
1994-03-22,8.8107763941271,8.8789304152185,8.6188751402006,8.750231963884,8672398.6016166
1994-03-23,8.8107763941271,8.8789304152185,8.5586630065011,8.7806370976229,7738800.7475938
1994-03-24,8.7806370976229,8.8107763941271,8.5010095561873,8.6510082159663,6717600.3573392
1994-03-25,8.6896210743321,8.6896210743321,8.1879197528116,8.1879197528116,12272798.885816
1994-03-28,8.2511557850578,8.5010095561873,8.1879197528116,8.3101051918917,10092000.457524
1994-03-29,8.3101051918917,8.4397673032026,8.061248310393,8.1879197528116,7625599.7506981
1994-03-30,8.1211613772032,8.3101051918917,7.9390961009672,8.1211613772032,6065200.9141965
1994-03-31,8.1211613772032,8.3788905764159,7.8804125313683,8.3101051918917,7466399.2082321
1994-04-04,8.061248310393,8.3101051918917,7.9390961009672,8.3101051918917,6010799.4756368
1994-04-05,8.4397673032026,8.5586630065011,8.3788905764159,8.3788905764159,3496401.2187083
1994-04-06,8.5010095561873,8.5010095561873,8.1879197528116,8.3788905764159,4610399.1134639
1994-04-07,8.3788905764159,8.4397673032026,8.1879197528116,8.3503130736667,2763200.784651
1994-04-08,8.4397673032026,8.5010095561873,8.3101051918917,8.3788905764159,6315999.8815834
1994-04-11,8.3788905764159,8.3788905764159,8.1211613772032,8.3788905764159,3815200.5322785
1994-04-12,8.3503130736667,8.3503130736667,7.9390961009672,7.9979790484924,4886798.8286285
1994-04-13,8.061248310393,8.1211613772032,7.8094007600019,7.9390961009672,8326399.2759662
1994-04-14,7.619393596374,7.9390961009672,7.4995674627534,7.8804125313683,7928400.4928041
1994-04-15,7.8094007600019,7.8804125313683,7.4995674627534,7.5611087826273,6726799.369664
1994-04-18,7.619393596374,7.619393596374,7.3096599880886,7.4098473959826,8224798.760852
1994-04-19,7.4379929132252,7.4995674627534,7.118390097595,7.2500792178219,5937600.1587351
1994-04-20,7.3096599880886,7.4995674627534,7.0017872404473,7.0578124376975,10066000.728769
1994-04-21,7.118390097595,7.619393596374,6.7497070824757,7.4098473959826,14661999.030391
1994-04-22,7.8094007600019,7.9979790484924,7.118390097595,7.4379929132252,24922399.193174
1994-04-25,7.4379929132252,7.7504845828224,7.3810040559985,7.7504845828224,12829999.385095
1994-04-26,7.8804125313683,7.8804125313683,7.7504845828224,7.8094007600019,5865199.1047257
1994-04-28,7.7504845828224,7.8094007600019,7.4379929132252,7.5611087826273,3588400.7913467
1994-04-29,7.4995674627534,7.619393596374,7.4379929132252,7.4995674627534,3385200.8745814
1994-05-02,7.4995674627534,7.8094007600019,7.4995674627534,7.7504845828224,4400799.0398478
1994-05-03,7.7504845828224,7.8094007600019,7.3810040559985,7.5611087826273,4746400.3174217
1994-05-04,7.7504845828224,8.3101051918917,7.619393596374,8.2511557850578,13005601.331984
1994-05-05,8.3101051918917,8.4397673032026,8.061248310393,8.2194214651444,10297601.211781
1994-05-06,8.061248310393,8.1879197528116,7.8094007600019,8.0798901464887,6706400.4815905
1994-05-09,8.061248310393,8.1211613772032,7.690837353247,7.8094007600019,5016800.4817681
1994-05-10,7.9390961009672,7.9979790484924,7.7504845828224,7.7504845828224,5244399.3583067
1994-05-11,7.7504845828224,7.8804125313683,7.4379929132252,7.5611087826273,5197199.378944
1994-05-12,7.619393596374,7.690837353247,7.3810040559985,7.4187197136966,3825199.0413332
1994-05-13,7.4379929132252,7.619393596374,7.3096599880886,7.4995674627534,3307598.8937694
1994-05-16,7.4995674627534,7.619393596374,7.3810040559985,7.3810040559985,4835200.4586471
1994-05-17,7.4379929132252,7.4379929132252,7.1907975144444,7.3387691653075,6432400.2797984
1994-05-18,7.4379929132252,7.690837353247,7.3096599880886,7.6584716699008,4423600.0594372
1994-05-19,7.690837353247,8.1211613772032,7.619393596374,8.0284506415401,9770800.7578673
1994-05-20,7.9390961009672,8.061248310393,7.7504845828224,7.760885464637,3505199.7453747
1994-05-23,7.7504845828224,7.8094007600019,7.4995674627534,7.619393596374,4284001.7371132
1994-05-24,7.7504845828224,7.8094007600019,7.5611087826273,7.690837353247,4515999.6964234
1994-05-25,7.5611087826273,7.9390961009672,7.4995674627534,7.8094007600019,4861201.1203046
1994-05-26,7.8804125313683,7.8804125313683,7.5611087826273,7.619393596374,2608400.649075
1994-05-27,7.5611087826273,7.690837353247,7.3810040559985,7.4900970112609,3881601.1326616
1994-05-31,7.3810040559985,7.3810040559985,7.118390097595,7.3096599880886,9192798.9287728
1994-06-01,7.118390097595,7.1603259213967,6.9694215571011,7.0578124376975,13777200.720969
1994-06-02,7.0882840307452,7.118390097595,6.7807435796475,6.8416535360886,13747199.38574
1994-06-03,6.7807435796475,7.0017872404473,6.6890629632695,6.9084119116969,12631599.608538
1994-06-06,6.8777077110687,6.9399468536842,6.7497070824757,6.8416535360886,4501200.7462243
1994-06-07,6.8125111292153,6.9399468536842,6.8125111292153,6.8777077110687,5008800.2781812
1994-06-08,6.8777077110687,6.9084119116969,6.4998200816919,6.529959378196,9791598.9880421
1994-06-09,6.4126254686524,6.7497070824757,6.3815889714806,6.7497070824757,10483199.892202
1994-06-10,6.7807435796475,6.8416535360886,6.5891746222647,6.6213741573391,5097600.3291258
1994-06-13,6.5891746222647,6.7922410400559,6.5891746222647,6.7497070824757,3318000.4765322
1994-06-14,6.8125111292153,6.8416535360886,6.6589236667654,6.7594433712031,5512798.4184804
1994-06-15,6.7497070824757,7.0017872404473,6.7195345563172,6.9608483062763,5695600.1092315
1994-06-16,6.9399468536842,6.9399468536842,6.529959378196,6.5891746222647,7793599.7226387
1994-06-17,6.4998200816919,6.6890629632695,6.469979852077,6.6213741573391,8017599.8256629
1994-06-20,6.5610291050222,6.8125111292153,6.4998200816919,6.7807435796475,7139200.2586928
1994-06-21,6.7195345563172,6.8125111292153,6.4378800059657,6.4998200816919,8688400.0319729
1994-06-22,6.5610291050222,6.6890629632695,6.4998200816919,6.5610291050222,4066400.1959788
1994-06-23,6.5610291050222,6.5610291050222,6.2204583774911,6.2813683339322,7281998.8851442
1994-06-24,6.2813683339322,6.529959378196,6.1923128602486,6.4028891799251,10459199.401816
1994-06-27,6.3085501911983,6.5610291050222,6.1595151913957,6.5610291050222,9141199.8365449
1994-06-28,6.5610291050222,6.7807435796475,6.4126254686524,6.6890629632695,6222398.8478096
1994-06-29,6.6890629632695,6.7807435796475,6.469979852077,6.529959378196,4841599.471941
1994-06-30,6.5610291050222,6.7195345563172,6.5610291050222,6.6213741573391,3633198.518819
1994-07-01,6.5891746222647,6.6213741573391,6.3386894877024,6.4378800059657,6402800.6640649
1994-07-05,6.4126254686524,6.6890629632695,6.4126254686524,6.6213741573391,3066001.4966634
1994-07-06,6.5610291050222,6.6213741573391,6.4998200816919,6.529959378196,3478000.9370387
1994-07-07,6.469979852077,6.7497070824757,6.3815889714806,6.7077047993652,6076798.5972728
1994-07-08,6.6213741573391,6.9084119116969,6.6213741573391,6.7594433712031,7436801.3981147
1994-07-11,6.7807435796475,6.8416535360886,6.6589236667654,6.7497070824757,3800800.1718407
1994-07-12,6.7497070824757,7.1085873495589,6.5891746222647,7.0882840307452,8654000.7575287
1994-07-13,7.118390097595,7.5611087826273,7.118390097595,7.4187197136966,16080800.005263
1994-07-14,7.4098473959826,7.4379929132252,7.0578124376975,7.1603259213967,6452398.6822136
1994-07-15,7.0578124376975,7.1603259213967,6.8777077110687,7.0578124376975,3391599.7374073
1994-07-18,7.0316606997165,7.2500792178219,7.0017872404473,7.0882840307452,2729600.1041287
1994-07-19,7.1603259213967,7.1907975144444,6.8416535360886,6.9203081279577,4155999.2320622
1994-07-20,6.8416535360886,6.9084119116969,6.5891746222647,6.6589236667654,7763199.9180223
1994-07-21,6.6589236667654,7.118390097595,6.6213741573391,7.0017872404473,10338399.559706
1994-07-22,7.912545607134,7.989538716285,7.4995674627534,7.7504845828224,28091999.690981
1994-07-25,7.7802251234742,7.9711294877699,7.690837353247,7.9200555090192,15094799.439459
1994-07-26,7.9390961009672,7.9979790484924,7.7802251234742,7.8395068268517,6743199.0888456
1994-07-27,7.8094007600019,7.8395068268517,7.6584716699008,7.760885464637,4777999.5025543
1994-07-28,7.7504845828224,8.0284506415401,7.7193483966875,7.9711294877699,8761200.1873349
1994-07-29,7.9711294877699,8.5010095561873,7.9711294877699,8.4207267112546,19848798.541907
1994-08-01,8.3994929621189,8.4397673032026,8.1879197528116,8.3503130736667,8188401.2712208
1994-08-02,8.3788905764159,8.3994929621189,8.1007915990808,8.1424615856477,9627201.4610354
1994-08-03,8.1879197528116,8.3101051918917,8.0284506415401,8.2806637181291,8101600.6693009
1994-08-04,8.2806637181291,8.4397673032026,8.2806637181291,8.3101051918917,6598399.6591574
1994-08-05,8.2194214651444,8.3503130736667,8.2194214651444,8.3101051918917,3107601.2673093
1994-08-08,8.2806637181291,8.5010095561873,8.2511557850578,8.4397673032026,5045599.0359043
1994-08-09,8.3788905764159,8.469840140398,8.2806637181291,8.3994929621189,2807199.6774525
1994-08-10,8.3994929621189,8.7204581935778,8.3101051918917,8.6510082159663,9056000.4851052
1994-08-11,8.5586630065011,8.7806370976229,8.469840140398,8.5806610376872,10646000.291552
1994-08-12,8.6005988303029,8.7806370976229,8.469840140398,8.6896210743321,6416000.4101487
1994-08-15,8.6896210743321,8.750231963884,8.5586630065011,8.6510082159663,4288399.2249239
1994-08-16,8.6005988303029,8.6896210743321,8.5010095561873,8.6896210743321,5562000.0737943
1994-08-17,8.7204581935778,8.8471628656508,8.6510082159663,8.750231963884,10220800.834251
1994-08-18,8.6896210743321,8.8107763941271,8.6188751402006,8.6510082159663,7366400.8764996
1994-08-19,8.6896210743321,8.750231963884,8.5586630065011,8.7204581935778,4662399.2932221
1994-08-22,8.6896210743321,8.750231963884,8.6510082159663,8.7204581935778,5443599.1732785
1994-08-23,8.7204581935778,8.9716411508817,8.6896210743321,8.750231963884,7658799.1330348
1994-08-24,8.6896210743321,8.750231963884,8.6005988303029,8.7204581935778,6128000.0928283
1994-08-25,8.5586630065011,9.1019013959711,8.5586630065011,8.7699039192648,10671199.19946
1994-08-26,8.8107763941271,9.0279321853668,8.8107763941271,8.9411363281796,7292799.7498212
1994-08-29,8.9411363281796,9.0279321853668,8.8107763941271,8.8471628656508,5432399.3276234
1994-08-30,8.8107763941271,9.1019013959711,8.7806370976229,9.0590683715017,6502799.6578565
1994-08-31,9.0010826246442,9.3494955506042,8.9411363281796,9.0389976602685,12565599.794749
1994-09-01,8.8471628656508,8.9411363281796,8.6510082159663,8.750231963884,7296000.2646038
1994-09-02,8.8107763941271,8.8789304152185,8.750231963884,8.8471628656508,3618001.0691394
1994-09-06,8.8107763941271,8.9008287574415,8.750231963884,8.8900291197746,3265200.1981719
1994-09-07,8.9008287574415,9.1500511651381,8.8471628656508,9.0279321853668,7281998.8851442
1994-09-08,9.0010826246442,9.0590683715017,8.9008287574415,9.0279321853668,5672798.9993613
1994-09-09,8.9411363281796,9.0010826246442,8.8471628656508,8.9411363281796,5615601.0827223
1994-09-12,8.9008287574415,8.9411363281796,8.8471628656508,8.9411363281796,3233600.8324777
1994-09-13,8.9411363281796,9.0590683715017,8.9008287574415,8.9607750539061,3722399.2961707
1994-09-14,8.9008287574415,8.9411363281796,8.750231963884,8.7806370976229,3538798.3494384
1994-09-15,8.7806370976229,9.0279321853668,8.7806370976229,9.0010826246442,9248399.6575679
1994-09-16,8.9716411508817,9.3089221426311,8.8789304152185,9.1019013959711,13005200.364829
1994-09-19,9.1019013959711,9.1893618462455,8.8789304152185,8.8789304152185,6226800.3982566
1994-09-20,8.7806370976229,8.8471628656508,8.6005988303029,8.6405076451887,7044800.3601546
1994-09-21,8.6188751402006,8.6510082159663,8.4397673032026,8.5305174892586,8387200.2394111
1994-09-22,8.5586630065011,8.5586630065011,8.3994929621189,8.469840140398,5222799.7956921
1994-09-23,8.469840140398,8.6188751402006,8.469840140398,8.47907798431,4745599.1956371
1994-09-26,8.469840140398,8.6188751402006,8.3994929621189,8.47907798431,5060800.6986882
1994-09-27,8.4397673032026,8.5305174892586,8.3503130736667,8.469840140398,3896002.5162819
1994-09-28,8.5010095561873,8.6005988303029,8.3994929621189,8.469840140398,2902399.2833759
1994-09-29,8.4397673032026,8.6005988303029,8.3503130736667,8.5305174892586,3906399.6150979
1994-09-30,8.5305174892586,8.6188751402006,8.3994929621189,8.4207267112546,2560798.7395612
1994-10-03,8.3994929621189,8.4397673032026,8.1211613772032,8.2806637181291,4628399.1502241
1994-10-04,8.3101051918917,8.5010095561873,8.2511557850578,8.4397673032026,5799600.2279991
1994-10-05,8.3994929621189,9.5289689138001,8.3503130736667,9.4706508703991,25349998.795814
1994-10-06,9.3494955506042,9.3697656397635,9.0010826246442,9.0590683715017,18818399.31989
1994-10-07,9.0279321853668,9.2695782318694,8.8789304152185,9.2486103199686,13013999.493367
1994-10-10,9.2800455729927,9.8986820482045,9.2486103199686,9.7168826092034,18693200.665851
1994-10-11,10.349309390974,10.470398251461,9.8508978052355,9.8986820482045,30082400.201451
1994-10-12,9.8986820482045,10.650270370509,9.7804841676476,10.531075600321,21332800.405617
1994-10-13,10.650270370509,10.719354821922,10.147904455901,10.280191709907,18760800.887499
1994-10-14,10.380113280566,10.499939414186,10.222272422358,10.280191709907,6287599.8871149
1994-10-17,10.222272422358,10.380113280566,9.7168826092034,9.9399865085734,10856801.611488
1994-10-18,10.147904455901,10.401014733158,10.116768269766,10.308004930605,16738798.995063
1994-10-19,10.25071700649,10.531075600321,10.25071700649,10.308004930605,12538798.793741
1994-10-20,10.308004930605,10.459698302757,10.116768269766,10.25071700649,7790799.4226719
1994-10-21,10.190139346592,10.688550932331,10.190139346592,10.650270370509,11525200.709465
1994-10-24,10.688550932331,10.781926261081,10.470398251461,10.560915829936,7303600.8552469
1994-10-25,10.401014733158,10.650270370509,10.380113280566,10.650270370509,10767200.619321
1994-10-26,10.650270370509,10.809074888693,10.650270370509,10.809074888693,7027600.3317157
1994-10-27,10.809074888693,10.940730779266,10.61910095472,10.688550932331,5693200.8667013
1994-10-28,10.600492348278,10.719354821922,10.438464553621,10.531075600321,9761599.97002
1994-10-31,10.499939414186,10.85127654973,10.380113280566,10.792725898748,12710799.318879
1994-11-01,10.719354821922,10.870051304443,10.600492348278,10.781926261081,7789200.0680886
1994-11-02,10.781926261081,10.809074888693,10.349309390974,10.349309390974,7812399.9181881
1994-11-03,10.438464553621,10.499939414186,10.25071700649,10.380113280566,3947200.4006051
1994-11-04,10.380113280566,10.401014733158,10.003488378055,10.099056863993,6858798.3050889
1994-11-07,10.099056863993,10.308004930605,10.029374278801,10.190139346592,4037201.186278
1994-11-08,10.147904455901,10.650270370509,10.060842761479,10.560915829936,12463200.204215
1994-11-09,10.688550932331,10.751487897688,10.25071700649,10.401014733158,14512001.382324
1994-11-10,10.438464553621,10.470398251461,10.25071700649,10.329271909396,5463599.4114034
1994-11-11,10.308004930605,10.380113280566,10.25071700649,10.280191709907,2224000.2920389
1994-11-14,10.308004930605,10.688550932331,10.308004930605,10.61910095472,4986800.2900956
1994-11-15,10.61910095472,10.751487897688,10.308004930605,10.349309390974,5986402.2612924
1994-11-16,10.190139346592,10.390912918233,10.147904455901,10.23433478689,6692800.279942
1994-11-17,10.222272422358,10.25071700649,9.970723938856,10.003488378055,5372799.6405917
1994-11-18,10.003488378055,10.116768269766,9.8986820482045,10.003488378055,5251199.5193182
1994-11-21,10.003488378055,10.060842761479,9.5007901669032,9.5289689138001,7235601.2614037
1994-11-22,9.4398802104621,9.7804841676476,9.3089221426311,9.3494955506042,8012001.0012518
1994-11-23,9.2486103199686,9.4706508703991,9.1019013959711,9.2204315730716,11707600.169129
1994-11-25,9.2204315730716,9.4398802104621,9.1893618462455,9.4398802104621,3008000.8933726
1994-11-28,9.3992403431804,9.558443617217,9.3305214179649,9.4605490554738,4952799.3947575
1994-11-29,9.5007901669032,9.6222777832417,9.4398802104621,9.558443617217,5147599.3746176
1994-11-30,9.6010108044516,9.8508978052355,9.2486103199686,9.3089221426311,11144001.258428
1994-12-01,9.2486103199686,9.3992403431804,9.0010826246442,9.0389976602685,11047199.017719
1994-12-02,9.1199450982884,9.1893618462455,8.9008287574415,9.1386201640384,6152000.0716235
1994-12-05,9.1199450982884,9.3494955506042,9.0279321853668,9.2902803065354,6438398.7773405
1994-12-06,9.2486103199686,9.6010108044516,9.2204315730716,9.3907667813187,8503199.3996278
1994-12-07,9.3803326698498,9.4605490554738,9.0180962076763,9.1500511651381,4903599.2140301
1994-12-08,9.2204315730716,9.2486103199686,8.9411363281796,8.9716411508817,6066400.3248063
1994-12-09,8.9716411508817,9.1019013959711,8.6896210743321,9.0590683715017,9311598.7801732
1994-12-12,9.1019013959711,9.1893618462455,8.8789304152185,9.1199450982884,8002800.0930302
1994-12-13,9.1500511651381,9.2303340100708,9.0590683715017,9.1019013959711,4257200.2546071
1994-12-14,9.1199450982884,9.5289689138001,9.1199450982884,9.4706508703991,11122398.74664
1994-12-15,9.5007901669032,9.6010108044516,9.2204315730716,9.2800455729927,8128399.1424467
1994-12-16,9.3089221426311,9.4398802104621,9.1893618462455,9.3089221426311,6420799.7077362
1994-12-19,9.3089221426311,9.8508978052355,9.3089221426311,9.7804841676476,11886400.133032
1994-12-20,9.7804841676476,9.8092942779773,9.6010108044516,9.6222777832417,6255200.9645035
1994-12-21,9.4706508703991,9.6222777832417,9.3803326698498,9.6010108044516,5622801.3682688
1994-12-22,9.6222777832417,9.7168826092034,9.558443617217,9.6537794955746,4752798.2774395
1994-12-23,9.6222777832417,9.8508978052355,9.6222777832417,9.7168826092034,3353201.0533225
1994-12-27,9.8092942779773,9.9399865085734,9.7168826092034,9.7804841676476,2925600.4876875
1994-12-28,9.7804841676476,9.8092942779773,9.558443617217,9.7804841676476,3184401.1332479
1994-12-29,9.8092942779773,9.970723938856,9.7804841676476,9.8813029389745,4333600.3872275
1994-12-30,9.8508978052355,9.970723938856,9.688105728528,9.7477529581034,2610400.4592229
1995-01-03,9.7168826092034,9.7168826092034,9.4706508703991,9.6010108044516,3709602.0821101
1995-01-04,9.6537794955746,9.8986820482045,9.6537794955746,9.8508978052355,5667199.8439206
1995-01-05,9.8092942779773,9.8508978052355,9.688105728528,9.7168826092034,2629999.2186007
1995-01-06,10.401014733158,10.781926261081,10.280191709907,10.499939414186,38450800.124938
1995-01-09,10.401014733158,10.470398251461,10.25071700649,10.300827325264,9788799.6510706
1995-01-10,10.308004930605,10.999979252989,10.308004930605,10.921058823885,21956800.636725
1995-01-11,10.940730779266,12.020428708716,10.669543570037,11.689993025765,31208000.503979
1995-01-12,11.527932001453,11.599940662451,11.188291704244,11.350020432012,19706400.100178
1995-01-13,11.527932001453,11.527932001453,11.100864483624,11.217766407661,12549199.9251
1995-01-16,11.217766407661,11.311474032955,11.057964999846,11.121167802438,6749200.6559351
1995-01-17,11.121167802438,11.380192958171,11.028789363319,11.24923489034,11789598.313633
1995-01-18,11.24923489034,11.399466157699,11.188291704244,11.399466157699,4559199.844835
1995-01-19,11.380192958171,11.500019091791,11.24923489034,11.470876684918,11224798.878859
1995-01-20,11.74964025534,11.74964025534,10.61910095472,10.650270370509,35727200.685091
1995-01-23,10.470398251461,10.650270370509,10.25071700649,10.560915829936,14233599.750459
1995-01-24,10.560915829936,10.600492348278,10.349309390974,10.401014733158,7789200.0680886
1995-01-25,9.8813029389745,10.499939414186,9.8813029389745,10.239983828131,18466799.665148
1995-01-26,10.222272422358,10.380113280566,9.8092942779773,9.8813029389745,8799599.533479
1995-01-27,9.970723938856,10.099056863993,9.7477529581034,9.970723938856,10663198.63475
1995-01-30,10.029374278801,10.116768269766,9.970723938856,10.029374278801,8235201.1862356
1995-01-31,10.116768269766,10.222272422358,10.003488378055,10.099056863993,7599200.9506833
1995-02-01,10.190139346592,10.190139346592,9.970723938856,10.029374278801,5655999.6070486
1995-02-02,10.029374278801,10.470398251461,10.029374278801,10.401014733158,7270799.0093955
1995-02-03,10.499939414186,10.531075600321,10.099056863993,10.116768269766,11400400.645187
1995-02-06,10.190139346592,10.190139346592,9.8813029389745,10.116768269766,8679599.1580055
1995-02-07,10.099056863993,10.25071700649,10.003488378055,10.21047589506,7199999.5970831
1995-02-08,10.25071700649,10.600492348278,10.222272422358,10.58121914875,14387999.219815
1995-02-09,10.531075600321,10.971833735746,10.531075600321,10.900722275417,16978399.380726
1995-02-10,10.900722275417,11.039024096861,10.85127654973,10.940730779266,12534400.914713
1995-02-13,10.87879070354,11.121167802438,10.809074888693,10.940730779266,10120399.75984
1995-02-14,10.940730779266,11.028789363319,10.650270370509,10.728526206526,5914799.1090521
1995-02-15,10.809074888693,10.87879070354,10.61910095472,10.640401163164,6588401.3306643
1995-02-16,10.781926261081,10.809074888693,10.650270370509,10.792725898748,7813600.1112316
1995-02-17,10.719354821922,10.751487897688,10.61910095472,10.61910095472,4349600.674027
1995-02-21,10.650270370509,10.688550932331,10.222272422358,10.25071700649,10770799.693771
1995-02-22,10.147904455901,10.25071700649,10.029374278801,10.21047589506,10479199.609847
1995-02-23,10.280191709907,10.470398251461,10.003488378055,10.041802169531,11239599.303645
1995-02-24,10.029374278801,10.099056863993,9.6222777832417,9.7477529581034,20314799.717618
1995-02-27,9.558443617217,9.7477529581034,9.5289689138001,9.558443617217,9600399.7076869
1995-02-28,9.6222777832417,9.970723938856,9.5007901669032,9.8813029389745,7963199.8315962
1995-03-01,9.9399865085734,10.029374278801,9.8600359601843,10.003488378055,8015999.7187396
1995-03-02,10.029374278801,10.190139346592,9.9399865085734,10.003488378055,9598000.4952504
1995-03-03,9.9399865085734,10.170135094668,9.8813029389745,10.060842761479,5206000.8547835
1995-03-06,9.9399865085734,10.003488378055,9.8813029389745,9.9399865085734,4739999.1072948
1995-03-07,9.970723938856,9.970723938856,9.558443617217,9.57904600292,5385199.6792903
1995-03-08,9.688105728528,10.029374278801,9.4398802104621,9.8902084863428,13031201.778826
1995-03-09,9.970723938856,10.099056863993,9.8508978052355,9.9399865085734,7024399.064593
1995-03-10,9.8986820482045,10.099056863993,9.8508978052355,9.8813029389745,4907600.339006
1995-03-13,9.8986820482045,9.8986820482045,9.5007901669032,9.5289689138001,11633999.644322
1995-03-14,9.558443617217,9.558443617217,8.6188751402006,8.750231963884,25995201.745204
1995-03-15,8.8789304152185,9.0590683715017,8.7204581935778,8.750231963884,26105998.564219
1995-03-16,8.8107763941271,9.0010826246442,8.750231963884,8.8107763941271,11311998.852974
1995-03-17,8.8789304152185,8.8789304152185,8.7204581935778,8.7806370976229,7701600.6615915
1995-03-20,8.7806370976229,8.9008287574415,8.750231963884,8.8107763941271,6781600.3308866
1995-03-21,8.8789304152185,9.1893618462455,8.8107763941271,9.0590683715017,10906000.106974
1995-03-22,9.0590683715017,9.8813029389745,9.0590683715017,9.5190997064553,17112399.661073
1995-03-23,9.4706508703991,9.5007901669032,9.2401035284525,9.2800455729927,6074799.0880609
1995-03-24,9.3494955506042,9.4706508703991,9.3089221426311,9.4398802104621,4575598.1496173
1995-03-27,9.3992403431804,9.3992403431804,9.1500511651381,9.2902803065354,5100000.5346512
1995-03-28,9.0590683715017,9.0914672845022,8.5305174892586,8.6005988303029,24635601.024981
1995-03-29,8.5010095561873,8.7204581935778,8.469840140398,8.6005988303029,17745600.048062
1995-03-30,8.6510082159663,8.8789304152185,8.6188751402006,8.8471628656508,9764799.0403098
1995-03-31,8.7806370976229,8.9008287574415,8.6896210743321,8.8107763941271,6544399.0974728
1995-04-03,8.8789304152185,8.9411363281796,8.7806370976229,8.8789304152185,5510799.6616085
1995-04-04,8.9411363281796,8.9716411508817,8.3994929621189,8.469840140398,15292799.272042
1995-04-05,8.5305174892586,8.6896210743321,8.4397673032026,8.6896210743321,9459199.8038531
1995-04-06,9.3089221426311,9.5007901669032,8.8789304152185,9.1893618462455,25815201.497976
1995-04-07,9.2486103199686,9.2800455729927,9.0590683715017,9.1893618462455,10561598.962256
1995-04-10,9.2204315730716,9.2486103199686,9.0279321853668,9.1500511651381,4207199.7345288
1995-04-11,9.1893618462455,9.4706508703991,9.1500511651381,9.4398802104621,7661199.0978114
1995-04-12,9.558443617217,9.8986820482045,9.3494955506042,9.7477529581034,16953998.675524
1995-04-13,9.8092942779773,9.8092942779773,9.4706508703991,9.558443617217,6227201.09457
1995-04-17,9.5289689138001,9.8508978052355,9.4706508703991,9.6010108044516,7457599.8389447
1995-04-18,9.6222777832417,9.6537794955746,9.3803326698498,9.3803326698498,8254799.975707
1995-04-19,9.3803326698498,9.3803326698498,8.9008287574415,9.1019013959711,9979599.8902605
1995-04-20,9.2800455729927,9.6222777832417,9.1500511651381,9.3992403431804,11768000.887664
1995-04-21,9.3089221426311,9.8813029389745,9.2800455729927,9.7804841676476,23808000.662292
1995-04-24,9.7477529581034,9.8986820482045,9.6222777832417,9.7477529581034,9722799.6868137
1995-04-25,9.7804841676476,9.8508978052355,9.3089221426311,9.4398802104621,9772801.0495128
1995-04-26,9.3992403431804,9.688105728528,9.3494955506042,9.558443617217,8230000.0186842
1995-04-27,9.6222777832417,9.6222777832417,9.4398802104621,9.4706508703991,4995201.1599024
1995-04-28,9.5007901669032,9.6010108044516,9.3803326698498,9.558443617217,6975599.7607406
1995-05-01,9.558443617217,9.688105728528,9.5007901669032,9.558443617217,6355599.4207709
1995-05-02,9.558443617217,9.6010108044516,9.3803326698498,9.5289689138001,4286000.1629554
1995-05-03,9.558443617217,9.6537794955746,9.5007901669032,9.5289689138001,6027998.4507996
1995-05-04,9.558443617217,9.970723938856,9.5007901669032,9.6222777832417,10844399.436144
1995-05-05,9.688105728528,9.7804841676476,9.5289689138001,9.7168826092034,7428801.2848086
1995-05-08,9.970723938856,10.25071700649,9.9399865085734,10.116768269766,13820399.394794
1995-05-09,10.147904455901,10.349309390974,10.003488378055,10.308004930605,11533200.882958
1995-05-10,10.380113280566,10.470398251461,10.190139346592,10.360773621728,9824000.2278609
1995-05-11,10.401014733158,10.401014733158,10.099056863993,10.25071700649,18700799.631439
1995-05-12,10.222272422358,10.921058823885,10.116768269766,10.900722275417,23141200.286933
1995-05-15,10.781926261081,10.940730779266,10.61910095472,10.900722275417,14048399.719986
1995-05-16,10.781926261081,11.100864483624,10.61910095472,10.940730779266,11875599.960508
1995-05-17,10.940730779266,11.100864483624,10.87879070354,10.999979252989,9398000.0700853
1995-05-18,11.028789363319,11.028789363319,10.809074888693,10.85127654973,13270400.053776
1995-05-19,10.719354821922,10.940730779266,10.650270370509,10.688550932331,11521199.76505
1995-05-22,10.61910095472,11.028789363319,10.560915829936,11.028789363319,13281600.531397
1995-05-23,11.028789363319,11.100864483624,10.87879070354,10.971833735746,9880798.8324921
1995-05-24,10.940730779266,11.057964999846,10.719354821922,10.87879070354,9452401.1174281
1995-05-25,10.809074888693,10.999979252989,10.751487897688,10.85127654973,6530800.4005044
1995-05-26,10.751487897688,10.781926261081,10.560915829936,10.669543570037,4091198.8890704
1995-05-30,10.650270370509,10.719354821922,10.380113280566,10.499939414186,7013599.2832857
1995-05-31,10.531075600321,10.531075600321,10.25071700649,10.390912918233,5697600.6115322
1995-06-01,10.470398251461,10.61910095472,10.438464553621,10.54150971179,6668800.6622701
1995-06-02,10.470398251461,10.600492348278,10.380113280566,10.531075600321,3774799.1189663
1995-06-05,10.600492348278,10.87879070354,10.531075600321,10.87879070354,9094800.7984051
1995-06-06,10.900722275417,11.100864483624,10.87879070354,10.999979252989,11259600.655233
1995-06-07,11.028789363319,11.028789363319,10.781926261081,10.781926261081,4447199.1613572
1995-06-08,10.85127654973,10.85127654973,10.531075600321,10.728526206526,4862000.4966602
1995-06-09,10.900722275417,10.940730779266,10.781926261081,10.87879070354,6665200.7752924
1995-06-12,10.999979252989,11.121167802438,10.971833735746,11.039024096861,7575601.5779208
1995-06-13,11.121167802438,11.151639395486,10.971833735746,10.999979252989,4497998.8170423
1995-06-14,10.971833735746,10.971833735746,10.85127654973,10.900722275417,4216001.2404619
1995-06-15,10.900722275417,10.940730779266,10.85127654973,10.900722275417,3312799.670104
1995-06-16,10.971833735746,10.999979252989,10.87879070354,10.971833735746,3185999.1637127
1995-06-19,10.971833735746,11.311474032955,10.87879070354,11.100864483624,16769199.732581
1995-06-20,11.500019091791,11.937520721089,11.500019091791,11.84979443358,26376000.349459
1995-06-21,11.902230828159,12.529008568689,11.689993025765,12.350166568926,22357600.231445
1995-06-22,12.249613634834,12.39768497466,12.15072218346,12.280749820969,16925600.005174
1995-06-23,12.189069204591,12.249613634834,11.937520721089,12.189069204591,8284398.41779
1995-06-26,12.059706160169,12.121313939352,11.902230828159,12.031527413272,5456400.2694138
1995-06-27,11.84979443358,12.059706160169,11.599940662451,11.599940662451,7753598.855172
1995-06-28,11.500019091791,11.880266026628,11.350020432012,11.650084210879,9512798.1645441
1995-06-29,11.599940662451,12.031527413272,11.500019091791,11.809885618694,8305599.9323281
1995-06-30,11.809885618694,11.969321500311,11.527932001453,11.610474462883,5910399.2739404
1995-07-03,11.621207641241,11.77974632219,11.55870266139,11.72966923307,1406799.5560285
1995-07-05,11.720497848467,11.969321500311,11.621207641241,11.621207641241,6323598.6666104
1995-07-06,11.621207641241,11.74964025534,11.440803847723,11.74964025534,6574799.8349909
1995-07-07,11.720497848467,12.312882896735,11.689993025765,12.15072218346,13825598.064577
1995-07-10,12.15072218346,12.471022821832,12.031527413272,12.15072218346,10640400.895363
1995-07-11,11.937520721089,12.15072218346,11.769943574154,11.77974632219,7667598.592603
1995-07-12,11.809885618694,12.00078998299,11.527932001453,11.74964025534,10135999.952198
1995-07-13,11.84979443358,12.189069204591,11.77974632219,11.902230828159,12583198.954634
1995-07-14,11.84979443358,12.249613634834,11.74964025534,12.189069204591,9926000.6267614
1995-07-17,12.216982114253,12.43998632466,12.15072218346,12.249613634834,8077199.6631626
1995-07-18,12.249613634834,12.388845886601,11.937520721089,12.031527413272,9094000.1280246
1995-07-19,11.74964025534,12.00078998299,11.24923489034,11.380192958171,18608398.730522
1995-07-20,11.500019091791,11.84979443358,11.24923489034,11.769943574154,11831199.438491
1995-07-21,10.751487897688,11.217766407661,10.751487897688,10.940730779266,27067199.865153
1995-07-24,10.999979252989,11.380192958171,10.940730779266,11.350020432012,7665200.2829745
1995-07-25,11.500019091791,11.599940662451,11.399466157699,11.440803847723,9411601.4453843
1995-07-26,11.55870266139,11.55870266139,11.350020432012,11.350020432012,6123199.7118712
1995-07-27,11.380192958171,11.880266026628,11.380192958171,11.709997277689,11613600.244657
1995-07-28,11.689993025765,11.809885618694,11.24923489034,11.380192958171,9319200.5143732
1995-07-31,11.380192958171,11.399466157699,11.188291704244,11.24923489034,5661600.7486671
1995-08-01,11.217766407661,11.217766407661,10.87879070354,10.87879070354,7532799.5377728
1995-08-02,10.971833735746,11.24923489034,10.940730779266,11.100864483624,9826000.6699745
1995-08-03,11.028789363319,11.399466157699,10.971833735746,11.24923489034,7640400.3861389
1995-08-04,11.24923489034,11.282265166773,10.940730779266,11.057964999846,6868399.2475648
1995-08-07,11.028789363319,11.151639395486,10.781926261081,10.85127654973,6919999.4833496
1995-08-08,10.900722275417,10.940730779266,10.600492348278,10.61910095472,8378400.4488133
1995-08-09,10.650270370509,10.940730779266,10.61910095472,10.781926261081,13179200.760302
1995-08-10,10.781926261081,10.809074888693,10.650270370509,10.688550932331,5858000.8354505
1995-08-11,10.719354821922,10.781926261081,10.470398251461,10.772422579935,7390400.0126739
1995-08-14,10.751487897688,10.940730779266,10.719354821922,10.85127654973,5978799.4738163
1995-08-15,10.971833735746,11.028789363319,10.781926261081,11.01835525185,11352400.657503
1995-08-16,10.999979252989,11.121167802438,10.900722275417,11.121167802438,10451201.2145
1995-08-17,11.151639395486,11.380192958171,11.028789363319,11.151639395486,8817599.8410816
1995-08-18,11.217766407661,11.282265166773,10.940730779266,11.217766407661,8612798.8543977
1995-08-21,11.217766407661,11.350020432012,11.028789363319,11.028789363319,9706400.3889425
1995-08-22,11.100864483624,11.282265166773,11.028789363319,11.188291704244,7751600.339049
1995-08-23,11.217766407661,11.470876684918,11.151639395486,11.380192958171,9064398.9775174
1995-08-24,11.399466157699,11.55870266139,11.380192958171,11.440803847723,10283199.918441
1995-08-25,11.470876684918,11.470876684918,11.151639395486,11.188291704244,4797998.8980583
1995-08-28,11.217766407661,11.24923489034,10.751487897688,10.751487897688,8680000.3960038
1995-08-29,10.751487897688,10.809074888693,10.61910095472,10.781926261081,11323598.582415
1995-08-30,10.809074888693,10.940730779266,10.781926261081,10.85127654973,5481200.1361558
1995-08-31,10.85127654973,10.87879070354,10.751487897688,10.751487897688,3137998.8449991
1995-09-01,10.751487897688,10.87879070354,10.719354821922,10.728526206526,3513600.4647135
1995-09-05,10.87879070354,10.87879070354,10.688550932331,10.87879070354,6427599.0261268
1995-09-06,10.971833735746,11.039024096861,10.87879070354,10.940730779266,7169999.5859721
1995-09-07,10.999979252989,11.329418046309,10.940730779266,11.188291704244,9368799.4654235
1995-09-08,11.188291704244,11.217766407661,11.121167802438,11.188291704244,6241999.7137395
1995-09-11,11.217766407661,11.380192958171,11.057964999846,11.057964999846,6160401.0016175
1995-09-12,11.121167802438,11.217766407661,10.650270370509,10.728526206526,11651999.049117
1995-09-13,10.719354821922,10.85127654973,10.499939414186,10.600492348278,11526799.010772
1995-09-14,10.349309390974,10.401014733158,9.9399865085734,10.003488378055,19662800.098074
1995-09-15,9.3494955506042,9.970723938856,8.8789304152185,8.9716411508817,43284400.566943
1995-09-18,9.1019013959711,9.2106952843443,8.9716411508817,9.1713846032369,22195999.543641
1995-09-19,9.1893618462455,9.2800455729927,9.0279321853668,9.1893618462455,17500800.149996
1995-09-20,9.3089221426311,9.3494955506042,9.1199450982884,9.1500511651381,11493197.939033
1995-09-21,9.1199450982884,9.3803326698498,9.1019013959711,9.2486103199686,12404799.927793
1995-09-22,9.2204315730716,9.3089221426311,9.1019013959711,9.2695782318694,14237200.901368
1995-09-25,9.558443617217,9.558443617217,9.3494955506042,9.3803326698498,11257600.814991
1995-09-26,9.4398802104621,9.4706508703991,9.2800455729927,9.3494955506042,8960799.1036593
1995-09-27,9.3803326698498,9.3803326698498,8.6896210743321,9.0590683715017,16115599.614897
1995-09-28,9.1199450982884,9.4706508703991,9.1199450982884,9.4398802104621,11828000.187639
1995-09-29,9.5007901669032,9.558443617217,9.2204315730716,9.3089221426311,10121999.626015
1995-10-02,9.4398802104621,9.6222777832417,9.3803326698498,9.3992403431804,14000000.480482
1995-10-03,9.5289689138001,9.6222777832417,9.2800455729927,9.3992403431804,10350798.334473
1995-10-04,9.1500511651381,9.2486103199686,9.0010826246442,9.1019013959711,9527599.7027929
1995-10-05,9.0590683715017,9.1500511651381,8.9716411508817,9.1199450982884,8716801.4709343
1995-10-06,9.1893618462455,9.2486103199686,8.9008287574415,8.9208330093659,11037199.455388
1995-10-09,8.8471628656508,8.9411363281796,8.6005988303029,8.7092598000586,13306000.183323
1995-10-10,8.6005988303029,8.750231963884,8.3994929621189,8.6706469416928,14295202.01625
1995-10-11,8.8107763941271,8.9008287574415,8.5305174892586,8.7204581935778,11888401.357579
1995-10-12,8.750231963884,8.8471628656508,8.6896210743321,8.8277899771592,5787600.0730867
1995-10-13,8.9411363281796,9.2204315730716,8.8789304152185,9.0010826246442,8399600.3382969
1995-10-16,9.0590683715017,9.2486103199686,8.9716411508817,9.0279321853668,6502400.4361296
1995-10-17,9.1199450982884,9.2204315730716,8.9716411508817,9.1500511651381,6379199.6963415
1995-10-18,9.2486103199686,9.8902084863428,9.1893618462455,9.3494955506042,18299999.976532
1995-10-19,8.9716411508817,9.0279321853668,8.6896210743321,8.6896210743321,33746401.448126
1995-10-20,8.8107763941271,8.8107763941271,8.6510082159663,8.7806370976229,13797599.729417
1995-10-23,8.7806370976229,8.7806370976229,8.6896210743321,8.7806370976229,7064398.9690644
1995-10-24,8.8789304152185,8.8789304152185,8.7204581935778,8.7806370976229,7624798.59882
1995-10-25,8.8107763941271,8.8471628656508,8.6896210743321,8.6896210743321,4760798.4509329
1995-10-26,8.7204581935778,8.750231963884,8.6188751402006,8.7204581935778,4495198.9684796
1995-10-27,8.7204581935778,8.7204581935778,8.5305174892586,8.6896210743321,5507598.5449539
1995-10-30,8.7204581935778,8.8107763941271,8.6510082159663,8.8107763941271,6272800.0040141
1995-10-31,8.8107763941271,9.1500511651381,8.7806370976229,9.0806676468354,10329200.78813
1995-11-01,9.1500511651381,9.2800455729927,8.8789304152185,9.1500511651381,6901199.4984554
1995-11-02,9.2204315730716,9.2204315730716,9.0590683715017,9.1500511651381,5455601.1939943
1995-11-03,9.1893618462455,9.2204315730716,8.9716411508817,9.1199450982884,6408400.8125945
1995-11-06,9.1199450982884,9.688105728528,9.1019013959711,9.5289689138001,11134799.507586
1995-11-07,9.4398802104621,10.116768269766,9.3803326698498,9.8986820482045,26299600.3974
1995-11-08,9.9399865085734,10.25071700649,9.688105728528,9.7168826092034,12815198.900122
1995-11-09,9.9399865085734,10.003488378055,9.7168826092034,9.8508978052355,9289599.664802
1995-11-10,9.8508978052355,10.060842761479,9.7168826092034,9.9399865085734,7968399.1032506
1995-11-13,10.060842761479,10.308004930605,10.003488378055,10.222272422358,11334800.504529
1995-11-14,10.25071700649,10.61910095472,10.25071700649,10.380113280566,14545599.956294
1995-11-15,10.499939414186,10.499939414186,10.029374278801,10.25071700649,8862000.2728175
1995-11-16,10.222272422358,10.380113280566,9.8813029389745,9.9802276200029,8079599.8385944
1995-11-17,10.003488378055,10.099056863993,9.9399865085734,10.029374278801,4590400.5304871
1995-11-20,10.060842761479,10.060842761479,9.6222777832417,9.6537794955746,5301999.7768753
1995-11-21,9.688105728528,9.688105728528,9.4706508703991,9.6537794955746,6843198.4738541
1995-11-22,9.6537794955746,9.8092942779773,9.6222777832417,9.6537794955746,3528800.5024429
1995-11-24,9.7168826092034,10.099056863993,9.688105728528,10.041802169531,3926798.7740138
1995-11-27,10.147904455901,10.147904455901,9.8508978052355,9.8508978052355,4138400.7342364
1995-11-28,9.8508978052355,10.029374278801,9.8092942779773,10.003488378055,6296000.5161729
1995-11-29,10.029374278801,10.029374278801,9.7477529581034,9.8092942779773,3759599.683109
1995-11-30,9.7168826092034,9.7477529581034,9.5007901669032,9.5289689138001,6244799.5623023
1995-12-01,9.5007901669032,9.558443617217,9.2800455729927,9.3992403431804,7293199.5433266
1995-12-04,10.029374278801,10.029374278801,9.7477529581034,9.8813029389745,17167199.538926
1995-12-05,9.6222777832417,9.970723938856,9.558443617217,9.8813029389745,12985599.197963
1995-12-06,9.9399865085734,9.970723938856,9.6010108044516,9.688105728528,7182401.3099125
1995-12-07,9.688105728528,9.688105728528,9.4706508703991,9.6432124654883,5068799.9392799
1995-12-08,9.688105728528,9.8508978052355,9.4706508703991,9.8508978052355,5048400.0882112
1995-12-11,9.8813029389745,9.8986820482045,9.6010108044516,9.6537794955746,3987599.7374587
1995-12-12,9.6537794955746,9.6537794955746,9.5007901669032,9.5007901669032,6341199.0904267
1995-12-13,9.558443617217,9.7477529581034,9.1893618462455,9.6010108044516,24460799.628098
1995-12-14,9.7168826092034,9.8508978052355,9.5007901669032,9.558443617217,11910800.717859
1995-12-15,8.8789304152185,9.1500511651381,8.6005988303029,8.8107763941271,25959999.964669
1995-12-18,8.7806370976229,8.8107763941271,7.9711294877699,8.061248310393,23804799.06414
1995-12-19,8.1879197528116,8.3101051918917,8.061248310393,8.1879197528116,15388000.533114
1995-12-20,8.3788905764159,8.3994929621189,8.1211613772032,8.1518988074858,13061999.872268
1995-12-21,8.1879197528116,8.1879197528116,7.912545607134,8.1211613772032,11888401.357579
1995-12-22,8.1518988074858,8.2194214651444,8.0284506415401,8.061248310393,8380801.4066787
1995-12-26,8.1211613772032,8.1211613772032,7.9390961009672,8.018647893504,4982398.860023
1995-12-27,8.0284506415401,8.3503130736667,7.9711294877699,8.1007915990808,9591599.8268083
1995-12-28,8.0284506415401,8.1879197528116,7.9711294877699,7.9979790484924,8928401.0537623
1995-12-29,7.9979790484924,8.1007915990808,7.912545607134,7.9711294877699,10862000.221083
1996-01-02,8.061248310393,8.061248310393,7.9390961009672,8.0284506415401,4974799.8944344
1996-01-03,7.9979790484924,8.2194214651444,7.9711294877699,8.0284506415401,15351199.759119
1996-01-04,8.1007915990808,8.1007915990808,7.8395068268517,7.8909463318002,10720800.046407
1996-01-05,7.912545607134,8.5586630065011,7.8395068268517,8.5586630065011,15925999.749312
1996-01-08,8.6188751402006,8.8789304152185,8.5010095561873,8.6510082159663,4333600.3872275
1996-01-09,8.6510082159663,8.6510082159663,8.1879197528116,8.1879197528116,8972000.1229649
1996-01-10,8.1211613772032,8.6896210743321,8.061248310393,8.5586630065011,13051200.090961
1996-01-11,8.1518988074858,8.750231963884,8.1007915990808,8.750231963884,27026400.012547
1996-01-12,8.6896210743321,8.6896210743321,8.3101051918917,8.469840140398,14352001.373222
1996-01-15,8.4397673032026,8.6188751402006,8.3503130736667,8.5305174892586,12967200.842283
1996-01-16,8.6005988303029,8.6896210743321,8.3994929621189,8.6405076451887,12603999.381642
1996-01-17,8.6005988303029,8.6005988303029,8.4397673032026,8.5010095561873,8443198.8959082
1996-01-18,8.2194214651444,8.3503130736667,7.5909157825878,7.989538716285,24942400.304013
1996-01-19,7.7504845828224,7.9390961009672,7.3387691653075,7.4687635731621,29615199.554944
1996-01-22,7.4379929132252,7.7504845828224,7.3096599880886,7.619393596374,17848000.270562
1996-01-23,8.4397673032026,8.5010095561873,7.7504845828224,7.912545607134,35295999.32967
1996-01-24,8.0284506415401,8.061248310393,7.9390961009672,8.061248310393,23424801.220546
1996-01-25,7.9390961009672,7.9979790484924,7.5307036488883,7.5611087826273,15899999.057561
1996-01-26,7.5909157825878,7.8094007600019,7.1603259213967,7.6584716699008,26276801.093146
1996-01-29,7.2500792178219,7.4379929132252,7.1907975144444,7.2801852846716,11878397.582144
1996-01-30,6.7497070824757,7.0316606997165,6.7077047993652,6.832814448029,22244399.385017
1996-01-31,6.9399468536842,7.0017872404473,6.8416535360886,6.9084119116969,11716399.959726
1996-02-01,6.8777077110687,7.0882840307452,6.8777077110687,7.0882840307452,11894399.734747
1996-02-02,7.2212026481834,7.4098473959826,7.1907975144444,7.3096599880886,19856399.553861
1996-02-05,7.4187197136966,7.4379929132252,7.2500792178219,7.3096599880886,11383199.864408
1996-02-06,7.3096599880886,7.4995674627534,7.3096599880886,7.4098473959826,8079199.4733105
1996-02-07,7.4379929132252,7.4379929132252,6.9399468536842,7.0578124376975,12868799.728489
1996-02-08,6.8777077110687,7.0316606997165,6.8777077110687,6.9694215571011,9398800.8909338
1996-02-09,6.9694215571011,7.118390097595,6.9084119116969,6.9399468536842,7345999.731406
1996-02-12,7.0316606997165,7.118390097595,7.0017872404473,7.0882840307452,6938399.704832
1996-02-13,7.0017872404473,7.2212026481834,6.9694215571011,7.0316606997165,8160801.1346056
1996-02-14,7.0578124376975,7.0578124376975,6.8596972384058,6.9084119116969,5827999.9215315
1996-02-15,6.9084119116969,7.0316606997165,6.8416535360886,7.0017872404473,4359999.3377104
1996-02-16,7.0316606997165,7.0882840307452,6.8777077110687,6.8777077110687,5587199.1020761
1996-02-20,7.0017872404473,7.3810040559985,7.0017872404473,7.2500792178219,13461201.195774
1996-02-21,7.3387691653075,7.4379929132252,7.2801852846716,7.4098473959826,7922800.0734321
1996-02-22,7.4995674627534,7.5307036488883,7.4098473959826,7.4687635731621,6577999.8381823
1996-02-23,7.4687635731621,7.5611087826273,7.4098473959826,7.4687635731621,6188802.1095492
1996-02-26,7.4995674627534,7.5307036488883,7.3810040559985,7.3810040559985,4224400.4852142
1996-02-27,7.4687635731621,7.4687635731621,7.118390097595,7.1603259213967,5327201.0019901
1996-02-28,7.2212026481834,7.2212026481834,6.9084119116969,6.9399468536842,6711200.2606756
1996-02-29,6.8777077110687,6.9399468536842,6.8125111292153,6.8777077110687,4031600.1951276
1996-03-01,6.9084119116969,6.9084119116969,6.6589236667654,6.7195345563172,8254799.975707
1996-03-04,6.8125111292153,6.8416535360886,6.5610291050222,6.5610291050222,6698401.301186
1996-03-05,6.6213741573391,6.6890629632695,6.5610291050222,6.6589236667654,4229999.6105613
1996-03-06,6.6890629632695,6.7195345563172,6.529959378196,6.5397288965777,3537599.1795774
1996-03-07,6.5610291050222,6.5891746222647,6.3386894877024,6.4591802144101,9287998.925913
1996-03-08,6.4378800059657,6.5610291050222,6.2486038947336,6.4998200816919,5321599.7099036
1996-03-11,6.5610291050222,6.5891746222647,6.4378800059657,6.469979852077,4536000.3257651
1996-03-12,6.4998200816919,6.5891746222647,6.4126254686524,6.4591802144101,3434000.1182465
1996-03-13,6.469979852077,6.529959378196,6.4126254686524,6.4378800059657,3560001.5793119
1996-03-14,6.469979852077,6.469979852077,6.3815889714806,6.4126254686524,3334400.3461818
1996-03-15,6.4998200816919,6.4998200816919,6.3815889714806,6.469979852077,3620800.0750813
1996-03-18,6.4896185778035,6.529959378196,6.4378800059657,6.529959378196,3897599.5837514
1996-03-19,6.5891746222647,6.6213741573391,6.4126254686524,6.4378800059657,4441601.4203158
1996-03-20,6.4378800059657,6.4378800059657,6.2813683339322,6.3085501911983,4142399.993409
1996-03-21,6.3815889714806,6.3815889714806,6.2486038947336,6.2813683339322,3928001.1638903
1996-03-22,6.3085501911983,6.3386894877024,6.2204583774911,6.3386894877024,3841600.0244461
1996-03-25,6.3815889714806,6.4378800059657,6.0007106732114,6.0007106732114,5870400.8440555
1996-03-26,6.0007106732114,6.1202045102883,5.9119874960714,5.9712359697944,5742800.2390621
1996-03-27,5.8087761896306,6.3085501911983,5.7498932421055,6.3085501911983,15331999.64969
1996-03-28,6.1923128602486,6.4126254686524,6.0307835104068,6.0400213543187,10567600.469159
1996-03-29,6.0583641235252,6.1923128602486,5.9398007167703,6.1402419918671,5947199.5363436
1996-04-01,6.2813683339322,6.469979852077,6.1297414210895,6.3815889714806,5665599.7971845
1996-04-02,6.4126254686524,6.4126254686524,6.2204583774911,6.2486038947336,3622800.4269141
1996-04-03,6.2813683339322,6.2813683339322,6.078036078906,6.1402419918671,2579999.3906753
1996-04-04,6.1595151913957,6.1595151913957,6.0007106732114,6.0307835104068,3073200.0367809
1996-04-08,5.9712359697944,6.1202045102883,5.9398007167703,6.0891015538078,6029599.9420287
1996-04-09,6.2204583774911,6.6213741573391,6.0891015538078,6.4998200816919,8395600.2365034
1996-04-10,6.529959378196,6.6213741573391,6.469979852077,6.4998200816919,6241600.3716381
1996-04-11,6.529959378196,6.5610291050222,6.3815889714806,6.4378800059657,3509602.409285
1996-04-12,6.469979852077,6.469979852077,6.3386894877024,6.3815889714806,2908400.4893422
1996-04-15,6.3815889714806,6.4378800059657,6.2486038947336,6.4378800059657,5502798.4950263
1996-04-16,6.469979852077,6.4998200816919,6.4126254686524,6.469979852077,3622001.5019625
1996-04-17,6.469979852077,6.4998200816919,6.2813683339322,6.3085501911983,3050400.3413101
1996-04-18,6.3386894877024,6.3504527853457,6.0583641235252,6.1923128602486,7758801.2565611
1996-04-19,6.1595151913957,6.2813683339322,6.1595151913957,6.2594035324005,3635600.6503349
1996-04-22,6.3085501911983,6.3815889714806,6.2204583774911,6.2813683339322,3968399.5979358
1996-04-23,6.2813683339322,6.3085501911983,6.1595151913957,6.1923128602486,6069600.4483721
1996-04-24,6.1595151913957,6.1923128602486,6.0400213543187,6.0583641235252,4583599.9481652
1996-04-25,6.0891015538078,6.2204583774911,6.0307835104068,6.2204583774911,6228799.1250348
1996-04-26,6.2486038947336,6.2813683339322,6.1595151913957,6.1923128602486,6745199.7115208
1996-04-29,6.2486038947336,6.2486038947336,6.1202045102883,6.1923128602486,4323200.7304553
1996-04-30,6.2204583774911,6.2204583774911,6.0307835104068,6.0891015538078,4880799.0671552
1996-05-01,6.0891015538078,6.1923128602486,6.0307835104068,6.0891015538078,4025199.6771535
1996-05-02,6.1202045102883,6.1202045102883,5.8804857837385,5.9398007167703,6725199.9548935
1996-05-03,6.0307835104068,6.0307835104068,5.8804857837385,5.9712359697944,3873599.845705
1996-05-06,6.2204583774911,6.469979852077,6.1923128602486,6.4126254686524,10338799.894896
1996-05-07,6.5891746222647,6.8416535360886,6.5610291050222,6.7195345563172,12626400.005854
1996-05-08,6.8125111292153,6.8125111292153,6.4126254686524,6.6890629632695,6671200.9279826
1996-05-09,6.5891746222647,6.6213741573391,6.4378800059657,6.529959378196,3502799.6602238
1996-05-10,6.5610291050222,6.8416535360886,6.4998200816919,6.8125111292153,3949601.7195937
1996-05-13,6.7807435796475,6.9084119116969,6.6589236667654,6.7594433712031,6679199.5967959
1996-05-14,6.9399468536842,7.0017872404473,6.8777077110687,6.8777077110687,7058000.9789529
1996-05-15,6.9694215571011,7.2212026481834,6.9399468536842,7.118390097595,10441599.309029
1996-05-16,7.0578124376975,7.1603259213967,6.9694215571011,7.0882840307452,4645598.2156677
1996-05-17,7.0882840307452,7.0882840307452,6.8777077110687,6.9084119116969,4403599.9416866
1996-05-20,6.9694215571011,7.0316606997165,6.9084119116969,6.9913531289784,3018400.8811744
1996-05-21,7.0017872404473,7.0316606997165,6.7807435796475,6.7807435796475,4085199.3984394
1996-05-22,6.8416535360886,6.8416535360886,6.4378800059657,6.5102874228151,7209999.6409115
1996-05-23,6.529959378196,6.6589236667654,6.4378800059657,6.5610291050222,4430400.1000742
1996-05-24,6.5610291050222,6.7195345563172,6.529959378196,6.6890629632695,4044399.2148043
1996-05-28,6.6890629632695,6.8125111292153,6.5891746222647,6.5891746222647,3637599.0460835
1996-05-29,6.5610291050222,6.5610291050222,6.1923128602486,6.2204583774911,7839998.8510592
1996-05-30,6.2204583774911,6.4378800059657,6.1923128602486,6.3815889714806,3695199.6151201
1996-05-31,6.4126254686524,6.6589236667654,6.3815889714806,6.529959378196,5808798.3375157
1996-06-03,6.469979852077,6.4998200816919,6.1923128602486,6.1923128602486,4480798.0362633
1996-06-04,6.0007106732114,6.0891015538078,5.9712359697944,6.0400213543187,27222798.534464
1996-06-05,6.3386894877024,6.3815889714806,6.0583641235252,6.2813683339322,18217999.695382
1996-06-06,6.2486038947336,6.3085501911983,6.0307835104068,6.0583641235252,12931999.392779
1996-06-07,6.0007106732114,6.0891015538078,5.8804857837385,6.0891015538078,9563198.8994382
1996-06-10,6.0891015538078,6.1202045102883,6.0007106732114,6.0307835104068,3798799.4588847
1996-06-11,6.0583641235252,6.0583641235252,6.0007106732114,6.0007106732114,5466400.0123063
1996-06-12,6.1202045102883,6.1202045102883,6.0007106732114,6.0583641235252,5425599.1666119
1996-06-13,6.0891015538078,6.2293306952051,6.0007106732114,6.1595151913957,6836399.5165867
1996-06-14,6.1923128602486,6.1923128602486,5.9712359697944,5.9908746955209,5177199.7125976
1996-06-17,6.0307835104068,6.0307835104068,5.9119874960714,5.9119874960714,4033199.3691492
1996-06-18,5.9119874960714,5.9398007167703,5.6600734863716,5.6905783090736,7972399.5962609
1996-06-19,5.7799328496465,5.840610198507,5.6600734863716,5.7799328496465,4802400.0873821
1996-06-20,5.840610198507,5.840610198507,5.6178718253349,5.6905783090736,5253200.5031166
1996-06-21,5.7190893525141,5.7190893525141,5.5897263080924,5.6600734863716,5780398.9750129
1996-06-24,5.6600734863716,5.6600734863716,5.5318070205437,5.5579587585247,4384398.1470157
1996-06-25,5.5318070205437,5.5579587585247,5.0896864692898,5.1623597233742,8820000.6183854
1996-06-26,5.1623597233742,5.1902061737275,4.9085848530303,4.9691625129277,14440401.239444
1996-06-27,5.0005645362975,5.2511493598229,4.9387573791887,5.1623597233742,8187200.9578029
1996-06-28,5.2210100633188,5.2511493598229,5.1623597233742,5.2511493598229,4131600.7236929
1996-07-01,5.2805576039311,5.3784521656744,5.2511493598229,5.3784521656744,4713599.4345655
1996-07-02,5.3388424176778,5.3784521656744,5.2511493598229,5.2511493598229,3178799.9916294
1996-07-03,5.0896864692898,5.0896864692898,4.8414941808783,4.8414941808783,10307600.17224
1996-07-05,4.8414941808783,4.9387573791887,4.8089955789147,4.8801070392441,3791199.8613304
1996-07-08,4.9085848530303,4.9691625129277,4.7485176079803,4.7811823582157,6746799.6077889
1996-07-09,4.8801070392441,4.9085848530303,4.7485176079803,4.7485176079803,6708001.3709475
1996-07-10,4.7811823582157,4.8801070392441,4.6891362156398,4.6891362156398,6049601.0227744
1996-07-11,4.6891362156398,4.7176804887346,4.3403909931362,4.4687903775816,10398399.672209
1996-07-12,4.5896134008329,4.5896134008329,4.3096203331993,4.5116898613597,9606799.8645377
1996-07-15,4.5303316974555,4.5303316974555,4.2784841470644,4.2899151481641,4758000.3778926
1996-07-16,4.3403909931362,4.3403909931362,4.0011162221252,4.2198670367741,10329200.78813
1996-07-17,4.3403909931362,4.3806985638744,4.1619477492254,4.2198670367741,8342800.1387048
1996-07-18,5.3784521656744,5.4407245379442,5.0896864692898,5.2210100633188,32037600.37588
1996-07-19,5.2210100633188,5.2511493598229,5.1902061737275,5.1902061737275,9499201.0625366
1996-07-22,5.2210100633188,5.2210100633188,5.0005645362975,5.0605440624165,5435998.0710441
1996-07-23,5.1184633499652,5.1623597233742,5.0605440624165,5.1184633499652,4647199.1050247
1996-07-24,5.0005645362975,5.2511493598229,4.9691625129277,5.209844899454,9431199.2116732
1996-07-25,5.2805576039311,5.3388424176778,5.1902061737275,5.2511493598229,4086800.5887324
1996-07-26,5.3784521656744,5.5013686571503,5.2805576039311,5.5013686571503,4417198.7590294
1996-07-29,5.5013686571503,5.6178718253349,5.4407245379442,5.5579587585247,6989200.3836996
1996-07-30,5.6600734863716,5.6905783090736,5.309101877026,5.3388424176778,6764399.7908564
1996-07-31,5.309101877026,5.5013686571503,5.309101877026,5.5013686571503,3313599.7987996
1996-08-01,5.5013686571503,5.5013686571503,5.2805576039311,5.309101877026,3934399.515125
1996-08-02,5.4096215814636,5.5013686571503,5.309101877026,5.4096215814636,4569600.1636665
1996-08-05,5.4096215814636,5.4711961309919,5.2210100633188,5.2511493598229,3607599.2456278
1996-08-06,5.2511493598229,5.3784521656744,5.1902061737275,5.3784521656744,3342401.3923896
1996-08-07,5.4407245379442,5.6600734863716,5.4096215814636,5.5897263080924,8873598.8587019
1996-08-08,5.5897263080924,5.5897263080924,5.4711961309919,5.5318070205437,3625600.8472553
1996-08-09,5.5579587585247,5.840610198507,5.5318070205437,5.7799328496465,8242399.4254172
1996-08-12,5.840610198507,5.9119874960714,5.5897263080924,5.7498932421055,5405200.3086321
1996-08-13,5.7190893525141,5.7799328496465,5.5897263080924,5.6178718253349,3696799.5113882
1996-08-14,5.6600734863716,5.7498932421055,5.6600734863716,5.6905783090736,2566401.2353917
1996-08-15,5.6600734863716,5.6905783090736,5.5579587585247,5.5579587585247,3843601.6402102
1996-08-16,5.6600734863716,5.6600734863716,5.5318070205437,5.6178718253349,5062799.2148112
1996-08-19,5.5897263080924,5.9119874960714,5.5897263080924,5.9119874960714,8082801.0455299
1996-08-20,5.9712359697944,5.9712359697944,5.840610198507,5.8804857837385,7562801.5350615
1996-08-21,5.8804857837385,5.9119874960714,5.7190893525141,5.7498932421055,4047999.1318756
1996-08-22,5.7498932421055,5.8087761896306,5.7190893525141,5.8087761896306,3131600.7646068
1996-08-23,5.7498932421055,6.0007106732114,5.7498932421055,5.9712359697944,7266401.7021464
1996-08-26,5.9712359697944,6.0307835104068,5.8804857837385,6.0307835104068,3202798.8870549
1996-08-27,6.0307835104068,6.2486038947336,6.0007106732114,6.2106223998007,10332399.707952
1996-08-28,6.2204583774911,6.2486038947336,6.1202045102883,6.2204583774911,5842800.7375339
1996-08-29,6.2204583774911,6.2204583774911,6.0891015538078,6.1202045102883,3818799.6970096
1996-08-30,6.1923128602486,6.1923128602486,6.0583641235252,6.0583641235252,3776000.6361283
1996-09-03,6.0307835104068,6.0891015538078,5.9712359697944,6.0307835104068,2439200.1530613
1996-09-04,5.9712359697944,6.1595151913957,5.9712359697944,6.0307835104068,3623201.1232276
1996-09-05,5.8804857837385,5.9398007167703,5.7190893525141,5.7190893525141,9985200.4901941
1996-09-06,5.7799328496465,5.8087761896306,5.6600734863716,5.7498932421055,8601199.305518
1996-09-09,5.6600734863716,5.6905783090736,5.4711961309919,5.5013686571503,5294399.1561386
1996-09-10,5.5318070205437,5.5318070205437,5.3784521656744,5.3784521656744,5561199.8247243
1996-09-11,5.3784521656744,5.4407245379442,5.2511493598229,5.2805576039311,5257199.7622892
1996-09-12,5.2511493598229,5.2805576039311,5.0605440624165,5.0896864692898,9318400.3254903
1996-09-13,5.0896864692898,5.309101877026,5.0896864692898,5.2511493598229,5950398.4561654
1996-09-16,5.3784521656744,5.7498932421055,5.3388424176778,5.5897263080924,8737599.1895179
1996-09-17,5.7190893525141,5.7799328496465,5.6178718253349,5.7498932421055,7470399.5808679
1996-09-18,5.7498932421055,6.0307835104068,5.7190893525141,5.8804857837385,12620000.149939
1996-09-19,5.9119874960714,5.9119874960714,5.840610198507,5.840610198507,4266800.1739005
1996-09-20,5.840610198507,5.8804857837385,5.6905783090736,5.7190893525141,5326800.6667998
1996-09-23,5.7190893525141,5.7190893525141,5.5897263080924,5.5897263080924,1634400.1479024
1996-09-24,5.5897263080924,5.7190893525141,5.5897263080924,5.6178718253349,5135200.2989143
1996-09-25,5.6178718253349,5.6600734863716,5.5013686571503,5.5897263080924,3894401.1454273
1996-09-26,5.5897263080924,5.6178718253349,5.5579587585247,5.5897263080924,3688800.3610774
1996-09-27,5.5579587585247,5.5897263080924,5.5318070205437,5.578594373882,2913200.6295505
1996-09-30,5.5318070205437,5.5897263080924,5.5318070205437,5.5392504631202,3051600.1431367
1996-10-01,5.5013686571503,6.1923128602486,5.5013686571503,6.1595151913957,19258800.98166
1996-10-02,5.9119874960714,6.1595151913957,5.7799328496465,5.9119874960714,9886399.5828938
1996-10-03,5.9119874960714,5.9398007167703,5.5897263080924,5.5897263080924,8132798.9775584
1996-10-04,5.7190893525141,5.7799328496465,5.5318070205437,5.7099179679109,4766400.0439554
1996-10-07,5.7498932421055,5.840610198507,5.7190893525141,5.7799328496465,3418400.1666373
1996-10-08,5.8804857837385,6.0583641235252,5.8087761896306,5.8087761896306,6801200.0231661
1996-10-09,5.840610198507,5.9119874960714,5.7190893525141,5.7498932421055,3043198.4608027
1996-10-10,5.9712359697944,6.1202045102883,5.9398007167703,6.0400213543187,9882001.3728366
1996-10-11,6.0891015538078,6.1595151913957,6.0007106732114,6.0583641235252,4310399.8449751
1996-10-14,6.1202045102883,6.3386894877024,6.0583641235252,6.3085501911983,9631599.1895949
1996-10-15,6.4378800059657,6.469979852077,6.2486038947336,6.3085501911983,12966398.938065
1996-10-16,6.3085501911983,6.529959378196,6.1595151913957,6.4378800059657,11955201.149595
1996-10-17,6.8777077110687,6.9399468536842,6.5891746222647,6.5891746222647,36665201.08265
1996-10-18,6.6213741573391,6.6589236667654,6.4998200816919,6.6392849410389,13666400.561564
1996-10-21,6.6213741573391,6.6589236667654,6.3815889714806,6.4126254686524,6700400.7803043
1996-10-22,6.4126254686524,6.4126254686524,6.0583641235252,6.2204583774911,7632800.9992399
1996-10-23,6.1923128602486,6.3085501911983,6.0891015538078,6.1923128602486,5716399.723712
1996-10-24,6.2486038947336,6.2486038947336,6.1202045102883,6.1923128602486,3013201.1280223
1996-10-25,6.2204583774911,6.2486038947336,6.1202045102883,6.1202045102883,2769999.6215439
1996-10-28,6.2813683339322,6.2813683339322,6.1202045102883,6.1202045102883,4285598.8045827
1996-10-29,6.1595151913957,6.1923128602486,5.7799328496465,5.8087761896306,7129599.2259361
1996-10-30,5.8804857837385,6.0007106732114,5.7190893525141,5.7190893525141,9180401.327656
1996-10-31,5.8087761896306,5.840610198507,5.5579587585247,5.7498932421055,6936399.7743097
1996-11-01,5.840610198507,6.0583641235252,5.7799328496465,6.0583641235252,7547600.1130264
1996-11-04,6.0891015538078,6.1202045102883,5.9398007167703,6.0891015538078,3259601.0728248
1996-11-05,6.1202045102883,6.469979852077,6.1202045102883,6.3815889714806,13503999.62469
1996-11-06,6.4126254686524,6.4378800059657,6.2204583774911,6.3815889714806,6439598.2180439
1996-11-07,6.3386894877024,6.4998200816919,6.3085501911983,6.469979852077,5538399.7982238
1996-11-08,6.469979852077,6.5610291050222,6.4378800059657,6.5610291050222,6739599.7134592
1996-11-11,6.5891746222647,6.5891746222647,6.469979852077,6.4998200816919,3304798.5336154
1996-11-12,6.529959378196,6.5610291050222,6.2813683339322,6.3085501911983,5105599.6299047
1996-11-13,6.3386894877024,6.469979852077,6.2486038947336,6.3923221498387,2985999.5209812
1996-11-14,6.3815889714806,6.4378800059657,6.3386894877024,6.4126254686524,1733202.2288532
1996-11-15,6.469979852077,6.4998200816919,6.2486038947336,6.2486038947336,4668399.8973163
1996-11-18,6.2486038947336,6.2813683339322,6.1202045102883,6.1923128602486,5458400.1698426
1996-11-19,6.2204583774911,6.2813683339322,6.1595151913957,6.2204583774911,4444000.0609739
1996-11-20,6.2204583774911,6.3386894877024,6.2204583774911,6.2486038947336,3681999.2370707
1996-11-21,6.2204583774911,6.2486038947336,6.0891015538078,6.1202045102883,2521600.2277167
1996-11-22,6.1202045102883,6.3085501911983,6.1202045102883,6.3085501911983,3713600.1676322
1996-11-25,6.3386894877024,6.3815889714806,6.2486038947336,6.2486038947336,2819601.8828905
1996-11-26,6.2204583774911,6.2486038947336,6.0007106732114,6.0583641235252,4035199.6006076
1996-11-27,6.0307835104068,6.1595151913957,6.0307835104068,6.1202045102883,3179999.5828009
1996-11-29,6.1202045102883,6.1595151913957,6.0007106732114,6.0307835104068,1510399.4298866
1996-12-02,6.0307835104068,6.2813683339322,5.9712359697944,6.2813683339322,6249200.2400348
1996-12-03,6.3085501911983,6.3815889714806,6.2486038947336,6.2813683339322,9840400.0072298
1996-12-04,6.2813683339322,6.3386894877024,6.2204583774911,6.2486038947336,6815199.5368223
1996-12-05,6.2486038947336,6.3085501911983,6.2486038947336,6.2486038947336,5076399.8076766
1996-12-06,6.0891015538078,6.3386894877024,6.0007106732114,6.2813683339322,8192399.3868365
1996-12-09,6.3085501911983,6.3386894877024,6.2106223998007,6.2486038947336,5666000.2828427
1996-12-10,6.2204583774911,6.2486038947336,6.0583641235252,6.1202045102883,6581599.6047855
1996-12-11,5.9398007167703,6.0583641235252,5.9398007167703,6.0007106732114,5834399.115387
1996-12-12,6.0307835104068,6.0583641235252,5.9712359697944,5.9712359697944,3107200.9020254
1996-12-13,5.9398007167703,5.9712359697944,5.8087761896306,5.8087761896306,3181999.8744464
1996-12-16,5.8804857837385,5.8804857837385,5.6178718253349,5.6600734863716,5329998.5935327
1996-12-17,5.5897263080924,5.6178718253349,5.5579587585247,5.6178718253349,5615999.7025772
1996-12-18,5.6905783090736,5.7799328496465,5.6600734863716,5.7799328496465,7323998.9909803
1996-12-19,5.7498932421055,5.8087761896306,5.5579587585247,5.5579587585247,4888799.3309293
1996-12-20,5.6178718253349,5.9119874960714,5.3388424176778,5.8804857837385,19515600.222111
1996-12-23,6.0007106732114,6.0583641235252,5.8087761896306,5.8087761896306,11868000.152298
1996-12-24,5.8087761896306,5.840610198507,5.7190893525141,5.7799328496465,2057599.1029031
1996-12-26,5.8087761896306,5.8087761896306,5.7190893525141,5.7498932421055,3031600.6272583
1996-12-27,5.7190893525141,5.9398007167703,5.7190893525141,5.7799328496465,4892800.2151564
1996-12-30,5.7799328496465,5.8087761896306,5.4407245379442,5.4407245379442,9349999.7513717
1996-12-31,5.3388424176778,5.3784521656744,5.1902061737275,5.2210100633188,13705198.91878
1997-01-02,5.2805576039311,5.309101877026,5.1902061737275,5.2511493598229,5111201.463676
1997-01-03,5.2805576039311,5.5579587585247,5.2511493598229,5.4407245379442,4275599.452907
1997-01-06,4.4107714010698,4.5810401500081,4.3096203331993,4.4687903775816,67244000.097688
1997-01-07,4.5303316974555,4.5598064008724,4.3806985638744,4.3806985638744,34890399.293806
1997-01-08,4.5598064008724,4.5896134008329,4.3403909931362,4.4107714010698,39290399.408702
1997-01-09,4.4393156741646,4.4687903775816,4.3806985638744,4.4393156741646,15951999.839192
1997-01-10,4.4107714010698,4.5598064008724,4.4107714010698,4.5598064008724,12632799.350178
1997-01-13,4.6197859269914,4.6197859269914,4.5303316974555,4.5303316974555,10919599.857218
1997-01-14,4.5896134008329,4.5896134008329,4.4393156741646,4.4687903775816,9134798.5361372
1997-01-15,4.5011892905821,4.5011892905821,4.2784841470644,4.3096203331993,15467600.187428
1997-01-16,4.2784841470644,4.2784841470644,4.1619477492254,4.18972774027,23975199.963852
1997-01-17,4.18972774027,4.2784841470644,4.1619477492254,4.18972774027,11612399.840959
1997-01-20,4.2198670367741,4.2784841470644,4.18972774027,4.2388411694134,10415201.14098
1997-01-21,4.248045783671,4.3096203331993,4.2198670367741,4.3096203331993,10172400.059973
1997-01-22,4.3403909931362,4.3806985638744,4.248045783671,4.2899151481641,7343599.6462551
1997-01-23,4.3096203331993,4.3403909931362,4.2784841470644,4.3096203331993,6155199.3525684
1997-01-24,4.3096203331993,4.3096203331993,4.2198670367741,4.2198670367741,6724399.3747938
1997-01-27,4.2784841470644,4.3096203331993,4.1619477492254,4.1619477492254,7644399.4948435
1997-01-28,4.248045783671,4.248045783671,4.1213078819437,4.1619477492254,7519999.3745392
1997-01-29,4.1619477492254,4.18972774027,4.1213078819437,4.1619477492254,5417999.4185897
1997-01-30,4.18972774027,4.18972774027,4.1213078819437,4.18972774027,4997601.1246789
1997-01-31,4.1619477492254,4.1619477492254,4.1213078819437,4.1619477492254,7129599.2259361
1997-02-03,4.2198670367741,4.248045783671,4.0581050793518,4.0784416278199,13146798.527394
1997-02-04,4.0581050793518,4.0898726289196,3.7794079682383,3.8494560796282,25451600.213736
1997-02-05,3.8095804943967,3.8989350349696,3.8095804943967,3.8095804943967,14088798.364687
1997-02-06,3.8095804943967,4.0292949690221,3.8095804943967,4.0011162221252,14268000.619864
1997-02-07,4.1213078819437,4.1213078819437,3.9405717918821,3.9602105176086,8402399.3442388
1997-02-10,4.0292949690221,4.0292949690221,3.8989350349696,3.8989350349696,6621601.2847794
1997-02-11,3.9703123325339,4.0011162221252,3.8799609023303,3.9211989033905,5002801.8107327
1997-02-12,3.9405717918821,3.9703123325339,3.8799609023303,3.9405717918821,6295198.8527035
1997-02-13,3.9405717918821,4.0292949690221,3.8799609023303,4.0292949690221,6993998.5076365
1997-02-14,4.0581050793518,4.0898726289196,4.0011162221252,4.0784416278199,8473201.8862858
1997-02-18,4.1619477492254,4.4687903775816,4.0581050793518,4.4687903775816,13152799.462518
1997-02-19,4.4687903775816,4.4687903775816,4.2784841470644,4.4107714010698,8617600.8002222
1997-02-20,4.4107714010698,4.4107714010698,4.248045783671,4.248045783671,4462399.4398354
1997-02-21,4.2198670367741,4.248045783671,4.0011162221252,4.0898726289196,7538799.3293398
1997-02-24,4.0581050793518,4.2198670367741,4.0581050793518,4.1619477492254,4199599.9564129
1997-02-25,4.248045783671,4.3403909931362,4.2198670367741,4.2198670367741,4931599.2946187
1997-02-26,4.248045783671,4.2784841470644,4.18972774027,4.2784841470644,3684800.1690031
1997-02-27,4.248045783671,4.2784841470644,4.18972774027,4.248045783671,3678400.2228075
1997-02-28,4.2198670367741,4.2198670367741,4.0581050793518,4.0581050793518,4352801.0684352
1997-03-03,4.1213078819437,4.1213078819437,4.0011162221252,4.0292949690221,4659199.5006859
1997-03-04,4.0581050793518,4.1213078819437,4.0011162221252,4.1213078819437,3685598.461989
1997-03-05,4.1619477492254,4.248045783671,4.1213078819437,4.248045783671,3434400.5738112
1997-03-06,4.248045783671,4.248045783671,4.1213078819437,4.1619477492254,4153200.7377115
1997-03-07,4.18972774027,4.18972774027,4.0898726289196,4.1213078819437,2522000.4425326
1997-03-10,4.1619477492254,4.18972774027,4.1111396077097,4.1619477492254,3542400.1624066
1997-03-11,4.1619477492254,4.1619477492254,4.0011162221252,4.0898726289196,3518000.1192636
1997-03-12,4.0581050793518,4.18972774027,4.0292949690221,4.0581050793518,2535600.9150235
1997-03-13,4.0898726289196,4.0898726289196,4.0292949690221,4.0898726289196,3753199.7068197
1997-03-14,4.0898726289196,4.18972774027,4.0581050793518,4.140647540781,8229200.160831
1997-03-17,4.0581050793518,4.1213078819437,4.0011162221252,4.1213078819437,6883999.5302036
1997-03-18,4.0898726289196,4.1213078819437,4.0292949690221,4.0581050793518,4538400.6817585
1997-03-19,4.0898726289196,4.0898726289196,3.9703123325339,4.0292949690221,7436801.3981147
1997-03-20,4.0011162221252,4.3806985638744,3.9703123325339,4.3096203331993,11322801.553361
1997-03-21,4.3806985638744,4.3806985638744,4.0898726289196,4.1619477492254,4873600.3163824
1997-03-24,4.1213078819437,4.1619477492254,4.0581050793518,4.1213078819437,2543600.1255216
1997-03-25,4.1619477492254,4.1619477492254,4.0194589913317,4.1213078819437,4020000.0142822
1997-03-26,4.0898726289196,4.2198670367741,4.0581050793518,4.18972774027,3815599.031759
1997-03-27,4.3806985638744,4.8089955789147,4.3096203331993,4.6613229949408,40675199.909547
1997-03-31,4.6613229949408,4.8414941808783,4.3096203331993,4.5598064008724,34651600.902642
1997-04-01,4.4107714010698,4.4588879405824,4.3403909931362,4.3806985638744,7866400.6604343
1997-04-02,4.4687903775816,4.5116898613597,4.4107714010698,4.5011892905821,7943999.8726349
1997-04-03,4.6197859269914,4.7811823582157,4.5598064008724,4.7176804887346,19601998.261914
1997-04-04,4.7811823582157,4.9085848530303,4.7485176079803,4.8089955789147,16973200.560476
1997-04-07,4.9387573791887,4.9691625129277,4.8089955789147,4.8801070392441,9116399.1873692
1997-04-08,4.9085848530303,4.9085848530303,4.6613229949408,4.7811823582157,6922399.2976581
1997-04-09,4.8089955789147,4.8089955789147,4.7176804887346,4.7485176079803,8749601.2102336
1997-04-10,4.7485176079803,4.7811823582157,4.6197859269914,4.7176804887346,4178000.6646408
1997-04-11,4.7176804887346,4.7176804887346,4.5303316974555,4.5598064008724,2841598.7111479
1997-04-14,4.5896134008329,4.7176804887346,4.5011892905821,4.6891362156398,4012800.0597653
1997-04-15,4.7811823582157,4.8089955789147,4.5303316974555,4.6098502603379,4858797.8753254
1997-04-16,4.6613229949408,4.7485176079803,4.5896134008329,4.6416842692143,3079200.1292839
1997-04-17,4.5598064008724,4.7811823582157,4.5303316974555,4.7485176079803,7838000.3048426
1997-04-18,4.7811823582157,4.7811823582157,4.5896134008329,4.5896134008329,5051599.8506538
1997-04-21,4.6613229949408,4.6613229949408,4.5011892905821,4.5011892905821,3184000.6776832
1997-04-22,4.5303316974555,4.6197859269914,4.4687903775816,4.6197859269914,3380399.6510034
1997-04-23,4.5896134008329,4.6197859269914,4.5303316974555,4.5303316974555,1945999.025458
1997-04-24,4.6197859269914,4.6197859269914,4.4393156741646,4.4687903775816,2676401.2661007
1997-04-25,4.4107714010698,4.4687903775816,4.3403909931362,4.3806985638744,3120800.1406787
1997-04-28,4.4393156741646,4.4687903775816,4.3806985638744,4.4107714010698,1670401.03395
1997-04-29,4.5011892905821,4.5011892905821,4.3806985638744,4.4193446518945,1848399.9663493
1997-04-30,4.248045783671,4.3096203331993,4.18972774027,4.248045783671,9201199.2568948
1997-05-01,4.2198670367741,4.2784841470644,4.18972774027,4.248045783671,2583600.2406482
1997-05-02,4.248045783671,4.2784841470644,4.18972774027,4.248045783671,3642399.3668535
1997-05-05,4.248045783671,4.2784841470644,4.18972774027,4.248045783671,3517600.1451966
1997-05-06,4.248045783671,4.2784841470644,4.18972774027,4.2198670367741,2969601.5773221
1997-05-07,4.2198670367741,4.248045783671,4.0898726289196,4.1213078819437,4079199.486498
1997-05-08,4.1619477492254,4.2784841470644,4.1213078819437,4.248045783671,2962000.0236837
1997-05-09,4.248045783671,4.3806985638744,4.248045783671,4.2588786509923,6727600.9729461
1997-05-12,4.3096203331993,4.4107714010698,4.248045783671,4.3888730588468,5892000.2562021
1997-05-13,4.3806985638744,4.4687903775816,4.248045783671,4.3888730588468,7036399.2195054
1997-05-14,4.4687903775816,4.5011892905821,4.3806985638744,4.4193446518945,4844400.3135927
1997-05-15,4.4393156741646,4.5011892905821,4.3806985638744,4.4393156741646,3536000.1259302
1997-05-16,4.3806985638744,4.4107714010698,4.3096203331993,4.3096203331993,3332000.2911245
1997-05-19,4.3806985638744,4.4107714010698,4.248045783671,4.248045783671,1866399.1003014
1997-05-20,4.248045783671,4.3606943119499,4.18972774027,4.3096203331993,3029599.101775
1997-05-21,4.2784841470644,4.2784841470644,4.1213078819437,4.2198670367741,4365998.8283413
1997-05-22,4.18972774027,4.2198670367741,4.1213078819437,4.1619477492254,2741600.4095091
1997-05-23,4.1619477492254,4.248045783671,4.1619477492254,4.2198670367741,2393999.7731914
1997-05-27,4.18972774027,4.3403909931362,4.18972774027,4.3096203331993,2931600.2491609
1997-05-28,4.3403909931362,4.3806985638744,4.248045783671,4.248045783671,3126399.7475234
1997-05-29,4.2784841470644,4.2784841470644,4.1619477492254,4.1619477492254,3970800.5558012
1997-05-30,4.1213078819437,4.248045783671,4.0898726289196,4.1619477492254,6333201.8059192
1997-06-02,4.248045783671,4.248045783671,4.18972774027,4.2388411694134,1485201.2442257
1997-06-03,4.18972774027,4.2388411694134,4.1619477492254,4.1717172676071,2330000.401516
1997-06-04,4.1619477492254,4.18972774027,4.1213078819437,4.1619477492254,2871600.1065646
1997-06-05,4.1619477492254,4.2784841470644,4.140647540781,4.1717172676071,2307601.4324522
1997-06-06,4.1619477492254,4.18972774027,4.1213078819437,4.18972774027,1888398.7874511
1997-06-09,4.1717172676071,4.2388411694134,4.1619477492254,4.1619477492254,2671601.0657052
1997-06-10,4.18972774027,4.18972774027,4.0099553101848,4.0581050793518,4965999.8329942
1997-06-11,4.0784416278199,4.1111396077097,4.0581050793518,4.0784416278199,3764399.6728493
1997-06-12,4.0898726289196,4.0898726289196,4.0011162221252,4.0099553101848,2810398.7778359
1997-06-13,4.0099553101848,4.0292949690221,3.9405717918821,3.9602105176086,4716801.2734666
1997-06-16,3.9703123325339,3.9703123325339,3.8494560796282,3.8799609023303,4785998.8033331
1997-06-17,3.8894645834771,4.1213078819437,3.8799609023303,4.0784416278199,5080401.3840566
1997-06-18,4.0292949690221,4.0581050793518,3.9405717918821,3.9794504874828,3916001.0089779
1997-06-19,4.0011162221252,4.0011162221252,3.9211989033905,3.9405717918821,4322400.421198
1997-06-20,3.9211989033905,3.9405717918821,3.8799609023303,3.8894645834771,3935200.3058799
1997-06-23,3.8799609023303,3.8989350349696,3.8494560796282,3.8494560796282,3555200.3557339
1997-06-24,3.8589929904294,3.8894645834771,3.8095804943967,3.8304819469889,3969599.9715409
1997-06-25,3.8304819469889,3.8494560796282,3.7499332648213,3.7794079682383,7093999.788542
1997-06-26,3.7794079682383,3.7794079682383,3.6501113831252,3.6701156350497,13642399.980897
1997-06-27,3.6701156350497,3.7099912202811,3.6501113831252,3.6701156350497,5641200.4461943
1997-06-30,3.6897543607762,3.6897543607762,3.4997804268026,3.5596934936129,6113600.5449178
1997-07-01,3.4798094045325,3.4997804268026,3.280026076592,3.2901843819297,16095598.955462
1997-07-02,3.3098297535871,3.3504463601108,3.2495744213369,3.2698710942197,8927200.319034
1997-07-03,3.280026076592,3.4696411302985,3.2495744213369,3.4198631080679,6670799.9307331
1997-07-07,3.4798094045325,3.5596934936129,3.4401331972272,3.4601042194973,6838400.4401979
1997-07-08,3.4696411302985,3.4997804268026,3.4198631080679,3.4401331972272,3417601.2416857
1997-07-09,3.4601042194973,3.4696411302985,3.3995265595998,3.4198631080679,5071998.9493824
1997-07-10,3.2197707443418,3.3504463601108,3.1899737132776,3.3098297535871,17589600.291221
1997-07-11,3.3504463601108,3.8799609023303,3.330508567495,3.7899417686702,26248000.462551
1997-07-14,3.8095804943967,3.8989350349696,3.719494901428,3.8989350349696,14678800.709817
1997-07-15,3.9405717918821,4.0011162221252,3.8989350349696,3.9794504874828,14941200.610389
1997-07-16,3.9602105176086,4.1213078819437,3.8989350349696,4.1111396077097,15937599.930158
1997-07-17,4.248045783671,4.5303316974555,4.1111396077097,4.3806985638744,26652400.636402
1997-07-18,4.4687903775816,4.4903564232609,4.2588786509923,4.3295913554694,11341600.063668
1997-07-21,4.3888730588468,4.4193446518945,4.0011162221252,4.0391309467125,12675599.855552
1997-07-22,4.0898726289196,4.1717172676071,4.0784416278199,4.140647540781,8262000.5320959
1997-07-23,4.18972774027,4.2198670367741,4.0011162221252,4.0292949690221,5045999.8525922
1997-07-24,4.0292949690221,4.0292949690221,3.8989350349696,3.9602105176086,4767600.0865308
1997-07-25,3.9703123325339,4.140647540781,3.9405717918821,4.0581050793518,7784400.1084419
1997-07-28,4.1111396077097,4.1213078819437,4.0581050793518,4.1111396077097,3946799.1927004
1997-07-29,4.1111396077097,4.1619477492254,4.0898726289196,4.1213078819437,2544399.2009411
1997-07-30,4.2388411694134,4.4193446518945,4.18972774027,4.3403909931362,13368001.460186
1997-07-31,4.3403909931362,4.4393156741646,4.3096203331993,4.3806985638744,9421998.4539195
1997-08-01,4.4107714010698,4.7910183359062,4.3888730588468,4.7910183359062,17211201.350807
1997-08-04,4.7910183359062,4.959392994546,4.7910183359062,4.9387573791887,21832799.136275
1997-08-05,4.9901304248286,5.0005645362975,4.8709688842952,4.9387573791887,8826000.3497651
1997-08-06,6.3085501911983,6.9399468536842,6.2486038947336,6.5810333569466,149659999.29428
1997-08-07,7.1907975144444,7.390840033689,7.0882840307452,7.2896889658185,134122799.55655
1997-08-08,6.9608483062763,7.0882840307452,6.529959378196,6.7077047993652,64791598.723956
1997-08-11,6.5810333569466,6.6117375575749,5.8804857837385,6.1402419918671,55392802.016033
1997-08-12,6.0111780143346,6.0583641235252,5.4711961309919,5.5118027686192,37442799.601142
1997-08-13,5.5579587585247,5.9712359697944,5.1093584246707,5.9119874960714,42908000.172745
1997-08-14,5.9119874960714,6.0583641235252,5.6706405164579,5.7498932421055,15515999.757962
1997-08-15,5.7799328496465,5.8588865084048,5.7099179679109,5.8087761896306,9320000.3421328
1997-08-18,5.8297108718771,5.9398007167703,5.6905783090736,5.9119874960714,7780000.664547
1997-08-19,5.9201619910438,6.1202045102883,5.8297108718771,6.1107008291415,10327199.232553
1997-08-20,6.1107008291415,6.2813683339322,6.0400213543187,6.1595151913957,11582399.528912
1997-08-21,6.1202045102883,6.1710126518041,5.9712359697944,6.0007106732114,9260000.1995365
1997-08-22,5.8588865084048,6.0007106732114,5.840610198507,5.9119874960714,8129600.178111
1997-08-25,5.9119874960714,5.9201619910438,5.7400904940694,5.7606596501179,4951200.5216719
1997-08-26,5.6600734863716,5.7498932421055,5.5318070205437,5.5579587585247,8078799.9205539
1997-08-27,5.5897263080924,5.6905783090736,5.4711961309919,5.6706405164579,6808398.9845941
1997-08-28,5.5318070205437,5.6178718253349,5.5013686571503,5.5013686571503,3416799.9393396
1997-08-29,5.4606623305599,5.5013686571503,5.3784521656744,5.4407245379442,3916799.813555
1997-09-02,5.5013686571503,5.6397701675579,5.4914329904968,5.5897263080924,6644400.4084718
1997-09-03,5.5897263080924,5.8087761896306,5.578594373882,5.6178718253349,10147600.253418
1997-09-04,5.6397701675579,5.7190893525141,5.5579587585247,5.6178718253349,4376400.0800745
1997-09-05,5.6600734863716,5.7190893525141,5.5013686571503,5.5392504631202,4882400.4380098
1997-09-08,5.5579587585247,5.5579587585247,5.3591789661458,5.3784521656744,6255600.0959496
1997-09-09,5.3293719661853,5.4711961309919,5.309101877026,5.4606623305599,5679599.4914024
1997-09-10,5.4407245379442,5.7799328496465,5.4210525825633,5.7400904940694,9788000.5455574
1997-09-11,5.7190893525141,5.7498932421055,5.5118027686192,5.5897263080924,7495599.1809282
1997-09-12,5.5392504631202,5.5579587585247,5.3591789661458,5.5118027686192,4060000.0090344
1997-09-15,5.4711961309919,5.5318070205437,5.3784521656744,5.3784521656744,3461199.3779866
1997-09-16,5.5118027686192,5.5392504631202,5.4407245379442,5.4914329904968,4793599.0629467
1997-09-17,5.5013686571503,5.5013686571503,5.4210525825633,5.4606623305599,3098799.9118442
1997-09-18,5.3784521656744,5.6178718253349,5.3784521656744,5.578594373882,6041599.6154434
1997-09-19,5.5392504631202,5.5392504631202,5.4407245379442,5.4914329904968,3390401.7411968
1997-09-22,5.5318070205437,5.7606596501179,5.5013686571503,5.7099179679109,7156000.0121286
1997-09-23,5.5579587585247,5.5579587585247,5.4210525825633,5.4407245379442,7161998.7805131
1997-09-24,5.4210525825633,5.4407245379442,5.3388424176778,5.3784521656744,7943999.8726349
1997-09-25,5.3293719661853,5.4407245379442,5.2511493598229,5.2805576039311,7978000.3466626
1997-09-26,5.3784521656744,5.4914329904968,5.2805576039311,5.3293719661853,7440000.498498
1997-09-29,5.4210525825633,5.5579587585247,5.3889859661063,5.5118027686192,5972800.8558998
1997-09-30,5.5013686571503,5.578594373882,5.4210525825633,5.4210525825633,5020401.331741
1997-10-01,5.4210525825633,5.4407245379442,5.3388424176778,5.3784521656744,4659599.7455954
1997-10-02,5.3591789661458,5.5013686571503,5.3388424176778,5.4914329904968,4836000.2563131
1997-10-03,5.5013686571503,5.5579587585247,5.4210525825633,5.5318070205437,5794000.2299375
1997-10-06,5.5392504631202,5.5579587585247,5.4210525825633,5.4914329904968,3332000.2911245
1997-10-07,5.4711961309919,5.5013686571503,5.4606623305599,5.4606623305599,3903199.1905961
1997-10-08,5.4407245379442,5.4606623305599,5.3293719661853,5.3784521656744,3887200.1376343
1997-10-09,5.309101877026,5.6178718253349,5.2894299216451,5.4407245379442,6690401.1276927
1997-10-10,5.3784521656744,5.6905783090736,5.3784521656744,5.6706405164579,9657198.7336285
1997-10-13,5.6905783090736,5.7190893525141,5.5392504631202,5.6706405164579,5665199.4319006
1997-10-14,5.6706405164579,5.6905783090736,5.5392504631202,5.6706405164579,5921999.4246922
1997-10-15,5.5318070205437,6.1923128602486,5.5318070205437,5.961399992104,28959600.409546
1997-10-16,5.2805576039311,5.5118027686192,5.2210100633188,5.3784521656744,26399600.594936
1997-10-17,5.2805576039311,5.2805576039311,4.9691625129277,5.0294078762816,15666799.912119
1997-10-20,5.0294078762816,5.0408721070356,4.6613229949408,4.6701620830005,14708399.90424
1997-10-21,4.7176804887346,4.8302625577048,4.6701620830005,4.7592175566841,16973999.575708
1997-10-22,4.7592175566841,4.8089955789147,4.6197859269914,4.6416842692143,5399200.4267843
1997-10-23,4.5011892905821,4.5402009048002,4.4393156741646,4.4393156741646,6670799.9307331
1997-10-24,4.5303316974555,4.5896134008329,4.1213078819437,4.140647540781,13865599.864945
1997-10-27,4.18972774027,4.5303316974555,4.18972774027,4.18972774027,11762801.254886
1997-10-28,4.0011162221252,4.6197859269914,3.9703123325339,4.5303316974555,12261201.082366
1997-10-29,4.6098502603379,4.6197859269914,4.3096203331993,4.3806985638744,6342400.6978695
1997-10-30,4.2588786509923,4.3888730588468,4.1213078819437,4.1213078819437,6748399.955461
1997-10-31,4.3403909931362,4.3403909931362,4.1619477492254,4.2588786509923,9538798.7058272
1997-11-03,4.3888730588468,4.4393156741646,4.2588786509923,4.3403909931362,4500399.2934101
1997-11-04,4.4393156741646,4.5303316974555,4.3806985638744,4.4903564232609,6021200.0352171
1997-11-05,4.5598064008724,4.6613229949408,4.5116898613597,4.5896134008329,13825598.064577
1997-11-06,4.7176804887346,4.8801070392441,4.7176804887346,4.7485176079803,22038801.098436
1997-11-07,4.7176804887346,5.0005645362975,4.6891362156398,4.9387573791887,28414800.611025
1997-11-10,5.2511493598229,5.3784521656744,4.6197859269914,4.6701620830005,49937199.919231
1997-11-11,4.7485176079803,4.7485176079803,4.5303316974555,4.5896134008329,11874399.436434
1997-11-12,4.5116898613597,4.6197859269914,4.3888730588468,4.4107714010698,7430799.2592467
1997-11-13,4.5011892905821,4.5116898613597,4.3806985638744,4.5011892905821,9197200.0579094
1997-11-14,4.5598064008724,4.6197859269914,4.5011892905821,4.6098502603379,4822800.2995741
1997-11-17,4.7176804887346,4.7372859848068,4.5810401500081,4.6197859269914,7322399.7266779
1997-11-18,4.6197859269914,4.6197859269914,4.5116898613597,4.5116898613597,5237201.058938
1997-11-19,4.4687903775816,4.5810401500081,4.4687903775816,4.5598064008724,2842400.3144301
1997-11-20,4.5402009048002,4.6613229949408,4.5303316974555,4.6197859269914,4577599.3741646
1997-11-21,4.6613229949408,4.6701620830005,4.5011892905821,4.5402009048002,3491999.9090101
1997-11-24,4.3888730588468,4.5011892905821,4.3806985638744,4.4107714010698,5619601.244703
1997-11-25,4.4193446518945,4.4687903775816,4.2198670367741,4.3403909931362,7336800.8093621
1997-11-26,4.3403909931362,4.4193446518945,4.3096203331993,4.3806985638744,2157600.5342766
1997-11-28,4.4107714010698,4.4687903775816,4.3606943119499,4.4393156741646,1475599.910533
1997-12-01,4.4193446518945,4.4903564232609,4.3096203331993,4.4393156741646,3115600.7787434
1997-12-02,4.3403909931362,4.3806985638744,3.9703123325339,3.9703123325339,14172000.494029
1997-12-03,4.0099553101848,4.0292949690221,3.9211989033905,3.9405717918821,12252000.264425
1997-12-04,4.0011162221252,4.0011162221252,3.8989350349696,3.8989350349696,7130000.5241216
1997-12-05,3.8894645834771,4.0011162221252,3.8894645834771,3.9602105176086,7909600.2671611
1997-12-08,3.8894645834771,3.9405717918821,3.8494560796282,3.8894645834771,4770799.5179438
1997-12-09,3.8799609023303,3.9211989033905,3.7499332648213,3.8095804943967,8680399.0158587
1997-12-10,3.7709676360309,3.7709676360309,3.6199720866211,3.6897543607762,6960000.2304419
1997-12-11,3.6101028792763,3.6402754054348,3.4696411302985,3.6402754054348,9176400.6540841
1997-12-12,3.6897543607762,3.719494901428,3.4997804268026,3.5298864936524,5734401.4457139
1997-12-15,3.5298864936524,3.5596934936129,3.4401331972272,3.4798094045325,5924799.1829742
1997-12-16,3.4997804268026,3.5996687678074,3.4997804268026,3.5799635827722,6629600.4350903
1997-12-17,3.5799635827722,3.6402754054348,3.4798094045325,3.4798094045325,9474799.6952751
1997-12-18,3.4997804268026,3.4997804268026,3.4401331972272,3.4601042194973,7216000.3653802
1997-12-19,3.3900893377617,3.4696411302985,3.3098297535871,3.4198631080679,6807599.5179576
1997-12-22,3.4696411302985,3.4997804268026,3.2901843819297,3.330508567495,5695600.1092315
1997-12-23,3.280026076592,3.330508567495,3.2302513773268,3.2302513773268,16386798.884757
1997-12-24,3.2495744213369,3.3098297535871,3.2495744213369,3.280026076592,3493999.5085028
1997-12-26,3.2698710942197,3.3504463601108,3.2495744213369,3.330508567495,3852799.508978
1997-12-29,3.330508567495,3.3602491081468,3.2197707443418,3.280026076592,9935600.3353996
1997-12-30,3.2495744213369,3.3602491081468,3.1899737132776,3.2901843819297,12232400.903175
1997-12-31,3.280026076592,3.3995265595998,3.2302513773268,3.280026076592,14512799.254
1998-01-02,3.3995265595998,4.0581050793518,3.3799210635277,4.0581050793518,25646800.077382
1998-01-05,4.1213078819437,4.140647540781,3.7899417686702,3.9703123325339,23281199.425945
1998-01-06,3.9794504874828,5.0005645362975,3.6897543607762,4.7372859848068,64731198.848042
1998-01-07,4.7104031944299,4.7485176079803,4.3295913554694,4.3806985638744,37200798.468269
1998-01-08,4.3606943119499,4.6613229949408,4.2388411694134,4.5402009048002,27643599.510865
1998-01-09,4.5303316974555,4.8414941808783,4.3806985638744,4.5402009048002,31662399.63304
1998-01-12,4.3606943119499,4.6613229949408,4.2784841470644,4.5598064008724,18442799.084481
1998-01-13,4.6613229949408,4.9085848530303,4.6197859269914,4.8801070392441,22744799.413861
1998-01-14,4.9691625129277,4.9901304248286,4.8089955789147,4.9387573791887,21045200.935078
1998-01-15,4.7910183359062,4.9387573791887,4.6613229949408,4.7910183359062,19974001.108115
1998-01-16,4.8610664472961,4.8610664472961,4.6701620830005,4.7104031944299,8798400.1228691
1998-01-20,4.7592175566841,4.8302625577048,4.6613229949408,4.7592175566841,8627199.2750227
1998-01-21,4.6891362156398,4.7592175566841,4.6416842692143,4.7176804887346,6793198.9468647
1998-01-22,4.6701620830005,4.9387573791887,4.6613229949408,4.8089955789147,11776000.24863
1998-01-23,4.8414941808783,4.9190854238079,4.8089955789147,4.8801070392441,8327200.2472828
1998-01-26,4.8610664472961,4.8895774907366,4.7104031944299,4.8610664472961,5230000.3520811
1998-01-27,4.7910183359062,4.9190854238079,4.7485176079803,4.7811823582157,4008399.3218456
1998-01-28,4.7910183359062,4.8414941808783,4.6613229949408,4.7910183359062,5397200.8874788
1998-01-29,4.7372859848068,4.7811823582157,4.6197859269914,4.6197859269914,7567199.1432466
1998-01-30,4.5810401500081,4.7176804887346,4.5598064008724,4.5810401500081,5801600.1284278
1998-02-02,4.6197859269914,4.6197859269914,4.3403909931362,4.4193446518945,22740800.275063
1998-02-03,4.4193446518945,4.6613229949408,4.4193446518945,4.5810401500081,14379199.158375
1998-02-04,4.5116898613597,4.6197859269914,4.5011892905821,4.5598064008724,6078400.8107483
1998-02-05,4.5598064008724,4.6197859269914,4.5011892905821,4.5810401500081,8509600.7000355
1998-02-06,4.5896134008329,4.6701620830005,4.5598064008724,4.6197859269914,7226401.0152413
1998-02-09,4.5896134008329,4.8801070392441,4.5896134008329,4.7910183359062,17666799.950665
1998-02-10,4.7811823582157,4.8895774907366,4.7592175566841,4.8610664472961,15072000.34586
1998-02-11,4.8801070392441,4.8801070392441,4.7176804887346,4.7485176079803,7559600.5688748
1998-02-12,4.7811823582157,4.8610664472961,4.7592175566841,4.8414941808783,7276800.3056426
1998-02-13,4.7910183359062,4.9691625129277,4.7485176079803,4.8801070392441,7428399.4449382
1998-02-17,4.8801070392441,4.9387573791887,4.8801070392441,4.9085848530303,6526799.8473069
1998-02-18,4.8895774907366,5.1902061737275,4.8895774907366,5.1404281514969,17664001.305847
1998-02-19,5.2210100633188,5.2402832628473,5.0005645362975,5.1093584246707,14273599.654931
1998-02-20,5.1184633499652,5.1404281514969,4.959392994546,5.0005645362975,11622000.031095
1998-02-23,5.0294078762816,5.4096215814636,5.0005645362975,5.309101877026,17053199.496704
1998-02-24,5.3293719661853,5.3388424176778,5.1902061737275,5.3293719661853,16306798.594316
1998-02-25,5.3293719661853,5.6905783090736,5.2402832628473,5.578594373882,25452399.319249
1998-02-26,5.578594373882,5.8894245607612,5.4711961309919,5.8804857837385,21254801.098975
1998-02-27,5.8297108718771,5.9712359697944,5.6397701675579,5.9119874960714,18557200.725824
1998-03-02,5.8894245607612,5.8894245607612,5.5579587585247,5.6905783090736,14301599.585051
1998-03-03,5.4711961309919,5.7898352866456,5.4096215814636,5.7799328496465,11931198.703125
1998-03-04,5.7190893525141,6.1923128602486,5.7190893525141,6.1107008291415,29207998.960752
1998-03-05,5.8087761896306,6.0583641235252,5.7799328496465,6.0111780143346,24111601.533094
1998-03-06,5.9712359697944,6.1202045102883,5.840610198507,6.1107008291415,23802399.941984
1998-03-09,5.9398007167703,6.078036078906,5.6178718253349,5.6905783090736,20533201.116605
1998-03-10,5.7498932421055,6.1202045102883,5.7400904940694,6.0111780143346,25460798.925125
1998-03-11,6.2813683339322,6.5397288965777,6.1402419918671,6.529959378196,43369199.372537
1998-03-12,6.529959378196,6.7497070824757,6.3923221498387,6.7497070824757,26584400.952278
1998-03-13,6.8125111292153,6.8125111292153,6.5610291050222,6.7807435796475,20220000.476978
1998-03-16,6.7807435796475,6.8125111292153,6.5397288965777,6.6697233044323,14369999.905302
1998-03-17,6.6213741573391,6.6697233044323,6.469979852077,6.5810333569466,14651999.799089
1998-03-18,6.4998200816919,6.7392065116981,6.4998200816919,6.7392065116981,9892800.1309614
1998-03-19,6.7195345563172,6.7392065116981,6.6392849410389,6.6890629632695,5716399.723712
1998-03-20,6.6697233044323,6.7195345563172,6.4998200816919,6.5891746222647,7695599.9973101
1998-03-23,6.4896185778035,6.5610291050222,6.1595151913957,6.529959378196,14812001.553621
1998-03-24,6.5891746222647,7.0017872404473,6.5610291050222,7.0017872404473,24140399.304796
1998-03-25,6.9084119116969,6.9399468536842,6.5891746222647,6.7922410400559,13834799.063079
1998-03-26,6.6890629632695,6.7497070824757,6.6117375575749,6.6392849410389,7248799.3824331
1998-03-27,6.6589236667654,6.832814448029,6.5891746222647,6.7392065116981,9128400.6062129
1998-03-30,6.6890629632695,6.8777077110687,6.6890629632695,6.8596972384058,8953599.329704
1998-03-31,6.8596972384058,6.9608483062763,6.8125111292153,6.8777077110687,9531999.3874366
1998-04-01,6.8596972384058,6.9608483062763,6.7594433712031,6.8777077110687,6674400.2992084
1998-04-02,6.832814448029,6.8596972384058,6.7392065116981,6.832814448029,6939599.9881563
1998-04-03,6.7807435796475,6.8125111292153,6.7077047993652,6.7594433712031,7252399.6606275
1998-04-06,6.7497070824757,6.7497070824757,6.5397288965777,6.5610291050222,12414001.829104
1998-04-07,6.4591802144101,6.4998200816919,6.2204583774911,6.3815889714806,10453601.028809
1998-04-08,6.3085501911983,6.3386894877024,6.1710126518041,6.2486038947336,8042799.9373144
1998-04-09,6.2594035324005,6.469979852077,6.2486038947336,6.4126254686524,6082399.5884233
1998-04-13,6.4126254686524,6.6697233044323,6.2486038947336,6.6117375575749,10296399.694619
1998-04-14,6.5891746222647,6.8125111292153,6.5891746222647,6.7392065116981,11708798.616743
1998-04-15,6.7922410400559,6.8777077110687,6.6589236667654,6.8596972384058,19911200.274335
1998-04-16,7.3096599880886,7.4098473959826,7.0407656250111,7.1603259213967,65641199.526135
1998-04-17,7.1397235356938,7.1603259213967,6.9203081279577,6.9913531289784,21148801.832118
1998-04-20,6.9084119116969,7.3810040559985,6.888175052192,7.2500792178219,18492000.61942
1998-04-21,7.2598487362036,7.2801852846716,7.118390097595,7.2500792178219,12429600.456595
1998-04-22,7.1907975144444,7.2500792178219,6.8777077110687,6.8777077110687,10176798.631153
1998-04-23,6.8596972384058,7.2500792178219,6.7922410400559,6.9203081279577,16974799.975246
1998-04-24,6.9399468536842,7.0578124376975,6.8777077110687,6.9913531289784,7698000.8949883
1998-04-27,6.6890629632695,6.9399468536842,6.6890629632695,6.9399468536842,14635600.651686
1998-04-28,6.9694215571011,7.0017872404473,6.5610291050222,6.7392065116981,8470400.7737918
1998-04-29,6.7392065116981,6.8596972384058,6.6890629632695,6.7497070824757,6769198.9680695
1998-04-30,6.8416535360886,6.9084119116969,6.7594433712031,6.8416535360886,6426800.4322048
1998-05-01,6.8777077110687,7.0578124376975,6.7195345563172,7.0017872404473,6574000.6993841
1998-05-04,7.2212026481834,7.3810040559985,7.2212026481834,7.2598487362036,20398000.462653
1998-05-05,7.3096599880886,7.4687635731621,7.2801852846716,7.4187197136966,14974400.052913
1998-05-06,7.4687635731621,7.6105545083143,7.3096599880886,7.5811794938605,32035998.974931
1998-05-07,7.6386667959025,7.6584716699008,7.4687635731621,7.5414700569008,19746399.372684
1998-05-08,7.5104003300746,7.619393596374,7.4900970112609,7.6105545083143,9671999.4593501
1998-05-11,7.7193483966875,7.912545607134,7.690837353247,7.7405821458233,23750799.46545
1998-05-12,7.6386667959025,7.690837353247,7.4900970112609,7.5307036488883,9207599.6544944
1998-05-13,7.5104003300746,7.7088145962555,7.4098473959826,7.6105545083143,11229199.737153
1998-05-14,7.5909157825878,7.6105545083143,7.4379929132252,7.5104003300746,5809998.7412144
1998-05-15,7.5104003300746,7.5909157825878,7.3096599880886,7.390840033689,9735198.311113
1998-05-18,7.3387691653075,7.390840033689,7.0882840307452,7.118390097595,8299599.1777659
1998-05-19,7.2408413739099,7.3610330337284,7.2113999001474,7.3387691653075,7795200.7022764
1998-05-20,7.4098473959826,7.4687635731621,7.1907975144444,7.390840033689,6792000.1080333
1998-05-21,7.390840033689,7.4187197136966,7.1603259213967,7.2212026481834,4678400.7837657
1998-05-22,7.1907975144444,7.1907975144444,6.832814448029,6.9694215571011,9521200.7496862
1998-05-26,7.0129856339665,7.0578124376975,6.6589236667654,6.6697233044323,11134799.507586
1998-05-27,6.4211987194772,6.7077047993652,6.4126254686524,6.6890629632695,13221200.896231
1998-05-28,6.6890629632695,6.9694215571011,6.6890629632695,6.8596972384058,10660400.020025
1998-05-29,6.8777077110687,6.888175052192,6.6117375575749,6.6589236667654,7740000.6397012
1998-06-01,6.6213741573391,6.9084119116969,6.4126254686524,6.5610291050222,11417599.831005
1998-06-02,6.6117375575749,6.832814448029,6.4998200816919,6.7195345563172,6403598.7764892
1998-06-03,6.7807435796475,6.8125111292153,6.5397288965777,6.5810333569466,5183598.9365467
1998-06-04,6.6589236667654,6.7195345563172,6.4591802144101,6.7077047993652,5576399.3508624
1998-06-05,6.7195345563172,6.8125111292153,6.5891746222647,6.7195345563172,4404399.8898207
1998-06-08,6.7497070824757,6.9203081279577,6.7077047993652,6.8125111292153,4522401.0269247
1998-06-09,6.8416535360886,7.118390097595,6.8416535360886,7.0578124376975,9848001.7113362
1998-06-10,7.0017872404473,7.2500792178219,6.9084119116969,7.0129856339665,8186800.4721446
1998-06-11,7.0407656250111,7.1603259213967,6.9608483062763,6.9608483062763,6432798.7792789
1998-06-12,6.9084119116969,7.0578124376975,6.8416535360886,7.0316606997165,7994800.0399112
1998-06-15,6.8125111292153,7.0578124376975,6.8125111292153,6.8777077110687,4880799.0671552
1998-06-16,6.9203081279577,7.0316606997165,6.832814448029,7.0017872404473,4631600.2969724
1998-06-17,7.0017872404473,7.1397235356938,6.9913531289784,7.0316606997165,6684798.7522366
1998-06-18,6.9399468536842,7.0129856339665,6.7922410400559,6.832814448029,4285598.8045827
1998-06-19,6.8416535360886,6.8596972384058,6.6890629632695,6.7594433712031,4912800.3028133
1998-06-22,6.7497070824757,6.888175052192,6.6890629632695,6.8416535360886,4805999.1919261
1998-06-23,6.8596972384058,7.0316606997165,6.8125111292153,6.9608483062763,8251999.2243362
1998-06-24,6.9399468536842,7.1603259213967,6.832814448029,7.0578124376975,9778401.6193529
1998-06-25,7.1397235356938,7.2113999001474,7.0764875034476,7.1397235356938,6850399.5719278
1998-06-26,7.118390097595,7.1603259213967,6.9399468536842,7.0407656250111,3968399.5979358
1998-06-29,7.0578124376975,7.2113999001474,7.0129856339665,7.1707600328656,5935200.3745201
1998-06-30,7.1603259213967,7.2113999001474,7.0316606997165,7.1707600328656,4680801.290227
1998-07-01,7.2212026481834,7.4995674627534,7.118390097595,7.4900970112609,11218399.113225
1998-07-02,7.4187197136966,7.5104003300746,7.2500792178219,7.2500792178219,10646800.781371
1998-07-06,7.3810040559985,7.5909157825878,7.2801852846716,7.5909157825878,9676799.8403073
1998-07-07,7.5909157825878,7.7193483966875,7.4995674627534,7.619393596374,8623999.2116441
1998-07-08,7.690837353247,8.2291577538718,7.6698694413461,8.1424615856477,33314800.539949
1998-07-09,8.2291577538718,8.3994929621189,7.8591787822325,7.9200555090192,20236000.041531
1998-07-10,8.0389179826633,8.1518988074858,7.9390961009672,8.018647893504,10804399.802515
1998-07-13,7.989538716285,8.5305174892586,7.9711294877699,8.47907798431,25549600.962247
1998-07-14,8.47907798431,8.5010095561873,8.2806637181291,8.3598832141223,19590399.465375
1998-07-15,8.4207267112546,8.6706469416928,8.3788905764159,8.6103683486846,21248799.471698
1998-07-16,9.4706508703991,9.5289689138001,8.9411363281796,9.3803326698498,91476799.189939
1998-07-17,9.3089221426311,9.3089221426311,9.0389976602685,9.2204315730716,22484000.43274
1998-07-20,9.1386201640384,9.1500511651381,8.8789304152185,9.0590683715017,13710399.333992
1998-07-21,9.0279321853668,9.2486103199686,8.8900291197746,8.9008287574415,11768000.887664
1998-07-22,8.7308923050467,8.9008287574415,8.5586630065011,8.750231963884,10025999.650647
1998-07-23,8.7092598000586,8.9008287574415,8.6896210743321,8.7308923050467,9040399.6306879
1998-07-24,8.8471628656508,8.8789304152185,8.4585088282614,8.6706469416928,9688799.9651261
1998-07-27,8.5586630065011,8.7204581935778,8.3101051918917,8.6103683486846,7651200.257727
1998-07-28,8.520016918481,8.6510082159663,8.2511557850578,8.3994929621189,8049200.4251948
1998-07-29,8.4397673032026,8.9716411508817,8.4207267112546,8.7806370976229,15989999.482111
1998-07-30,8.9607750539061,9.1893618462455,8.8789304152185,9.1199450982884,12939201.514035
1998-07-31,9.1500511651381,9.1893618462455,8.6188751402006,8.6510082159663,6539599.7998854
1998-08-03,8.5586630065011,8.8900291197746,8.3101051918917,8.7806370976229,10777200.091371
1998-08-04,8.8789304152185,9.0010826246442,8.5010095561873,8.5409183710731,10497200.489228
1998-08-05,8.4397673032026,9.0010826246442,8.3788905764159,9.0010826246442,16217199.979544
1998-08-06,8.7699039192648,9.2204315730716,8.7204581935778,9.2204315730716,15664799.199163
1998-08-07,9.2902803065354,9.3494955506042,9.0010826246442,9.1199450982884,10643600.116121
1998-08-10,9.0806676468354,9.5190997064553,9.0590683715017,9.4818160342639,17450000.524404
1998-08-11,9.4398802104621,10.25071700649,9.3494955506042,9.7477529581034,62838401.609785
1998-08-12,9.9399865085734,10.23433478689,9.8711678943948,10.022794807237,24634800.023571
1998-08-13,9.9802276200029,10.190139346592,9.8508978052355,9.8600359601843,13956398.672761
1998-08-14,10.170135094668,10.190139346592,9.8813029389745,10.116768269766,16099201.460583
1998-08-17,10.25071700649,10.708189658058,9.970723938856,10.480333918114,33245599.940535
1998-08-18,10.609696962536,10.85127654973,10.560915829936,10.640401163164,21641199.881853
1998-08-19,10.87879070354,10.940730779266,10.25071700649,10.25071700649,17356800.999471
1998-08-20,10.25071700649,10.280191709907,10.060842761479,10.147904455901,13997199.999953
1998-08-21,10.003488378055,10.890354623257,9.7477529581034,10.751487897688,29049200.258156
1998-08-24,10.859185207467,10.87879070354,10.029374278801,10.289396324164,21792000.156384
1998-08-25,10.600492348278,10.600492348278,10.080415027897,10.21047589506,17698799.802018
1998-08-26,9.970723938856,10.280191709907,9.8813029389745,10.099056863993,14517200.83454
1998-08-27,9.8092942779773,9.8092942779773,8.9008287574415,9.3803326698498,39794399.836115
1998-08-28,9.2800455729927,9.6222777832417,8.5305174892586,8.5409183710731,33294800.061075
1998-08-31,8.6896210743321,8.7204581935778,7.7504845828224,7.7900278715103,31007998.784789
1998-09-01,7.8395068268517,8.8471628656508,7.6584716699008,8.5305174892586,31038400.575583
1998-09-02,8.8789304152185,9.3494955506042,8.8107763941271,8.8900291197746,30107200.760346
1998-09-03,8.750231963884,8.7806370976229,8.5010095561873,8.6510082159663,14634000.454482
1998-09-04,8.8789304152185,9.1107737136851,8.4397673032026,8.7806370976229,13474000.155264
1998-09-08,9.5007901669032,9.558443617217,9.1893618462455,9.558443617217,14385600.248128
1998-09-09,9.5190997064553,9.5289689138001,9.2486103199686,9.3494955506042,12667600.524679
1998-09-10,9.0590683715017,9.558443617217,8.9411363281796,9.5289689138001,18817201.624615
1998-09-11,9.6222777832417,9.8986820482045,9.2204315730716,9.3992403431804,12581599.961174
1998-09-14,9.558443617217,9.7070798611673,9.2800455729927,9.2902803065354,8823999.7571836
1998-09-15,9.1893618462455,9.6432124654883,9.1199450982884,9.5394362549234,15487600.696395
1998-09-16,9.6537794955746,9.688105728528,9.2486103199686,9.3305214179649,9245599.6585371
1998-09-17,9.0180962076763,9.2800455729927,8.9716411508817,9.0010826246442,9617598.5323817
1998-09-18,9.0180962076763,9.1893618462455,8.8900291197746,9.1893618462455,10895600.028891
1998-09-21,8.9208330093659,9.2303340100708,8.8277899771592,9.2303340100708,10566800.340463
1998-09-22,9.2800455729927,9.3992403431804,9.1019013959711,9.2486103199686,9211999.9711037
1998-09-23,9.3089221426311,9.6010108044516,9.1386201640384,9.57904600292,10282799.613345
1998-09-24,9.4706508703991,9.8902084863428,9.4398802104621,9.6222777832417,17244400.402114
1998-09-25,9.5394362549234,9.7918819390929,9.3992403431804,9.688105728528,8153200.7546176
1998-09-28,9.9399865085734,10.041802169531,9.5007901669032,9.7696845299807,14479200.409187
1998-09-29,9.7696845299807,10.003488378055,9.5289689138001,9.8813029389745,10897599.59829
1998-09-30,9.688105728528,9.8092942779773,9.5007901669032,9.5289689138001,5970799.751727
1998-10-01,9.1893618462455,9.5007901669032,8.8471628656508,8.9208330093659,13221998.737813
1998-10-02,8.8789304152185,9.0590683715017,8.5305174892586,8.7699039192648,16984799.447296
1998-10-05,8.5010095561873,8.6405076451887,7.8804125313683,8.0389179826633,19709999.836688
1998-10-06,8.4207267112546,8.5806610376872,8.1211613772032,8.1424615856477,14280799.940477
1998-10-07,8.1007915990808,8.3307075775946,7.9711294877699,7.989538716285,16905599.225364
1998-10-08,7.7504845828224,7.7900278715103,7.118390097595,7.7088145962555,24614799.665072
1998-10-09,7.9390961009672,8.8107763941271,7.690837353247,8.7806370976229,23865599.847023
1998-10-12,9.3803326698498,9.6108135524877,9.1386201640384,9.3593647579489,22246400.850313
1998-10-13,9.5190997064553,9.7918819390929,9.0010826246442,9.688105728528,33629598.457701
1998-10-14,9.9399865085734,10.329271909396,9.2106952843443,9.3494955506042,81429198.863214
1998-10-15,9.0590683715017,9.3089221426311,8.8789304152185,9.1500511651381,30023998.239787
1998-10-16,9.2800455729927,9.5190997064553,9.1199450982884,9.1713846032369,21984399.358941
1998-10-19,9.1713846032369,9.5190997064553,8.9716411508817,9.3803326698498,16991999.492094
1998-10-20,9.4818160342639,9.5394362549234,9.0010826246442,9.0180962076763,13645999.386377
1998-10-21,9.1893618462455,9.3593647579489,8.9411363281796,9.2800455729927,15379199.629053
1998-10-22,9.2204315730716,9.3992403431804,9.0590683715017,9.1893618462455,11334800.504529
1998-10-23,9.1893618462455,9.2204315730716,8.7806370976229,8.8789304152185,12713597.993791
1998-10-26,9.0180962076763,9.4398802104621,8.8789304152185,9.3593647579489,16994398.794811
1998-10-27,9.5007901669032,9.7278151654877,8.7699039192648,8.8107763941271,19221199.386817
1998-10-28,8.8107763941271,9.2486103199686,8.7806370976229,9.2106952843443,12989600.052096
1998-10-29,9.1107737136851,9.3593647579489,8.9607750539061,9.1107737136851,12306400.709896
1998-10-30,9.2106952843443,9.3803326698498,9.0590683715017,9.2800455729927,11344400.243261
1998-11-02,9.3803326698498,9.4398802104621,9.3089221426311,9.3992403431804,9063199.5970012
1998-11-03,9.3494955506042,9.558443617217,9.3305214179649,9.4605490554738,13230401.142394
1998-11-04,9.6432124654883,9.7804841676476,9.5289689138001,9.6710589158416,22424398.578968
1998-11-05,9.6010108044516,9.8508978052355,9.5190997064553,9.5394362549234,21682799.231188
1998-11-06,9.4706508703991,9.558443617217,9.3089221426311,9.5190997064553,28476400.439234
1998-11-09,9.4195436619941,9.5289689138001,8.8789304152185,9.1500511651381,23599597.86264
1998-11-10,9.0389976602685,9.0590683715017,8.750231963884,8.7806370976229,31570800.786809
1998-11-11,8.9411363281796,8.9607750539061,8.1879197528116,8.3889923913412,33875202.065602
1998-11-12,8.2806637181291,8.6103683486846,8.2194214651444,8.5010095561873,21253600.364246
1998-11-13,8.7308923050467,9.0180962076763,8.6706469416928,8.9208330093659,28279200.10338
1998-11-16,8.9804470092869,9.1893618462455,8.8582947998612,9.0010826246442,13733199.390586
1998-11-17,8.9411363281796,8.9607750539061,8.6896210743321,8.7092598000586,7525998.6244213
1998-11-18,8.7911708980549,9.0010826246442,8.7204581935778,8.8582947998612,11773601.0061
1998-11-19,8.8789304152185,9.2902803065354,8.8582947998612,8.9411363281796,12376001.012534
1998-11-20,9.1107737136851,9.1893618462455,8.6896210743321,8.8277899771592,14258000.967253
1998-11-23,8.8900291197746,9.2106952843443,8.7911708980549,9.0590683715017,20641199.53155
1998-11-24,9.0279321853668,9.1893618462455,8.9411363281796,8.9804470092869,11419600.303212
1998-11-25,8.9716411508817,9.0180962076763,8.7308923050467,8.7806370976229,10850001.300009
1998-11-27,8.7699039192648,8.7806370976229,8.6896210743321,8.7699039192648,5468000.2095104
1998-11-30,8.6405076451887,8.7092598000586,7.9390961009672,7.989538716285,20053200.788362
1998-12-01,7.9979790484924,8.7092598000586,7.912545607134,8.5305174892586,30919199.155154
1998-12-02,8.5305174892586,9.2204315730716,8.3788905764159,9.0010826246442,34374400.216161
1998-12-03,9.0806676468354,9.1199450982884,8.3994929621189,8.4207267112546,22358801.868981
1998-12-04,8.5806610376872,8.6103683486846,7.9979790484924,8.1879197528116,25763199.933912
1998-12-07,8.3503130736667,8.4397673032026,8.1879197528116,8.4397673032026,20235601.87308
1998-12-08,8.47907798431,8.47907798431,7.9979790484924,8.018647893504,24289600.194651
1998-12-09,8.1706071028903,8.2194214651444,7.912545607134,7.9979790484924,21175601.087698
1998-12-10,8.1706071028903,8.2291577538718,7.9711294877699,7.9979790484924,13973200.352188
1998-12-11,8.061248310393,8.5010095561873,7.9979790484924,8.4397673032026,24642800.317439
1998-12-14,8.2194214651444,8.3307075775946,8.061248310393,8.1211613772032,17908800.722415
1998-12-15,8.1879197528116,8.3994929621189,8.1879197528116,8.3889923913412,9453999.2381737
1998-12-16,8.4397673032026,8.5409183710731,8.1518988074858,8.2095190281453,13369599.611025
1998-12-17,8.2291577538718,8.4397673032026,8.1879197528116,8.3598832141223,11807599.554137
1998-12-18,8.3503130736667,8.8471628656508,8.3101051918917,8.7911708980549,28267600.283658
1998-12-21,8.8471628656508,8.9008287574415,8.5586630065011,8.7699039192648,12765999.802764
1998-12-22,9.1019013959711,9.5289689138001,9.0010826246442,9.5007901669032,41100000.476151
1998-12-23,9.6537794955746,10.116768269766,9.6010108044516,9.959259708102,44108399.598161
1998-12-24,9.970723938856,10.003488378055,9.7918819390929,9.8092942779773,7142399.6600121
1998-12-28,9.7477529581034,10.280191709907,9.7477529581034,10.222272422358,25904001.669295
1998-12-29,10.280191709907,10.380113280566,10.060842761479,10.21047589506,13834000.860374
1998-12-30,10.029374278801,10.280191709907,10.003488378055,10.022794807237,8477199.2194679
1998-12-31,10.116768269766,10.349309390974,9.8813029389745,10.23433478689,9703200.7769679
1999-01-04,10.531075600321,10.560915829936,10.003488378055,10.308004930605,34031599.479302
1999-01-05,10.480333918114,10.981636483782,10.380113280566,10.82871361442,50361200.507607
1999-01-06,11.028789363319,11.028789363319,10.25071700649,10.438464553621,48163201.509192
1999-01-07,10.560915829936,11.270834165674,10.531075600321,11.24923489034,51036401.030527
1999-01-08,11.640547300078,11.720497848467,10.999979252989,11.24923489034,24243999.329122
1999-01-11,11.440803847723,11.517398201021,11.217766407661,11.470876684918,20034800.296037
1999-01-12,11.579969640181,11.650084210879,11.028789363319,11.527932001453,29311999.320268
1999-01-13,10.719354821922,11.829557574075,10.560915829936,11.621207641241,37422000.859376
1999-01-14,11.380192958171,11.500019091791,10.27068802876,10.349309390974,61566399.453438
1999-01-15,10.459698302757,10.531075600321,10.003488378055,10.329271909396,35928799.862967
1999-01-19,10.480333918114,10.58121914875,10.099056863993,10.222272422358,19103198.64093
1999-01-20,10.27068802876,10.499939414186,10.116768269766,10.138101707865,27790000.100753
1999-01-21,10.107331047928,10.138101707865,9.3803326698498,9.7070798611673,21446001.673355
1999-01-22,9.4195436619941,9.8813029389745,9.2695782318694,9.688105728528,12348799.525867
1999-01-25,9.8092942779773,9.8902084863428,9.7070798611673,9.8508978052355,13761998.546594
1999-01-26,9.9802276200029,10.222272422358,9.8986820482045,10.116768269766,20001600.071079
1999-01-27,10.25071700649,10.349309390974,9.9802276200029,10.029374278801,13033999.912054
1999-01-28,10.222272422358,10.308004930605,10.080415027897,10.222272422358,12010000.03436
1999-01-29,10.289396324164,10.390912918233,10.003488378055,10.289396324164,8668399.9142224
1999-02-01,10.420321162341,10.480333918114,10.080415027897,10.23433478689,9961200.1803693
1999-02-02,10.099056863993,10.190139346592,9.7477529581034,9.7918819390929,10969999.689304
1999-02-03,9.7477529581034,10.138101707865,9.688105728528,10.041802169531,12098001.160353
1999-02-04,10.041802169531,10.060842761479,9.4398802104621,9.4706508703991,16563601.02469
1999-02-05,9.558443617217,9.6010108044516,8.8789304152185,9.0806676468354,27757200.481828
1999-02-08,9.1713846032369,9.4818160342639,9.0590683715017,9.4398802104621,16722400.539813
1999-02-09,9.4818160342639,9.7696845299807,9.2695782318694,9.2902803065354,25041200.519161
1999-02-10,9.2204315730716,9.6710589158416,9.0010826246442,9.57904600292,20129600.289017
1999-02-11,9.688105728528,9.9399865085734,9.6432124654883,9.8986820482045,20185599.487199
1999-02-12,9.7804841676476,9.7804841676476,9.2486103199686,9.4195436619941,15317998.480885
1999-02-16,9.7168826092034,9.7168826092034,9.4706508703991,9.57904600292,10722401.206606
1999-02-17,9.5289689138001,9.6710589158416,9.2303340100708,9.2486103199686,10573599.177356
1999-02-18,9.3907667813187,9.4706508703991,8.8900291197746,9.0010826246442,17863201.843065
1999-02-19,9.0590683715017,9.4195436619941,9.0389976602685,9.2902803065354,12917599.874962
1999-02-22,9.3494955506042,9.7168826092034,9.3089221426311,9.6108135524877,10666799.906033
1999-02-23,9.6432124654883,9.8902084863428,9.4818160342639,9.6108135524877,11506400.002324
1999-02-24,9.7070798611673,9.7477529581034,9.3494955506042,9.3593647579489,7598401.393766
1999-02-25,9.3305214179649,9.4195436619941,9.1199450982884,9.2303340100708,9449999.9188139
1999-02-26,9.1199450982884,9.2486103199686,8.6188751402006,8.7092598000586,23830399.75173
1999-03-01,8.7092598000586,8.7092598000586,8.3994929621189,8.4397673032026,17422399.3947
1999-03-02,8.5305174892586,8.8277899771592,8.4397673032026,8.6510082159663,24394799.302718
1999-03-03,8.6896210743321,8.7806370976229,8.3788905764159,8.5409183710731,10476798.47142
1999-03-04,8.6188751402006,8.6188751402006,8.1007915990808,8.3598832141223,13116800.472367
1999-03-05,8.5806610376872,8.5806610376872,8.1007915990808,8.2914301261416,16715599.4459
1999-03-08,8.3101051918917,8.6706469416928,8.2914301261416,8.6005988303029,19666800.801739
1999-03-09,8.5806610376872,8.6005988303029,8.3788905764159,8.5305174892586,11417599.831005
1999-03-10,8.5409183710731,8.5409183710731,8.111624466402,8.1424615856477,19509998.869838
1999-03-11,8.061248310393,8.469840140398,7.9979790484924,8.0389179826633,16916402.196593
1999-03-12,8.0798901464887,8.3788905764159,8.0798901464887,8.2914301261416,9692799.2242987
1999-03-15,8.3307075775946,8.750231963884,8.3101051918917,8.520016918481,12577199.403816
1999-03-16,8.750231963884,8.8900291197746,8.7308923050467,8.8789304152185,14279600.379399
1999-03-17,8.9804470092869,9.0180962076763,8.47907798431,8.520016918481,13082799.005251
1999-03-18,8.6005988303029,8.9008287574415,8.5586630065011,8.8789304152185,8109999.7635851
1999-03-19,8.9804470092869,9.0010826246442,8.2194214651444,8.3788905764159,19160800.142868
1999-03-22,8.5010095561873,8.7911708980549,8.2291577538718,8.7699039192648,21200399.329385
1999-03-23,8.6103683486846,8.6103683486846,8.1879197528116,8.2511557850578,14841201.586504
1999-03-24,8.3101051918917,8.4397673032026,8.1211613772032,8.4207267112546,14291200.951462
1999-03-25,8.6005988303029,8.7204581935778,8.3503130736667,8.4585088282614,14284400.670076
1999-03-26,8.4397673032026,8.4585088282614,8.2511557850578,8.3101051918917,9065600.675241
1999-03-29,8.3788905764159,8.8582947998612,8.3598832141223,8.8471628656508,20316798.715238
1999-03-30,8.750231963884,9.1019013959711,8.750231963884,8.9716411508817,19804399.885694
1999-03-31,9.1019013959711,9.2800455729927,8.9716411508817,8.9804470092869,15084000.891989
1999-04-01,9.0180962076763,9.1713846032369,8.9411363281796,9.0180962076763,9359200.388751
1999-04-05,9.0010826246442,9.4706508703991,9.0010826246442,9.2695782318694,16462000.329014
1999-04-06,9.2106952843443,9.57904600292,9.2106952843443,9.5007901669032,22449601.368951
1999-04-07,9.5190997064553,9.558443617217,9.1019013959711,9.2800455729927,14707600.497791
1999-04-08,9.2204315730716,9.2695782318694,9.0010826246442,9.2204315730716,10585999.42671
1999-04-09,9.0590683715017,9.3089221426311,8.9804470092869,9.1893618462455,9590800.2999847
1999-04-12,8.750231963884,9.2204315730716,8.7204581935778,9.0590683715017,14136402.200191
1999-04-13,9.0806676468354,9.2106952843443,8.6188751402006,8.6510082159663,14728000.138204
1999-04-14,8.8107763941271,9.2695782318694,8.750231963884,8.8789304152185,24322400.054324
1999-04-15,8.8471628656508,9.0389976602685,8.5806610376872,8.9411363281796,61945600.508726
1999-04-16,8.9716411508817,9.0180962076763,8.8107763941271,8.8582947998612,17936400.136784
1999-04-19,8.9208330093659,9.0010826246442,8.3788905764159,8.469840140398,32922000.51685
1999-04-20,8.469840140398,8.6896210743321,8.3788905764159,8.520016918481,18709199.056753
1999-04-21,8.5010095561873,8.6005988303029,8.3788905764159,8.6005988303029,12549999.903327
1999-04-22,8.7699039192648,9.1500511651381,8.7699039192648,9.1019013959711,26434800.238825
1999-04-23,9.0590683715017,9.8600359601843,9.0590683715017,9.7918819390929,37387198.751972
1999-04-26,9.8813029389745,10.308004930605,9.8092942779773,10.23433478689,33140400.501439
1999-04-27,10.751487897688,11.461140396191,10.751487897688,11.440803847723,75215998.997636
1999-04-28,11.151639395486,11.419470409624,10.900722275417,11.01835525185,34106799.479066
1999-04-29,10.809074888693,11.100864483624,10.449131272671,10.751487897688,28189598.900558
1999-04-30,10.999979252989,11.77974632219,10.999979252989,11.500019091791,52583198.762572
1999-05-03,11.517398201021,12.499533865272,11.440803847723,12.388845886601,52515599.774761
1999-05-04,12.059706160169,12.15072218346,11.538366112922,11.621207641241,28972801.178812
1999-05-05,11.579969640181,11.74964025534,11.151639395486,11.74964025534,20689200.722978
1999-05-06,11.640547300078,11.720497848467,10.999979252989,11.121167802438,15469599.817014
1999-05-07,11.151639395486,11.470876684918,10.688550932331,11.470876684918,15525599.948098
1999-05-10,11.689993025765,11.72966923307,11.151639395486,11.311474032955,14035600.278999
1999-05-11,11.217766407661,11.538366112922,10.890354623257,11.188291704244,16378399.910847
1999-05-12,11.217766407661,11.621207641241,11.028789363319,11.621207641241,14111599.324089
1999-05-13,11.610474462883,11.709997277689,11.380192958171,11.538366112922,10554399.459143
1999-05-14,11.282265166773,11.461140396191,11.100864483624,11.100864483624,8094000.2893129
1999-05-17,10.940730779266,11.169350801259,10.751487897688,11.100864483624,7527197.8243759
1999-05-18,11.208595023058,11.500019091791,11.100864483624,11.311474032955,14942001.070115
1999-05-19,11.380192958171,11.440803847723,10.87879070354,11.29283219686,10652798.767322
1999-05-20,11.360554232444,11.440803847723,10.61910095472,10.61910095472,14918399.530613
1999-05-21,10.751487897688,11.07956427518,10.640401163164,10.981636483782,16542398.697624
1999-05-24,10.900722275417,11.07956427518,10.470398251461,10.480333918114,9318798.0425372
1999-05-25,10.390912918233,10.609696962536,10.23433478689,10.380113280566,13089599.948696
1999-05-26,10.438464553621,11.100864483624,10.308004930605,11.01835525185,15626800.910455
1999-05-27,10.792725898748,10.940730779266,10.669543570037,10.87879070354,12027200.002611
1999-05-28,10.82871361442,11.07956427518,10.781926261081,11.01835525185,7183199.6630856
1999-06-01,11.24923489034,11.329418046309,11.100864483624,11.208595023058,16465200.362299
1999-06-02,11.121167802438,11.980519893831,10.999979252989,11.640547300078,18609199.792119
1999-06-03,11.720497848467,12.00078998299,11.709997277689,11.859331344381,17446799.678592
1999-06-04,11.902230828159,12.041396620617,11.809885618694,12.031527413272,13167200.966513
1999-06-07,12.031527413272,12.249613634834,11.880266026628,12.227682062957,14938799.712711
1999-06-08,12.189069204591,12.2070464476,11.892394850469,11.921869553886,11201999.995916
1999-06-09,11.859331344381,12.121313939352,11.859331344381,12.111444732007,12635200.037201
1999-06-10,11.969321500311,12.059706160169,11.829557574075,12.031527413272,11323200.654713
1999-06-11,12.031527413272,12.121313939352,11.55870266139,11.610474462883,6608799.6770529
1999-06-14,11.621207641241,11.650084210879,11.282265166773,11.360554232444,5610000.9642863
1999-06-15,11.29283219686,11.689993025765,11.282265166773,11.517398201021,4656801.2512447
1999-06-16,11.599940662451,12.020428708716,11.599940662451,11.980519893831,8036399.7804635
1999-06-17,11.902230828159,12.00078998299,11.440803847723,11.599940662451,8014399.1905059
1999-06-18,11.350020432012,11.809885618694,11.29283219686,11.77974632219,7430799.2592467
1999-06-21,11.74964025534,11.809885618694,11.500019091791,11.621207641241,4826799.6791211
1999-06-22,11.579969640181,11.72966923307,11.350020432012,11.350020432012,5395599.9680282
1999-06-23,11.270834165674,11.282265166773,10.890354623257,10.921058823885,18981999.486812
1999-06-24,10.900722275417,10.900722275417,10.560915829936,10.58121914875,15477200.377564
1999-06-25,10.61910095472,10.669543570037,10.518548020628,10.54150971179,10504801.200246
1999-06-28,10.609696962536,10.728526206526,10.600492348278,10.640401163164,9917598.5833041
1999-06-29,10.678781413949,11.389729868972,10.650270370509,11.350020432012,13585200.047987
1999-06-30,11.419470409624,11.72966923307,11.227602385352,11.579969640181,12259600.885161
1999-07-01,11.579969640181,11.640547300078,11.311474032955,11.329418046309,5329198.5250242
1999-07-02,11.380192958171,11.720497848467,11.29283219686,11.579969640181,4417198.7590294
1999-07-06,11.481377255696,11.902230828159,11.461140396191,11.84979443358,16207601.595024
1999-07-07,11.84979443358,12.692365549521,11.74964025534,12.471022821832,39255600.130097
1999-07-08,12.778530043275,13.77083398176,12.721906712247,13.61854247583,58037200.301047
1999-07-09,13.61854247583,13.899831499984,13.2501585276,13.899831499984,21739201.412798
1999-07-12,13.879494951516,13.899831499984,13.542180730112,13.61854247583,10853999.927216
1999-07-13,13.381382432666,13.542180730112,13.220019231096,13.420427276539,10116399.056175
1999-07-14,13.61854247583,14.150349864201,13.61854247583,13.98204166487,22305599.961406
1999-07-15,13.971541094092,13.98204166487,12.829670481335,13.308376882038,60421599.553073
1999-07-16,13.398761541896,13.61854247583,13.2501585276,13.26913266024,14696399.027081
1999-07-19,13.478612401322,13.963034302576,13.080753749675,13.610367980858,20046400.717631
1999-07-20,13.638147971903,13.879494951516,13.190212231136,13.220019231096,15788399.43152
1999-07-21,13.521246047866,13.858194743072,13.220019231096,13.521246047866,25648799.436126
1999-07-22,13.398761541896,13.469175179484,12.778530043275,13.097567954781,14526000.835793
1999-07-23,13.209784497554,13.439069112634,13.171869461929,13.329311564285,8180400.9472594
1999-07-26,13.220019231096,13.2501585276,12.721906712247,12.730745800306,12542400.095118
1999-07-27,13.151566143116,13.478612401322,13.119100770806,13.420427276539,14139600.217205
1999-07-28,13.469175179484,13.846796971626,13.2501585276,13.599834180426,11746801.178742
1999-07-29,13.351209906508,13.808416720841,13.278902178621,13.469175179484,9838399.655397
1999-07-30,13.61854247583,14.028529951319,13.61854247583,13.920799411885,13683601.522905
1999-08-02,13.899831499984,14.500424272879,13.879494951516,13.942066390675,12944400.424566
1999-08-03,14.188663655677,14.360926183877,13.398761541896,13.808416720841,13156399.680525
1999-08-04,13.791137300574,13.971541094092,13.308376882038,13.458375541817,13265198.525102
1999-08-05,13.381382432666,13.721687322962,13.029679770925,13.690252069938,11519200.10537
1999-08-06,13.521246047866,13.826493652813,13.381382432666,13.531746618643,15555598.394341
1999-08-09,13.590363728934,13.791137300574,13.560955484825,13.610367980858,8331600.0823944
1999-08-10,13.500278135965,13.999387544445,13.398761541896,13.846796971626,14865200.241181
1999-08-11,13.999387544445,14.939919681438,13.98204166487,14.917622583363,30369200.385915
1999-08-12,14.768222057362,15.34894349695,14.651054296091,15.000829637879,23789599.658376
1999-08-13,15.147538561877,15.49887569742,14.968995629003,15.021764320126,10658399.81866
1999-08-16,14.959226110621,15.168772311012,14.880671207715,15.11935981498,9890399.8351552
1999-08-17,15.08071372696,15.099023266512,14.730672547936,15.08071372696,11461999.901618
1999-08-18,15.021764320126,15.49887569742,14.897983857636,15.032231661249,16734799.675703
1999-08-19,14.959226110621,15.11935981498,14.639623294991,14.690331747543,19643600.109019
1999-08-20,14.809559747386,14.850864207755,14.540366317419,14.789954251313,11712399.346342
1999-08-23,14.850864207755,15.34894349695,14.831159022719,15.189441156024,12698799.765838
1999-08-24,15.099023266512,15.189441156024,14.978931295656,15.099023266512,17938000.213614
1999-08-25,15.168772311012,15.380976883752,15.032231661249,15.34894349695,10541598.513476
1999-08-26,15.280789475858,15.780231180883,15.280789475858,15.529679587011,14445998.830017
1999-08-27,15.688816401739,16.248171173574,15.671470522164,16.191149086693,15958401.079412
1999-08-30,16.248171173574,16.248171173574,15.49887569742,15.518547652801,12021199.669359
1999-08-31,15.650868136461,16.468915767484,15.518547652801,16.308383307273,22662398.316023
1999-09-01,16.7472473524,17.195947375217,16.498324011592,17.156603464455,28165200.663031
1999-09-02,16.904456847175,17.863929887153,16.717772648983,17.641224743635,31969599.909322
1999-09-03,17.98182870082,18.810376902622,17.621619247563,18.38138206484,58402400.458373
1999-09-07,18.443621207455,19.478392644212,18.38138206484,19.088741717192,35171200.679792
1999-09-08,19.046108070648,19.419443237378,18.620436198302,18.620436198302,27221598.491888
1999-09-09,18.882385563619,18.98064565156,18.473062681218,18.892221541309,19074399.364547
1999-09-10,19.000251147632,19.419443237378,18.669516397791,19.357237324417,16384399.732508
1999-09-13,19.262300201911,19.262300201911,18.699024330863,18.748204219315,9000001.1665488
1999-09-14,18.679385605136,19.619219919387,18.669516397791,19.445694664322,13867600.668182
1999-09-15,19.717480007329,19.779719149944,18.810376902622,18.839884835693,12841998.72748
1999-09-16,19.019889873359,19.517736554973,18.473062681218,19.196804553169,15781599.059854
1999-09-17,19.324472885218,19.435858686631,19.056010507647,19.229568992367,9902800.7164747
1999-09-20,19.249207718094,20.028576031443,19.219666555368,19.766626666126,16309601.422146
1999-09-21,18.302793932279,18.312563450661,17.248284080833,17.307233487667,119912799.84091
1999-09-22,17.438191555498,17.909820039823,17.248284080833,17.57898560102,40113200.503897
1999-09-23,17.782118478119,17.814816458009,15.751088774009,15.827982194197,40848399.634639
1999-09-24,15.850312521927,16.7472473524,15.751088774009,16.228532447847,42138400.142504
1999-09-27,16.590037857625,16.688264715912,15.291256816982,15.329637067767,33864001.226858
1999-09-28,15.380976883752,15.49887569742,14.360926183877,14.897983857636,50534399.630828
1999-09-29,15.060410408146,15.310230949621,14.500424272879,14.768222057362,23474400.291971
1999-09-30,14.890374266788,16.051052863913,14.809559747386,15.827982194197,32431599.960056
1999-10-01,15.529679587011,15.611258388464,14.880671207715,15.430788135637,21956800.636725
1999-10-04,15.599727698401,16.22032472322,15.599727698401,16.140407404486,16405599.772459
1999-10-05,16.409899901342,17.022322431188,16.191149086693,16.973142542736,29078800.325294
1999-10-06,17.33667496143,17.408750081736,16.7472473524,16.793104275416,28723999.583991
1999-10-07,17.107490035312,17.156603464455,16.22032472322,16.590037857625,21638798.954081
1999-10-08,16.550693946863,16.580201879934,15.879787225344,16.390327634924,13671600.465184
1999-10-11,16.498324011592,17.051863593914,16.498324011592,16.668625990185,9397199.911296
1999-10-12,16.963406254009,17.408750081736,16.7472473524,16.914259595211,20134001.357966
1999-10-13,16.658856471803,17.379242148664,15.941361774872,16.010047470433,22740399.819498
1999-10-14,17.307233487667,18.332202176388,17.248284080833,18.302793932279,67814399.199494
1999-10-15,17.782118478119,18.947881212361,17.549577356911,18.640074924029,41899200.483248
1999-10-18,18.473062681218,18.558230285341,17.782118478119,18.312563450661,27728799.975768
1999-10-19,17.909820039823,18.748204219315,17.107490035312,17.117326013002,36520801.235812
1999-10-20,17.500463927768,18.810376902622,17.500463927768,18.780835739896,38621598.440761
1999-10-21,18.142327931377,19.262300201911,18.093114813271,19.026469344922,28337600.470083
1999-10-22,19.275392685729,19.304800929837,18.342071383732,18.482865429254,14982398.541165
1999-10-25,18.558230285341,19.026469344922,18.443621207455,18.620436198302,11664000.257305
1999-10-26,18.728465804625,18.882385563619,18.332202176388,18.771099451169,12908399.267676
1999-10-27,18.587704988758,19.160750378189,18.361710109459,19.088741717192,15824001.727807
1999-10-28,19.262300201911,19.753434493346,19.019889873359,19.468589896176,18003200.25983
1999-10-29,19.701131017384,20.270853441378,19.701131017384,20.028576031443,18680401.525799
1999-11-01,19.999068098372,20.169403306619,19.33759859869,19.406383983214,9949199.7245209
1999-11-02,19.498031369938,20.421549923899,19.324472885218,20.061340470641,14258399.557014
1999-11-03,20.411680716554,20.807977574446,20.251281174961,20.382272472446,11730798.755297
1999-11-04,20.523099747622,21.338522235951,20.159567328928,20.909494168515,13538799.234325
1999-11-05,21.161674015449,22.08519256941,21.001141555238,22.075290132411,14885999.645006
1999-11-08,21.937819052325,24.429843751366,21.688862481864,24.086082977016,33961601.489711
1999-11-09,23.585013018928,23.614454492691,21.999991735632,22.409347847687,28899200.924848
1999-11-10,22.055651406684,23.313227675922,22.029466439049,22.857981411196,20639200.052432
1999-11-11,22.90054859843,23.159274687274,22.471553760648,23.061047828987,9638401.1863161
1999-11-12,22.975913454518,22.99887514568,21.836269228603,22.661527694622,9966400.5654871
1999-11-15,22.409347847687,23.221447370581,22.114600813518,22.36020118889,9282399.8005659
1999-11-17,22.671396901967,23.689819348778,22.50106169372,22.563234377027,13020400.914149
1999-11-18,22.772847036727,22.782649784763,22.104798065482,22.409347847687,13028000.180674
1999-11-19,22.37987314427,23.221447370581,22.019597231704,23.110128028476,11161199.330783
1999-11-22,22.936569543756,22.936569543756,22.307798023965,22.661527694622,7227198.4656064
1999-11-23,22.936569543756,23.804461656319,22.114600813518,23.201841874508,19403998.278863
1999-11-24,23.254311498742,23.748768755612,22.920220553811,23.666924116925,7682399.2280438
1999-11-26,23.689819348778,23.879726823443,23.526063612095,23.768407481339,4716801.2734666
1999-11-29,23.558828051293,24.940749687144,23.313227675922,23.637416183853,16577200.203156
1999-11-30,24.528137068961,25.936276902102,24.341486100424,24.469187662127,30113598.961113
1999-12-01,25.248622434785,26.116348399076,25.022627555486,25.769264659291,22091599.872116
1999-12-02,25.779133866635,27.658802495138,25.438496679796,27.547449923379,20262800.591135
1999-12-03,28.042040098867,28.893417073213,27.969964978561,28.752623027691,23140000.394826
1999-12-06,28.638013949805,29.335537624467,27.858579177148,29.004736415317,16670800.334122
1999-12-07,29.145563690493,29.499193672188,28.500409951102,29.44692342588,15893600.435484
1999-12-08,29.063719051806,29.466495692298,27.373924668314,27.518008449617,14726799.704412
1999-12-09,27.75051634117,27.75051634117,25.222404237495,26.309645298486,30542800.596666
1999-12-10,26.329284024212,27.308429019571,24.754131948261,25.746369427437,22777199.540217
1999-12-13,25.60225241648,25.62192437186,24.731203486753,24.754131948261,18927200.993265
1999-12-14,24.59359948805,24.940749687144,23.689819348778,23.722550558323,15566800.617391
1999-12-15,23.313227675922,24.311978167352,22.772847036727,24.249772254391,22249200.036817
1999-12-16,24.498662365544,24.59359948805,23.499845414805,24.583796740014,16565200.680209
1999-12-17,25.222404237495,25.500735822411,24.623107421121,25.006245335887,17678799.533799
1999-12-20,24.891669487655,24.914597949163,24.161414603449,24.498662365544,10142400.259517
1999-12-21,24.547775794688,25.769264659291,24.479023639818,25.62192437186,10985600.483534
1999-12-22,25.720151230147,26.13612004342,24.691859575991,24.98660661016,11681200.345931
1999-12-23,25.448332657486,26.054142486115,25.271550896293,25.877360724922,8197600.2835455
1999-12-27,26.086973384622,26.106612110349,24.81304812544,24.832653621512,6014000.2311683
1999-12-28,24.783573422023,24.914597949163,23.748768755612,24.547775794688,8841999.9143182
1999-12-29,24.197335859812,25.549882481209,23.879726823443,25.17000107257,10160799.849034
1999-12-30,25.549882481209,26.028023977789,24.914597949163,25.078320456192,7398000.001445
1999-12-31,25.228950479404,25.720151230147,24.885056786437,25.700479274766,5850399.973965
2000-01-03,26.217898222799,28.114048759864,25.418824724415,27.976477990815,19135600.422433
2000-01-04,27.062861873854,27.658802495138,25.300992370056,25.62192437186,18299199.245964
2000-01-05,25.936276902102,27.639196999066,25.746369427437,25.99525953859,27797199.092275
2000-01-06,26.532317212349,26.751699390431,23.748768755612,23.748768755612,27427600.393862
2000-01-07,24.118780956906,25.248622434785,23.879726823443,24.885056786437,16454800.31431
2000-01-10,25.500735822411,25.559718458899,23.689819348778,24.439746188365,18037999.387967
2000-01-11,23.974663945949,24.842556058511,22.622217013515,23.188749390691,15769600.800838
2000-01-12,23.748768755612,23.879726823443,21.623400062775,21.800248283277,34859600.026714
2000-01-13,23.614454492691,24.691859575991,23.123286971602,24.187499882122,36881599.090351
2000-01-14,25.006245335887,25.559718458899,24.842556058511,25.107795159609,13941999.3656
2000-01-18,25.248622434785,26.499586002805,25.107795159609,25.975587583209,16399200.54851
2000-01-19,26.4111286629,27.193819941685,25.834760308033,26.643570095145,21344399.172063
2000-01-20,28.883614325177,30.376921762441,28.375964895526,28.375964895526,65397600.453078
2000-01-21,28.559392587591,28.559392587591,27.547449923379,27.829137703385,17711600.025439
2000-01-24,27.115265038779,28.18612388017,26.276880859287,26.56182514542,15745600.972511
2000-01-25,26.250662661998,28.277771266893,25.589193162316,28.055132582684,17755200.298385
2000-01-26,27.498336494236,28.549523380246,27.439453546711,27.547449923379,13112800.731697
2000-01-27,27.200366183594,28.248263333822,26.751699390431,27.498336494236,12148000.566968
2000-01-28,27.049702930727,27.721008408099,25.16016509488,25.409088435687,15119599.817792
2000-01-31,25.248622434785,25.965784835173,23.614454492691,25.936276902102,25059998.758626
2000-02-01,25.99525953859,26.250662661998,25.006245335887,25.058681730466,11358400.539351
2000-02-02,25.192929534079,25.530243755482,24.249772254391,24.698439047554,16578400.426293
2000-02-03,25.078320456192,26.054142486115,25.058681730466,25.828214066124,16971200.449392
2000-02-04,25.975587583209,27.498336494236,25.903578922212,27.007135743493,15190001.513057
2000-02-07,27.007135743493,28.559392587591,26.479914047424,28.520115136138,15752400.892774
2000-02-08,28.500409951102,29.034211118734,27.809465748004,28.72311509462,14594400.223142
2000-02-09,28.529917884174,29.286390965669,28.104246011828,28.156582717444,10691599.893149
2000-02-10,28.215498894624,28.471001706994,27.498336494236,28.375964895526,10820800.815721
2000-02-11,28.408762564379,28.529917884174,27.062861873854,27.193819941685,7580400.1231682
2000-02-14,27.32481123917,28.975294941555,27.164345238268,28.952333250392,13126400.873158
2000-02-15,28.814828940653,29.980624904549,28.80170322718,29.744893736522,17347999.282883
2000-02-16,29.436987759226,29.525411869477,28.025624649613,28.529917884174,13508799.794992
2000-02-17,28.80170322718,28.883614325177,28.277771266893,28.72311509462,10339199.477747
2000-02-18,28.664198917441,28.840980678633,27.721008408099,27.809465748004,8337200.7726089
2000-02-22,27.531100933434,29.234021030398,26.673111257871,28.448040015832,15081999.426693
2000-02-23,28.307212740656,29.744893736522,27.75051634117,29.063719051806,16896400.483882
2000-02-24,29.335537624467,29.777591716412,27.933944033235,28.80170322718,13444000.114059
2000-02-25,28.703476368894,29.25362652647,27.531100933434,27.590150029231,8898000.4065251
2000-02-28,27.531100933434,28.752623027691,27.092270117962,28.307212740656,11726000.541079
2000-02-29,28.385834102871,29.315865669086,28.133654255936,28.664198917441,13177198.723227
2000-03-01,29.640054177018,33.016253519257,29.617092485855,32.574265886621,38464399.423779
2000-03-02,31.74907387991,31.981548541809,30.167342332395,30.501300358709,11116399.256009
2000-03-03,31.221785724532,32.06013667437,30.00029685993,32.001154037881,11548800.202602
2000-03-06,31.503440274884,32.279618541415,31.251293657604,31.424885371978,7519999.3745392
2000-03-07,31.611469881207,31.857070256578,30.2786616745,30.717525719626,9750398.529404
2000-03-08,30.717525719626,30.98273159107,29.640054177018,30.501300358709,9686799.5531061
2000-03-09,30.213132796103,31.251293657604,29.561466044457,30.55702648907,9882800.4482562
2000-03-10,30.416199213894,31.981548541809,30.249186971083,31.444524097705,8878799.6049429
2000-03-13,30.527485326344,31.621339088552,29.875818574699,30.324585056824,10855599.522548
2000-03-14,30.295043894099,31.06131972363,28.500409951102,28.559392587591,15306401.008464
2000-03-15,28.913055798939,30.062569232199,28.529917884174,29.063719051806,15843199.489935
2000-03-16,29.335537624467,30.501300358709,28.621631730206,30.389981016604,13503601.275678
2000-03-17,30.029738333692,31.251293657604,29.90532650777,31.251293657604,10894399.504818
2000-03-20,30.881181767347,31.562356452064,30.589757698614,30.750290158825,7303200.9112735
2000-03-21,30.638871127757,34.188662184371,30.409652971985,33.729760657665,18725999.381967
2000-03-22,33.199814129939,36.088069227563,32.888817794788,36.048858235419,20285601.941754
2000-03-23,35.498907455768,37.588055825353,34.997804268026,35.33176229434,20091600.435442
2000-03-24,35.609894501329,35.977082182002,33.880955585001,34.669827579497,15961199.664044
2000-03-27,34.414623834016,36.189751969903,34.218568873294,34.886152629378,9970800.3705051
2000-03-28,34.316596353655,35.498907455768,34.284031292383,34.778820845797,7248799.3824331
2000-03-29,34.83364977549,34.856578236998,33.455283712656,33.978650768819,8565600.8612128
2000-03-30,33.389488997024,34.42426043378,31.362579770054,31.444524097705,14800000.044496
2000-03-31,31.857070256578,34.316596353655,31.503440274884,33.946085707546,14451200.238318
2000-04-03,33.880955585001,34.872860767634,32.361363491139,33.331004805351,11734401.200231
2000-04-04,33.160669597104,33.248927559083,29.191420613509,31.824372276689,23583199.708326
2000-04-05,31.611469881207,33.219718692901,31.002337087142,32.587391600093,16345199.475234
2000-04-06,32.65940026109,33.622428874084,30.809139876696,31.30363036322,9272400.4789839
2000-04-07,31.808023286744,32.970396596241,31.385541461216,32.940988352133,8658399.0277731
2000-04-10,32.921615463641,33.189845233631,31.19234425077,31.251293657604,7580798.8633975
2000-04-11,30.881181767347,31.221785724532,29.515642351096,29.859469584754,19350799.139899
2000-04-12,29.744893736522,29.744893736522,26.217898222799,27.308429019571,33611999.147348
2000-04-13,27.874961396747,30.00029685993,27.12503455716,28.448040015832,18922399.920155
2000-04-14,27.32481123917,29.499193672188,27.249512842391,27.969964978561,23843599.708469
2000-04-17,27.373924668314,30.98273159107,27.269118338463,30.972962072688,14627200.263377
2000-04-18,30.881181767347,31.719565946839,29.839864088682,31.719565946839,13961599.719938
2000-04-19,31.552620163336,32.554660390549,29.938090946969,30.2786616745,18576800.38801
2000-04-20,30.92381541389,31.19234425077,29.273298481851,29.715419033105,25790000.333049
2000-04-24,28.752623027691,30.118195673597,28.690383885076,30.118195673597,15843600.878401
2000-04-25,30.527485326344,32.191094742201,30.517749037617,32.083065135878,13987200.076499
2000-04-26,31.657360033877,32.001154037881,30.00029685993,30.324585056824,13104000.098478
2000-04-27,29.30606292105,31.74907387991,29.145563690493,31.686834737294,11664399.779968
2000-04-28,31.778581812981,31.876775441614,30.324585056824,31.022042272177,8913601.1104743
2000-05-01,31.221785724532,31.280735131366,30.468569149164,31.080991679011,8078400.3978909
2000-05-02,30.809139876696,31.562356452064,29.384617823956,29.466495692298,8443999.5963823
2000-05-03,29.725188551487,30.304879871789,27.9077590656,28.772261753418,17492799.946409
2000-05-04,28.782097731108,28.814828940653,27.639196999066,27.668638472828,14268400.985148
2000-05-05,27.701402912027,28.690383885076,27.681730956646,28.277771266893,10145599.931679
2000-05-08,28.015788671923,28.418631771724,27.498336494236,27.531100933434,6603601.3984873
2000-05-09,27.580214362578,27.809465748004,26.217898222799,26.362048463411,11683601.424171
2000-05-10,26.014898264316,26.250662661998,24.691859575991,24.832653621512,19110400.009846
2000-05-11,25.340269821509,26.054142486115,24.754131948261,25.700479274766,17848000.270562
2000-05-12,26.499586002805,27.619491814031,26.188423519382,26.915455127115,10961199.266741
2000-05-15,27.023484733438,27.023484733438,25.032463533176,25.248622434785,24247598.13273
2000-05-16,26.126250836075,27.269118338463,25.687386790949,26.420997870245,15730398.828229
2000-05-17,25.903578922212,25.913315210939,25.088123204229,25.340269821509,14217598.560852
2000-05-18,25.746369427437,26.231057165925,25.16016509488,25.192929534079,13349198.28537
2000-05-19,24.81304812544,24.81304812544,23.34263592003,23.499845414805,26452399.759833
2000-05-22,23.440896007971,23.440896007971,21.498955007199,22.481422967993,26982398.9831
2000-05-23,22.622217013515,23.34263592003,21.407241161166,21.449775118747,18485200.277847
2000-05-24,21.548134895651,22.438855780759,20.748994937958,21.918180326599,24230800.997438
2000-05-25,22.114600813518,23.159274687274,21.498955007199,21.816597273222,14526799.158873
2000-05-26,21.999991735632,22.471553760648,21.305724567098,21.590635623577,6469598.7708397
2000-05-30,21.908311119254,22.029466439049,20.441188649625,21.888672393528,25466400.307492
2000-05-31,21.718370414935,22.81548068327,20.952127815058,21.001141555238,15482400.822869
2000-06-01,20.441188649625,22.389675892307,20.094071680185,22.275100044075,32280000.008233
2000-06-02,23.440896007971,24.940749687144,22.248915076439,23.139569502239,28316000.907469
2000-06-05,23.332833171994,23.804461656319,22.415894089596,22.835052949688,11559599.713066
2000-06-06,22.988972708681,24.187499882122,22.579683055934,23.221447370581,18767199.329014
2000-06-07,23.411421304554,24.249772254391,22.910417805775,24.138419682632,12036399.857557
2000-06-08,24.410205025639,24.623107421121,23.283686513196,23.696365590687,8518800.9461979
2000-06-09,24.187499882122,24.479023639818,23.585013018928,23.941932736404,9012800.5473488
2000-06-12,24.086082977016,24.108944979216,22.723700377929,22.802354969798,10369199.609232
2000-06-13,22.802354969798,23.666924116925,22.045848658648,23.614454492691,12551999.472726
2000-06-14,23.666924116925,24.056608273599,22.533792903264,22.612414265479,9908801.1701009
2000-06-15,22.81548068327,23.34263592003,22.248915076439,23.09048930275,8877600.0739587
2000-06-16,23.381946601137,23.440896007971,22.265297296039,22.802354969798,10841600.219547
2000-06-19,22.641888968896,24.469187662127,22.44862529914,24.161414603449,14071599.148775
2000-06-20,24.623107421121,25.975587583209,24.59359948805,25.314051624219,17906800.641425
2000-06-21,25.248622434785,28.471001706994,25.16016509488,27.809465748004,17499999.299054
2000-06-22,27.874961396747,28.814828940653,26.784463829629,26.882723917571,16704001.792917
2000-06-23,26.892526665607,27.308429019571,25.409088435687,25.834760308033,7320199.4630456
2000-06-26,26.250662661998,27.373924668314,26.054142486115,27.062861873854,6619800.2729677
2000-06-27,26.892526665607,27.75051634117,25.808608570052,25.877360724922,7266798.907602
2000-06-28,26.663308509834,27.691600163991,25.746369427437,27.216715173538,10229599.992883
2000-06-29,26.532317212349,26.97433807464,25.530243755482,25.62192437186,7273599.6704855
2000-06-30,26.4111286629,27.468895020473,25.834760308033,26.188423519382,11539199.500875
2000-07-03,26.054142486115,27.164345238268,26.054142486115,26.663308509834,2529600.6419589
2000-07-05,26.623997828727,27.590150029231,25.382870238398,25.808608570052,9471999.0040914
2000-07-06,26.250662661998,26.466821563606,24.81304812544,25.903578922212,11055200.184301
2000-07-07,26.296519585014,27.406689107512,26.054142486115,27.216715173538,9414400.842543
2000-07-10,27.049702930727,29.125891735112,26.882723917571,28.559392587591,14207001.429862
2000-07-11,28.500409951102,29.617092485855,27.721008408099,28.471001706994,12782000.330313
2000-07-12,29.063719051806,29.466495692298,28.18612388017,29.436987759226,8051199.6334707
2000-07-13,29.25362652647,30.304879871789,27.373924668314,28.248263333822,15916400.492078
2000-07-14,28.559392587591,29.499193672188,28.438204038141,28.840980678633,6795599.2426708
2000-07-17,29.125891735112,29.414125757027,28.559392587591,29.165235645874,9285800.3174289
2000-07-18,29.25362652647,29.436987759226,28.438204038141,28.621631730206,11371599.232159
2000-07-19,27.590150029231,28.408762564379,25.877360724922,26.339120001903,16352599.853142
2000-07-20,27.498336494236,28.529917884174,27.062861873854,27.560608866505,16627602.322356
2000-07-21,27.184017193649,27.809465748004,26.466821563606,26.784463829629,7008400.4630352
2000-07-24,26.276880859287,26.440636595971,23.748768755612,24.341486100424,14720399.637842
2000-07-25,25.16016509488,25.314051624219,24.528137068961,25.032463533176,7557400.425617
2000-07-26,24.921044502109,25.62192437186,24.623107421121,25.032463533176,7516799.882939
2000-07-27,25.006245335887,26.623997828727,24.940749687144,25.99525953859,10535200.162241
2000-07-28,26.13612004342,26.250662661998,23.440896007971,24.161414603449,8496199.7782209
2000-07-31,24.583796740014,25.808608570052,24.380763551877,25.409088435687,5546400.7541508
2000-08-01,25.16016509488,25.579357184626,24.623107421121,24.659161596101,4902999.9902228
2000-08-02,24.498662365544,24.973480896688,23.585013018928,23.614454492691,5798399.7340195
2000-08-03,22.782649784763,24.027100340528,22.114600813518,23.994335901329,12139200.415247
2000-08-04,24.731203486753,25.62192437186,23.159274687274,23.689819348778,9397199.911296
2000-08-07,23.941932736404,24.528137068961,23.585013018928,23.968184163348,6691000.4417808
2000-08-08,23.968184163348,23.994335901329,23.159274687274,23.381946601137,6309799.6064384
2000-08-09,24.056608273599,24.217041044847,23.614454492691,23.748768755612,13558600.583832
2000-08-10,23.994335901329,24.217041044847,23.689819348778,23.774953723248,8989800.6993296
2000-08-11,23.421257282245,23.994335901329,22.782649784763,23.84044937199,8501999.7181755
2000-08-14,23.794592448974,23.84044937199,23.159274687274,23.526063612095,5594999.5142379
2000-08-15,23.614454492691,23.968184163348,23.254311498742,23.34263592003,4078600.3529715
2000-08-16,23.440896007971,24.498662365544,23.411421304554,24.249772254391,5131200.1369336
2000-08-17,24.187499882122,26.217898222799,24.161414603449,25.720151230147,9674999.8817717
2000-08-18,25.687386790949,25.903578922212,24.940749687144,25.006245335887,6792000.1080333
2000-08-21,25.117564677991,25.779133866635,24.81304812544,25.248622434785,4802400.0873821
2000-08-22,25.314051624219,26.4111286629,25.192929534079,25.834760308033,9885800.3891801
2000-08-23,25.730020437492,27.373924668314,25.530243755482,27.164345238268,8459400.3584385
2000-08-24,27.337870493333,28.307212740656,26.692716753943,28.042040098867,11098798.862287
2000-08-25,28.248263333822,28.752623027691,28.18612388017,28.408762564379,11945001.13378
2000-08-28,28.621631730206,29.499193672188,28.529917884174,29.034211118734,12821601.554742
2000-08-29,28.945853467792,29.715419033105,28.840980678633,29.587684241747,9536797.8424032
2000-08-30,29.499193672188,30.00029685993,29.355176350193,29.744893736522,10192598.374187
2000-08-31,29.47962140577,30.750290158825,29.466495692298,30.468569149164,14985601.643997
2000-09-01,30.66183281892,31.808023286744,30.55702648907,31.719565946839,9173999.6962186
2000-09-05,31.333105066637,32.06013667437,31.123558866246,31.221785724532,10665799.71507
2000-09-06,30.691340751991,31.19234425077,28.883614325177,29.224151823053,12693000.397662
2000-09-07,29.561466044457,31.280735131366,29.125891735112,31.002337087142,7766598.7496435
2000-09-08,30.809139876696,30.809139876696,29.25362652647,29.436987759226,6982800.0161935
2000-09-11,29.345373602157,30.186947828467,29.063719051806,29.224151823053,6692200.5445435
2000-09-12,28.670711929695,30.029738333692,28.500409951102,28.883614325177,6714200.6830971
2000-09-13,28.375964895526,29.744893736522,28.375964895526,29.004736415317,10928000.305715
2000-09-14,29.286390965669,29.807066419829,28.408762564379,28.428401290105,15233997.90809
2000-09-15,28.883614325177,29.093226984877,27.12503455716,27.609755525303,14089799.939956
2000-09-18,27.619491814031,30.376921762441,27.531100933434,30.324585056824,15162000.920877
2000-09-19,29.875818574699,30.249186971083,29.286390965669,29.970855386167,9696799.4765602
2000-09-20,29.699003583852,30.717525719626,29.286390965669,30.517749037617,8121000.3595
2000-09-21,29.25362652647,29.807066419829,27.619491814031,28.336720673727,18231799.748643
2000-09-22,25.16016509488,26.217898222799,25.006245335887,26.086973384622,25953599.717538
2000-09-25,26.381720418792,27.75051634117,26.028023977789,26.751699390431,15555399.776567
2000-09-26,26.663308509834,27.373924668314,25.687386790949,25.720151230147,10390600.313323
2000-09-27,25.877360724922,26.381720418792,24.118780956906,24.469187662127,14366398.603925
2000-09-28,24.659161596101,26.915455127115,24.056608273599,26.751699390431,34985197.932573
2000-09-29,14.101269664712,14.500424272879,12.692365549521,12.881641660753,265058592.53596
2000-10-02,13.351209906508,13.381382432666,11.74964025534,12.121313939352,86599598.4148
2000-10-03,12.471022821832,12.499533865272,11.100864483624,11.151639395486,72790001.178708
2000-10-04,11.188291704244,11.880266026628,10.940730779266,11.809885618694,52357998.978095
2000-10-05,11.74964025534,12.249613634834,10.999979252989,11.028789363319,31178800.952593
2000-10-06,11.350020432012,11.470876684918,10.499939414186,11.100864483624,21880600.476091
2000-10-09,11.311474032955,11.440803847723,10.560915829936,10.87879070354,21341599.112845
2000-10-10,10.809074888693,11.217766407661,10.25071700649,10.438464553621,24682200.155482
2000-10-11,10.060842761479,10.499939414186,9.558443617217,9.8092942779773,42800799.41882
2000-10-12,10.147904455901,10.401014733158,9.7477529581034,10.003488378055,42538000.20624
2000-10-13,10.116768269766,11.057964999846,10.003488378055,11.028789363319,44562600.801601
2000-10-16,11.151639395486,11.621207641241,10.688550932331,10.751487897688,29292000.797479
2000-10-17,10.85127654973,10.971833735746,9.8508978052355,10.060842761479,21489999.573068
2000-10-18,9.7168826092034,10.531075600321,9.3803326698498,10.060842761479,29795201.12629
2000-10-19,9.57904600292,9.8986820482045,9.1500511651381,9.4706508703991,53811599.562602
2000-10-20,9.5289689138001,10.190139346592,9.4706508703991,9.7477529581034,28259400.31874
2000-10-23,10.126271950913,10.280191709907,9.7168826092034,10.190139346592,19688999.166851
2000-10-24,10.349309390974,10.438464553621,9.3992403431804,9.4398802104621,28730399.108876
2000-10-25,9.5289689138001,9.6010108044516,9.2204315730716,9.2486103199686,23713199.64613
2000-10-26,9.3992403431804,9.4398802104621,8.750231963884,9.2486103199686,25780400.684598
2000-10-27,9.4398802104621,9.6010108044516,8.9411363281796,9.2800455729927,26589401.726532
2000-10-30,9.558443617217,9.970723938856,9.3803326698498,9.6537794955746,22828200.040603
2000-10-31,9.8813029389745,10.116768269766,9.6222777832417,9.7804841676476,31638600.378572
2000-11-01,9.7168826092034,10.438464553621,9.7168826092034,10.25071700649,20548798.69082
2000-11-02,10.560915829936,11.217766407661,10.531075600321,11.151639395486,21096199.750222
2000-11-03,11.500019091791,11.500019091791,10.971833735746,11.121167802438,18422199.261425
2000-11-06,11.217766407661,11.311474032955,10.438464553621,10.719354821922,14052799.314349
2000-11-07,10.751487897688,10.900722275417,10.401014733158,10.650270370509,10784399.594483
2000-11-08,10.688550932331,10.719354821922,9.8986820482045,10.029374278801,15074599.9215
2000-11-09,9.9399865085734,10.25071700649,9.5289689138001,10.099056863993,17029799.855179
2000-11-10,9.6806290562971,9.9399865085734,9.5289689138001,9.5289689138001,15080401.035105
2000-11-13,9.3803326698498,10.003488378055,9.1199450982884,9.688105728528,15422000.194614
2000-11-14,9.970723938856,10.25071700649,9.7804841676476,10.116768269766,14607199.513661
2000-11-15,10.022794807237,10.099056863993,9.6222777832417,9.9399865085734,10084200.496767
2000-11-16,9.7477529581034,9.8986820482045,9.4398802104621,9.5007901669032,8548999.1537731
2000-11-17,9.6010108044516,9.6222777832417,9.1199450982884,9.2486103199686,15934999.842927
2000-11-20,9.2902803065354,9.7477529581034,9.1199450982884,9.4706508703991,14573801.302894
2000-11-21,9.6010108044516,9.7477529581034,9.3803326698498,9.3992403431804,10783999.861165
2000-11-22,9.3992403431804,9.558443617217,9.1893618462455,9.2486103199686,10018999.216712
2000-11-24,9.4294128693389,9.7477529581034,9.3992403431804,9.6537794955746,5747599.3259944
2000-11-27,9.9399865085734,9.970723938856,9.2486103199686,9.3494955506042,9242599.3263964
2000-11-28,9.3494955506042,9.5007901669032,8.9716411508817,9.0180962076763,9611599.9445588
2000-11-29,9.0389976602685,9.1500511651381,8.6188751402006,8.7806370976229,17576798.713588
2000-11-30,8.3503130736667,8.5010095561873,8.061248310393,8.2511557850578,28914200.509093
2000-12-01,8.5010095561873,8.750231963884,8.3994929621189,8.5305174892586,13775198.774175
2000-12-04,8.6005988303029,8.6005988303029,8.2194214651444,8.3503130736667,13268599.67393
2000-12-05,8.469840140398,8.7204581935778,8.1879197528116,8.5010095561873,21927800.816577
2000-12-06,7.3096599880886,7.4995674627534,7.0017872404473,7.1603259213967,49088000.204582
2000-12-07,7.2212026481834,7.4379929132252,7.0017872404473,7.1603259213967,14604199.452363
2000-12-08,7.4098473959826,7.6584716699008,7.2212026481834,7.5307036488883,15558000.255015
2000-12-11,7.5909157825878,7.690837353247,7.4379929132252,7.5909157825878,11875398.574122
2000-12-12,7.619393596374,7.9979790484924,7.4995674627534,7.690837353247,13794999.913028
2000-12-13,7.7802251234742,7.7802251234742,7.4379929132252,7.4995674627534,12317401.034968
2000-12-14,7.5104003300746,7.619393596374,7.2212026481834,7.2212026481834,9404200.285043
2000-12-15,7.2801852846716,7.3387691653075,7.0017872404473,7.0316606997165,18355199.346954
2000-12-18,7.2801852846716,7.3096599880886,6.9694215571011,7.118390097595,11635998.3711
2000-12-19,7.1907975144444,7.619393596374,7.0017872404473,7.0017872404473,13357399.303565
2000-12-20,6.888175052192,7.3096599880886,6.8125111292153,7.1907975144444,20190399.266284
2000-12-21,7.118390097595,7.4995674627534,6.9399468536842,7.0316606997165,13101599.110519
2000-12-22,7.0578124376975,7.4995674627534,7.0578124376975,7.4995674627534,11358999.883532
2000-12-26,7.4379929132252,7.4995674627534,7.118390097595,7.3387691653075,7743400.2838497
2000-12-27,7.1707600328656,7.4098473959826,7.0882840307452,7.4098473959826,11623798.725699
2000-12-28,7.1907975144444,7.4687635731621,7.1603259213967,7.4098473959826,10899199.524652
2000-12-29,7.3387691653075,7.4995674627534,7.2500792178219,7.4379929132252,22511999.881363
2001-01-02,7.4379929132252,7.619393596374,7.2801852846716,7.4379929132252,16153999.261977
2001-01-03,7.2500792178219,8.3503130736667,7.2212026481834,8.1879197528116,29181200.668168
2001-01-04,9.0698347795141,9.2486103199686,8.3994929621189,8.5305174892586,26407001.123312
2001-01-05,8.469840140398,8.6896210743321,8.0284506415401,8.1879197528116,14727000.669488
2001-01-08,8.469840140398,8.4901766888661,7.9711294877699,8.2806637181291,13346399.821113
2001-01-09,8.3994929621189,8.817056798801,8.2806637181291,8.6005988303029,21033198.64352
2001-01-10,8.3503130736667,8.5010095561873,8.0284506415401,8.2806637181291,20742201.033512
2001-01-11,8.1211613772032,9.2486103199686,8.1211613772032,9.0010826246442,28704799.384281
2001-01-12,8.9411363281796,9.0010826246442,8.5305174892586,8.6005988303029,15120599.888381
2001-01-16,8.7204581935778,9.1199450982884,8.5010095561873,8.5586630065011,10932800.265361
2001-01-17,8.7806370976229,8.7806370976229,8.2511557850578,8.3994929621189,30031201.173571
2001-01-18,8.9008287574415,9.3803326698498,8.8107763941271,9.3494955506042,43821800.950551
2001-01-19,9.7168826092034,9.7804841676476,9.3494955506042,9.7477529581034,27737999.740433
2001-01-22,9.5289689138001,9.8092942779773,9.2204315730716,9.6222777832417,18547402.158662
2001-01-23,9.6537794955746,10.470398251461,9.5289689138001,10.25071700649,31411800.848295
2001-01-24,10.308004930605,10.349309390974,9.7804841676476,10.25071700649,25610399.427923
2001-01-25,10.280191709907,10.280191709907,9.8813029389745,9.970723938856,17489600.876119
2001-01-26,9.7477529581034,9.8986820482045,9.5289689138001,9.7804841676476,17243598.678457
2001-01-29,9.7804841676476,10.87879070354,9.7804841676476,10.85127654973,30554601.020341
2001-01-30,10.781926261081,10.999979252989,10.438464553621,10.87879070354,24729400.044564
2001-01-31,10.751487897688,11.24923489034,10.719354821922,10.809074888693,26096600.181779
2001-02-01,10.349309390974,10.751487897688,10.25071700649,10.560915829936,13203400.139305
2001-02-02,10.560915829936,10.971833735746,10.25071700649,10.308004930605,15262199.886656
2001-02-05,10.25071700649,10.280191709907,9.8813029389745,10.099056863993,10218400.478258
2001-02-06,10.080415027897,10.698386910022,10.003488378055,10.560915829936,16525399.844916
2001-02-07,10.329271909396,10.438464553621,9.8986820482045,10.380113280566,14067399.676867
2001-02-08,10.280191709907,10.531075600321,10.099056863993,10.380113280566,21575999.685169
2001-02-09,10.25071700649,10.401014733158,9.3494955506042,9.558443617217,21074399.312813
2001-02-12,9.5289689138001,10.003488378055,9.3992403431804,9.8508978052355,9790001.288607
2001-02-13,9.970723938856,10.222272422358,9.5007901669032,9.558443617217,8466800.2849421
2001-02-14,9.6010108044516,9.8092942779773,9.2486103199686,9.7477529581034,11039998.88264
2001-02-15,9.8508978052355,10.280191709907,9.8508978052355,10.029374278801,11122000.397628
2001-02-16,9.5007901669032,9.7477529581034,9.3803326698498,9.5007901669032,9425399.4823737
2001-02-20,9.6010108044516,9.7168826092034,9.1019013959711,9.1500511651381,11246199.041265
2001-02-21,9.1199450982884,9.970723938856,9.1199450982884,9.4398802104621,13937800.615938
2001-02-22,9.5289689138001,9.688105728528,9.0010826246442,9.3992403431804,15427199.586643
2001-02-23,9.3089221426311,9.4398802104621,9.1199450982884,9.3992403431804,10495199.264681
2001-02-26,9.5289689138001,9.8508978052355,9.2800455729927,9.7477529581034,7372798.4152071
2001-02-27,9.6432124654883,9.7168826092034,9.3494955506042,9.688105728528,12447000.065804
2001-02-28,9.688105728528,9.7168826092034,9.0590683715017,9.1199450982884,18151198.729715
2001-03-01,8.9008287574415,9.3803326698498,8.6005988303029,9.3803326698498,11802199.919279
2001-03-02,9.1500511651381,10.222272422358,9.1199450982884,9.6222777832417,14507200.27912
2001-03-05,9.688105728528,10.25071700649,9.6222777832417,10.190139346592,11577601.224413
2001-03-06,10.360773621728,11.028789363319,10.349309390974,10.751487897688,26135800.860363
2001-03-07,10.650270370509,10.809074888693,10.380113280566,10.61910095472,14983599.065238
2001-03-08,10.349309390974,10.560915829936,10.222272422358,10.401014733158,7316400.1156725
2001-03-09,10.308004930605,10.349309390974,10.003488378055,10.116768269766,10683400.108793
2001-03-12,9.8508978052355,9.9399865085734,9.0590683715017,9.3089221426311,13964999.213619
2001-03-13,9.4398802104621,9.7804841676476,9.1019013959711,9.7804841676476,15833201.131348
2001-03-14,9.2486103199686,10.25071700649,9.2204315730716,10.222272422358,17063401.077387
2001-03-15,10.438464553621,10.688550932331,9.8508978052355,9.8508978052355,18904199.068787
2001-03-16,9.5007901669032,10.147904455901,9.4398802104621,9.8092942779773,16797001.044927
2001-03-19,9.8813029389745,10.308004930605,9.7477529581034,10.280191709907,12714599.689434
2001-03-20,10.360773621728,10.470398251461,9.8508978052355,9.8508978052355,17828800.251413
2001-03-21,9.8902084863428,10.438464553621,9.688105728528,10.060842761479,13263400.582838
2001-03-22,10.190139346592,10.87879070354,10.099056863993,10.809074888693,25832199.207128
2001-03-23,11.028789363319,11.77974632219,10.999979252989,11.500019091791,33745999.849005
2001-03-26,11.55870266139,11.880266026628,10.560915829936,10.890354623257,26230400.369765
2001-03-27,10.971833735746,11.527932001453,10.951530416933,11.440803847723,19422199.732103
2001-03-28,11.039024096861,11.24923489034,10.751487897688,11.089367023216,20880798.593095
2001-03-29,10.87879070354,11.720497848467,10.751487897688,11.270834165674,21895199.454303
2001-03-30,11.282265166773,11.360554232444,10.669543570037,11.039024096861,14298200.843711
2001-04-02,11.039024096861,11.329418046309,10.698386910022,10.792725898748,12175398.92598
2001-04-03,10.678781413949,10.698386910022,10.060842761479,10.116768269766,13167399.614381
2001-04-04,9.8813029389745,10.116768269766,9.3803326698498,9.7477529581034,24481599.212485
2001-04-05,10.300827325264,11.24923489034,10.003488378055,10.438464553621,15955799.457407
2001-04-06,10.401014733158,10.518548020628,9.9504206200423,10.289396324164,11603199.233673
2001-04-09,10.349309390974,10.669543570037,10.029374278801,10.27068802876,9520799.3010327
2001-04-10,10.449131272671,11.350020432012,10.390912918233,11.01835525185,16334800.420334
2001-04-11,11.492243352671,11.500019091791,10.640401163164,10.900722275417,11931999.042476
2001-04-12,10.708189658058,11.50762868264,10.570286592465,11.208595023058,10676199.973714
2001-04-16,11.039024096861,11.198426748824,10.430190369686,10.719354821922,10186599.756271
2001-04-17,10.600492348278,10.609696962536,9.801784376092,10.202567237323,24471400.129571
2001-04-18,10.792725898748,12.041396620617,10.54150971179,11.389729868972,39315801.358144
2001-04-19,12.778530043275,12.881641660753,11.800049641004,12.860740208161,66916800.034685
2001-04-20,12.460256413819,12.807041086716,12.301352206672,12.519837184086,24764399.144687
2001-04-23,12.170394138841,12.499533865272,12.00078998299,12.121313939352,19340200.233386
2001-04-24,12.159960027372,12.378976679256,11.759077477179,12.020428708716,13469199.473371
2001-04-25,12.111444732007,12.428754701487,11.789549070226,12.358374293553,11813598.8943
2001-04-26,12.5889216355,13.050946749715,12.343686786326,12.350166568926,28560599.298774
2001-04-27,12.600352636599,13.142328299204,12.378976679256,13.097567954781,16179001.357726
2001-04-30,13.351209906508,13.560955484825,12.43998632466,12.740183022144,17670600.080472
2001-05-01,12.710741548382,13.2501585276,12.600352636599,12.960562089857,15258998.890376
2001-05-02,13.171869461929,13.351209906508,12.881641660753,13.289735045943,13161599.644333
2001-05-03,12.979934978349,13.119100770806,12.368542567787,12.481490162955,10769401.575106
2001-05-04,12.121313939352,12.931452912638,11.980519893831,12.881641660753,10037599.319901
2001-05-07,12.807041086716,12.881641660753,12.419317479648,12.481490162955,9876798.4899499
2001-05-08,12.680967778076,12.721906712247,11.969321500311,12.291948214488,11265598.159686
2001-05-09,12.067614817907,12.280749820969,11.839360322111,11.988993455692,11603199.233673
2001-05-10,12.111444732007,12.249613634834,11.470876684918,11.500019091791,10320600.879238
2001-05-11,11.50762868264,11.739438751452,11.380192958171,11.429339616969,7251600.5852079
2001-05-14,11.450573366104,11.839360322111,11.380192958171,11.640547300078,11043599.311303
2001-05-15,11.689993025765,12.749686703291,11.517398201021,11.592065234367,8465199.0043683
2001-05-16,11.631043618931,12.249613634834,11.429339616969,12.049903412133,11511801.171956
2001-05-17,12.121313939352,12.159960027372,11.621207641241,11.77974632219,11861399.903086
2001-05-18,11.679193388098,11.82098432325,11.55870266139,11.769943574154,5680399.5900044
2001-05-21,11.809885618694,11.957890499212,11.527932001453,11.77974632219,16464198.997685
2001-05-22,12.00078998299,12.059706160169,11.700493596543,11.74964025534,14746999.192277
2001-05-23,11.880266026628,11.880266026628,11.429339616969,11.621207641241,10037199.827331
2001-05-24,11.640547300078,11.650084210879,11.311474032955,11.599940662451,9705600.7116508
2001-05-25,11.599940662451,11.640547300078,11.24923489034,11.380192958171,5669400.2881145
2001-05-29,11.161408913868,11.24923489034,10.401014733158,10.728526206526,18428200.708141
2001-05-30,10.380113280566,10.380113280566,9.6537794955746,9.8902084863428,27752799.653628
2001-05-31,9.8986820482045,10.116768269766,9.7385151141915,9.970723938856,15817598.832438
2001-06-01,10.060842761479,10.54150971179,9.9910604873241,10.449131272671,16288399.847421
2001-06-04,10.54150971179,10.552010282568,10.23433478689,10.329271909396,10068600.394689
2001-06-05,10.401014733158,10.552010282568,10.180037531667,10.470398251461,16849800.08945
2001-06-06,10.459698302757,10.459698302757,10.158371797024,10.370244073221,7970599.5775381
2001-06-07,10.360773621728,10.85127654973,10.222272422358,10.82871361442,11613600.244657
2001-06-08,10.818910866384,10.818910866384,10.360773621728,10.659740822001,12236599.26162
2001-06-11,10.531075600321,10.54150971179,9.970723938856,10.022794807237,10500001.210506
2001-06-12,9.8813029389745,10.349309390974,9.8813029389745,10.147904455901,10849799.793248
2001-06-13,10.708189658058,10.870051304443,10.029374278801,10.23433478689,18267400.088845
2001-06-14,10.022794807237,10.222272422358,9.8813029389745,9.9399865085734,10619598.632645
2001-06-15,10.051571687913,10.380113280566,9.6806290562971,10.222272422358,16236598.797028
2001-06-18,10.21047589506,10.430190369686,10.003488378055,10.158371797024,12354000.272108
2001-06-19,10.430190369686,10.698386910022,10.011696102681,10.099056863993,11467399.386008
2001-06-20,10.003488378055,10.929897911945,9.9910604873241,10.838915118308,15415000.452833
2001-06-21,10.781926261081,11.500019091791,10.552010282568,11.238368793364,12190401.549679
2001-06-22,11.238368793364,11.500019091791,10.87879070354,11.131967440105,10215199.632445
2001-06-25,11.24923489034,12.00078998299,11.217766407661,11.988993455692,15698200.118354
2001-06-26,11.671351189669,11.880266026628,11.50762868264,11.880266026628,9742199.3770128
2001-06-27,11.9113025238,12.00078998299,11.24923489034,11.671351189669,13361800.011391
2001-06-28,11.527932001453,11.957890499212,11.470876684918,11.769943574154,12443200.929086
2001-06-29,11.829557574075,12.550940140567,11.599940662451,11.621207641241,18406800.455453
2001-07-02,11.82098432325,12.121313939352,11.570465959034,11.947090861545,8215999.8730623
2001-07-03,11.759077477179,12.088549500153,11.74964025534,11.921869553886,4019399.3760756
2001-07-05,11.800049641004,11.880266026628,11.50762868264,11.599940662451,5438999.757397
2001-07-06,11.380192958171,11.481377255696,10.859185207467,11.01835525185,10818599.589094
2001-07-09,11.039024096861,11.500019091791,10.838915118308,11.350020432012,12052399.181361
2001-07-10,11.470876684918,11.538366112922,10.420321162341,10.570286592465,14116800.160611
2001-07-11,10.518548020628,11.282265166773,10.499939414186,11.270834165674,16803800.122569
2001-07-12,11.650084210879,12.39768497466,11.650084210879,12.180562413075,21957199.617703
2001-07-13,12.059706160169,12.508306494023,11.921869553886,12.428754701487,16240800.646331
2001-07-16,12.43998632466,12.550940140567,11.957890499212,11.980519893831,9952399.6675251
2001-07-17,11.988993455692,12.609291413622,11.50762868264,12.550940140567,23136799.368452
2001-07-18,10.890354623257,11.389729868972,10.21047589506,10.390912918233,40607601.523608
2001-07-19,10.61910095472,10.708189658058,9.8813029389745,9.9802276200029,30754999.794518
2001-07-20,9.8508978052355,10.029374278801,9.7385151141915,9.9910604873241,15877999.641254
2001-07-23,10.041802169531,10.25071700649,9.7591839592031,9.7696845299807,8620001.2464964
2001-07-24,9.6972771131312,9.959259708102,9.3697656397635,9.5394362549234,12442000.314732
2001-07-25,9.558443617217,9.6537794955746,8.9804470092869,9.2303340100708,15852800.492598
2001-07-26,9.2401035284525,9.3992403431804,8.9315994173784,9.2902803065354,13183599.843073
2001-07-27,9.3803326698498,9.6222777832417,9.2486103199686,9.4818160342639,11933400.74228
2001-07-30,9.558443617217,9.6806290562971,9.2588118238569,9.4605490554738,8691398.7390591
2001-07-31,9.6328115836737,9.7070798611673,9.2588118238569,9.3907667813187,8393799.6760958
2001-08-01,9.5096957142716,9.8902084863428,9.4706508703991,9.5289689138001,10862000.221083
2001-08-02,9.8187647294698,9.9399865085734,9.6328115836737,9.9088503224385,9003198.8525328
2001-08-03,9.9504206200423,9.9504206200423,9.5007901669032,9.7477529581034,6644801.1950661
2001-08-06,9.5190997064553,9.8296308264454,9.5007901669032,9.558443617217,3559000.906851
2001-08-07,9.6622530574363,9.8400317082599,9.4909541892128,9.6222777832417,6019598.5138945
2001-08-08,9.6328115836737,9.8508978052355,9.2695782318694,9.4500152550418,9863201.267568
2001-08-09,9.4818160342639,9.5689109583403,9.3593647579489,9.5289689138001,7166599.4302324
2001-08-10,9.5190997064553,9.6622530574363,9.2902803065354,9.5096957142716,6677200.1477712
2001-08-13,9.5486740988353,9.6622530574363,9.3803326698498,9.5394362549234,5285599.6062896
2001-08-14,9.6010108044516,9.6806290562971,9.3412878259773,9.3697656397635,8176800.7593458
2001-08-15,9.3803326698498,9.4706508703991,9.1019013959711,9.2204315730716,10331400.419797
2001-08-16,9.1287509566936,9.3803326698498,8.9804470092869,9.3199876175329,10289001.332982
2001-08-17,9.0010826246442,9.2204315730716,8.9902829869774,9.0389976602685,7443801.1098024
2001-08-20,9.0698347795141,9.1199450982884,8.9008287574415,9.0590683715017,9010800.7071072
2001-08-21,9.0698347795141,9.0698347795141,8.8471628656508,8.9607750539061,6632199.1982031
2001-08-22,8.9716411508817,9.1199450982884,8.8016714688325,9.1107737136851,6213399.7171907
2001-08-23,9.1019013959711,9.1713846032369,8.7911708980549,8.9008287574415,7752800.6524669
2001-08-24,9.0010826246442,9.3089221426311,8.817056798801,9.2902803065354,10368998.614063
2001-08-27,9.2996842987192,9.6537794955746,9.0806676468354,9.4605490554738,6272998.8023504
2001-08-28,9.4500152550418,9.5689109583403,9.1998291873687,9.1998291873687,6133401.2022728
2001-08-29,9.2204315730716,9.4098073732667,8.9106979647862,8.9106979647862,8570398.4133713
2001-08-30,8.8687621409845,9.0914672845022,8.6405076451887,8.9106979647862,13167600.60955
2001-08-31,8.8687621409845,9.2996842987192,8.817056798801,9.2800455729927,7746599.1133907
2001-09-04,9.2486103199686,9.5394362549234,9.0914672845022,9.1199450982884,12436199.140939
2001-09-05,9.1199450982884,9.4706508703991,9.0590683715017,9.2800455729927,12859198.665638
2001-09-06,9.1998291873687,9.4605490554738,8.817056798801,8.8582947998612,10084599.838868
2001-09-07,8.750231963884,9.0492323938112,8.6005988303029,8.6405076451887,8636797.8701976
2001-09-10,8.5010095561873,8.750231963884,8.4585088282614,8.6896210743321,11030201.037725
2001-09-17,7.9979790484924,8.5409183710731,7.8700116495537,8.4901766888661,16357399.842882
2001-09-18,8.4485731616079,8.8582947998612,8.0903574876119,8.1424615856477,11682200.175771
2001-09-19,8.2511557850578,8.5508208080723,7.8008939684859,8.5118424235085,13332801.605642
2001-09-20,8.1424615856477,8.469840140398,7.7504845828224,7.8395068268517,14684799.207359
2001-09-21,7.4013073748122,8.1211613772032,7.3387691653075,7.8700116495537,20375600.169471
2001-09-24,8.050348983763,8.4207267112546,7.9711294877699,8.2194214651444,10519200.627782
2001-09-25,8.0691237384762,8.111624466402,7.6698694413461,7.769757782351,13371599.902671
2001-09-26,7.912545607134,7.9485665524597,7.4586949878912,7.5811794938605,17635599.866885
2001-09-27,7.619393596374,7.8804125313683,7.600818219587,7.7504845828224,11508601.439607
2001-09-28,7.8591787822325,7.9600640128681,7.7007065605918,7.7504845828224,13039600.12077
2001-10-01,7.7504845828224,7.9979790484924,7.619393596374,7.769757782351,7436000.667547
2001-10-02,7.7088145962555,7.9200555090192,7.4379929132252,7.5307036488883,8424400.9272854
2001-10-03,7.4687635731621,7.6813669017545,7.4187197136966,7.4900970112609,24394400.141178
2001-10-04,7.6698694413461,8.1211613772032,7.4995674627534,7.9390961009672,14325799.806676
2001-10-05,7.7007065605918,8.0691237384762,7.4995674627534,8.0691237384762,12238798.261321
2001-10-08,7.7900278715103,8.1784493013191,7.7504845828224,8.1007915990808,7427998.9592799
2001-10-09,8.0284506415401,8.1007915990808,7.8202003976688,7.9979790484924,6215199.8863816
2001-10-10,8.050348983763,8.4306623779081,7.9711294877699,8.4093621694637,10991401.356391
2001-10-11,8.4585088282614,8.8687621409845,8.4306623779081,8.8687621409845,11934401.896238
2001-10-12,8.6510082159663,9.0389976602685,8.4306623779081,9.0098884830495,10279000.265972
2001-10-15,8.9716411508817,9.1893618462455,8.9716411508817,8.9902829869774,11383999.150483
2001-10-16,9.0389976602685,9.1019013959711,8.8789304152185,9.0098884830495,7248198.9247881
2001-10-17,9.1713846032369,9.2106952843443,8.47907798431,8.4901766888661,10197799.090335
2001-10-18,8.6405076451887,9.1199450982884,8.6405076451887,9.0010826246442,21877600.775916
2001-10-19,8.9716411508817,9.1998291873687,8.9411363281796,9.1500511651381,5956800.6894748
2001-10-22,9.1107737136851,9.5394362549234,9.0389976602685,9.5096957142716,13997801.330313
2001-10-23,9.558443617217,9.7070798611673,8.9411363281796,9.0698347795141,24463600.048439
2001-10-24,9.0279321853668,9.5394362549234,8.8789304152185,9.4706508703991,13372400.031367
2001-10-25,9.2204315730716,9.6222777832417,9.0806676468354,9.6010108044516,9105399.4340752
2001-10-26,9.4294128693389,9.6222777832417,9.3089221426311,9.3412878259773,9962998.84488
2001-10-29,9.2902803065354,9.3412878259773,8.8016714688325,8.8107763941271,8542200.5877225
2001-10-30,8.6896210743321,9.0010826246442,8.5305174892586,8.8016714688325,9884400.4348051
2001-10-31,8.8687621409845,9.1998291873687,8.7204581935778,8.7806370976229,9776799.2253158
2001-11-01,8.817056798801,9.3907667813187,8.6188751402006,9.2902803065354,11178400.171749
2001-11-02,9.2588118238569,9.4294128693389,9.0806676468354,9.2902803065354,7043000.5219934
2001-11-05,9.4195436619941,9.6222777832417,9.2996842987192,9.5394362549234,8421199.8708179
2001-11-06,9.4818160342639,9.8092942779773,9.2695782318694,9.7918819390929,11286400.06128
2001-11-07,9.7278151654877,10.060842761479,9.6622530574363,9.7918819390929,13678199.751401
2001-11-08,9.8092942779773,9.9504206200423,9.2902803065354,9.3593647579489,12219399.293368
2001-11-09,9.2996842987192,9.6222777832417,9.2800455729927,9.3593647579489,4796201.3470109
2001-11-12,9.3305214179649,9.590510233674,8.9804470092869,9.3803326698498,7196399.1082334
2001-11-13,9.5394362549234,9.6972771131312,9.3593647579489,9.688105728528,8023999.3204545
2001-11-14,9.7918819390929,9.9504206200423,9.5689109583403,9.801784376092,7898200.1786768
2001-11-15,9.7168826092034,9.9504206200423,9.6222777832417,9.7168826092034,7608201.826731
2001-11-16,9.6328115836737,9.6432124654883,9.1998291873687,9.4818160342639,8238001.5764832
2001-11-19,9.5007901669032,10.029374278801,9.4818160342639,10.003488378055,11878198.904182
2001-11-20,9.9088503224385,10.099056863993,9.7477529581034,9.7696845299807,9877999.3751462
2001-11-21,9.801784376092,9.8986820482045,9.6328115836737,9.8400317082599,7199401.3964583
2001-11-23,9.8600359601843,9.970723938856,9.7918819390929,9.919982256649,2143000.3222265
2001-11-26,9.970723938856,10.781926261081,9.9399865085734,10.688550932331,16453199.394859
2001-11-27,10.600492348278,10.761922009157,10.25071700649,10.499939414186,9591199.8527413
2001-11-28,10.430190369686,10.609696962536,10.21047589506,10.27068802876,8950399.8381038
2001-11-29,10.300827325264,10.349309390974,10.099056863993,10.21047589506,7241599.6385714
2001-11-30,10.23433478689,10.719354821922,10.116768269766,10.650270370509,10853999.927216
2001-12-03,10.531075600321,10.640401163164,10.300827325264,10.531075600321,6470201.1243816
2001-12-04,10.531075600321,11.282265166773,10.360773621728,11.198426748824,13586400.331311
2001-12-05,11.179087089987,12.020428708716,11.089367023216,11.880266026628,20306399.028372
2001-12-06,11.739438751452,11.74964025534,11.070093823688,11.389729868972,12104800.027339
2001-12-07,11.227602385352,11.360554232444,10.999979252989,11.270834165674,7268400.3085502
2001-12-10,11.141803417795,11.492243352671,11.121167802438,11.270834165674,6071798.695733
2001-12-11,11.339320483309,11.429339616969,10.818910866384,10.890354623257,7338399.3514181
2001-12-12,10.940730779266,10.960336275338,10.61910095472,10.741020556565,6873599.6627762
2001-12-13,10.741020556565,10.781926261081,10.25071700649,10.499939414186,7065799.4651242
2001-12-14,10.370244073221,10.410584873613,10.041802169531,10.202567237323,6781600.3308866
2001-12-17,10.202567237323,10.499939414186,10.099056863993,10.308004930605,6204000.6425985
2001-12-18,10.449131272671,10.659740822001,10.107331047928,10.510772281507,8401399.3037436
2001-12-19,10.289396324164,10.838915118308,10.23433478689,10.809074888693,10355600.12983
2001-12-20,10.698386910022,10.728526206526,10.308004930605,10.338177456764,7887999.6211768
2001-12-21,10.510772281507,10.772422579935,10.401014733158,10.499939414186,9154798.9548237
2001-12-24,10.449131272671,10.719354821922,10.449131272671,10.678781413949,1808200.33064
2001-12-26,10.678781413949,11.151639395486,10.570286592465,10.741020556565,5228599.1036812
2001-12-27,10.792725898748,11.121167802438,10.792725898748,11.039024096861,6839600.9341774
2001-12-28,10.981636483782,11.500019091791,10.981636483782,11.208595023058,10683000.887066
2001-12-31,11.260001298352,11.329418046309,10.910259186218,10.951530416933,4920801.6800508
2002-01-02,11.028789363319,11.650084210879,10.981636483782,11.650084210879,18910599.526574
2002-01-03,11.500019091791,11.880266026628,11.380192958171,11.789549070226,21857400.656085
2002-01-04,11.671351189669,11.969321500311,11.492243352671,11.84979443358,14642001.861813
2002-01-07,11.859331344381,12.00078998299,11.380192958171,11.450573366104,15877999.641254
2002-01-08,11.380192958171,11.527932001453,11.227602385352,11.302169729735,16072800.042425
2002-01-09,11.399466157699,11.461140396191,10.640401163164,10.818910866384,11708401.260819
2002-01-10,10.609696962536,10.728526206526,10.116768269766,10.61910095472,16169200.653919
2002-01-11,10.698386910022,10.921058823885,10.300827325264,10.531075600321,12457199.449653
2002-01-14,10.510772281507,10.698386910022,10.449131272671,10.570286592465,14857001.209164
2002-01-15,10.659740822001,10.87879070354,10.609696962536,10.85127654973,10368599.362242
2002-01-16,10.708189658058,10.708189658058,10.25071700649,10.390912918233,20246198.883696
2002-01-17,10.981636483782,11.369725617048,10.940730779266,11.238368793364,23592001.184165
2002-01-18,10.999979252989,11.302169729735,10.981636483782,11.089367023216,12100401.064942
2002-01-22,11.131967440105,11.188291704244,10.910259186218,10.910259186218,11689798.840424
2002-01-23,10.900722275417,11.517398201021,10.792725898748,11.50762868264,15831399.969068
2002-01-24,11.461140396191,11.759077477179,11.450573366104,11.610474462883,12285799.71319
2002-01-25,11.450573366104,11.709997277689,11.329418046309,11.621207641241,6639800.8120287
2002-01-28,11.700493596543,11.77974632219,11.360554232444,11.631043618931,6658800.6485352
2002-01-29,11.610474462883,11.769943574154,11.429339616969,11.538366112922,8582999.3268647
2002-01-30,11.538366112922,12.067614817907,11.470876684918,12.041396620617,16841999.887943
2002-01-31,12.079677182439,12.368542567787,12.049903412133,12.358374293553,16730199.567669
2002-02-01,12.623613394651,12.842696505844,12.543762535225,12.733071876111,14225199.964022
2002-02-04,12.663223142648,12.812922735537,12.623613394651,12.762812416763,18656199.980057
2002-02-05,12.540107273245,12.988142702975,12.540107273245,12.721906712247,16317399.998598
2002-02-06,12.798899821398,12.988142702975,12.067614817907,12.343686786326,21341998.966537
2002-02-07,12.322087510992,12.641989393512,12.041396620617,12.15072218346,12422600.203222
2002-02-08,12.19820735954,12.322087510992,11.689993025765,12.020428708716,12690399.347436
2002-02-11,11.957890499212,12.499533865272,11.870496508246,12.490694777213,14235801.00718
2002-02-12,12.332156096263,12.519837184086,12.216982114253,12.358374293553,8010000.4086703
2002-02-13,12.368542567787,12.620655955413,12.322087510992,12.508306494023,11173999.313455
2002-02-14,12.529008568689,12.620655955413,12.189069204591,12.301352206672,9291800.1390895
2002-02-15,12.270947072933,12.490694777213,11.928083499251,11.947090861545,9292399.4832712
2002-02-19,11.880266026628,11.937520721089,11.238368793364,11.311474032955,13937800.615938
2002-02-20,11.380192958171,11.599940662451,11.179087089987,11.55870266139,10194401.161522
2002-02-21,11.461140396191,11.500019091791,10.719354821922,10.751487897688,15955400.446335
2002-02-22,10.82871361442,11.470876684918,10.751487897688,11.369725617048,14517000.350962
2002-02-25,11.429339616969,12.358374293553,11.179087089987,11.902230828159,15244600.726771
2002-02-26,11.957890499212,12.189069204591,11.621207641241,11.839360322111,9290397.8073199
2002-02-27,11.969321500311,12.121313939352,10.470398251461,10.981636483782,36791398.392878
2002-02-28,11.070093823688,11.29283219686,10.678781413949,10.85127654973,16319199.59601
2002-03-01,10.960336275338,11.74964025534,10.910259186218,11.720497848467,12463999.640758
2002-03-04,11.631043618931,12.291948214488,11.380192958171,12.140653598189,12437799.458518
2002-03-05,12.067614817907,12.2070464476,11.700493596543,11.769943574154,9810798.4053185
2002-03-06,11.739438751452,12.170394138841,11.461140396191,12.041396620617,8078799.9205539
2002-03-07,12.031527413272,12.270947072933,11.800049641004,12.189069204591,9223200.2079757
2002-03-08,12.368542567787,12.540107273245,12.15072218346,12.332156096263,9634800.8178408
2002-03-11,12.301352206672,12.568618316686,12.049903412133,12.529008568689,9385199.2447924
2002-03-12,12.261144324897,12.368542567787,12.049903412133,12.358374293553,9073401.1174965
2002-03-13,12.189069204591,12.428754701487,12.067614817907,12.238880456476,7170200.5510477
2002-03-14,12.15072218346,12.301352206672,11.937520721089,12.2070464476,7760600.131727
2002-03-15,12.227682062957,12.481490162955,12.121313939352,12.471022821832,8603599.2402009
2002-03-18,12.471022821832,12.529008568689,12.159960027372,12.368542567787,10876999.684954
2002-03-19,12.350166568926,12.649798362286,12.15072218346,12.428754701487,8655198.9343009
2002-03-20,12.332156096263,12.568618316686,12.249613634834,12.460256413819,10511401.238803
2002-03-21,11.928083499251,12.15072218346,11.631043618931,12.131748050821,22012597.936929
2002-03-22,12.111444732007,12.280749820969,11.937520721089,12.041396620617,7221199.9078771
2002-03-25,12.041396620617,12.041396620617,11.621207641241,11.679193388098,9386799.5322773
2002-03-26,11.599940662451,11.82098432325,11.500019091791,11.72966923307,9208599.0028367
2002-03-27,11.679193388098,11.859331344381,11.631043618931,11.72966923307,4560797.5743637
2002-03-28,11.84979443358,11.937520721089,11.72966923307,11.839360322111,3873400.1746543
2002-04-01,11.689993025765,12.350166568926,11.640547300078,12.227682062957,7108800.8753868
2002-04-02,12.00078998299,12.15072218346,11.937520721089,12.041396620617,7278398.7574177
2002-04-03,12.031527413272,12.238880456476,11.800049641004,11.880266026628,7661800.036954
2002-04-04,11.839360322111,12.529008568689,11.839360322111,12.45035397682,12089199.263203
2002-04-05,12.471022821832,12.600352636599,12.049903412133,12.368542567787,9940998.6160456
2002-04-08,12.079677182439,12.343686786326,11.892394850469,12.280749820969,9339800.307335
2002-04-09,12.291948214488,12.499533865272,12.011290553768,12.049903412133,6840399.1970698
2002-04-10,12.111444732007,12.471022821832,12.011290553768,12.332156096263,8035000.0066502
2002-04-11,12.519837184086,12.600352636599,12.378976679256,12.428754701487,14544798.92479
2002-04-12,12.508306494023,12.5889216355,12.291948214488,12.529008568689,11437200.546467
2002-04-15,12.529008568689,12.568618316686,12.39768497466,12.499533865272,10691798.149801
2002-04-16,12.568618316686,12.988142702975,12.558150975563,12.870908482395,21949200.256737
2002-04-17,12.960562089857,13.087997814326,12.692365549521,13.050946749715,14151798.026897
2002-04-18,12.749686703291,12.758924547203,12.43998632466,12.710741548382,14346800.626981
2002-04-19,12.740183022144,12.740183022144,12.460256413819,12.490694777213,13407400.034298
2002-04-22,12.419317479648,12.460256413819,12.121313939352,12.270947072933,9622400.418019
2002-04-23,12.270947072933,12.388845886601,12.041396620617,12.121313939352,8338200.0005768
2002-04-24,12.15072218346,12.249613634834,11.839360322111,11.880266026628,5015998.5775499
2002-04-25,11.77974632219,12.170394138841,11.77974632219,12.059706160169,6935800.8514384
2002-04-26,12.140653598189,12.189069204591,11.500019091791,11.50762868264,10892201.377831
2002-04-29,11.579969640181,12.031527413272,11.538366112922,11.980519893831,9724600.7588126
2002-04-30,11.947090861545,12.189069204591,11.880266026628,12.131748050821,10034400.129237
2002-05-01,12.140653598189,12.140653598189,11.679193388098,11.988993455692,7667999.8606949
2002-05-02,11.902230828159,12.170394138841,11.800049641004,11.84979443358,8547999.4443075
2002-05-03,11.789549070226,12.011290553768,11.709997277689,11.759077477179,8242200.1455833
2002-05-06,11.679193388098,11.74964025534,11.227602385352,11.321243551337,8916600.2689646
2002-05-07,11.470876684918,11.470876684918,11.070093823688,11.227602385352,8669597.9706202
2002-05-08,11.599940662451,12.261144324897,11.517398201021,12.189069204591,15595799.895854
2002-05-09,12.121313939352,12.180562413075,11.902230828159,12.099016841277,8022001.4362971
2002-05-10,12.140653598189,12.140653598189,11.492243352671,11.659853729261,8407000.5958301
2002-05-13,11.759077477179,12.041396620617,11.470876684918,11.969321500311,9485999.781679
2002-05-14,12.216982114253,12.837778516998,12.111444732007,12.798899821398,18803800.161116
2002-05-15,12.692365549521,12.988142702975,12.419317479648,12.641989393512,11993801.099692
2002-05-16,12.529008568689,12.721906712247,12.378976679256,12.609291413622,8108998.8202819
2002-05-17,12.740183022144,12.890214911578,12.301352206672,12.508306494023,8446201.1540395
2002-05-20,12.291948214488,12.460256413819,12.270947072933,12.368542567787,9639801.1105975
2002-05-21,12.407454493042,12.499533865272,11.700493596543,11.72966923307,10035400.109545
2002-05-22,11.689993025765,12.189069204591,11.659853729261,12.159960027372,10388400.260346
2002-05-23,12.216982114253,12.620655955413,12.041396620617,12.5889216355,13192799.246615
2002-05-24,12.490694777213,12.490694777213,11.980519893831,12.067614817907,5934799.8286747
2002-05-28,11.84979443358,12.099016841277,11.709997277689,11.988993455692,5346999.9741034
2002-05-29,11.957890499212,12.216982114253,11.720497848467,11.988993455692,7921200.8392233
2002-05-30,11.880266026628,12.189069204591,11.759077477179,12.099016841277,7013399.6423286
2002-05-31,12.041396620617,12.121313939352,11.640547300078,11.650084210879,13053400.324499
2002-06-03,11.700493596543,11.720497848467,11.29283219686,11.461140396191,8396800.6402021
2002-06-04,11.440803847723,11.517398201021,11.089367023216,11.389729868972,12422201.583367
2002-06-05,11.409700891242,11.409700891242,11.179087089987,11.360554232444,9895800.1922597
2002-06-06,11.481377255696,11.621207641241,11.01835525185,11.07956427518,9285598.6301068
2002-06-07,10.87879070354,10.971833735746,10.459698302757,10.698386910022,21870599.168331
2002-06-10,10.741020556565,10.921058823885,10.669543570037,10.741020556565,9913399.5026128
2002-06-11,10.818910866384,10.85127654973,10.21047589506,10.23433478689,12482000.128922
2002-06-12,10.21047589506,10.380113280566,9.970723938856,10.041802169531,18882800.290686
2002-06-13,10.011696102681,10.029374278801,9.688105728528,9.7696845299807,12574400.668717
2002-06-14,9.6222777832417,10.180037531667,9.0492323938112,10.051571687913,15174999.882447
2002-06-17,10.116768269766,10.308004930605,9.9291204115979,10.27068802876,11593199.912091
2002-06-18,10.21047589506,10.289396324164,9.9910604873241,10.069914457119,12620000.149939
2002-06-19,8.6896210743321,8.8016714688325,8.4397673032026,8.5586630065011,61052397.928921
2002-06-20,8.5900318002165,8.8016714688325,8.4306623779081,8.5508208080723,14165599.976055
2002-06-21,8.47907798431,8.7417251723679,8.3889923913412,8.4306623779081,15899199.711299
2002-06-24,8.3788905764159,8.8687621409845,8.3503130736667,8.6297080075219,15426200.749892
2002-06-25,8.6994902816769,8.8386560741347,8.4306623779081,8.5690638883157,10757199.672684
2002-06-26,8.3994929621189,8.6405076451887,7.989538716285,8.2806637181291,19962601.621502
2002-06-27,8.3889923913412,8.6297080075219,8.2095190281453,8.5305174892586,8987799.7456248
2002-06-28,8.5508208080723,8.9106979647862,8.5010095561873,8.8582947998612,9637800.6684839
2002-07-01,8.8582947998612,8.9411363281796,8.5305174892586,8.5305174892586,7953201.0216054
2002-07-02,8.520016918481,8.5806610376872,8.4093621694637,8.469840140398,10899601.033493
2002-07-03,8.3994929621189,8.8386560741347,8.3788905764159,8.7806370976229,7108199.6353082
2002-07-05,8.8582947998612,9.3803326698498,8.8582947998612,9.3697656397635,5773200.5552698
2002-07-08,9.2588118238569,9.2996842987192,8.8386560741347,9.0098884830495,7543000.4263024
2002-07-09,9.0389976602685,9.1386201640384,8.7308923050467,8.7699039192648,8098200.4232803
2002-07-10,8.8582947998612,9.0914672845022,8.6188751402006,8.6608109640024,7388600.4152616
2002-07-11,8.6297080075219,9.1821510112494,8.47907798431,9.1500511651381,13345599.782698
2002-07-12,9.2800455729927,9.3907667813187,8.6297080075219,8.76003471192,15839001.582894
2002-07-15,8.7092598000586,9.2996842987192,8.3994929621189,9.1199450982884,10571199.724171
2002-07-16,9.0698347795141,9.2902803065354,8.8016714688325,8.9315994173784,15955999.910891
2002-07-17,8.061248310393,8.1007915990808,7.5909157825878,7.8202003976688,43410199.829095
2002-07-18,7.7504845828224,7.7802251234742,7.3810040559985,7.4995674627534,19980799.644072
2002-07-19,7.3502333960616,7.5811794938605,7.2598487362036,7.4786327805069,13757399.852959
2002-07-22,7.3810040559985,7.5909157825878,7.3004221441766,7.4586949878912,15389200.304847
2002-07-23,7.4494903736336,7.5709779899721,7.2212026481834,7.2408413739099,14281801.575933
2002-07-24,7.1707600328656,7.6105545083143,7.118390097595,7.600818219587,14521201.056708
2002-07-25,7.4586949878912,7.4687635731621,7.0017872404473,7.1806292402104,17119801.784409
2002-07-26,7.2310718555282,7.2598487362036,6.8986756229696,7.1707600328656,7417999.0358259
2002-07-29,7.2408413739099,7.5523361538764,7.1806292402104,7.5104003300746,9819998.4107321
2002-07-30,7.4187197136966,7.7504845828224,7.2801852846716,7.7088145962555,12672799.164368
2002-07-31,7.7007065605918,7.7088145962555,7.4494903736336,7.6290301961382,11096399.529476
2002-08-01,7.5523361538764,7.7088145962555,7.3699385810968,7.4013073748122,8176999.4974948
2002-08-02,7.3699385810968,7.4995674627534,7.118390097595,7.2212026481834,6395000.0111542
2002-08-05,7.2500792178219,7.3502333960616,6.9913531289784,7.0017872404473,7286600.7386075
2002-08-06,7.1085873495589,7.619393596374,7.0407656250111,7.3699385810968,9716199.2570401
2002-08-07,7.5414700569008,7.6813669017545,7.1707600328656,7.5104003300746,11909799.172684
2002-08-08,7.3810040559985,7.690837353247,7.3810040559985,7.648602462556,8119600.9769035
2002-08-09,7.619393596374,7.619393596374,7.3810040559985,7.4995674627534,7347000.6446157
2002-08-12,7.4494903736336,7.5104003300746,7.3387691653075,7.4995674627534,6420198.4074704
2002-08-13,7.4494903736336,7.6105545083143,7.2801852846716,7.2896889658185,9638199.2281516
2002-08-14,7.3289996469258,7.6698694413461,7.2706483738704,7.5811794938605,14252999.922156
2002-08-15,7.619393596374,7.8804125313683,7.4995674627534,7.8008939684859,11502800.115346
2002-08-16,7.7193483966875,8.050348983763,7.6386667959025,7.912545607134,8758000.9063899
2002-08-19,7.8909463318002,8.1211613772032,7.8591787822325,7.989538716285,7734200.5492785
2002-08-20,7.989538716285,8.0389179826633,7.760885464637,7.9600640128681,6665200.7752924
2002-08-21,8.0078482558372,8.1211613772032,7.7193483966875,8.061248310393,7229599.7545014
2002-08-22,8.1007915990808,8.1211613772032,7.830667738792,7.989538716285,9225399.3280511
2002-08-23,7.9485665524597,7.9600640128681,7.7193483966875,7.8700116495537,5830200.1851637
2002-08-26,7.9711294877699,7.9711294877699,7.5811794938605,7.760885464637,6784600.2718105
2002-08-27,7.8591787822325,7.8700116495537,7.3610330337284,7.4187197136966,9365397.6545357
2002-08-28,7.4013073748122,7.5611087826273,7.3289996469258,7.3502333960616,8856199.2795867
2002-08-29,7.3289996469258,7.5414700569008,7.2500792178219,7.3502333960616,5863201.4011299
2002-08-30,7.3699385810968,7.5709779899721,7.2896889658185,7.3810040559985,6911399.5744577
2002-09-03,7.2500792178219,7.2801852846716,7.0316606997165,7.0316606997165,9890598.6033979
2002-09-04,7.0987513718685,7.390840033689,7.0764875034476,7.2408413739099,15023599.932705
2002-09-05,7.1085873495589,7.1806292402104,7.0316606997165,7.0882840307452,8077800.9634284
2002-09-06,7.2500792178219,7.3289996469258,7.118390097595,7.1907975144444,6485400.0787413
2002-09-09,7.1397235356938,7.2598487362036,7.0764875034476,7.1806292402104,5651599.5913753
2002-09-10,7.2113999001474,7.2500792178219,7.0578124376975,7.1707600328656,8909598.3905375
2002-09-11,7.1707600328656,7.3004221441766,7.0764875034476,7.1397235356938,7228999.2667629
2002-09-12,7.0987513718685,7.2500792178219,7.0578124376975,7.0683130084751,9636800.2066783
2002-09-13,7.0683130084751,7.1707600328656,7.0316606997165,7.0764875034476,10105399.182506
2002-09-16,7.0683130084751,7.3004221441766,7.0578124376975,7.2500792178219,10237199.740905
2002-09-17,7.2896889658185,7.5104003300746,7.2896889658185,7.4013073748122,15285600.28052
2002-09-18,7.3387691653075,7.5414700569008,7.2598487362036,7.5104003300746,11737200.898325
2002-09-19,7.3810040559985,7.4013073748122,7.2408413739099,7.2896889658185,7355199.3456028
2002-09-20,7.3096599880886,7.4687635731621,7.2598487362036,7.4285224617327,12599600.780368
2002-09-23,7.3810040559985,7.4786327805069,7.2212026481834,7.4187197136966,9418199.3773889
2002-09-24,7.2006002624805,7.4098473959826,7.2006002624805,7.3190972099267,8952199.7364522
2002-09-25,7.3387691653075,7.5811794938605,7.3289996469258,7.4586949878912,9095799.3342202
2002-09-26,7.5523361538764,7.5909157825878,7.2801852846716,7.3502333960616,7451601.2812154
2002-09-27,7.2500792178219,7.4187197136966,7.2408413739099,7.3610330337284,7362598.5799535
2002-09-30,7.2006002624805,7.2896889658185,7.0683130084751,7.2500792178219,8489201.4508388
2002-10-01,7.2896889658185,7.3004221441766,7.0017872404473,7.2500792178219,12229399.999256
2002-10-02,7.1707600328656,7.3190972099267,7.0492724165271,7.0764875034476,8191000.3352696
2002-10-03,7.0882840307452,7.3004221441766,7.0316606997165,7.1504567140519,7781999.7524485
2002-10-04,7.1806292402104,7.2006002624805,7.0017872404473,7.0129856339665,6815199.5368223
2002-10-07,6.9913531289784,7.1085873495589,6.8777077110687,6.8777077110687,8739200.0186877
2002-10-08,6.9510455582403,6.9805202616572,6.6786288518006,6.8416535360886,16201599.696905
2002-10-09,6.7700104012894,6.9203081279577,6.7077047993652,6.7922410400559,12738799.098531
2002-10-10,6.8223803365601,7.1085873495589,6.7922410400559,7.0492724165271,11484800.379522
2002-10-11,7.118390097595,7.390840033689,7.0492724165271,7.2500792178219,10524201.311755
2002-10-14,7.2801852846716,7.4900970112609,7.2212026481834,7.3810040559985,6943000.143896
2002-10-15,7.6105545083143,7.619393596374,7.390840033689,7.5811794938605,14482800.898037
2002-10-16,7.4285224617327,7.5709779899721,6.9510455582403,7.2801852846716,10986600.162906
2002-10-17,7.1085873495589,7.1907975144444,6.9913531289784,7.0492724165271,16760600.305187
2002-10-18,7.0017872404473,7.1707600328656,6.9608483062763,7.1707600328656,10296399.694619
2002-10-21,7.1288906683726,7.3190972099267,7.0017872404473,7.2801852846716,8518599.7102799
2002-10-22,7.2408413739099,7.4379929132252,7.1288906683726,7.3502333960616,7790998.6423185
2002-10-23,7.3190972099267,7.4900970112609,7.2500792178219,7.4379929132252,7465600.9453397
2002-10-24,7.5104003300746,7.6105545083143,7.2801852846716,7.3387691653075,6240999.9440868
2002-10-25,7.3387691653075,7.7193483966875,7.2896889658185,7.7088145962555,9966801.0210517
2002-10-28,7.7802251234742,7.9711294877699,7.619393596374,7.8008939684859,12474999.755175
2002-10-29,7.7900278715103,7.9390961009672,7.4786327805069,7.7193483966875,9256399.7106868
2002-10-30,7.7504845828224,8.1879197528116,7.7405821458233,7.989538716285,9666999.9791208
2002-10-31,7.9979790484924,8.2194214651444,7.9600640128681,8.0389179826633,10565599.726109
2002-11-01,7.9711294877699,8.2511557850578,7.9485665524597,8.1784493013191,6779599.4674626
2002-11-04,8.2511557850578,8.6896210743321,8.1784493013191,8.4485731616079,13457801.009941
2002-11-05,8.3788905764159,8.47907798431,8.1784493013191,8.4485731616079,7524798.5818458
2002-11-06,8.5409183710731,8.6608109640024,8.3503130736667,8.6103683486846,7728199.8549035
2002-11-07,8.469840140398,8.5508208080723,7.912545607134,7.9979790484924,12006399.726071
2002-11-08,8.0078482558372,8.1007915990808,7.760885464637,7.9200555090192,6788000.0363334
2002-11-11,7.8700116495537,7.9485665524597,7.5611087826273,7.5811794938605,5463399.3190423
2002-11-12,7.6584716699008,8.018647893504,7.6386667959025,7.8202003976688,7992598.9938453
2002-11-13,7.7504845828224,8.0389179826633,7.6386667959025,7.7900278715103,8276400.5915977
2002-11-14,7.9485665524597,8.2095190281453,7.8909463318002,8.1518988074858,5061199.0477007
2002-11-15,8.1211613772032,8.1211613772032,7.8804125313683,7.9711294877699,5749800.6128091
2002-11-18,8.1007915990808,8.1007915990808,7.760885464637,7.830667738792,5877798.3931645
2002-11-19,7.7802251234742,7.8804125313683,7.4995674627534,7.6290301961382,7533998.1057618
2002-11-20,7.648602462556,7.8509710576057,7.619393596374,7.760885464637,7454999.9924623
2002-11-21,7.9485665524597,8.2194214651444,7.8804125313683,8.1784493013191,14945798.942901
2002-11-22,8.0389179826633,8.1518988074858,7.9485665524597,8.0078482558372,8137800.3235911
2002-11-25,8.018647893504,8.0691237384762,7.8591787822325,7.989538716285,7122397.9773943
2002-11-26,7.9200555090192,7.9485665524597,7.6290301961382,7.7088145962555,8580799.9359469
2002-11-27,7.8008939684859,7.9292268936225,7.7193483966875,7.8591787822325,10242800.551494
2002-11-29,7.8909463318002,7.9390961009672,7.7088145962555,7.7504845828224,5122600.1678545
2002-12-02,7.9485665524597,8.050348983763,7.4995674627534,7.5909157825878,14240800.758252
2002-12-03,7.600818219587,7.6698694413461,7.5523361538764,7.5811794938605,8138199.2142884
2002-12-04,7.5909157825878,7.5909157825878,7.2500792178219,7.4900970112609,11634198.863969
2002-12-05,7.5104003300746,7.5414700569008,7.2598487362036,7.3190972099267,8692801.732888
2002-12-06,7.3289996469258,7.5909157825878,7.2598487362036,7.4687635731621,8762799.1807949
2002-12-09,7.4687635731621,7.4687635731621,7.3289996469258,7.3810040559985,8431600.4604918
2002-12-10,7.3810040559985,7.7193483966875,7.3699385810968,7.6386667959025,11021800.107731
2002-12-11,7.648602462556,7.7504845828224,7.5414700569008,7.7504845828224,9053600.5203286
2002-12-12,7.7504845828224,7.7802251234742,7.4995674627534,7.5909157825878,5333599.9550968
2002-12-13,7.5709779899721,7.5811794938605,7.3289996469258,7.390840033689,5884998.8592726
2002-12-16,7.4098473959826,7.5523361538764,7.3004221441766,7.4187197136966,8986599.4923941
2002-12-17,7.4187197136966,7.5909157825878,7.3289996469258,7.5414700569008,7952200.1083958
2002-12-18,7.4013073748122,7.4285224617327,7.2500792178219,7.2896889658185,5382198.7753712
2002-12-19,7.2598487362036,7.4586949878912,7.0492724165271,7.0987513718685,12411399.845976
2002-12-20,7.1397235356938,7.2801852846716,6.888175052192,7.0683130084751,11360601.465042
2002-12-23,7.0764875034476,7.2801852846716,7.0578124376975,7.2500792178219,4493800.8197207
2002-12-24,7.2212026481834,7.2408413739099,7.1504567140519,7.1806292402104,1405000.5303945
2002-12-26,7.2113999001474,7.4098473959826,7.1397235356938,7.2006002624805,3050799.9241603
2002-12-27,7.1603259213967,7.1907975144444,7.0017872404473,7.0316606997165,2858400.1799191
2002-12-30,7.0407656250111,7.0764875034476,6.9203081279577,7.0407656250111,5537199.1838698
2002-12-31,7.0017872404473,7.1806292402104,6.9694215571011,7.1707600328656,7168799.7841455
2003-01-02,7.1806292402104,7.4586949878912,7.1707600328656,7.4013073748122,6479600.1989739
2003-01-03,7.4013073748122,7.4586949878912,7.2896889658185,7.4494903736336,5266200.0966521
2003-01-06,7.5104003300746,7.690837353247,7.4379929132252,7.4494903736336,13947600.627593
2003-01-07,7.390840033689,7.4995674627534,7.2408413739099,7.4187197136966,12226600.572003
2003-01-08,7.2896889658185,7.3610330337284,7.2212026481834,7.2801852846716,8201600.2649646
2003-01-09,7.3096599880886,7.4586949878912,7.2500792178219,7.3387691653075,7687598.6501663
2003-01-10,7.2896889658185,7.4098473959826,7.2500792178219,7.3610330337284,6253600.9177674
2003-01-13,7.4494903736336,7.4494903736336,7.1806292402104,7.3190972099267,6390800.5392461
2003-01-14,7.3387691653075,7.4098473959826,7.2500792178219,7.3004221441766,6673599.6589215
2003-01-15,7.2896889658185,7.3502333960616,7.1288906683726,7.2113999001474,13254600.340836
2003-01-16,7.1085873495589,7.3810040559985,7.1085873495589,7.3096599880886,19966800.642007
2003-01-17,7.2801852846716,7.2801852846716,7.0407656250111,7.0492724165271,9527200.3606916
2003-01-21,7.1085873495589,7.2113999001474,7.0017872404473,7.0129856339665,9052001.1356518
2003-01-22,6.9913531289784,7.0764875034476,6.8986756229696,6.9399468536842,7683600.3840825
2003-01-23,7.0316606997165,7.1806292402104,6.9694215571011,7.0764875034476,8151999.2675492
2003-01-24,7.118390097595,7.118390097595,6.7807435796475,6.8986756229696,10909600.926853
2003-01-27,6.8416535360886,7.2500792178219,6.832814448029,7.0683130084751,13978800.290062
2003-01-28,7.118390097595,7.3387691653075,7.0764875034476,7.2896889658185,10223399.266334
2003-01-29,7.2801852846716,7.5523361538764,7.1504567140519,7.4586949878912,13322998.705002
2003-01-30,7.4900970112609,7.5414700569008,7.1397235356938,7.1603259213967,14537799.664507
2003-01-31,7.0882840307452,7.2801852846716,7.0316606997165,7.1806292402104,12186599.554069
2003-02-03,7.2113999001474,7.4586949878912,7.1707600328656,7.3289996469258,9456599.8670898
2003-02-04,7.2212026481834,7.3289996469258,7.1603259213967,7.3004221441766,11336199.556096
2003-02-05,7.3610330337284,7.4586949878912,7.2212026481834,7.2212026481834,7914800.1707812
2003-02-06,7.1806292402104,7.2896889658185,7.1085873495589,7.2113999001474,6398201.3986513
2003-02-07,7.2801852846716,7.3004221441766,7.0407656250111,7.0764875034476,9632200.3995799
2003-02-10,7.1288906683726,7.2896889658185,7.0316606997165,7.1707600328656,5995999.4721616
2003-02-11,7.2500792178219,7.3190972099267,7.0987513718685,7.1707600328656,5884998.8592726
2003-02-12,7.1288906683726,7.3004221441766,7.1288906683726,7.2006002624805,8167401.1731623
2003-02-13,7.2113999001474,7.3190972099267,7.118390097595,7.2706483738704,7446200.2921453
2003-02-14,7.3004221441766,7.3610330337284,7.1707600328656,7.3289996469258,8689200.8829151
2003-02-18,7.3810040559985,7.648602462556,7.3610330337284,7.6290301961382,10389200.148293
2003-02-19,7.5414700569008,7.5811794938605,7.3387691653075,7.4187197136966,8584600.8180937
2003-02-20,7.4187197136966,7.4786327805069,7.3610330337284,7.3810040559985,8012598.8407534
2003-02-21,7.4098473959826,7.5307036488883,7.3289996469258,7.4995674627534,5623000.2267922
2003-02-24,7.4285224617327,7.5104003300746,6.8986756229696,7.3699385810968,6437600.905665
2003-02-25,7.3387691653075,7.5414700569008,7.2896889658185,7.5104003300746,6737200.7718651
2003-02-26,7.4995674627534,7.5104003300746,7.2408413739099,7.2500792178219,7753399.8762742
2003-02-27,7.2896889658185,7.4995674627534,7.2500792178219,7.4285224617327,5512199.0742987
2003-02-28,7.4285224617327,7.5414700569008,7.3810040559985,7.4995674627534,6967799.5893276
2003-03-03,7.4995674627534,7.5811794938605,7.2801852846716,7.3289996469258,7277200.3398968
2003-03-04,7.3699385810968,7.4098473959826,7.2212026481834,7.2801852846716,4514799.3228183
2003-03-05,7.3004221441766,7.4013073748122,7.2598487362036,7.3096599880886,4524399.7837965
2003-03-06,7.2896889658185,7.3004221441766,7.2006002624805,7.2801852846716,3566400.803261
2003-03-07,7.2408413739099,7.3610330337284,7.1603259213967,7.2598487362036,7177999.6089974
2003-03-10,7.2500792178219,7.3289996469258,7.1504567140519,7.1806292402104,4806199.8560656
2003-03-11,7.1806292402104,7.2500792178219,7.0578124376975,7.118390097595,5756798.9702848
2003-03-12,7.0764875034476,7.2006002624805,7.0316606997165,7.1085873495589,7948599.5894525
2003-03-13,7.2408413739099,7.4013073748122,7.0764875034476,7.3610330337284,11980199.513738
2003-03-14,7.3387691653075,7.4995674627534,7.3190972099267,7.390840033689,5467799.5453708
2003-03-17,7.4494903736336,7.5414700569008,7.3610330337284,7.4995674627534,14282600.651353
2003-03-18,7.4995674627534,7.5414700569008,7.4098473959826,7.4995674627534,8213600.6305322
2003-03-19,7.5414700569008,7.5811794938605,7.390840033689,7.4687635731621,5047000.6454274
2003-03-20,7.4586949878912,7.4995674627534,7.3004221441766,7.4586949878912,5827799.9495448
2003-03-21,7.5414700569008,7.5811794938605,7.4098473959826,7.4995674627534,10641000.630761
2003-03-24,7.3289996469258,7.4013073748122,7.1707600328656,7.1806292402104,5753600.8930839
2003-03-25,7.2113999001474,7.4187197136966,7.1806292402104,7.2801852846716,5989199.3412438
2003-03-26,7.2801852846716,7.2801852846716,7.1504567140519,7.2113999001474,6369400.4069334
2003-03-27,7.1603259213967,7.3502333960616,7.1603259213967,7.2500792178219,4371200.507484
2003-03-28,7.2006002624805,7.3096599880886,7.1806292402104,7.2896889658185,5189400.8325855
2003-03-31,7.1707600328656,7.2598487362036,7.0217914923717,7.0683130084751,9166399.97829
2003-04-01,7.0987513718685,7.1603259213967,7.0407656250111,7.0764875034476,5512199.0742987
2003-04-02,7.2113999001474,7.3810040559985,7.1603259213967,7.3289996469258,6120399.0808747
2003-04-03,7.2801852846716,7.3502333960616,7.1707600328656,7.2310718555282,5204168.2747831
2003-04-04,7.2598487362036,7.3289996469258,7.2006002624805,7.2113999001474,5202652.1891972
2003-04-07,7.4187197136966,7.4687635731621,7.2113999001474,7.2500792178219,7031704.9786832
2003-04-08,7.2500792178219,7.3289996469258,7.1806292402104,7.2212026481834,4604907.9338679
2003-04-09,7.2598487362036,7.3096599880886,7.0683130084751,7.0882840307452,5240759.7477742
2003-04-10,7.0987513718685,7.2006002624805,7.0987513718685,7.1806292402104,3903242.5554769
2003-04-11,7.0316606997165,7.2212026481834,6.4591802144101,6.6007053123275,49802920.82166
2003-04-14,6.8596972384058,6.8777077110687,6.7497070824757,6.7922410400559,18007852.249235
2003-04-15,6.7922410400559,6.8020770177464,6.6491209187293,6.6989321706143,10891046.385379
2003-04-16,6.4998200816919,6.832814448029,6.4591802144101,6.6213741573391,36407119.523714
2003-04-17,6.6007053123275,6.6213741573391,6.3606875188884,6.5610291050222,22051799.367853
2003-04-21,6.5699014227362,6.5891746222647,6.4896185778035,6.5699014227362,5467435.262316
2003-04-22,6.5891746222647,6.8125111292153,6.5397288965777,6.7497070824757,10866456.210857
2003-04-23,6.7594433712031,6.8223803365601,6.6786288518006,6.7922410400559,7523876.3032188
2003-04-24,6.7594433712031,6.8020770177464,6.4998200816919,6.7195345563172,11668422.361682
2003-04-25,6.7293373043533,6.7922410400559,6.6213741573391,6.6697233044323,7358635.6437588
2003-04-28,6.6697233044323,6.9805202616572,6.6697233044323,6.9307422394266,22810140.057387
2003-04-29,6.9913531289784,7.0764875034476,6.7922410400559,7.0316606997165,16413462.388097
2003-04-30,6.9608483062763,7.1707600328656,6.9203081279577,7.1085873495589,16401189.735616
2003-05-01,7.118390097595,7.2006002624805,7.0017872404473,7.1806292402104,12274809.950972
2003-05-02,7.2310718555282,7.2896889658185,7.1707600328656,7.2212026481834,11505505.379717
2003-05-05,7.3810040559985,8.4397673032026,7.3810040559985,8.0389179826633,55635905.146526
2003-05-06,8.061248310393,8.9510055355244,8.050348983763,8.750231963884,54180343.723086
2003-05-07,8.6608109640024,9.1199450982884,8.5508208080723,8.817056798801,37717601.43631
2003-05-08,8.8471628656508,9.0389976602685,8.6510082159663,9.0010826246442,24605087.857765
2003-05-09,9.1605517359157,9.1998291873687,8.9411363281796,9.1500511651381,21054021.339793
2003-05-12,9.0698347795141,9.3697656397635,9.0590683715017,9.2800455729927,15017927.047939
2003-05-13,9.2106952843443,9.4818160342639,8.9716411508817,9.3412878259773,16005099.428519
2003-05-14,9.4098073732667,9.4195436619941,9.2106952843443,9.2800455729927,12734712.266976
2003-05-15,9.2996842987192,9.4294128693389,9.2303340100708,9.3697656397635,10227854.624142
2003-05-16,9.2902803065354,9.5007901669032,9.1386201640384,9.3992403431804,12046734.000557
2003-05-19,9.2695782318694,9.3199876175329,9.0279321853668,9.0492323938112,15955482.331027
2003-05-20,9.0492323938112,9.0806676468354,8.8016714688325,8.8900291197746,14902347.031414
2003-05-21,8.8900291197746,9.0389976602685,8.8386560741347,8.9315994173784,10930439.663017
2003-05-22,8.9510055355244,9.1998291873687,8.8687621409845,9.1199450982884,6431118.2923441
2003-05-23,9.1107737136851,9.2303340100708,8.9804470092869,9.1605517359157,7396753.8253774
2003-05-27,8.9804470092869,9.4500152550418,8.9607750539061,9.4398802104621,10367925.205365
2003-05-28,9.2486103199686,9.3305214179649,9.0698347795141,9.1386201640384,12177500.302035
2003-05-29,9.1386201640384,9.2486103199686,8.9510055355244,9.0492323938112,11920974.46196
2003-05-30,9.0590683715017,9.0914672845022,8.7699039192648,8.9716411508817,13672802.674499
2003-06-02,9.0492323938112,9.1287509566936,8.6297080075219,8.7204581935778,14949711.773248
2003-06-03,8.7204581935778,8.8386560741347,8.5118424235085,8.6510082159663,12887876.724991
2003-06-04,8.6510082159663,8.8900291197746,8.5690638883157,8.8016714688325,9685941.0428222
2003-06-05,8.7204581935778,8.8687621409845,8.6608109640024,8.817056798801,7344812.8698283
2003-06-06,8.8687621409845,9.0180962076763,8.5690638883157,8.5690638883157,8676404.8425049
2003-06-09,8.469840140398,8.520016918481,8.3101051918917,8.3889923913412,9284138.3079658
2003-06-10,8.4485731616079,8.6405076451887,8.3788905764159,8.5900318002165,6308922.2274659
2003-06-11,8.5690638883157,8.76003471192,8.3994929621189,8.7204581935778,8039949.7120615
2003-06-12,8.7806370976229,8.9411363281796,8.7204581935778,8.8789304152185,9021513.6683722
2003-06-13,8.8789304152185,8.9716411508817,8.5586630065011,8.7092598000586,6830387.7778597
2003-06-16,8.8016714688325,9.1287509566936,8.7204581935778,9.1287509566936,8533140.3670912
2003-06-17,9.2106952843443,9.2486103199686,8.9902829869774,9.1019013959711,6339230.2165019
2003-06-18,9.2204315730716,9.7385151141915,9.1500511651381,9.558443617217,16249639.167395
2003-06-19,9.6806290562971,9.801784376092,9.3803326698498,9.5689109583403,13647368.16378
2003-06-20,9.6806290562971,9.7918819390929,9.4500152550418,9.6010108044516,12840964.530746
2003-06-23,9.6537794955746,9.8508978052355,9.3803326698498,9.5289689138001,10977297.929526
2003-06-24,9.7278151654877,9.8400317082599,9.3803326698498,9.3907667813187,18404903.926548
2003-06-25,9.3907667813187,9.6972771131312,9.3593647579489,9.5394362549234,11779191.765426
2003-06-26,9.3494955506042,9.6622530574363,9.3494955506042,9.6432124654883,5703880.183319
2003-06-27,9.6537794955746,9.6537794955746,9.2401035284525,9.3697656397635,13064111.871365
2003-06-30,9.3412878259773,9.6108135524877,9.2902803065354,9.5289689138001,7972688.9462462
2003-07-01,9.4398802104621,9.590510233674,9.2588118238569,9.5394362549234,6464030.2807797
2003-07-02,9.5190997064553,9.6972771131312,9.5096957142716,9.6328115836737,11617925.357355
2003-07-03,9.5007901669032,9.7696845299807,9.4909541892128,9.558443617217,4920460.3283208
2003-07-07,9.6328115836737,10.090982057983,9.558443617217,9.9399865085734,10224031.1417
2003-07-08,9.7591839592031,10.25071700649,9.7385151141915,10.202567237323,9169304.4021204
2003-07-09,10.107331047928,10.222272422358,9.9504206200423,9.9504206200423,7632070.6576077
2003-07-10,9.9399865085734,9.970723938856,9.688105728528,9.7918819390929,6121946.5841814
2003-07-11,9.8296308264454,10.003488378055,9.7696845299807,9.9291204115979,4887868.3552512
2003-07-14,10.011696102681,10.202567237323,9.9399865085734,9.9504206200423,6728884.7660166
2003-07-15,10.011696102681,10.116768269766,9.7070798611673,9.801784376092,7380302.2248255
2003-07-16,9.801784376092,10.003488378055,9.688105728528,9.9399865085734,8969769.3745136
2003-07-17,10.099056863993,10.470398251461,10.060842761479,10.449131272671,26829290.378811
2003-07-18,10.449131272671,10.590589911279,10.202567237323,10.430190369686,10672956.876484
2003-07-21,10.349309390974,10.390912918233,10.147904455901,10.300827325264,6556355.3458196
2003-07-22,10.438464553621,10.480333918114,10.25071700649,10.401014733158,7042435.4845182
2003-07-23,10.470398251461,10.480333918114,10.23433478689,10.390912918233,5108521.2973692
2003-07-24,10.518548020628,10.751487897688,10.190139346592,10.258924731116,8187155.9979612
2003-07-25,10.21047589506,10.792725898748,10.202567237323,10.772422579935,7738701.3484257
2003-07-28,10.751487897688,10.751487897688,10.430190369686,10.489139776519,6084261.2087498
2003-07-29,10.489139776519,10.54150971179,10.258924731116,10.360773621728,7040179.6079091
2003-07-30,10.380113280566,10.449131272671,10.090982057983,10.138101707865,6199800.5387247
2003-07-31,10.370244073221,10.678781413949,10.289396324164,10.54150971179,10527519.55271
2003-08-01,10.499939414186,10.629003391719,10.317209544863,10.370244073221,5343067.5829149
2003-08-04,10.27068802876,10.751487897688,10.138101707865,10.609696962536,8218596.1384061
2003-08-05,10.678781413949,10.698386910022,10.051571687913,10.190139346592,8908691.0684307
2003-08-06,10.029374278801,10.090982057983,9.7477529581034,9.8092942779773,8766625.1008188
2003-08-07,9.8711678943948,10.041802169531,9.7070798611673,9.959259708102,6227827.1618705
2003-08-08,10.051571687913,10.060842761479,9.801784376092,9.8187647294698,4923207.9343902
2003-08-11,9.9088503224385,9.959259708102,9.7591839592031,9.8296308264454,4901036.0516487
2003-08-12,9.8813029389745,9.8986820482045,9.7278151654877,9.8508978052355,5872880.0753803
2003-08-13,9.9291204115979,10.170135094668,9.7918819390929,10.090982057983,10111870.089416
2003-08-14,10.107331047928,10.158371797024,9.970723938856,9.9802276200029,6878532.2750214
2003-08-15,9.9802276200029,10.041802169531,9.8296308264454,9.8711678943948,4495348.804525
2003-08-18,9.9291204115979,10.21047589506,9.8600359601843,10.170135094668,6884849.9754022
2003-08-19,10.190139346592,10.222272422358,10.003488378055,10.158371797024,4774643.795065
2003-08-20,10.090982057983,10.629003391719,10.069914457119,10.510772281507,9761646.7354779
2003-08-21,10.518548020628,10.859185207467,10.470398251461,10.838915118308,9142643.9683279
2003-08-22,10.900722275417,10.999979252989,10.317209544863,10.438464553621,8938025.8604647
2003-08-25,10.390912918233,10.459698302757,10.239983828131,10.449131272671,4920820.4283649
2003-08-26,10.380113280566,10.54150971179,10.180037531667,10.531075600321,5891445.8417685
2003-08-27,10.459698302757,10.741020556565,10.329271909396,10.741020556565,8060862.9900776
2003-08-28,10.659740822001,11.110634002006,10.659740822001,11.100864483624,11415229.357959
2003-08-29,11.100864483624,11.429339616969,11.028789363319,11.302169729735,9398524.6316655
2003-09-02,11.329418046309,11.450573366104,11.198426748824,11.429339616969,8613327.7494566
2003-09-03,11.399466157699,11.659853729261,11.380192958171,11.470876684918,9604129.8397749
2003-09-04,11.579969640181,11.621207641241,11.380192958171,11.409700891242,7427848.25052
2003-09-05,11.369725617048,11.570465959034,11.208595023058,11.24923489034,8577021.0522233
2003-09-08,11.238368793364,11.389729868972,11.227602385352,11.369725617048,5973131.1331841
2003-09-09,11.270834165674,11.339320483309,11.057964999846,11.188291704244,6441949.7923081
2003-09-10,11.121167802438,11.302169729735,11.049424978676,11.089367023216,8031900.756839
2003-09-11,11.121167802438,11.389729868972,11.049424978676,11.282265166773,7637615.0125988
2003-09-12,11.260001298352,11.570465959034,11.151639395486,11.548168860958,6428753.8982053
2003-09-15,11.548168860958,11.548168860958,11.057964999846,11.110634002006,8101537.7435786
2003-09-16,11.110634002006,11.350020432012,11.100864483624,11.179087089987,9607288.9758545
2003-09-17,11.188291704244,11.188291704244,10.929897911945,11.057964999846,10335586.439865
2003-09-18,11.049424978676,11.492243352671,10.971833735746,11.440803847723,9032228.2546916
2003-09-19,11.440803847723,11.527932001453,11.208595023058,11.29283219686,7355406.4798668
2003-09-22,11.089367023216,11.24923489034,10.960336275338,11.039024096861,6422185.5482117
2003-09-23,11.007522384528,11.227602385352,10.940730779266,11.208595023058,4730390.6113247
2003-09-24,11.110634002006,11.151639395486,10.54150971179,10.659740822001,10760058.44452
2003-09-25,10.669543570037,10.688550932331,10.116768269766,10.21047589506,20515369.242894
2003-09-26,10.147904455901,10.708189658058,10.069914457119,10.349309390974,12380039.754513
2003-09-29,10.741020556565,10.741020556565,10.317209544863,10.650270370509,13060717.914907
2003-09-30,10.54150971179,10.609696962536,10.222272422358,10.360773621728,10193662.965459
2003-10-01,10.360773621728,10.552010282568,10.099056863993,10.390912918233,8432600.2301445
2003-10-02,10.401014733158,10.401014733158,10.138101707865,10.289396324164,7287635.8983365
2003-10-03,10.489139776519,10.929897911945,10.449131272671,10.85127654973,10699839.581623
2003-10-06,10.838915118308,11.161408913868,10.792725898748,11.141803417795,9583147.0756313
2003-10-07,11.028789363319,11.709997277689,10.960336275338,11.610474462883,14934926.6962
2003-10-08,11.621207641241,11.769943574154,11.369725617048,11.527932001453,15309419.306486
2003-10-09,11.659853729261,11.839360322111,11.389729868972,11.720497848467,12419521.507341
2003-10-10,11.74964025534,11.902230828159,11.689993025765,11.839360322111,6244138.6165169
2003-10-13,11.870496508246,12.2070464476,11.859331344381,12.180562413075,9995165.8060056
2003-10-14,12.159960027372,12.368542567787,12.099016841277,12.280749820969,9836379.1107572
2003-10-15,12.428754701487,12.508306494023,12.291948214488,12.407454493042,21848888.891354
2003-10-16,11.902230828159,11.9113025238,11.208595023058,11.621207641241,34870739.835632
2003-10-17,11.689993025765,11.739438751452,11.208595023058,11.380192958171,12850240.522506
2003-10-20,11.302169729735,11.671351189669,11.188291704244,11.610474462883,9969272.879444
2003-10-21,11.650084210879,11.700493596543,11.380192958171,11.592065234367,6302054.8072535
2003-10-22,11.592065234367,11.599940662451,11.339320483309,11.380192958171,5771353.2594979
2003-10-23,11.369725617048,11.570465959034,11.29283219686,11.492243352671,5900385.7782718
2003-10-24,11.282265166773,11.429339616969,11.121167802438,11.302169729735,7852023.3216022
2003-10-27,11.380192958171,11.450573366104,11.238368793364,11.302169729735,5786007.0983471
2003-10-28,11.282265166773,11.880266026628,11.198426748824,11.859331344381,8989634.3118029
2003-10-29,11.759077477179,11.947090861545,11.671351189669,11.84979443358,9538486.7856402
2003-10-30,11.988993455692,12.00078998299,11.440803847723,11.538366112922,9291563.7538441
2003-10-31,11.650084210879,11.679193388098,11.389729868972,11.450573366104,7791080.4969165
2003-11-03,11.409700891242,11.650084210879,11.389729868972,11.570465959034,10815723.844466
2003-11-04,11.538366112922,11.548168860958,11.29283219686,11.461140396191,8901129.4490024
2003-11-05,11.409700891242,11.55870266139,11.227602385352,11.517398201021,11516794.09178
2003-11-06,11.461140396191,11.570465959034,11.321243551337,11.55870266139,14182149.77203
2003-11-07,11.599940662451,11.621207641241,11.217766407661,11.24923489034,7510785.3154133
2003-11-10,11.217766407661,11.321243551337,10.921058823885,10.951530416933,8366825.606781
2003-11-11,10.951530416933,11.007522384528,10.741020556565,10.772422579935,7681174.7193697
2003-11-12,10.741020556565,11.360554232444,10.741020556565,11.161408913868,10733389.34377
2003-11-13,11.161408913868,11.282265166773,10.960336275338,11.208595023058,7598871.425739
2003-11-14,11.238368793364,11.302169729735,10.640401163164,10.728526206526,8468854.2033868
2003-11-17,10.678781413949,10.688550932331,10.470398251461,10.560915829936,8151918.8875377
2003-11-18,10.609696962536,10.669543570037,10.180037531667,10.21047589506,9584652.5381756
2003-11-19,10.280191709907,10.317209544863,10.126271950913,10.21047589506,12308180.716373
2003-11-20,10.051571687913,10.54150971179,10.051571687913,10.190139346592,8557517.4488157
2003-11-21,10.170135094668,10.289396324164,9.9291204115979,10.138101707865,8666042.6522674
2003-11-24,10.25071700649,10.629003391719,10.239983828131,10.570286592465,13636594.293064
2003-11-25,10.61910095472,10.61910095472,10.300827325264,10.338177456764,9695638.7663228
2003-11-26,10.449131272671,10.570286592465,10.116768269766,10.360773621728,8754584.650573
2003-11-28,10.360773621728,10.54150971179,10.258924731116,10.459698302757,2717645.6012109
2003-12-01,10.518548020628,10.929897911945,10.518548020628,10.859185207467,12912010.018444
2003-12-02,10.799305370312,10.951530416933,10.708189658058,10.772422579935,7858846.9255298
2003-12-03,10.772422579935,10.921058823885,10.480333918114,10.518548020628,6863637.8679161
2003-12-04,10.518548020628,10.590589911279,10.380113280566,10.570286592465,6354896.0731
2003-12-05,10.449131272671,10.570286592465,10.370244073221,10.430190369686,6649131.2431143
2003-12-08,10.390912918233,10.54150971179,10.21047589506,10.531075600321,5294134.3625327
2003-12-09,10.590589911279,10.61910095472,10.202567237323,10.222272422358,4826526.429213
2003-12-10,10.222272422358,10.300827325264,9.9802276200029,10.190139346592,9690490.7440729
2003-12-11,10.116768269766,10.669543570037,10.107331047928,10.609696962536,6549994.0699028
2003-12-12,10.659740822001,10.659740822001,10.349309390974,10.449131272671,6881203.8044644
2003-12-15,10.741020556565,10.741020556565,10.041802169531,10.090982057983,13889434.59977
2003-12-16,10.099056863993,10.239983828131,10.011696102681,10.060842761479,13355416.255553
2003-12-17,10.041802169531,10.060842761479,9.8902084863428,9.9399865085734,9794936.7898381
2003-12-18,9.9504206200423,10.090982057983,9.9504206200423,10.022794807237,11818230.811272
2003-12-19,10.099056863993,10.21047589506,9.8092942779773,9.8508978052355,16198547.393113
2003-12-22,9.8187647294698,9.9504206200423,9.6222777832417,9.9291204115979,13466448.526912
2003-12-23,9.959259708102,9.970723938856,9.801784376092,9.8986820482045,11017721.401449
2003-12-24,9.8600359601843,10.289396324164,9.8187647294698,10.21047589506,6338257.0796871
2003-12-26,10.180037531667,10.459698302757,10.170135094668,10.390912918233,3703228.4377228
2003-12-29,10.459698302757,10.58121914875,10.430190369686,10.570286592465,8337703.3056722
2003-12-30,10.590589911279,10.751487897688,10.570286592465,10.640401163164,7316166.5291321
2003-12-31,10.678781413949,10.772422579935,10.590589911279,10.688550932331,6230320.6274691
2004-01-02,10.781926261081,10.87879070354,10.590589911279,10.640401163164,5165754.784646
2004-01-05,10.708189658058,11.198426748824,10.708189658058,11.089367023216,14107667.805615
2004-01-06,11.121167802438,11.208595023058,10.859185207467,11.039024096861,18193067.145948
2004-01-07,11.049424978676,11.409700891242,10.960336275338,11.29283219686,20959488.216878
2004-01-08,11.419470409624,11.870496508246,11.321243551337,11.679193388098,16439351.974269
2004-01-09,11.621207641241,12.059706160169,11.389729868972,11.500019091791,15265258.871227
2004-01-12,11.579969640181,12.00078998299,11.548168860958,11.870496508246,17411096.207615
2004-01-13,12.350166568926,12.419317479648,11.928083499251,12.059706160169,24250448.568638
2004-01-14,12.19820735954,12.270947072933,11.892394850469,12.099016841277,22144254.678004
2004-01-15,11.461140396191,11.700493596543,11.24923489034,11.429339616969,36363588.52624
2004-01-16,11.500019091791,11.517398201021,11.302169729735,11.360554232444,13314817.879614
2004-01-20,11.339320483309,11.399466157699,11.121167802438,11.369725617048,11285043.411599
2004-01-21,11.350020432012,11.481377255696,11.208595023058,11.302169729735,8094883.2656955
2004-01-22,11.282265166773,11.409700891242,11.089367023216,11.089367023216,7321563.3351916
2004-01-23,11.121167802438,11.369725617048,11.121167802438,11.282265166773,8113111.6828029
2004-01-26,11.227602385352,11.527932001453,11.208595023058,11.50762868264,9688156.0824131
2004-01-27,11.517398201021,11.621207641241,11.399466157699,11.538366112922,10966637.060287
2004-01-28,11.419470409624,11.689993025765,11.208595023058,11.260001298352,9835668.8415577
2004-01-29,11.311474032955,11.399466157699,11.100864483624,11.339320483309,7596285.3019392
2004-01-30,11.369725617048,11.440803847723,11.208595023058,11.282265166773,6617620.2021426
2004-02-02,11.227602385352,11.399466157699,11.039024096861,11.161408913868,10265376.832062
2004-02-03,11.151639395486,11.198426748824,10.999979252989,11.131967440105,6457514.5043091
2004-02-04,10.999979252989,11.039024096861,10.85127654973,10.890354623257,10912572.248761
2004-02-05,10.910259186218,11.461140396191,10.900722275417,11.208595023058,12601613.891888
2004-02-06,11.217766407661,11.450573366104,11.198426748824,11.360554232444,6904834.8356964
2004-02-09,11.311474032955,11.429339616969,11.24923489034,11.339320483309,6723475.0197082
2004-02-10,11.311474032955,11.55870266139,11.217766407661,11.492243352671,9119379.8984813
2004-02-11,11.538366112922,11.937520721089,11.527932001453,11.902230828159,12447819.153469
2004-02-12,11.839360322111,11.988993455692,11.800049641004,11.870496508246,6570907.5585741
2004-02-13,11.928083499251,12.049903412133,11.409700891242,11.500019091791,11284842.928021
2004-02-17,11.548168860958,11.739438751452,11.548168860958,11.579969640181,6105431.094912
2004-02-18,11.592065234367,11.720497848467,11.527932001453,11.631043618931,5057918.0325322
2004-02-19,11.650084210879,11.82098432325,11.208595023058,11.227602385352,11538531.272437
2004-02-20,11.24923489034,11.260001298352,11.110634002006,11.198426748824,9914210.6756605
2004-02-23,11.217766407661,11.227602385352,10.951530416933,11.100864483624,6931386.6917721
2004-02-24,11.070093823688,11.369725617048,10.999979252989,11.179087089987,9251392.7672441
2004-02-25,11.110634002006,11.450573366104,11.110634002006,11.399466157699,9867798.8778334
2004-02-26,11.419470409624,11.592065234367,11.399466157699,11.517398201021,7085942.5575788
2004-02-27,11.481377255696,12.011290553768,11.470876684918,11.957890499212,16745078.055259
2004-03-01,12.041396620617,12.15072218346,11.937520721089,12.011290553768,11506533.46745
2004-03-02,11.980519893831,12.049903412133,11.880266026628,11.902230828159,9167313.8908956
2004-03-03,11.800049641004,12.099016841277,11.800049641004,11.957890499212,8040308.3074255
2004-03-04,11.980519893831,12.609291413622,11.957890499212,12.578454294376,23579255.580632
2004-03-05,12.471022821832,13.741625115578,12.45035397682,13.371978440483,55021207.239079
2004-03-08,13.390985802776,13.390985802776,12.90098131959,12.997978680666,18673811.929723
2004-03-09,12.950460274932,13.61854247583,12.881641660753,13.553046827088,22084374.338038
2004-03-10,13.488913594174,14.068837522057,13.469175179484,13.835930874651,35962959.532151
2004-03-11,13.628311994212,14.016999261256,13.542180730112,13.57265232316,21287931.747524
2004-03-12,13.657454401085,13.890327818837,13.590363728934,13.781234863575,11757956.756708
2004-03-15,13.521246047866,13.680416092248,13.131262824302,13.220019231096,17204112.080559
2004-03-16,13.278902178621,13.298607363657,12.701935689976,12.911814186911,21518336.521439
2004-03-17,12.979934978349,13.190212231136,12.890214911578,13.097567954781,14693838.362469
2004-03-18,12.969467637225,13.029679770925,12.788366020966,12.837778516998,11467005.882065
2004-03-19,12.850239637383,13.469175179484,12.769325429018,12.931452912638,14591947.564468
2004-03-22,12.692365549521,13.087997814326,12.620655955413,12.931452912638,14965339.681814
2004-03-23,12.960562089857,12.997978680666,12.609291413622,12.641989393512,13768314.531639
2004-03-24,12.649798362286,12.881641660753,12.631189755845,12.749686703291,15243276.849022
2004-03-25,13.050946749715,13.458375541817,12.950460274932,13.439069112634,20230155.502858
2004-03-26,13.458375541817,13.680416092248,13.458375541817,13.521246047866,14994444.107323
2004-03-29,13.700752640716,13.990515226731,13.599834180426,13.963034302576,12027481.979664
2004-03-30,13.931233523354,13.971541094092,13.669981980779,13.963034302576,12843332.445837
2004-03-31,13.931233523354,13.990515226731,13.469175179484,13.521246047866,13882391.854231
2004-04-01,13.448871860671,13.628311994212,13.308376882038,13.553046827088,11137363.301933
2004-04-02,13.868063950416,13.963034302576,13.61854247583,13.752125686356,9749081.7838391
2004-04-05,13.741625115578,14.188663655677,13.721687322962,14.159820315693,13773933.548857
2004-04-06,13.868063950416,14.068837522057,13.709890795665,13.910298841107,9214001.5868678
2004-04-07,13.808416720841,13.846796971626,13.458375541817,13.647684882704,9111239.6091761
2004-04-08,13.953198324886,13.999387544445,13.599834180426,13.77083398176,8604029.3680574
2004-04-12,13.752125686356,14.048534203243,13.741625115578,14.016999261256,8233453.2595382
2004-04-13,13.999387544445,14.016999261256,13.420427276539,13.458375541817,15585413.149237
2004-04-14,13.371978440483,13.542180730112,13.151566143116,13.319874342447,22834820.843745
2004-04-15,14.500424272879,14.789954251313,14.07930486318,14.651054296091,62905497.944158
2004-04-16,14.540366317419,14.651054296091,14.249606841773,14.589147450019,14390312.545111
2004-04-19,14.059599678145,14.380199383406,13.910298841107,14.179492271074,25441112.021586
2004-04-20,14.111637316872,14.207936855206,13.781234863575,13.868063950416,12661295.764547
2004-04-21,13.800308685177,14.059599678145,13.690252069938,13.868063950416,11638338.569983
2004-04-22,13.781234863575,14.090702634625,13.553046827088,13.890327818837,12306503.780483
2004-04-23,13.890327818837,13.999387544445,13.531746618643,13.846796971626,11279540.796434
2004-04-26,13.791137300574,13.818983750927,13.500278135965,13.560955484825,8254600.0639075
2004-04-27,13.61854247583,13.721687322962,13.351209906508,13.469175179484,10137901.566922
2004-04-28,13.408630749241,13.51114423294,13.171869461929,13.220019231096,8255972.9340405
2004-04-29,13.220019231096,13.500278135965,12.988142702975,13.381382432666,16456626.002875
2004-04-30,13.448871860671,13.478612401322,12.740183022144,12.890214911578,16660689.575931
2004-05-03,12.997978680666,13.162299321474,12.870908482395,13.04184182442,10629628.168204
2004-05-04,13.029679770925,13.278902178621,12.749686703291,13.069688274774,9999325.4941716
2004-05-05,13.097567954781,13.381382432666,12.979934978349,13.319874342447,8481991.1441228
2004-05-06,13.209784497554,13.381382432666,12.950460274932,13.289735045943,9412736.3954982
2004-05-07,13.289735045943,13.791137300574,13.278902178621,13.340509957804,14964593.601228
2004-05-10,13.131262824302,13.298607363657,12.969467637225,13.142328299204,8927778.4171325
2004-05-11,13.199018089541,13.599834180426,13.199018089541,13.57265232316,10898969.067846
2004-05-12,13.390985802776,13.669981980779,13.119100770806,13.647684882704,8764946.6301553
2004-05-13,13.560955484825,13.858194743072,13.448871860671,13.599834180426,8208972.7160093
2004-05-14,13.553046827088,13.657454401085,13.220019231096,13.531746618643,9207046.5942729
2004-05-17,13.351209906508,13.531746618643,13.178382474184,13.319874342447,10730036.55536
2004-05-18,13.478612401322,13.638147971903,13.398761541896,13.531746618643,7359349.0426929
2004-05-19,13.700752640716,13.752125686356,13.209784497554,13.230420112911,13413822.761351
2004-05-20,13.308376882038,13.500278135965,13.230420112911,13.362109233138,7009978.9326586
2004-05-21,13.448871860671,13.599834180426,13.371978440483,13.553046827088,6424677.3887559
2004-05-24,13.61854247583,13.953198324886,13.553046827088,13.669981980779,8414287.400483
2004-05-25,13.752125686356,14.259010833956,13.638147971903,14.207936855206,11427782.994403
2004-05-26,14.150349864201,14.390733183838,13.999387544445,14.259010833956,11505859.280479
2004-05-27,14.238441677908,14.301345413611,13.910298841107,14.090702634625,8427498.1608252
2004-05-28,14.038964062788,14.133967644601,13.899831499984,14.028529951319,5204072.3062857
2004-06-01,13.890327818837,14.101269664712,13.800308685177,14.028529951319,6504693.4482439
2004-06-02,14.016999261256,14.589147450019,13.899831499984,14.459850864906,11382421.85451
2004-06-03,14.360926183877,14.489325568323,14.142142139574,14.198499633368,8961615.5731809
2004-06-04,14.280011975512,14.619319976177,14.259010833956,14.390733183838,14253851.841941
2004-06-07,14.519763931716,14.990993660189,14.401200524961,14.897983857636,10567743.50405
2004-06-08,14.959226110621,15.220245045615,14.908783495303,15.177677858381,14843598.45164
2004-06-09,15.043031298916,15.358679785677,15.000829637879,15.099023266512,12471447.897587
2004-06-10,15.099023266512,15.480599387522,15.099023266512,15.369579112307,9199010.609393
2004-06-14,15.319435563879,15.338741993061,14.749613450921,15.060410408146,8713710.4667701
2004-06-15,15.128198903039,15.568657971575,15.128198903039,15.34894349695,15879618.887708
2004-06-16,15.310230949621,16.658856471803,15.270687660933,16.366402283785,32487276.163606
2004-06-17,16.366402283785,16.570432361553,16.108673084572,16.409899901342,19689865.230629
2004-06-18,16.290705131154,16.698167152911,16.210821042074,16.449243812103,14520189.851486
2004-06-21,16.560596383862,16.7472473524,16.058895062342,16.159713833669,13936075.139068
2004-06-22,16.159713833669,16.550693946863,16.140407404486,16.498324011592,12875330.040169
2004-06-23,16.498324011592,16.904456847175,16.449243812103,16.84221770456,13959480.468283
2004-06-24,16.832414956523,16.84221770456,16.488521263556,16.590037857625,9018374.9357548
2004-06-25,16.498324011592,16.84221770456,16.498324011592,16.84221770456,11550835.493107
2004-06-28,16.946924345446,17.084594803458,16.108673084572,16.248171173574,18617075.919784
2004-06-29,16.051052863913,16.498324011592,15.709817543295,16.248171173574,21091003.879145
2004-06-30,16.248171173574,16.47871851552,15.949170743646,16.269471382018,13326515.262795
2004-07-01,16.040519063481,16.238301966229,15.949170743646,16.149612018743,12250398.442166
2004-07-02,15.220245045615,15.58995818002,14.872131186545,15.539548794356,32528287.483954
2004-07-06,15.549949676171,15.709817543295,15.401313432221,15.46906869746,12463577.84883
2004-07-07,15.401313432221,15.679013653703,15.060410408146,15.199908497147,14213805.202106
2004-07-08,15.060410408146,15.338741993061,14.968995629003,15.072838298876,8334917.5108217
2004-07-09,15.128198903039,15.252012595183,15.021764320126,15.021764320126,7459204.64047
2004-07-12,15.012227409324,15.021764320126,14.459850864906,14.569841020836,18272041.545489
2004-07-13,14.619319976177,14.799723769695,14.509894724371,14.607490219225,11291885.25225
2004-07-14,14.478492701001,14.978931295656,14.37009756848,14.789954251313,29874329.454606
2004-07-15,16.269471382018,16.812743001143,16.051052863913,16.459046560139,63132927.694652
2004-07-16,16.459046560139,16.459046560139,16.058895062342,16.099833996513,17433020.75104
2004-07-19,16.019252084691,16.108673084572,15.827982194197,15.978645447063,19043563.834664
2004-07-20,15.95834212825,16.099833996513,15.780231180883,16.099833996513,11562299.530495
2004-07-21,16.149612018743,16.356566306095,15.671470522164,15.809340358101,10759006.221719
2004-07-22,15.671470522164,15.871247204173,15.529679587011,15.840476544236,11932798.749861
2004-07-23,15.850312521927,15.879787225344,15.241512024405,15.34894349695,9770249.9245724
2004-07-26,15.430788135637,15.718955698243,15.390879320752,15.630598047301,14068882.448835
2004-07-27,15.879787225344,16.380458427579,15.789734862029,16.210821042074,15179054.935158
2004-07-28,16.159713833669,16.201350590581,15.579158542353,16.140407404486,10180262.344581
2004-07-29,16.248171173574,16.409899901342,16.0696282407,16.314962778836,7934097.753388
2004-07-30,16.335598394194,16.498324011592,15.999613358964,16.170579930644,8682425.6694998
2004-08-02,15.620363313759,16.099833996513,15.559154290428,15.789734862029,13038860.299654
2004-08-03,15.751088774009,15.862374886459,15.568657971575,15.641962589092,7558056.5564261
2004-08-04,15.599727698401,16.058895062342,15.58995818002,15.890254566467,9874582.2466148
2004-08-05,15.879787225344,16.149612018743,15.620363313759,15.699316972517,8732043.6397068
2004-08-06,15.452088344082,15.549949676171,14.850864207755,14.890374266788,17581727.112729
2004-08-09,14.92812315414,15.220245045615,14.897983857636,15.147538561877,10387372.413362
2004-08-10,15.199908497147,15.770029676994,15.177677858381,15.760260158612,12536999.587545
2004-08-11,15.549949676171,15.559154290428,15.128198903039,15.510738684027,11513871.822443
2004-08-12,15.280789475858,15.430788135637,15.138001651075,15.189441156024,8078568.8317825
2004-08-13,15.329637067767,15.641962589092,15.199908497147,15.421949047578,11715866.640908
2004-08-16,15.44025858713,15.862374886459,15.319435563879,15.390879320752,15559767.862928
2004-08-17,15.302156143612,15.559154290428,15.177677858381,15.44025858713,11534335.592323
2004-08-18,15.260120630847,15.931858093725,15.241512024405,15.871247204173,13023259.535517
2004-08-19,15.760260158612,15.931858093725,15.177677858381,15.358679785677,13890782.281558
2004-08-20,15.380976883752,15.490402135558,15.241512024405,15.401313432221,11313413.703682
2004-08-23,15.401313432221,15.630598047301,15.302156143612,15.539548794356,9094834.2023036
2004-08-24,15.630598047301,15.968244565249,15.599727698401,15.968244565249,13361844.218892
2004-08-25,15.95834212825,16.570432361553,15.871247204173,16.517995966973,18057885.962557
2004-08-26,16.580201879934,17.5921777738,16.366402283785,17.326872213394,34137639.583177
2004-08-27,17.297430739631,17.379242148664,16.996137463553,17.176275419836,13886179.645661
2004-08-30,17.002650475807,17.356346916811,16.973142542736,17.051863593914,7791135.839051
2004-08-31,17.032158408879,17.480858431696,16.996137463553,17.248284080833,13518902.458004
2004-09-01,17.146767486765,18.001467426547,17.084594803458,17.929491995204,18423851.911778
2004-09-02,17.752610545048,17.909820039823,17.408750081736,17.83448841339,14511501.557685
2004-09-03,17.520036194186,17.958966698621,17.500463927768,17.611816499527,10482002.287209
2004-09-07,17.70346388625,18.093114813271,17.611816499527,17.880312106752,10784127.6386
2004-09-08,17.854093909462,18.289668218807,17.841034655299,18.18160538283,12286986.965984
2004-09-09,18.053903821126,18.152130679413,17.641224743635,17.854093909462,16478336.460414
2004-09-10,17.841034655299,18.11285322796,17.732938589667,17.929491995204,11714625.430285
2004-09-13,17.929491995204,18.044067843436,17.66092992867,17.805013709973,10070801.801879
2004-09-14,17.65109395098,17.77221604112,17.389111356009,17.752610545048,9100643.8323982
2004-09-15,17.752610545048,17.752610545048,17.398914104045,17.598724015709,8330180.3565228
2004-09-16,17.598724015709,18.38138206484,17.539774608875,18.18160538283,17925415.701134
2004-09-17,18.273285999208,18.689254812481,18.201310567865,18.568033033377,18006379.94984
2004-09-20,18.453390725837,18.990548088559,18.433718770456,18.859523561419,8749812.0460107
2004-09-21,18.852910860202,19.425956249632,18.728465804625,19.000251147632,13809156.575475
2004-09-22,19.046108070648,19.069003302502,18.414146504038,18.466516439309,14345954.936571
2004-09-23,18.518919604234,18.748204219315,18.466516439309,18.640074924029,14195841.097106
2004-09-24,18.699024330863,19.000251147632,18.568033033377,18.640074924029,13195950.618545
2004-09-27,18.482865429254,18.990548088559,18.414146504038,18.771099451169,14203444.757297
2004-09-28,18.748204219315,19.137888375989,18.728465804625,19.019889873359,12613740.319555
2004-09-29,18.957783649361,19.425956249632,18.911860267036,19.33759859869,9768155.2593903
2004-09-30,19.498031369938,19.642148380896,19.229568992367,19.380165785925,15179172.962266
2004-10-01,19.556980776772,19.589778445625,19.28522866342,19.33759859869,16623491.355732
2004-10-04,19.589778445625,19.589778445625,19.380165785925,19.390001763615,20519682.709367
2004-10-05,19.275392685729,19.838668556778,19.196804553169,19.681492291657,14506471.893572
2004-10-06,19.753434493346,20.382272472446,19.730572491146,20.320066559485,15939358.570178
2004-10-07,20.270853441378,20.460860605006,19.730572491146,19.809193853361,15223213.444426
2004-10-08,19.766626666126,19.891071721703,19.419443237378,19.530862268445,12829413.372379
2004-10-11,19.399804511651,19.530862268445,19.098511235573,19.29506464111,11567862.844456
2004-10-12,19.249207718094,19.28522866342,18.823436156785,19.137888375989,16451911.509059
2004-10-13,19.406383983214,19.881202514358,19.367106531762,19.881202514358,42096599.46697
2004-10-14,21.521916698361,22.880876643049,21.266413885991,22.491225716029,98883006.589422
2004-10-15,22.438855780759,22.802354969798,22.08519256941,22.753208311,36715392.09523
2004-10-18,22.389675892307,23.879726823443,22.350431670508,23.879726823443,42937871.082302
2004-10-19,24.046739066254,24.177763593394,23.657021679926,23.709458074505,28643091.640414
2004-10-20,23.545735567475,23.794592448974,23.323030423958,23.729130029886,21994863.446115
2004-10-21,23.817554140137,24.066411021635,23.676660405652,23.968184163348,25875451.236909
2004-10-22,23.696365590687,23.84044937199,23.509681392495,23.696365590687,17296687.644744
2004-10-25,23.594815766965,23.922327240332,23.539156095912,23.768407481339,14022933.129487
2004-10-26,23.729130029886,24.017264362838,23.48014022977,23.974663945949,21229154.247798
2004-10-27,24.32842684626,25.314051624219,24.086082977016,25.150362346844,42624704.779475
2004-10-28,24.996409358196,26.106612110349,24.754131948261,26.086973384622,30867273.426968
2004-10-29,25.913315210939,26.604325873346,25.893709714867,26.198259497072,28946787.968122
2004-11-01,26.250662661998,26.637156771853,26.014898264316,26.231057165925,21536394.578665
2004-11-02,26.211418440199,27.043189918473,26.198259497072,26.751699390431,26071365.703234
2004-11-03,27.216715173538,28.042040098867,27.007135743493,27.658802495138,43007487.093801
2004-11-04,27.518008449617,27.770221526206,27.184017193649,27.229807657356,33173716.526578
2004-11-05,27.449223065092,27.498336494236,26.014898264316,27.35750921906,43049396.256771
2004-11-08,27.144640053233,27.730877615444,26.935127082496,27.193819941685,18820246.374913
2004-11-09,27.105395831434,27.269118338463,26.692716753943,27.023484733438,16995844.009964
2004-11-10,26.984240511639,27.701402912027,26.954765808222,27.373924668314,18168471.674952
2004-11-11,27.478730998164,27.711238889717,27.115265038779,27.652322712538,14554553.94651
2004-11-12,27.498336494236,27.838940451421,27.416491855548,27.75051634117,14132051.267183
2004-11-15,27.540970140779,27.730877615444,27.184017193649,27.619491814031,13432252.143534
2004-11-16,27.580214362578,27.599886317958,27.239643635047,27.468895020473,10539564.577183
2004-11-17,27.590150029231,27.730877615444,27.115265038779,27.449223065092,14239886.394243
2004-11-18,27.154542490232,27.730877615444,27.144640053233,27.701402912027,16453936.116335
2004-11-19,27.75051634117,28.448040015832,27.249512842391,27.590150029231,27337370.896812
2004-11-22,29.014605622662,32.001154037881,28.952333250392,30.681438314992,91817840.173314
2004-11-23,31.139974315499,31.231688161532,30.527485326344,30.638871127757,32516612.309852
2004-11-24,30.841937545548,32.597194348129,30.769895654897,32.020925682225,49681503.669488
2004-11-26,32.665946502999,32.882171863916,32.168199510347,32.269682874761,19652267.487767
2004-11-29,34.507002273135,34.778820845797,33.700518561829,34.218568873294,61200859.17822
2004-11-30,34.401331972272,34.401331972272,33.52406909718,33.52406909718,36752625.013352
2004-12-01,33.52406909718,33.978650768819,33.12763932067,33.900893377617,28605775.754231
2004-12-02,33.059086543727,33.455283712656,32.328698740904,32.597194348129,35297999.230099
2004-12-03,32.279618541415,32.495744213369,30.881181767347,31.342941044327,44266484.360138
2004-12-06,32.119086081203,33.120993389798,31.483735089849,32.888817794788,44577295.206626
2004-12-07,32.970396596241,33.372874169844,31.280735131366,31.454260386432,37785384.657153
2004-12-08,31.546007462119,32.21731293949,31.022042272177,31.637688078497,24711388.391673
2004-12-09,31.385541461216,32.201030408854,31.041647768249,32.001154037881,26498423.320098
2004-12-10,32.518639445223,33.016253519257,32.348370696284,32.574265886621,27710709.297078
2004-12-13,32.869112609753,32.947700742313,32.299190807832,32.44330781879,14111574.466774
2004-12-14,32.65940026109,32.940988352133,32.505480502096,32.649597513054,14858236.070037
2004-12-15,32.665946502999,32.73150861105,32.328698740904,32.626669051546,14233774.564195
2004-12-16,33.120993389798,33.746375484845,33.016253519257,33.30508567495,40223039.383366
2004-12-17,33.455283712656,33.52406909718,32.44330781879,32.48584177637,29139378.355333
2004-12-20,32.80026076592,32.996448645259,30.881181767347,31.362579770054,41719664.068712
2004-12-21,31.778581812981,31.88657818965,30.802626864441,31.837464760506,38071807.558126
2004-12-22,32.089611377787,32.181291994165,31.696604255676,31.876775441614,20211089.82155
2004-12-23,31.876775441614,32.119086081203,31.798154079399,32.014279751353,8783199.0619573
2004-12-27,32.381068676174,32.574265886621,31.444524097705,31.578705442008,19998800.403078
2004-12-28,31.657360033877,32.119086081203,31.022042272177,32.089611377787,21855386.792225
2004-12-29,31.952073838392,32.48584177637,31.788351331363,32.21731293949,16057472.437916
2004-12-30,32.381068676174,32.518639445223,32.109283333167,32.397450895773,12333570.357531
2004-12-31,32.44330781879,32.495744213369,32.020925682225,32.201030408854,9951716.6330356
2005-01-03,32.426892369536,32.548047689331,31.30363036322,31.637688078497,24751789.052645
2005-01-04,31.876775441614,32.73150861105,31.483735089849,31.968456057992,39208074.959269
2005-01-05,31.968456057992,32.61686630351,31.968456057992,32.250077378689,24306762.154683
2005-01-06,32.397450895773,32.44330781879,31.657360033877,32.269682874761,25198283.284558
2005-01-07,32.518639445223,34.804739976197,32.381068676174,34.620315394501,79830463.666478
2005-01-10,34.945301414138,35.351367790412,33.940104369761,34.48706448052,61692520.055075
2005-01-11,34.119876799847,34.581768995444,32.06997265206,32.279618541415,93377462.895814
2005-01-12,32.73150861105,32.947700742313,31.647524056187,32.73150861105,70072902.227781
2005-01-13,36.936754599906,37.21156384146,34.862891871326,34.892466263706,113150158.93083
2005-01-14,35.119092506438,35.862107577918,34.591073298665,35.099154713823,63250411.462546
2005-01-18,34.97786647541,35.351367790412,34.601042194973,35.33176229434,35977272.139644
2005-01-19,35.298864936524,35.731515036285,34.872860767634,34.93533251783,26880517.30346
2005-01-20,34.823680879182,35.629832293945,34.725985695365,35.229747255456,32681248.719873
2005-01-21,35.629832293945,35.799635827722,34.997804268026,35.239716151764,32569561.220513
2005-01-24,35.560382316333,35.891681970298,35.269622840687,35.380277589705,30131314.402677
2005-01-25,35.701940643905,36.422027253877,35.469333063388,36.015960877603,34646727.935916
2005-01-26,36.339950007608,36.382816261732,35.609894501329,36.120634288835,26581919.885243
2005-01-27,36.078432627799,36.461902839108,35.773384400778,36.320344511536,17728148.918607
2005-01-28,36.301071312008,36.988592860707,36.219658658827,36.988592860707,28638599.959629
2005-01-31,37.394659236981,38.950139357551,37.257088467932,38.450365355984,60144668.414987
2005-02-01,38.520812223226,38.885009235007,38.288204642709,38.773025299815,24243289.029829
2005-02-02,38.999319246004,39.949355064143,38.841810684339,39.807796736571,36581787.335097
2005-02-03,39.618720003266,39.723061117955,38.662702847341,38.910928365407,26165475.52954
2005-02-04,38.999319246004,39.46752507593,38.773025299815,39.418677484021,20127433.399189
2005-02-07,39.500422433746,39.671555153697,38.747106169415,39.46752507593,18750928.169701
2005-02-08,39.588813314342,40.689047170187,39.399071987949,40.446802989906,31792180.459327
2005-02-09,40.597665620698,40.99343080412,39.052154396435,39.366506926677,42626599.863888
2005-02-10,39.376143526441,39.638657795881,38.327747931397,39.179423972632,39038728.148161
2005-02-11,39.978264863436,40.879453089667,39.46752507593,40.597665620698,42913422.106962
2005-02-14,41.370587381101,42.401371259335,41.023337493044,42.313644971825,45422976.437491
2005-02-15,43.380981469854,44.543687075895,42.997843555089,44.206406084146,82957678.288562
2005-02-16,44.071825983989,45.093970152089,43.669414869695,45.057749828837,58533265.948364
2005-02-17,45.329568401499,45.437897074711,43.727899061368,43.90833608454,54225873.928837
2005-02-18,43.901690153669,43.931596842592,43.12179016585,43.410555862234,41544721.021243
2005-02-22,43.217491570405,44.154235526801,42.643947736159,42.643947736159,43546015.927305
2005-02-23,43.368021904654,44.232989807633,42.768558940008,44.121005872442,48024155.91606
2005-02-24,44.121005872442,44.657997086892,43.872115761289,44.475233987914,54474513.439516
2005-02-25,44.831455882649,44.949753452169,44.088108514626,44.494839483987,32699964.382494
2005-02-28,44.657997086892,45.136171813126,43.960838938429,44.861030275029,23315523.917788
2005-03-01,45.093970152089,45.10692971729,44.164204423109,44.503811490664,16764189.418655
2005-03-02,44.239635738505,44.890604667409,44.081462583754,44.121005872442,16362371.095313
2005-03-03,44.403125637954,44.413094534262,41.219724750309,41.792936288011,50416169.240662
2005-03-04,41.792936288011,43.007480154853,41.792936288011,42.808102228696,27007137.579268
2005-03-07,42.808102228696,43.253379597114,42.349865295077,42.749285740479,16095861.973545
2005-03-08,41.880994872064,42.162117747946,40.102876067284,40.525557270738,36476132.158489
2005-03-09,39.588813314342,40.279657828477,38.832506381119,39.346569134061,47210656.331998
2005-03-10,39.588813314342,40.263375297841,39.101334284887,39.827734529187,27744780.491071
2005-03-11,40.145742321408,40.58769672439,39.797827840264,40.270021228713,22457338.85539
2005-03-14,40.51558837443,40.787739243635,39.520027929818,40.318868820621,21618372.199332
2005-03-15,40.649836178043,41.14130276602,40.250415732641,40.960533446304,18257172.146167
2005-03-16,41.213078819437,42.313644971825,40.777770347327,41.183504427057,24932194.570414
2005-03-17,41.547369142294,42.879545985569,41.318084527213,42.254496187065,28668448.539733
2005-03-18,43.279631024058,43.443120923507,42.493749698454,42.962287824924,34273220.229044
2005-03-21,43.322164981638,43.970807834736,42.86027278604,43.698324668988,19325777.66387
2005-03-22,43.727899061368,43.960838938429,42.676845093975,42.827707724768,19698989.761288
2005-03-23,42.493749698454,43.400586965926,42.022220903092,42.545920255799,21798839.980763
2005-03-24,42.978902652104,42.997843555089,42.493749698454,42.493749698454,12606320.230338
2005-03-28,42.749285740479,42.962287824924,42.464175306074,42.526314759727,9777419.4544574
2005-03-29,42.526314759727,42.827707724768,41.497524660755,41.750070033887,16474749.694247
2005-03-30,41.992646510712,42.798133332388,41.822510680391,42.798133332388,14071596.470445
2005-03-31,42.444569810002,42.516345863419,41.589903099874,41.668657380707,22724166.367469
2005-04-01,42.094329253052,42.185378505998,40.568091228318,40.892080358324,22875278.983498
2005-04-04,40.787739243635,41.308115630905,40.162357148588,41.095113546461,20714952.931856
2005-04-05,41.193473323365,42.245191883845,41.095113546461,41.890963768372,19939250.250116
2005-04-06,42.401371259335,42.808102228696,42.152481148182,42.336905729877,14839177.099602
2005-04-07,42.336905729877,43.747836853984,42.254496187065,43.558095527591,18133292.314151
2005-04-08,43.620234981243,44.452305526406,43.541812996955,43.737867957676,23215814.725385
2005-04-11,44.239635738505,44.249604634813,41.909904671357,41.923196533101,29361513.226799
2005-04-12,42.506709263654,43.184594212589,42.012252006784,42.657239597903,35099715.193536
2005-04-13,42.978902652104,42.988539251868,40.387986501689,41.04327528566,50327847.106215
2005-04-14,38.799609023303,39.978264863436,36.841053195351,37.257088467932,98485615.305808
2005-04-15,36.615423842249,37.247451868168,35.282914702431,35.351367790412,61781957.307953
2005-04-18,35.069580321443,36.301071312008,33.995265595998,35.619863397637,47404592.08379
2005-04-19,36.56557936071,37.44084845654,35.872076474226,37.086952637611,38818688.12244
2005-04-20,37.656841209878,37.741576828494,35.440090967552,35.508876352076,34122496.54273
2005-04-21,36.382816261732,37.21156384146,35.901318570062,37.182321745623,27274164.672117
2005-04-22,36.801509906663,36.998229460471,34.892466263706,35.498907455768,29984308.118857
2005-04-25,36.491144934944,37.021157921979,36.107674723635,36.978956260943,26693780.452909
2005-04-26,36.75233001821,37.505978579085,36.120634288835,36.189751969903,29027580.833764
2005-04-27,35.799635827722,36.362878469117,35.508876352076,35.947507789622,21945751.228987
2005-04-28,36.281133519392,36.339950007608,35.239716151764,35.541109116805,20572088.370322
2005-04-29,36.048858235419,36.229627555135,35.217119986799,36.055171869747,23998764.1271
2005-05-02,36.24856845812,36.651976462045,36.015960877603,36.431996150184,16642244.364513
2005-05-03,36.402754054348,36.742693418446,36.029252739347,36.209689762519,17746940.116169
2005-05-04,36.24856845812,37.198271979716,36.097705827327,37.149424387807,16163738.695211
2005-05-05,37.198271979716,37.266725067696,36.471871735416,36.684541523317,13836320.565513
2005-05-06,36.978956260943,37.328864521349,36.791873306898,37.23748297186,11659371.981659
2005-05-09,37.257088467932,37.450817352848,36.75233001821,36.968987364635,12702480.514325
2005-05-10,36.671581958117,37.247451868168,36.330313407844,36.422027253877,15942245.208689
2005-05-11,35.249685048071,35.672033954981,33.107900905981,35.609894501329,73261447.671364
2005-05-12,35.420153174936,35.586966039821,33.995265595998,34.13316866159,34672028.620386
2005-05-13,34.250801638023,35.229747255456,34.071029207938,34.768851949489,25188481.527475
2005-05-16,34.669827579497,35.711909540213,34.533253700079,35.550413420025,16941407.121141
2005-05-17,35.128729106203,35.462687132516,34.543222596387,35.36133668672,21055822.110856
2005-05-18,35.498907455768,37.555158467537,34.984512406282,35.842502081846,22740338.458643
2005-05-19,35.799635827722,37.67644670595,35.78003033165,37.545189571229,28380045.870951
2005-05-20,37.338833417657,37.650527575549,37.191958345387,37.545189571229,16178421.122982
2005-05-23,37.98980234656,39.900175175691,37.853560763686,39.761939813555,37289171.972496
2005-05-24,39.444596614422,39.991224428636,39.028893638384,39.703123325339,21219279.844759
2005-05-25,39.618720003266,39.949355064143,39.316994741681,39.781545309627,14831987.28663
2005-05-26,39.997870359508,40.93793728134,38.799609023303,40.738227058639,18769375.818701
2005-05-27,40.787739243635,40.787739243635,40.011162221252,40.558454628554,11289089.225574
2005-05-31,40.698683769951,40.738227058639,39.58216738347,39.761939813555,14435866.946118
2005-06-01,39.900175175691,40.761155520147,39.860964183547,40.299263324549,16221098.364962
2005-06-02,40.112844963592,40.318868820621,39.602105176086,40.040736613632,13363191.870587
2005-06-03,38.158276694163,38.57663804255,37.770818924331,38.239024754257,34194191.209615
2005-06-06,38.410489770752,38.629473192982,37.555158467537,37.92234614821,29009268.786536
2005-06-07,37.728617263294,37.728617263294,36.4519339428,36.545973864638,26665095.74287
2005-06-08,36.632038669429,37.247451868168,36.575548257018,36.920804365813,14756544.672244
2005-06-09,36.998229460471,37.941951644283,36.821115402735,37.650527575549,13947713.508694
2005-06-10,37.394659236981,37.394659236981,35.51851295184,35.80960472403,24253285.281864
2005-06-13,35.91128746637,36.615423842249,35.82256428923,35.901318570062,15568102.135593
2005-06-14,36.029252739347,36.150208681215,35.751120532357,36.00001064351,12492233.127326
2005-06-15,36.778581445155,37.296299460076,36.301071312008,37.129486595191,20120876.183828
2005-06-16,37.191958345387,38.082513082223,36.821115402735,37.980830339883,19787093.807401
2005-06-17,38.481933527625,38.540085422755,37.830300005634,38.308142435325,21319202.129959
2005-06-20,37.902740652138,38.089159013095,37.450817352848,37.607661321425,11613566.569917
2005-06-21,37.538543640358,38.187851086543,37.378709002888,37.86319736345,13248117.336298
2005-06-22,38.337716827705,38.599566504058,38.135015936112,38.550054319062,15333447.302424
2005-06-23,38.841810684339,39.781545309627,38.652733951033,38.891655165879,24095771.666364
2005-06-24,39.09136538858,39.123598153308,37.67644670595,37.760850028023,14838004.863515
2005-06-27,36.867636918838,38.095804943967,36.684541523317,37.099912202811,21471431.910782
2005-06-28,37.486373083013,37.588055825353,37.169029883879,37.30959132182,12545266.450541
2005-06-29,37.247451868168,37.286330563769,36.120634288835,36.372847365424,16221982.364527
2005-06-30,36.615423842249,37.159393284115,36.310707911772,36.808155837535,14925824.555181
2005-07-01,36.831084299043,36.968987364635,36.2911024157,36.501113831252,8956952.9908283
2005-07-05,36.605454945941,38.144984832419,36.501113831252,37.980830339883,16223817.442296
2005-07-06,37.787433751511,38.158276694163,37.198271979716,37.388013306109,14259096.34428
2005-07-07,36.801509906663,37.760850028023,36.801509906663,37.630589782934,13723588.095911
2005-07-08,37.86319736345,38.278235746401,37.467099883485,38.248329057478,10388556.656797
2005-07-11,38.370614185521,38.652733951033,37.780787820639,38.095804943967,13946911.183166
2005-07-12,38.23005274758,38.400520874444,37.912709548446,38.239024754257,13850581.291637
2005-07-13,38.239024754257,38.501206727154,37.902740652138,38.351008689449,27425136.419993
2005-07-14,40.820636601451,42.012252006784,40.234465498548,40.747863658403,74862975.885416
2005-07-15,40.852869366179,41.566642341823,40.46009485165,41.547369142294,24566426.637095
2005-07-18,41.497524660755,42.10429814936,41.370587381101,41.487888060991,20981693.593799
2005-07-19,41.649051884634,43.230451135606,41.076172643476,43.184594212589,23979352.098524
2005-07-20,42.870241682348,43.800339707872,42.643947736159,43.630203877551,16220135.159035
2005-07-21,43.747836853984,44.042583888153,42.899151481641,43.289599920366,14481567.752499
2005-07-22,43.443120923507,44.003040599465,43.387627400726,44.003040599465,10777399.160549
2005-07-25,44.022978392081,44.280840509911,43.727899061368,43.806985638744,10534888.211961
2005-07-26,44.003040599465,44.111036976134,43.361375973782,43.630203877551,9594606.6892607
2005-07-27,43.747836853984,44.071825983989,42.667208494211,43.990081034265,10136054.27115
2005-07-28,43.983435103393,44.003040599465,43.29923652013,43.800339707872,9073534.071031
2005-07-29,43.597306519735,44.383187845339,42.264465083373,42.643947736159,20133853.237256
2005-08-01,42.595432440794,43.083243766793,42.081369687852,42.749285740479,11279148.61661
2005-08-02,42.889514881877,43.498946742831,42.605401337102,43.184594212589,10618761.278164
2005-08-03,43.184594212589,43.312528381874,42.768558940008,43.217491570405,9342273.6403138
2005-08-04,42.978902652104,42.997843555089,42.29370717921,42.706419486355,9756315.4431905
2005-08-05,42.516345863419,43.361375973782,42.022220903092,42.988539251868,8658425.5402367
2005-08-08,42.997843555089,43.253379597114,42.605401337102,42.643947736159,6315014.8878893
2005-08-09,42.988539251868,43.892053553904,42.905797412513,43.816954535052,13838045.831728
2005-08-10,44.003040599465,44.393156741646,43.312528381874,43.380981469854,12982845.813922
2005-08-11,43.387627400726,44.121005872442,43.253379597114,44.003040599465,9733103.0440589
2005-08-12,43.463058716122,46.220787731422,43.361375973782,46.095179637943,33312816.528942
2005-08-15,46.557404130084,48.329209300536,46.452730718852,47.677908075088,38805568.395244
2005-08-16,47.412403136755,47.498135645003,46.211151131658,46.247039158366,19230251.632644
2005-08-17,46.479314442339,47.4386545637,46.370985769127,47.150221163859,18115639.346905
2005-08-18,47.000355422697,47.000355422697,45.752249604952,46.298545122623,15805675.085182
2005-08-19,46.247039158366,46.704943795441,45.771855101024,45.830339292697,13639184.419313
2005-08-22,46.16795258099,46.75478827698,45.257127754995,45.869550284841,13852858.685172
2005-08-23,45.958938055069,46.095179637943,45.316276539755,45.739290039752,10558562.24695
2005-08-24,45.611023573924,47.117323806043,45.591418077852,45.771855101024,20425885.976898
2005-08-25,46.115117430558,46.492606304083,45.810401500081,46.059291611234,9866274.1854772
2005-08-26,46.211151131658,46.341079080203,45.359142793879,45.739290039752,9323215.8134358
2005-08-29,45.316276539755,46.030049515398,45.257127754995,45.839975892461,9135875.7968156
2005-08-30,45.988512447449,46.790011710601,45.919062469837,46.570363695284,18524239.504255
2005-08-31,46.829554999289,47.025942256554,46.269303026787,46.891362156398,14391081.827865
2005-09-01,47.000355422697,47.170158956474,46.088866003614,46.259998723566,12723278.864874
2005-09-02,46.420165657579,46.796657641473,46.115117430558,46.220787731422,7940804.0825478
2005-09-06,46.69198423024,48.882483045622,46.550758199212,48.801070392441,29224983.789841
2005-09-07,49.065910737687,49.400865653631,47.920152255369,48.683437416008,34372580.305567
2005-09-08,49.380927861015,50.117629298167,49.138019087647,49.77968371333,25090884.063327
2005-09-09,50.005645362975,51.348787992188,49.792975575074,51.309577000044,21987670.112191
2005-09-12,51.193937802873,51.630243164614,50.575866231785,51.39796788064,16162114.21247
2005-09-13,51.103553143015,51.286316241992,50.317007224324,50.81844270861,17601429.002882
2005-09-14,51.178319865324,51.187624168544,49.461675921109,49.616858406968,16943213.519707
2005-09-15,50.005645362975,50.179436455276,49.328092710584,49.872394448993,14456778.839828
2005-09-16,50.21864744742,51.207229664617,49.950151840195,51.207229664617,21100990.952631
2005-09-19,51.050717992583,52.890976251015,51.050717992583,52.63909547097,27979998.887129
2005-09-20,52.999304924227,53.807782414795,52.917227677959,53.192369216056,29295910.287436
2005-09-21,52.999304924227,53.047820219592,51.862518448587,52.11506382172,15498442.067061
2005-09-22,51.951573922271,52.471950309541,51.319545896352,51.898738771839,16561202.594687
2005-09-23,52.105094925412,53.497085146533,51.839257690535,53.199015146928,19942751.099048
2005-09-26,54.181283729797,54.564421644562,53.320303385341,53.837689103719,19518958.969054
2005-09-27,53.994533072296,54.240432514557,53.427967465466,53.437936361773,12202056.892097
2005-09-28,53.067758012208,53.110624266332,50.589158093529,51.080624681507,40193435.945745
2005-09-29,51.193937802873,52.59290625141,50.808473812302,52.347339105693,22744534.469787
2005-09-30,52.367276898309,53.647283184239,51.879133275767,53.608072192094,18957055.772651
2005-10-03,54.161678233725,54.545480741577,53.677189873162,54.44313340615,18123010.654393
2005-10-04,54.973810986272,55.350302970166,53.634323619038,53.745975257686,19264130.859548
2005-10-05,54.331814064045,54.364379125318,52.747091847638,52.776001646931,21809441.685981
2005-10-06,53.307011523597,53.487116250226,50.867290300518,51.702683811117,27047374.982448
2005-10-07,51.738571837826,51.928313164219,50.546291839405,51.2962851383,24209110.191021
2005-10-10,51.898738771839,51.908707668147,50.280786901072,50.36651940932,18121476.663114
2005-10-11,51.26671074592,51.869164379459,50.395761505156,51.58737691049,43356923.921352
2005-10-12,48.643561830777,50.300724693688,47.867317104938,49.249006133208,96279551.312279
2005-10-13,49.527470636741,53.94867614928,49.26861162928,53.736006361379,66586204.540639
2005-10-14,53.736006361379,54.354742525554,52.785638246695,53.994533072296,36981391.070253
2005-10-17,53.994533072296,54.230463618249,52.678306463114,53.437936361773,22027621.385401
2005-10-18,53.251185704273,53.94867614928,52.203454702316,52.213423598624,21765259.34258
2005-10-19,52.071865271052,54.960519124528,51.207229664617,54.940913628456,36014240.143786
2005-10-20,54.659126159487,56.504036569529,54.354742525554,56.138842668118,48469799.25137
2005-10-21,56.981546702676,56.981546702676,55.362930238822,55.655018900643,28368594.773811
2005-10-24,55.543699558538,56.794463748632,55.091443962705,56.794463748632,21844540.185273
2005-10-25,56.401024641015,56.850289567956,55.684593293023,56.099963972517,16651101.934827
2005-10-26,56.284388554213,57.56040728162,55.916868576996,57.033717260021,22596211.590871
2005-10-27,56.991183302441,57.011121095056,55.412442423818,55.412442423818,14716313.438253
2005-10-28,56.048125711716,56.434254295374,54.171647130032,54.476030763966,27498500.078057
2005-10-31,55.239315924605,57.977107147289,54.751504598607,57.593304639436,33691073.066431
2005-11-01,57.259678909666,58.140597046738,56.872885732921,57.50225538649,26826880.422958
2005-11-02,57.7378536359,59.997470132349,57.599950570308,59.948290243897,30810755.415084
2005-11-03,60.547753208544,62.315570820472,60.069246185766,61.850687955982,31572400.652983
2005-11-04,60.386921681443,61.241920688115,59.620645851912,61.150206842082,31359750.743251
2005-11-07,60.852136842477,61.67124782244,60.13803157029,60.229745416323,22770731.341731
2005-11-08,59.948290243897,60.380275750571,59.100269464641,59.896119686553,16909061.494299
2005-11-09,60.148000466598,61.208691033755,59.997470132349,60.10845717791,19011475.839151
2005-11-10,60.668709150412,61.202045102883,59.014536956394,61.179448937919,23851045.678184
2005-11-11,61.500447399032,62.106223998007,61.336292906496,61.53633542574,15181179.633756
2005-11-14,61.53633542574,61.981945090702,60.91062103415,61.45126751058,13206788.377978
2005-11-15,61.598474879393,63.078855981111,61.461236406888,62.280347386851,19306458.112934
2005-11-16,63.248991811432,65.060340270571,63.092147842855,64.948688631923,27946162.212578
2005-11-17,65.603977415893,65.881777326339,64.244884552588,64.517035421792,24144941.241898
2005-11-18,65.312885643704,65.430518620137,64.365840494456,64.556246413937,18740931.225514
2005-11-21,64.824742021162,65.193923481096,63.72384357223,64.958657528231,18259615.475824
2005-11-22,64.988231920611,66.760037091062,64.517035421792,66.514469945345,19294207.308409
2005-11-23,66.913558094203,67.985214447299,66.687596444558,67.110277648012,17348423.301738
2005-11-25,67.503716755629,69.540029974783,67.503716755629,69.339987455538,14107577.073404
2005-11-28,70.73197767666,71.059622068645,69.064845917441,69.664308882087,36353880.570914
2005-11-29,69.998266908401,70.299992169986,67.35218953175,68.098859865209,31817247.557256
2005-11-30,68.433150188066,68.845197902124,67.522657658614,67.826708996004,21212748.058492
2005-12-01,68.885073487356,71.73750701758,68.803660834175,71.609905144839,28997737.580227
2005-12-02,72.110676036038,72.732735165649,70.696089649951,72.62473878898,31980417.445854
2005-12-05,71.966459336117,72.526711308619,71.494598244212,71.825897898176,20624579.978604
2005-12-06,73.977518017957,74.822548128321,73.345489992039,74.065908898554,30524164.320968
2005-12-07,74.232721763439,74.448714516776,73.113214708065,73.960903190778,24163582.964538
2005-12-08,73.178012534067,74.177228240658,72.595496693144,74.098473959826,28105819.876862
2005-12-09,74.232721763439,74.583626913476,73.345489992039,74.311808340815,19832801.926527
2005-12-12,74.962777269718,75.365520680556,74.55072955566,74.907283746938,18748258.74681
2005-12-13,74.891001216302,75.477504615748,74.209793301931,74.96942320059,17624211.484812
2005-12-14,72.601810327472,73.289996469258,70.276731411934,72.012648555677,51744878.697651
2005-12-15,72.674250973976,72.867315265805,71.34473250305,72.188765723783,20028036.969595
2005-12-16,72.143573393854,72.30407262441,71.049985468881,71.105478991661,23806368.415402
2005-12-19,71.026724710829,72.595496693144,71.026724710829,71.384275791738,18883664.488661
2005-12-20,71.586644386788,72.385485277591,71.112124922533,72.110676036038,17102380.718462
2005-12-21,72.559608666435,73.607007371848,72.536680204927,73.502333960616,16869923.651157
2005-12-22,73.925015164069,74.481944171135,73.600361440976,74.03965747161,13235431.619034
2005-12-23,74.160613413479,74.261963859275,73.289996469258,73.345489992039,8203620.2077324
2005-12-27,74.059262967682,75.182425285035,73.960903190778,74.232721763439,21079232.375422
2005-12-28,74.33174613343,74.747116812925,73.312592634223,73.578097572556,14204611.757097
2005-12-29,73.836624283473,73.836624283473,71.419831521903,71.449073617739,17500398.310126
2005-12-30,70.908759437853,72.431674497151,70.345849093002,71.891360317265,22293164.984035
2006-01-03,72.411736704535,74.737147916617,72.255225032502,74.737147916617,28715779.516546
2006-01-04,75.182425285035,75.971629576074,74.494903736336,74.962777269718,22111431.736537
2006-01-05,74.891001216302,74.891001216302,73.76152526462,74.363646601615,15996577.552338
2006-01-06,75.254865931539,76.698694413461,74.53411472848,76.280333065075,25153605.841214
2006-01-09,76.797386486909,77.193483966875,75.742344960993,76.047725484558,24102974.20893
2006-01-10,76.237134514407,81.872883893788,75.831068138133,80.860708621995,81407129.057971
2006-01-11,83.835094983719,84.7907798431,82.593635096846,83.889923913412,53299819.908923
2006-01-12,84.953937446005,86.405076451887,83.615446968403,84.290008951901,45700907.856821
2006-01-13,85.026710389053,86.015957199337,84.585088282614,85.580648727227,27701067.72824
2006-01-17,85.619859719371,86.378492728399,83.858023445227,84.69840140398,29795021.046174
2006-01-18,83.101051918917,84.044441806184,81.8333406051,82.501921250814,42607940.987894
2006-01-19,81.404678063861,81.67350596763,78.738662894594,79.0496924594,60555555.535637
2006-01-20,79.285623005353,80.022656739048,75.831068138133,76.070321649522,40615726.796206
2006-01-23,76.141433109852,79.557441578014,75.981598472382,77.671658693109,37844784.643041
2006-01-24,78.777873886739,79.403920574873,75.775242318809,76.03775658825,40732766.502906
2006-01-25,77.439051112592,77.504845828224,73.233838353391,74.199824405623,45555192.648724
2006-01-26,74.665039566657,75.444274961388,71.937217240281,72.333314720247,42130416.219556
2006-01-27,72.886920761877,73.600361440976,71.089196461025,72.029263382857,34054836.043597
2006-01-30,71.275614821982,76.590698036793,70.856588880508,74.992351662098,49724352.324626
2006-01-31,75.517047904436,76.326189988091,73.76152526462,75.5266845042,32580388.055969
2006-02-01,74.992351662098,76.443158371436,74.635465174277,75.437629030516,18612314.148918
2006-02-02,75.333287915827,75.375489576864,72.051859547821,72.107353070602,25241276.900578
2006-02-03,72.281476459446,72.788560984973,71.026724710829,71.838857463377,24717497.182267
2006-02-06,72.166501855362,72.504115143655,66.74043159499,67.300018974405,58988876.525476
2006-02-07,68.337781080054,69.481213486566,66.677959844794,67.604402608339,49548562.142254
2006-02-08,68.462724580446,69.077473186098,66.003730157839,68.803660834175,34035592.117882
2006-02-09,69.206404245013,69.229000409977,64.526672021557,64.948688631923,41046184.177593
2006-02-10,65.129125655095,67.673520289406,62.898751254482,67.312978539605,62818806.431546
2006-02-13,66.514469945345,66.750068194754,64.637659067118,64.709767417078,31542396.880172
2006-02-14,65.10918786248,68.098859865209,64.998200816919,67.643613600483,41456351.880588
2006-02-15,67.312978539605,69.621774924507,66.750068194754,69.216040844777,40951744.254563
2006-02-16,69.998266908401,71.000140987341,69.481213486566,70.565829404862,33857352.55704
2006-02-17,70.316606997165,70.87619437658,69.615128993635,70.293346239114,20568199.945886
2006-02-21,70.623649003448,70.781157565112,68.672071402911,69.077473186098,27833359.835537
2006-02-22,69.045905014456,71.67470297084,68.004487646828,71.315490407214,34933707.297688
2006-02-23,71.783031644052,72.997907807438,71.426145156231,71.760435479088,30593761.945276
2006-02-24,72.058505478693,72.886920761877,71.196528244606,71.465356148375,19096628.575601
2006-02-27,72.019294486549,72.126958566674,70.64325449952,70.977544822377,28250853.374588
2006-02-28,71.609905144839,72.401767808227,68.098859865209,68.48897600739,45204635.677112
2006-03-01,68.996725126004,69.49085008633,68.0240931429,69.097410978713,27248456.640647
2006-03-02,69.015998325532,69.998266908401,68.662102506603,69.615128993635,22326943.54784
2006-03-03,69.327027890338,69.91685425522,67.532626554922,67.723364770946,26327991.935566
2006-03-06,67.604402608339,67.723364770946,64.935396770179,65.479033915501,32586152.54566
2006-03-07,65.764144349906,66.893952598131,65.076290504664,66.308113791772,31150223.496152
2006-03-08,66.356296790594,67.201991494044,65.351432042761,65.662461607566,23292550.913262
2006-03-09,66.090791852261,66.465290056893,63.809576080477,63.933190394695,28533995.922452
2006-03-10,64.081394653139,64.490451698305,62.449818624085,63.186852357779,37248176.842505
2006-03-13,65.10918786248,66.278539399392,64.788853994454,65.682399400182,30752419.569064
2006-03-14,65.790728073394,67.32261513937,65.502294673553,67.32261513937,22926439.040163
2006-03-15,67.826708996004,68.042701749341,65.521900169625,66.22935951094,31855864.931549
2006-03-16,66.887638963803,66.893952598131,64.294396737583,64.304365633891,26752282.144771
2006-03-17,64.736018844022,65.541837962241,64.113295121324,64.660587528626,28996640.156835
2006-03-20,65.213861273712,65.459096122886,63.86806027215,63.992671475999,21616387.887389
2006-03-21,64.294396737583,64.336266102076,61.389460353471,61.811144667294,47975651.890632
2006-03-22,62.260741890779,63.248991811432,61.274818045931,61.67124782244,48063196.135556
2006-03-23,61.690521021969,61.90319080987,59.61399992104,60.157969362906,50945896.177017
2006-03-24,60.272611670447,60.94019542653,59.03447474901,59.958259140205,38281336.069156
2006-03-27,60.229745416323,61.379491457163,59.401330133139,59.508994213264,39497873.339228
2006-03-28,59.690095829524,60.13803157029,58.248593423406,58.713476287896,48855320.264059
2006-03-29,59.133166822457,62.519268601696,57.669068251375,62.328862682216,83561376.021404
2006-03-30,62.853226628009,63.301826961863,61.529689494868,62.751543885669,49584927.853042
2006-03-31,63.239355211668,63.609865857777,62.240804098163,62.721637196746,28960159.819517
2006-04-03,63.658381153141,64.126254686524,62.610317854641,62.649861143329,29133491.926366
2006-04-04,62.106223998007,62.220866305547,61.051847065178,61.169480041611,33281375.816719
2006-04-05,64.709767417078,67.211960390352,64.152506113468,67.211960390352,79723039.82868
2006-04-06,68.295579419017,72.051859547821,68.200874904093,71.239062202187,94982872.522492
2006-04-07,70.88915394178,71.203174175478,68.469370511318,69.792243051372,55183903.785408
2006-04-10,70.247157019554,70.915405368725,68.453087980682,68.662102506603,32263016.954666
2006-04-11,69.022644256404,69.300776463394,67.067411393888,67.995183343607,33542051.835382
2006-04-12,68.138403153897,68.171300511713,66.3014678609,66.707201940631,26414300.356622
2006-04-13,66.3014678609,67.444235674325,65.810333569466,66.455653457129,26236761.796149
2006-04-17,66.504501049037,66.834471516828,64.345902701841,64.811782455962,25767043.398506
2006-04-18,64.998200816919,66.465290056893,64.788853994454,66.220387504263,28353683.815225
2006-04-19,66.815530613843,66.999290602451,65.47238798463,65.652492711258,38384086.460811
2006-04-20,69.500486686095,70.004580542729,66.200449711647,67.633977000719,59519579.457538
2006-04-21,68.469370511318,68.635851079659,66.465290056893,67.038169298052,28174899.861118
2006-04-24,66.913558094203,66.913558094203,65.502294673553,65.750852488163,25245812.277274
2006-04-25,65.974155765459,66.585913702218,65.561443458313,66.170543022724,18875975.302453
2006-04-26,66.595882598526,68.276306219489,66.392849410389,68.148372050204,25385264.043755
2006-04-27,67.746293232454,69.864019104788,67.35218953175,69.359925248154,30209380.456928
2006-04-28,69.248605906049,71.298875580034,69.196435348705,70.388050754038,27106136.683032
2006-05-01,70.764875034476,71.541119760315,69.157224356561,69.598846462999,26791025.430694
2006-05-02,70.158766138957,71.982741866753,70.116564477921,71.626519972019,27536424.155941
2006-05-03,71.943530874609,71.943530874609,70.191995793317,71.135385680585,24527061.677536
2006-05-04,71.043339538009,72.886920761877,70.463482069435,71.118770853405,30727397.611538
2006-05-05,71.907975144444,72.255225032502,71.142031611457,71.891360317265,20102908.648159
2006-05-08,72.893566692749,73.810040559985,71.730861086708,71.891360317265,21239311.049201
2006-05-09,71.806292402104,72.559608666435,70.617003072576,71.020078779957,18981992.444909
2006-05-10,71.298875580034,71.331440641306,69.615128993635,70.594406907611,16424394.852096
2006-05-11,70.676484153879,70.827346784672,67.551567457907,68.148372050204,28939303.027192
2006-05-12,68.148372050204,68.682040299219,66.854409309443,67.70342697833,22920139.877441
2006-05-15,67.119914247776,68.380647334178,67.119914247776,67.794143934732,18890251.797624
2006-05-16,68.249722496001,68.249722496001,64.74598774033,64.978263024303,33451460.823889
2006-05-17,64.802145856197,65.70532786169,64.074748722267,65.263373458708,26606992.490302
2006-05-18,65.603977415893,66.258601606777,63.118399269799,63.176883461472,23506881.791427
2006-05-19,63.176883461472,64.883226212835,62.820329270194,64.507066525485,35207433.858355
2006-05-22,63.799939480713,63.992671475999,62.771149381741,63.383571911588,25655135.313043
2006-05-23,64.863288420219,65.193923481096,63.000433996822,63.150964331071,24799740.469255
2006-05-24,62.950921811827,63.648412256834,61.555940921812,63.341037954008,32714255.804092
2006-05-25,64.254853448895,64.444262478745,63.28853510012,64.326629502312,16548686.153935
2006-05-26,64.294396737583,64.556246413937,63.138004765871,63.540748176709,15461223.774429
2006-05-30,63.138004765871,63.301826961863,61.208691033755,61.221982895499,20105745.632226
2006-05-31,61.758974109949,61.788880798873,58.691212419475,59.771176186161,45735955.70858
2006-06-01,59.849930466993,62.280347386851,59.518963109572,62.168363451659,33659373.248293
2006-06-02,62.970859604442,63.098793773727,60.88470190375,61.661278926132,24488410.207193
2006-06-05,61.150206842082,61.150206842082,59.968228036513,59.997470132349,21629995.883281
2006-06-06,60.243037278067,60.629165861725,58.916841772577,59.719005628816,25929911.839491
2006-06-07,60.04930839315,60.396890577751,58.349943869203,58.555967726232,26757906.09734
2006-06-08,58.363235730947,60.930226530222,57.151350236454,60.760755292988,49890119.772592
2006-06-09,61.189417834227,61.555940921812,59.100269464641,59.243821571475,27706977.901059
2006-06-12,59.437550456391,59.731632897473,56.961941206604,57.004475164184,25628825.078499
2006-06-13,57.609919466615,59.100269464641,57.361029355462,58.330006076587,38562900.057116
2006-06-14,58.330006076587,58.778938706985,56.689790337399,57.609919466615,31353013.568149
2006-06-15,57.449752532602,59.738278828345,56.752594384139,59.378401671631,42509488.143197
2006-06-16,58.994931460322,59.194973979566,57.511891986255,57.56040728162,29928332.423779
2006-06-19,57.792682565593,58.180140335425,57.004475164184,57.200862421449,25154132.088036
2006-06-20,57.609919466615,58.349943869203,57.291579377851,57.469690325218,24003011.748772
2006-06-21,57.754136166536,58.713476287896,57.301548274159,57.855486612333,30825071.212499
2006-06-22,58.068156400234,59.751238393545,58.068156400234,59.581434859768,34502058.691151
2006-06-23,59.719005628816,60.17126122465,58.732749487425,58.831441560873,23569842.512515
2006-06-26,59.16207662175,59.201619910438,58.369881661818,58.994931460322,16653399.069765
2006-06-27,59.12319792615,59.224216075403,57.400904940694,57.43014703653,19592839.635204
2006-06-28,57.301548274159,57.301548274159,55.412442423818,56.015560650444,30375088.37975
2006-06-29,56.794463748632,59.09362353377,56.391055744707,58.972002998814,31129440.944744
2006-06-30,57.573699143364,57.747490235664,56.504036569529,57.269647805974,26341361.469754
2006-07-03,57.344414528283,58.180140335425,57.344414528283,57.947532754909,6956168.1111359
2006-07-05,57.099179679109,57.599950570308,56.561856168115,57.004475164184,18504943.426329
2006-07-06,57.200862421449,57.400904940694,55.602183750211,55.766338242747,22611898.633365
2006-07-07,55.56330505461,56.552551864894,54.668762759251,55.40247352751,28536252.491214
2006-07-10,55.727127250603,56.494067673222,54.505937452889,55.00039470976,18899647.351265
2006-07-11,55.091443962705,55.985986258064,54.538834810705,55.641727038899,29462716.416083
2006-07-12,55.182825512194,55.239315924605,52.907258781651,52.960093932083,33091202.005953
2006-07-13,52.048936809544,54.125790207016,51.410927445841,52.252634590768,44632711.762576
2006-07-14,52.491555805613,52.890976251015,50.156840290311,50.67057074671,35453876.867102
2006-07-17,51.649848660686,53.110624266332,51.649848660686,52.37392282918,36590402.892662
2006-07-18,53.192369216056,53.847325703483,51.849226586843,52.897289885343,35755728.908398
2006-07-19,52.950125035775,55.081807362941,52.367276898309,54.102861745508,49618803.890024
2006-07-20,60.963123888038,61.588505983085,59.719005628816,60.494918058112,70433376.816845
2006-07-21,59.719005628816,61.150206842082,59.640583644528,60.720879707757,31853284.676001
2006-07-24,61.208691033755,62.096255101699,60.426797266675,61.422025414743,25811785.33244
2006-07-25,61.798849695181,62.086286205391,60.780360789061,61.923128602486,21036712.884105
2006-07-26,62.037770910026,64.637659067118,61.681216718748,63.86806027215,32085460.638968
2006-07-27,64.497097629177,65.021129278427,62.863195524317,63.399522145681,26251426.017291
2006-07-28,63.943159291003,65.682399400182,63.504527853457,65.591017850693,24695056.684033
2006-07-31,66.825167213607,68.622891514459,66.278539399392,67.968931916663,31886978.586503
2006-08-01,67.22192928666,67.935702262303,65.941258407643,67.178730735993,25368787.465513
2006-08-02,67.624008104411,68.672071402911,67.513685651937,68.161331615405,19666173.440414
2006-08-03,67.869575250128,70.004580542729,67.804112831039,69.589209863235,30035127.606226
2006-08-04,67.018896098523,68.60361831493,64.958657528231,68.295579419017,66171587.61893
2006-08-07,67.755929832218,69.598846462999,66.308113791772,67.211960390352,44478288.128057
2006-08-08,67.096985786268,67.110277648012,64.507066525485,64.778885098146,35630491.222957
2006-08-09,65.351432042761,65.603977415893,63.399522145681,63.590260361704,34125986.67834
2006-08-10,63.150964331071,64.811782455962,62.698708735238,64.074748722267,24917201.817416
2006-08-11,63.239355211668,64.132900617396,62.581740351892,63.648412256834,27765036.946125
2006-08-14,63.933190394695,65.220507204584,63.600229258012,63.943159291003,25625084.74468
2006-08-15,65.233799066328,66.497855118165,64.802145856197,66.445684560821,30761611.689954
2006-08-16,67.047805897816,68.069285472829,66.327054694757,67.985214447299,27901891.75511
2006-08-17,68.004487646828,68.655456575731,67.178730735993,67.594433712031,20583707.630511
2006-08-18,67.713395874638,68.400585126793,67.257817313368,67.915764469688,19153919.270815
2006-08-21,67.312978539605,67.312978539605,66.147282264672,66.557003902925,18788662.296768
2006-08-22,66.618811060034,68.318840177069,66.497855118165,67.624008104411,20600999.80556
2006-08-23,68.052670645649,68.645487679423,66.936486555711,67.312978539605,19081082.973037
2006-08-24,67.955640054919,68.191238304328,66.268570503084,67.817404692783,23392092.183364
2006-08-25,67.32261513937,69.045905014456,67.312978539605,68.744512049415,19425185.589221
2006-08-28,68.439796118938,68.60361831493,66.677959844794,66.979352809835,26362044.652087
2006-08-29,66.979352809835,67.257817313368,65.119156758787,66.474926656657,33832963.64853
2006-08-30,67.251171382496,67.826708996004,66.677959844794,66.95941501722,24293573.934449
2006-08-31,67.188699632301,68.295579419017,66.654699086742,67.85960635382,20522422.400819
2006-09-01,68.469370511318,68.645487679423,67.826708996004,68.380647334178,14588986.323916
2006-09-05,68.813297433939,71.501244175083,68.54812479215,71.477983417032,36149071.880268
2006-09-06,71.079559861261,71.697963728892,69.700861501883,70.034487231653,34786996.2622
2006-09-07,70.636608568648,73.479073202564,70.253802950426,72.795206915844,45282526.917628
2006-09-08,73.319238565095,73.578097572556,71.914288778773,72.513751743419,31995374.357372
2006-09-11,72.513751743419,73.738596803112,71.419831521903,72.497469212783,33888171.535441
2006-09-12,72.811821743024,73.447172734379,71.449073617739,72.62473878898,60162985.818876
2006-09-13,72.877284162113,74.311808340815,72.30407262441,74.199824405623,40931803.661958
2006-09-14,73.803394629113,74.661716601221,73.463787561559,74.177228240658,28631835.820659
2006-09-15,74.747116812925,74.96942320059,73.273381642078,74.105119890698,35065632.925098
2006-09-18,73.810040559985,74.851790224157,73.289996469258,73.901754406018,25187849.591922
2006-09-19,73.987486914265,74.347696367523,72.795206915844,73.783789133041,25358744.628583
2006-09-20,74.396211662888,75.686851438213,74.216439232803,75.261511862411,29371829.373825
2006-09-21,75.333287915827,76.05437141543,74.03965747161,74.635465174277,28360516.08611
2006-09-22,74.305162409943,74.325100202558,72.579214162507,72.997907807438,23753389.651887
2006-09-25,73.810040559985,75.85665497199,73.732283168784,75.748990891865,30676220.341332
2006-09-26,76.09325011103,77.789291669542,76.09325011103,77.60885464637,39388463.082935
2006-09-27,77.222726062712,77.471948470408,75.824422207261,76.389990924461,28940356.273176
2006-09-28,77.055913197827,77.47859440128,75.948701114566,77.017034502226,25834755.959572
2006-09-29,77.222726062712,77.530100365537,76.67543365541,76.983804847866,14491842.189792
2006-10-02,75.002320558406,75.869946833734,74.295193513635,74.851790224157,25443624.957745
2006-10-03,74.38624276658,74.940181104754,73.178012534067,74.098473959826,28237160.153615
2006-10-04,73.977518017957,75.477504615748,73.149435031317,75.398418038372,29587218.914822
2006-10-05,74.494903736336,76.141433109852,74.138017248514,74.822548128321,24069377.019266
2006-10-06,74.439077917012,75.035217916222,73.820009456293,74.216439232803,16674798.028427
2006-10-09,73.810040559985,75.081739432325,73.532240649539,74.62283790562,15650614.33901
2006-10-10,74.576980982604,74.576980982604,73.076994384814,73.820009456293,18978416.482345
2006-10-11,73.561815041919,74.000446479466,72.595496693144,73.217555822754,20420126.633213
2006-10-12,73.755211630292,75.408054638136,73.600361440976,75.261511862411,21170436.754716
2006-10-13,75.670236611033,76.895081670726,74.720533089437,75.018935385586,24431582.833078
2006-10-16,75.058478674274,75.879583433498,74.770045274433,75.414700569008,18166471.593962
2006-10-17,75.088053066654,75.274471427611,74.059262967682,74.288547582763,17171424.921425
2006-10-18,74.770045274433,78.591787822325,73.925015164069,74.520822866736,40064419.888172
2006-10-19,79.252725647537,79.934265858451,78.15880542602,79.00715850182,54131644.871678
2006-10-20,78.974261144004,79.963507954288,78.666886841178,79.934265858451,22836133.316019
2006-10-23,79.979790484924,81.879197528116,79.754161131822,81.476786413822,29711564.987017
2006-10-24,81.404678063861,81.689456201723,80.183155969604,81.057760472348,16537384.561811
2006-10-25,81.319610148701,81.987526201328,81.01456192168,81.689456201723,17306384.645998
2006-10-26,81.80376621272,82.610249924026,81.1458190564,82.184245755137,15451079.853088
2006-10-27,81.784493013191,82.455732031254,79.989759381232,80.40546235727,21244199.995629
2006-10-30,79.979790484924,80.903574876119,79.485665524597,80.415431253577,17854263.922833
2006-10-31,81.499382578786,81.689456201723,80.209739693092,81.090657830164,17903948.369807
2006-11-01,81.112921698585,81.398032132989,78.361838614157,79.168654622007,21828107.513597
2006-11-02,78.863606394986,79.308551466861,78.509710576057,78.993866640076,16624055.400118
2006-11-03,79.318520363169,79.517565992782,77.79560530387,78.287404188392,15423634.066559
2006-11-06,79.017127398127,80.045917497099,78.427965626333,79.721263774006,15366395.613838
2006-11-07,80.50348983763,81.007915990808,80.101078723336,80.513458733938,18780236.328897
2006-11-08,79.979790484924,82.691330280663,79.885418266543,82.455732031254,24669334.448383
2006-11-09,83.002359845469,84.681786576801,82.118118742961,83.353264995506,32960678.379283
2006-11-10,83.598832141223,83.598832141223,82.511557850578,83.123648083881,13350832.217502
2006-11-13,83.209380592129,84.436551727627,82.652451585063,84.355803667533,16093711.153701
2006-11-14,84.7907798431,85.010095561873,83.889923913412,85.010095561873,21031718.27904
2006-11-15,85.059607746869,85.900318002165,83.994929621189,84.044441806184,23368719.86683
2006-11-16,84.885484358025,86.297080075219,84.601703109794,85.606567857627,24779355.845549
2006-11-17,85.066253677741,85.946507221725,85.010095561873,85.841833810493,16656634.252377
2006-11-20,85.405860745295,86.994902816769,85.196846219374,86.477184801847,20273178.821263
2006-11-21,87.440180185187,88.582947998612,87.099243931458,88.582947998612,22230785.49078
2006-11-22,89.008287574415,90.757496579901,87.852227899246,90.289290749975,23997947.296455
2006-11-24,89.519691955008,93.072938895675,89.510055355244,91.648051316738,18538135.014422
2006-11-27,92.463174738177,93.145047245635,89.510055355244,89.542288119973,38383566.894769
2006-11-28,90.399613202449,91.975363412179,89.912466469538,91.821510112494,37001395.972886
2006-11-29,92.996842987192,93.145047245635,90.23977856498,91.821510112494,41319779.138937
2006-11-30,92.210961661588,92.66953089175,91.075172075579,91.681280971097,31083505.679108
2006-12-01,91.821510112494,92.32660085876,90.098884830495,91.304124394116,28395636.79448
2006-12-04,91.909900993091,92.057440658447,90.492323938112,91.117706033159,25343760.091139
2006-12-05,91.664666143917,92.32660085876,90.881775487206,91.25461220912,23666988.99394
2006-12-06,90.642521975817,91.37656504062,89.683181854457,89.836702857598,22767427.395238
2006-12-07,90.017472177314,90.492323938112,86.896210743321,87.040427443242,35883887.478871
2006-12-08,87.115858758638,89.404717350924,86.994902816769,88.236030407099,28002103.330108
2006-12-11,88.878027329325,89.315994173784,88.065562280234,88.740124263733,17842215.016285
2006-12-12,88.582947998612,88.838484040637,85.540773141995,86.135916251575,36936142.360058
2006-12-13,87.977503696181,89.074082290046,87.148756116454,89.057467462867,30564034.341452
2006-12-14,89.008287574415,90.010826246442,88.236030407099,88.527122179288,29712231.921429
2006-12-15,88.982700740558,89.234581520603,87.341820408283,87.721967654156,26417636.683832
2006-12-18,87.721967654156,88.016714688325,84.568805751978,85.481624357235,25767308.192112
2006-12-19,84.658858115293,86.690186886292,83.615446968403,86.307048971526,32544021.923871
2006-12-20,86.470538870975,86.673572059112,84.73163105834,84.74824588552,20287332.835473
2006-12-21,84.74824588552,85.491593253543,82.194214651444,82.914301261416,32269877.814474
2006-12-22,83.496817102339,84.027826979005,81.613692589783,82.194214651444,21839518.405684
2006-12-26,82.118118742961,82.586989165974,80.893605979811,81.52563400573,17505093.002352
2006-12-27,78.152159495148,81.987526201328,76.784426921709,81.532279936602,69117839.570294
2006-12-28,80.078482558372,81.263784329377,79.656133651462,80.870677518303,39992259.944103
2006-12-29,83.945417436193,85.405860745295,83.372870491578,84.830655428331,38439164.222987
2007-01-03,86.28146213767,86.582190509624,81.879197528116,83.788905764159,44220131.876801
2007-01-04,84.17436975473,85.956476118033,83.80186532936,85.648104925576,30254919.118981
2007-01-05,85.835520176164,86.188751402006,84.397673032026,85.066253677741,29809358.089673
2007-01-08,85.983059841521,86.536333586607,85.288560065406,85.481624357235,28448820.284771
2007-01-09,86.483830732719,92.97358222914,85.163616565014,92.555220880753,119578975.30335
2007-01-10,94.758679261335,97.804841676476,93.455412217354,96.972771131313,105104225.19625
2007-01-11,95.970564755828,96.793330997771,95.096957142716,95.787469360307,51437567.827381
2007-01-12,94.54002813565,95.063727488356,93.233105829688,94.621773085374,46874111.603636
2007-01-16,95.715693306891,97.218670573573,95.436896506814,97.070798611673,44416991.462797
2007-01-17,97.51042693885,97.591839592031,94.824806273511,94.961712449472,58040035.449405
2007-01-18,91.998291873687,92.106952843443,89.057467462867,89.074082290046,84437488.294045
2007-01-19,88.6095317221,89.656930427513,88.117732837579,88.471628656508,48630783.411546
2007-01-22,89.162473170643,89.169119101515,85.641791291248,86.798515559504,51550123.948475
2007-01-23,85.713899641208,87.512288535147,85.514521715051,85.690638883157,43116561.294838
2007-01-24,86.08740095621,87.148756116454,86.08740095621,86.706469416928,33133311.983531
2007-01-25,87.138787220146,88.471628656508,86.038885660845,86.24823248331,32353515.307958
2007-01-26,87.066346573642,87.38402206932,85.000458962109,85.389578214659,35233711.170498
2007-01-29,86.24823248331,86.656957231933,85.540773141995,85.946507221725,32195460.880333
2007-01-30,86.503768525335,86.503768525335,85.248684480175,85.554065003739,20610679.89421
2007-01-31,84.797425773972,86.005988303029,84.355803667533,85.723868537516,30517318.628336
2007-02-01,86.135916251575,86.274816206798,84.73163105834,84.73163105834,23720037.363957
2007-02-02,84.142136990001,85.248684480175,83.680577090947,84.73163105834,22196671.38331
2007-02-05,84.313269709953,85.232401949538,83.938771505321,83.938771505321,20669872.80602
2007-02-06,84.436551727627,84.452834258263,82.871435007292,84.148782920873,30857925.93281
2007-02-07,84.485731616079,86.378492728399,83.552975218207,86.145885147883,38087797.552914
2007-02-08,85.63547765692,86.526364690299,85.415829641603,86.175791836806,24251162.358789
2007-02-09,85.883703174986,86.188751402006,83.216026523001,83.27417841813,30719527.984091
2007-02-12,84.420269196991,85.190200288502,83.625083568167,84.879170723696,25838333.998594
2007-02-13,85.190200288502,85.295205996278,84.306623779081,84.691755473108,20737923.950204
2007-02-14,84.61798564043,85.63547765692,84.562159821106,85.305174892586,18142116.661128
2007-02-15,85.232401949538,85.609890823063,84.764860712699,85.206815115682,12986956.509703
2007-02-16,85.102141704449,85.415829641603,84.649221515528,84.824009497459,14275674.849552
2007-02-20,84.562159821106,86.15585404419,84.168056120402,85.900318002165,22056807.936351
2007-02-21,86.061814122353,89.500086458936,85.963122048905,89.208330093659,41259471.168884
2007-02-22,90.806676468354,90.822626702446,88.504526014324,89.519691955008,29936127.780215
2007-02-23,89.284093705599,90.32850174212,88.845129971509,89.074082290046,18495700.326877
2007-02-26,89.853317684778,90.010826246442,87.610316015508,88.642096783372,22000080.232246
2007-02-27,86.274816206798,87.072992504514,83.415736745702,83.919498305792,40908455.931897
2007-02-28,84.54222202849,85.586630065011,83.002359845469,84.595057178922,32836340.161518
2007-03-01,83.994929621189,88.284545702463,83.732415351748,87.066346573642,50553430.463745
2007-03-02,86.765285905145,87.544521299876,85.206815115682,85.415829641603,30711255.583872
2007-03-05,85.829206541836,88.642096783372,85.757098191876,86.307048971526,29861695.377963
2007-03-06,87.806370976229,88.284545702463,87.417251723679,88.17056798801,25827867.172902
2007-03-07,88.016714688325,88.969408878814,87.463440943239,87.721967654156,22362225.467637
2007-03-08,88.57630206774,88.707226905917,87.463440943239,88.016714688325,18246788.047787
2007-03-09,88.785981186749,88.845129971509,87.417251723679,87.984149627053,16092299.823945
2007-03-12,88.016714688325,90.000857350134,88.010068757454,89.869932511958,26050810.930301
2007-03-13,89.404717350924,90.590683715017,88.386560741347,88.386560741347,30988105.589607
2007-03-14,88.582947998612,90.010826246442,87.938292704037,90.010826246442,28445194.216359
2007-03-15,90.010826246442,90.341793603863,89.322640104656,89.575185477789,19967480.516668
2007-03-16,89.591800304968,90.000857350134,89.322640104656,89.598113939297,20417991.612511
2007-03-19,90.229809668672,91.559992732685,89.598113939297,91.127342632923,25464089.389684
2007-03-20,91.320739221296,91.844770870546,91.075172075579,91.474592520981,17468202.218393
2007-03-21,91.998291873687,93.992403431804,91.664666143917,93.875102751915,24544248.284229
2007-03-22,93.776742975011,94.353609774692,92.996842987192,93.959506073988,20185769.42577
2007-03-23,93.308537145084,94.065176374852,93.308537145084,93.518216264093,16113896.256825
2007-03-26,94.015664189856,95.90510233674,93.308537145084,95.846285848524,30883575.703066
2007-03-27,95.689109583403,96.8255637625,95.007901669032,95.446865403122,33033268.902612
2007-03-28,94.903560554343,95.394362549234,93.145047245635,93.239419464017,33879407.676605
2007-03-29,94.169517489541,94.179154089305,92.227244192225,93.743845617195,25913630.207605
2007-03-30,94.310743520569,94.683580242483,92.751940434562,92.912439665119,21447184.893607
2007-04-02,94.137284724812,94.244948804937,93.016448483264,93.648808805726,17924047.886726
2007-04-03,94.124325159612,95.224226718913,93.753814513502,94.496829584982,20854752.76094
2007-04-04,94.952075849708,95.132845169424,94.114356263304,94.267877266445,17027969.62248
2007-04-05,94.098073732667,94.683580242483,93.518216264093,94.683580242483,12697085.393508
2007-04-09,95.207611891733,95.289689138001,93.039709241316,93.648808805726,14760640.441599
2007-04-10,93.681706163542,94.244948804937,93.429493086953,94.244948804937,12588088.864058
2007-04-11,93.907667813187,93.950534067311,92.32660085876,92.578149342261,19606412.301206
2007-04-12,92.074055485627,92.313308997016,90.717953291214,92.18803320008,23519163.201145
2007-04-13,90.937933603074,91.386201640384,90.05036953513,90.229809668672,25722967.8573
2007-04-16,90.590683715017,91.500511651381,90.23977856498,91.4190989982,21764790.905568
2007-04-17,92.031189231503,92.303340100708,89.716411508817,90.335147672992,26848926.875566
2007-04-18,90.148064718947,90.855524060262,89.607750539061,90.392967271577,16569462.806997
2007-04-19,90.174316145891,91.236003602679,89.836702857598,90.263039323031,15212147.75605
2007-04-20,91.088463937323,91.183500748791,90.547817460893,90.986781194982,18714849.040288
2007-04-23,91.658020213045,93.803326698498,91.409130101892,93.501601436913,27872043.506035
2007-04-24,94.015664189856,96.425478724011,91.287509566936,93.239419464017,37687971.817255
2007-04-25,94.261563632116,95.394362549234,93.803326698498,95.329564723233,42376947.763681
2007-04-26,101.56078950874,102.5071700649,98.296308264454,98.832634885817,62069481.123176
2007-04-27,98.141790371682,99.966098396021,97.690199368935,99.932868741662,24978816.331303
2007-04-30,100.06445817293,100.99389160536,99.66470543098,99.802276200029,22017722.365795
2007-05-01,99.582960481255,100.35920520709,98.567794540571,99.471641139151,19018103.924945
2007-05-02,99.649087493431,100.55526016782,99.471641139151,100.41170806098,18043027.878429
2007-05-03,100.69582160576,101.41358213992,100.03156081511,100.41802169531,20574154.627143
2007-05-04,100.76493928682,101.58371797024,100.51571687913,100.81079620984,13642795.892328
2007-05-07,101.06001861754,104.35806181272,101.00053753623,103.92242104407,30769420.016733
2007-05-08,103.41134896002,105.15324744155,103.40171236026,105.06485656095,28001747.924666
2007-05-09,104.91133555781,106.95761767327,104.88475183432,106.85925789637,25632808.568624
2007-05-10,106.66918427343,108.83044099298,105.92915987084,107.33410965717,42754479.526854
2007-05-11,107.54079810728,109.13548922,106.76156271255,108.73872714694,23259078.401391
2007-05-14,109.70172253028,109.99979252989,108.23828855229,109.36477383508,23283763.822164
2007-05-15,109.58043429187,110.1835525185,106.48608887791,107.52152490775,34090248.238598
2007-05-16,108.48651407035,108.82080439321,103.40171236026,107.33410965717,40258756.306184
2007-05-17,107.2360821768,109.87219065715,107.13805469644,109.44950945369,26314608.738883
2007-05-18,110.21578528323,110.62550692148,109.78379977655,110.01275209509,22169663.729535
2007-05-21,110.28789363319,112.43984604951,110.03900352203,111.95834835784,22853249.443495
2007-05-22,112.48238000709,113.74278079695,111.99091341911,113.54672583623,20443116.18922
2007-05-23,114.02789123135,115.00019091791,112.58672112178,112.91503010685,32548119.829872
2007-05-24,112.8292975986,114.46619037236,110.3573436108,110.68465570624,31691467.765665
2007-05-25,111.99091341911,113.77567815476,111.51639395486,113.62215715162,22601936.387101
2007-05-29,114.5648824458,114.86993067282,112.6920591261,114.34955428555,23060195.472051
2007-05-30,114.30967870032,118.90102004318,113.53343397448,118.78637773564,52809047.51558
2007-05-31,120.07336224899,122.12662259186,119.52341146934,121.19353389745,46309447.740541
2007-06-01,121.094841824,121.19353389745,118.27563794814,118.39360322111,31580245.994893
2007-06-04,118.63850577374,121.73318348425,117.89549070226,121.35004556948,31664546.99212
2007-06-05,121.41318191276,122.70947072933,120.49903412133,122.68355159893,32887140.750105
2007-06-06,122.33264644889,124.01938370418,121.92724466571,123.63292282398,39720256.001414
2007-06-07,124.99533865272,127.5958914029,123.21090621362,124.02902030395,68429216.999852
2007-06-08,125.62105304431,125.81112666725,122.26718402981,124.4935708719,44344895.076416
2007-06-11,126.00352636599,126.148407659,119.52341146934,120.18434929455,66937771.573915
2007-06-12,119.34563281851,121.72055621559,118.30222167162,120.39137004121,50948751.518182
2007-06-13,121.12773918182,121.19353389745,115.38366112922,117.4964025534,61487340.129752
2007-06-14,117.20497848467,119.41840576156,116.42873375883,118.75979401215,34759419.929624
2007-06-15,120.59706160169,120.65288742102,119.85736949565,120.49903412133,28970284.721701
2007-06-18,123.305278432,125.17212041392,122.54531623679,125.07675130591,32520316.200319
2007-06-19,124.73348897637,125.00530754903,122.93576467552,123.6528606166,33681691.476222
2007-06-20,123.86519810796,124.66802655728,121.5072218346,121.5567340196,32054743.226474
2007-06-21,121.63881126587,124.26794151879,120.70239960601,123.88845886601,30959775.382202
2007-06-22,123.84592490843,124.45801514173,122.36554380671,123.01352206672,22566972.556679
2007-06-25,124.18320590018,125.07675130591,121.06194446618,122.32267755259,34478431.903117
2007-06-26,123.97053611228,123.9768497466,118.72058302001,119.63406621835,47905560.219657
2007-06-27,120.63029125605,122.02194918063,119.26787542731,121.89069204591,34811512.617115
2007-06-28,122.47354018338,122.48649974858,120.0078998299,120.56383194733,29955029.722234
2007-06-29,121.9820735954,123.9768497466,121.094841824,122.02194918063,40513916.047186
2007-07-02,121.11444732007,122.06082787623,119.28083499251,121.27860181261,35540796.549406
2007-07-03,121.9820735954,127.40183022144,121.5072218346,127.17919153723,41517191.213376
2007-07-05,128.80678000777,132.95317627875,128.6957929622,132.73419285652,51825399.637503
2007-07-06,133.14624057058,133.33963715895,130.40213571357,132.30420112911,31222148.740217
2007-07-09,132.30420112911,132.89735045943,129.19091481216,130.33966396337,35527855.457833
2007-07-10,129.05866078781,134.48871860671,128.82638550384,132.36334991387,44785757.92264
2007-07-11,131.99018089541,133.71978440483,131.31595120846,132.40289320256,29303949.281676
2007-07-12,133.82047025753,134.23650553012,132.40289320256,134.04643190718,25150289.646624
2007-07-13,135.00278135965,137.87182971705,134.49835520647,137.74090487888,32393119.722309
2007-07-16,138.54273643857,139.97726061727,137.52125686356,138.08416720841,33418065.291453
2007-07-17,138.26493652813,139.63034302576,137.52125686356,138.89995522294,25308548.16906
2007-07-18,138.17986861296,138.41214389694,136.04785398926,138.10078203559,27029009.067672
2007-07-19,140.28529951319,140.80268523156,139.68915951398,139.99387544445,26136856.242993
2007-07-20,141.68958470642,144.19244227278,139.99387544445,143.76278284191,41546112.579503
2007-07-23,143.41287458151,145.2238907441,140.94025600061,143.7009756848,36945390.214299
2007-07-24,138.84446170016,141.01269664712,134.14512398063,134.86255221825,64081368.465626
2007-07-25,137.41625115578,138.32940205758,135.00278135965,137.27269904895,53573906.148324
2007-07-26,145.94098668518,148.50864207755,136.96798311847,145.99648020796,78081025.487826
2007-07-27,146.13405097701,148.91371156419,143.77574240711,143.85150601905,41363640.684538
2007-07-30,144.27352262942,145.45948899351,139.59744566794,141.43803622292,39563296.048007
2007-07-31,143.0034852398,143.47767240751,131.53858989266,131.76089628033,62836663.854725
2007-08-01,133.62773826225,135.40552477049,127.75938130235,135.00278135965,62474384.552336
2007-08-02,136.90252069938,136.96798311847,134.14512398063,136.4605662964,30440802.665441
2007-08-03,135.38990683294,135.94550665383,131.51566143116,131.83599529918,24203160.294647
2007-08-06,132.89735045943,135.29453772492,128.29670481335,135.27792289774,33017792.334772
2007-08-07,134.92170100301,137.24977058744,132.62819025911,135.02537752461,33903499.320512
2007-08-08,136.76494993034,136.86264511415,131.99018089541,133.99725201873,28837270.307763
2007-08-09,131.1059397929,132.989396602,125.07675130591,126.41025733535,40132644.371504
2007-08-10,123.01352206672,127.73312987541,120.31527413272,124.99533865272,50336259.351403
2007-08-13,128.50239637383,129.3603860494,126.51459845004,127.78530043275,26876580.037108
2007-08-14,128.28673591704,128.29670481335,123.69539457418,124.00941480788,26327323.556661
2007-08-15,122.74834942493,124.87405041431,119.63406621835,119.88993455692,35391199.778215
2007-08-16,116.90657618852,118.4979443358,111.62405803498,117.05079288844,66518319.513139
2007-08-17,121.9820735954,123.50166568926,119.81815850351,122.03789941472,42650736.708386
2007-08-20,123.9768497466,124.5035397682,120.49903412133,122.18577137662,28680391.546895
2007-08-21,122.17912544575,128.97724813463,120.99016841277,127.56299404509,46439747.500904
2007-08-22,131.31262824302,132.73419285652,130.33966396337,132.52119077208,37481343.7577
2007-08-23,133.2515785749,133.33963715895,129.76678472221,131.05675990445,30923476.087995
2007-08-24,130.53239595866,135.38990683294,129.80599571436,135.31746618643,32513403.669797
2007-08-27,133.43799693586,134.64955013381,132.09784497554,132.24903990287,25228363.5854
2007-08-28,130.84043485457,132.4291446295,126.63555439191,126.83227394572,42035732.718911
2007-08-29,129.8581662717,134.1776890419,129.54049077602,134.06304673436,41625879.313496
2007-08-30,132.57568740523,138.23203917031,132.30420112911,136.23394005367,51216968.301407
2007-08-31,139.59079973707,139.68915951398,137.43253368642,138.45168718563,31259182.468786
2007-09-04,139.99387544445,145.73130756617,139.8463357791,144.17615974215,46834897.262557
2007-09-05,145.12519867066,145.8260120811,136.10367980858,136.76494993034,82909495.903555
2007-09-06,135.60955484825,137.60300181328,132.6913266024,135.01873159374,67809310.521827
2007-09-07,132.0061311295,132.30420112911,129.97978680666,131.76089628033,51039695.497536
2007-09-10,137.00088047629,138.02800909254,133.94873672336,136.70646573866,53062775.884487
2007-09-11,137.91137300574,138.26493652813,133.75833080388,135.51086277481,34624792.10739
2007-09-12,135.99169587339,139.41734094131,135.76573422374,136.85300851439,36521039.06555
2007-09-13,138.77268564674,138.99831499984,136.64033872649,137.21687322962,23434314.530452
2007-09-14,136.54164665304,138.97505424179,136.1854247583,138.80491841147,21689990.578935
2007-09-17,138.98834610353,140.58370180933,137.61629367503,138.37592357369,28298527.538841
2007-09-18,138.94880281484,142.8556132779,137.84524599356,140.93028710431,37930942.415524
2007-09-19,143.01345413611,143.16730743579,139.41734094131,140.75383763966,36631264.858463
2007-09-20,140.13443688239,141.78827677987,139.33526369505,140.30158204382,24575521.314901
2007-09-21,141.08679877634,144.64768853751,140.30158204382,144.16619084584,40651236.494478
2007-09-24,146.65110439885,149.84414188626,146.65110439885,148.28866176568,37453195.917524
2007-09-25,146.83087682893,153.20764750053,146.83087682893,153.1677719153,42467712.866663
2007-09-26,154.42916959479,154.9887569742,151.22649550761,152.78230792473,34793360.336822
2007-09-27,153.82605136816,154.54414419887,152.32606477037,154.52088344082,23425759.761964
2007-09-28,153.38741993061,154.59897312856,152.75971175976,153.45653761168,21915404.449298
2007-10-01,154.62489225896,157.41850930097,152.94579782418,156.33821323774,29856999.241244
2007-10-02,156.79013653703,158.60713403741,155.88994520043,158.46092355823,28243274.902742
2007-10-03,157.99504380411,159.20028336773,156.99981565604,157.91695411637,24695690.635857
2007-10-04,157.96247874284,158.07047511951,153.49275793493,156.23985346084,23398954.939068
2007-10-05,158.37818171888,161.5781974337,157.70029676994,161.44694029898,33509276.351526
2007-10-08,163.14962778836,167.92771978872,162.95689579308,167.92771978872,29804492.58616
2007-10-09,170.09894540458,171.1303938759,166.67330033665,167.8718939694,39426228.537442
2007-10-10,167.61934859627,167.89482243091,165.60928680406,166.77531537554,23777553.971843
2007-10-11,169.49582717795,171.86676301651,153.20100156966,162.239799852,58299684.433612
2007-10-12,163.15926438813,167.28605516304,161.80449137989,167.26013603264,35240719.248207
2007-10-15,167.97656738063,169.56228648667,163.50285901421,166.96538899847,38462438.945969
2007-10-16,165.4228684431,170.16407552712,165.13177667091,169.56893241754,37943882.814944
2007-10-17,172.70248882365,173.029136326,169.19476650945,172.77060961509,40223964.009294
2007-10-18,171.50422748744,174.1861928908,171.07490035312,173.49169311469,29374174.237216
2007-10-19,174.15960916732,174.64376523133,170.00723155855,170.41263334173,46061128.004478
2007-10-22,170.14779299649,174.90594720423,169.96137463553,174.37227895522,56800884.01092
2007-10-23,188.50950310595,188.59855857963,182.7657573499,186.1614957289,63987873.180771
2007-10-24,185.84714319866,187.20025472418,179.23842953963,185.94550297556,45942432.668159
2007-10-25,184.85490571948,185.90662427996,181.64591799798,182.78237217708,34670770.858282
2007-10-26,184.98882122655,185.36664239662,182.87342143002,184.70769835067,25219330.749947
2007-10-29,185.70624946417,186.58816449088,184.70769835067,185.09748219631,19295912.472097
2007-10-30,186.12893066763,189.35453321631,184.72398088131,186.9968892395,33530852.080008
2007-10-31,187.73425526974,190.12446430782,184.95991142726,189.9596452222,29731689.602
2007-11-01,188.59855857963,190.11449541151,179.99872403138,187.42887474617,28734016.42005
2007-11-02,189.14186342841,189.42996453171,183.48949922185,187.87082914915,35775414.758661
2007-11-05,185.28390055726,188.94215320571,184.23583725876,186.18442419041,28695120.409095
2007-11-06,187.02912200423,191.9909739932,185.26063979921,191.78760850852,34067924.443352
2007-11-07,190.3926276185,192.66885894213,186.12893066763,186.29275286362,35421278.454002
2007-11-08,186.51206858239,186.88922515937,167.79679495055,175.44958434955,67449679.757369
2007-11-09,170.85591693089,175.1358964124,165.2025558347,165.38332515441,54447066.960834
2007-11-12,164.98324011592,167.74096913122,150.6433150736,153.77055784538,63052876.726585
2007-11-13,160.97175624164,170.99249081031,153.77055784538,169.96137463553,62029777.430031
2007-11-14,177.51314588528,177.56166118065,163.75839505623,166.11969429502,51683872.796775
2007-11-15,166.16887418347,169.58853791362,160.2915452169,164.30502287045,53080039.651176
2007-11-16,165.49730286887,167.01423659038,159.35081370198,166.38818990225,49388356.082257
2007-11-19,166.03163571097,168.20252903028,162.10821042074,163.96209283746,41196764.678547
2007-11-20,165.91034747256,171.78867332876,163.53608866857,168.83821231818,55057708.672012
2007-11-21,165.5135853995,172.34859300472,164.65626031703,168.44178254167,43478271.256367
2007-11-23,172.00832134408,172.05052300511,169.76133211629,171.5427738865,16634143.798763
2007-11-26,173.88446762922,177.27023711191,172.34859300472,172.54531255853,46597827.146968
2007-11-27,175.22362269991,175.77988711389,170.01653586177,174.81523024783,46988958.35945
2007-11-28,177.02799293163,180.61114656122,175.35155686919,180.23498687387,41010212.392058
2007-11-29,179.27830512486,185.17955944257,179.14704799014,184.28501714722,37384453.764047
2007-11-30,187.52723452308,187.71431747712,179.69068513546,182.21215130827,42395902.640346
2007-12-03,181.78681173246,184.15442460558,177.69291831537,178.87888467946,34299959.026576
2007-12-04,177.11073477099,180.90456440922,177.01137810445,179.80200447757,27621902.956571
2007-12-05,182.99537426152,185.99800582945,182.42116583419,185.50288397949,31807838.912899
2007-12-06,186.21765384477,190.11449541151,186.11264813699,189.9596452222,32126385.079087
2007-12-07,190.54382254584,195.000251492,188.05093387578,194.30276104699,38050195.897884
2007-12-10,193.5756962096,195.65221731053,192.66885894213,194.22732973159,25767388.572124
2007-12-11,194.80685490362,196.84449730895,187.38002715426,188.54904639463,39564132.529775
2007-12-12,193.49096059099,194.48286577362,185.74878342175,190.85485211064,43689043.836912
2007-12-13,190.11449541151,192.11492060396,187.82131696416,191.82681950066,30879136.776365
2007-12-14,190.29792310358,199.98735801828,189.54460683925,190.38299101874,24078987.681975
2007-12-17,190.71993971394,192.65889004582,182.97909173088,184.40663768217,36531906.798211
2007-12-18,186.75098979724,187.3208783695,178.58413764529,182.97909173088,43632840.754575
2007-12-19,183.0897464799,184.64256822812,180.90456440922,183.12231154117,29475235.685634
2007-12-20,185.44406749128,187.83128586047,183.33531362562,187.20025472418,27540180.830586
2007-12-21,190.03574113068,193.92660135964,189.89551198928,193.92660135964,35490644.026543
2007-12-24,195.01022038831,199.32941086196,194.79356304188,198.80537921271,17152409.55662
2007-12-26,199.01472603517,200.97660482856,196.82821477832,198.9562418435,25103171.822796
2007-12-27,198.9562418435,202.96739342124,197.80018216833,198.58639579048,28379882.914095
2007-12-28,200.53431812904,201.55646229714,196.89002193543,199.82453271192,24747899.87587
2007-12-31,199.73182197625,200.48547053713,197.73471974924,198.09858446448,19179483.846083
2008-01-02,199.48991009252,200.25618592205,192.55421663459,194.836429296,38518533.149653
2008-01-03,195.4751032528,197.3844791923,192.66885894213,194.935453666,30049983.282865
2008-01-04,191.52575883216,192.98254687929,178.89483491355,180.05056229218,51945972.814601
2008-01-07,181.26610304865,183.58420373677,170.21325541558,177.63476642024,73965239.945185
2008-01-08,180.07382305023,182.48064691549,170.80640474589,171.26796464495,54329143.705972
2008-01-09,171.50422748744,179.48100601645,168.29125220742,179.38929217042,64748747.781705
2008-01-10,177.63476642024,181.00724404119,175.40106905419,178.00760314215,52902951.652115
2008-01-11,175.97727126078,177.83779960837,170.00723155855,172.70248882365,43926115.306713
2008-01-14,177.59489083501,179.41554359737,175.18407941122,178.79647513665,39224072.41727
2008-01-15,177.78496445794,179.22214700899,164.64662371726,169.03792254088,83652416.541034
2008-01-16,165.09555634766,169.00535747961,156.71470522164,159.63293346749,79042592.004717
2008-01-17,161.42367954093,165.37667922354,158.41805730411,160.88037469215,62757615.996701
2008-01-18,161.71510360966,165.76646306918,159.58973491683,161.36419845963,61303879.960891
2008-01-22,147.89954251313,159.98649698988,145.99648020796,155.61480366234,85571504.302525
2008-01-23,136.16880993112,139.99387544445,126.13511579726,139.0704233498,120339136.47526
2008-01-24,139.99387544445,140.68837522057,132.0061311295,135.60955484825,71554304.154727
2008-01-25,139.02157575789,139.0963424802,129.61226682944,129.99606933729,55428708.047047
2008-01-28,127.99497955176,133.19874342447,126.46575085813,129.99606933729,52620327.316082
2008-01-29,131.20429956981,132.77307155212,129.06530671868,131.55454012676,39262860.392193
2008-01-30,131.51566143116,135.47763312045,129.97978680666,132.18390978033,44309472.769965
2008-01-31,129.69467637225,136.64033872649,129.40956593785,135.37993793663,47998507.62039
2008-02-01,136.28311994212,136.56823037653,132.18390978033,133.75833080388,36075929.319901
2008-02-04,134.2165677375,135.90363728934,131.42992892291,131.66585946886,32084004.409557
2008-02-05,130.40213571357,133.98761541896,128.90214911578,129.3703549457,40704928.536553
2008-02-06,130.85704968175,131.92471847632,121.7823633727,121.9820735954,56040579.563374
2008-02-07,119.96503357578,124.78865020261,117.25714904202,121.25201808912,74360328.616826
2008-02-08,122.0545142419,125.68618316686,121.59960027372,125.49278657849,48391847.733368
2008-02-11,128.04748240565,129.96350427602,127.21906712247,129.46240108828,42866447.167557
2008-02-12,130.75270856706,130.97567954781,123.60966206593,124.87405041431,43748439.248572
2008-02-13,126.7604978923,129.78306725285,125.60477051368,129.40956593785,34535183.501541
2008-02-14,129.47203768804,130.80753749675,127.02600283064,127.4510101099,34062216.078229
2008-02-15,126.2886368004,127.08780998775,124.02902030395,124.63579379255,32109948.766085
2008-02-19,126.04306965468,126.76714382318,121.44541467749,122.14656038448,35851382.024907
2008-02-20,122.18577137662,124.60256413819,121.67835455455,123.80638161974,34503608.120448
2008-02-21,126.09291413622,126.49133769199,120.85259764372,121.54676512329,33477757.907528
2008-02-22,122.49613634834,122.51241887898,115.87811838609,119.42837465787,54582374.928571
2008-02-25,118.58666751294,120.18434929455,116.66433200824,119.72910302982,44842200.249115
2008-02-26,117.64327762567,121.094841824,115.43250872113,119.16286971954,53416120.757502
2008-02-27,118.24274059032,123.06303425172,118.07891839433,122.98128930199,52156937.572891
2008-02-28,127.15294011029,132.19354638009,125.75795922028,129.89770956039,57716358.655069
2008-02-29,129.32117505725,130.20840682865,124.81490162955,125.01162118336,44514844.060504
2008-03-03,124.3998632466,125.97727493905,118.00049641004,121.73318348425,56882396.835901
2008-03-04,121.96280039587,124.88734227606,120.41396620617,124.62582489625,63737296.695385
2008-03-05,123.58374293553,125.12958645634,122.2183364379,124.4806113067,43505044.631448
2008-03-06,124.90694777213,127.49686703291,120.80308545872,120.91806006281,52599127.787721
2008-03-07,120.49903412133,122.99092590176,119.07447883894,122.2183364379,43942604.855297
2008-03-10,122.11997666099,123.47940182084,119.34563281851,119.68690136879,35726742.630372
2008-03-11,123.70868643592,127.4739385714,121.9820735954,127.34334602977,41604917.133377
2008-03-12,127.01935689976,128.6858240659,125.15882855217,126.02678712405,37828699.462189
2008-03-13,123.93099282359,129.50460274932,123.01352206672,127.92918483613,45107218.864858
2008-03-14,129.97314087579,130.29679770925,124.19317479648,126.6126259304,41309501.120505
2008-03-17,122.57821359461,128.59111955097,122.55196216767,126.75418425798,38287155.900982
2008-03-18,129.33745758789,132.989396602,128.67618746613,132.81527321316,43025694.656042
2008-03-19,133.07712288951,134.27571652226,129.66842494531,129.66842494531,36078212.762249
2008-03-20,130.82382002739,133.28314674654,129.19091481216,133.26055058158,32436413.702573
2008-03-24,134.04643190718,140.85153282347,133.66063562007,139.56454831013,38111089.429249
2008-03-25,139.98390654815,143.10151272016,137.35112103324,140.98677751672,37587911.22186
2008-03-26,140.87446128498,145.74127646248,140.62889413926,145.0760187822,42207741.549883
2008-03-27,144.87664085605,145.31493999705,139.98390654815,140.22947369386,35627580.780406
2008-03-28,141.82117413768,144.64768853751,141.59820315693,143.01345413611,25525076.632527
2008-03-31,143.20618613139,145.71502503554,142.50238205206,143.50392383445,27396480.810468
2008-04-01,146.29754087646,149.66436945617,143.62587666595,149.52015275625,36820260.65517
2008-04-02,148.97651561093,151.1935981498,145.83598097741,147.49613450921,37232153.082696
2008-04-03,147.10934133246,153.62002751113,147.00566481086,151.58936333322,37547680.92077
2008-04-04,152.20577342159,154.69733290547,150.76792627745,153.07672266235,30503920.11401
2008-04-07,156.18369534497,159.67247675618,155.10406387483,155.88994520043,41363744.62784
2008-04-08,153.46617421145,156.44255435243,152.32606477037,152.85674235049,36205933.049499
2008-04-09,153.33192640783,153.90214727664,150.47650220872,151.4192275029,31190474.050236
2008-04-10,151.10819793809,155.40811521222,150.60410408146,154.56009443296,34133356.451055
2008-04-11,152.63410366628,153.28008814703,146.39623294991,147.13559275941,42995989.020548
2008-04-14,146.65775032972,149.24135595617,144.54201823665,147.77825427472,30178994.405088
2008-04-15,149.39919681438,149.71321704808,145.72133866987,148.38668924605,24826068.699773
2008-04-16,151.73756759166,154.10451587169,150.6303555084,153.69579112307,28390114.648567
2008-04-17,154.19656201427,155.99727698401,153.33192640783,154.5115791376,25111332.90678
2008-04-18,159.04676236459,162.27269720982,158.37818171888,161.03156961949,36648300.425366
2008-04-21,162.35676823535,168.47467989948,161.77126172553,168.16398263122,37074360.078193
2008-04-22,167.43957616618,168.00315110412,158.08011171927,160.19252084691,51250983.009709
2008-04-23,164.05978802127,164.82706074043,161.07078061163,162.88412285003,53721099.915285
2008-04-24,165.35109238969,169.98463539358,159.21025226404,168.94255343287,60616271.785591
2008-04-25,170.6944208107,171.12108957268,166.41111836375,169.73807135823,35445423.634428
2008-04-28,169.76133211629,173.74689686017,169.13595002124,172.23395069718,28092556.813839
2008-04-29,171.1303938759,175.65959576511,170.23983913906,175.05714213157,32942836.153373
2008-04-30,176.19293171758,179.99872403138,172.91848157699,173.94029344854,40652233.314958
2008-05-01,174.96144072701,179.99872403138,174.86341324665,179.99872403138,32224610.506432
2008-05-02,180.19178832321,181.88450691628,178.53429316375,180.95108592532,35567744.738223
2008-05-05,181.88450691628,185.30350605334,181.06639282595,184.72398088131,30492047.525877
2008-05-06,184.66516439309,187.10488561617,182.16928505414,186.66891255097,32777272.288625
2008-05-07,186.05017638679,188.22140200265,183.67259461737,184.36044846261,25066587.903299
2008-05-08,183.74802593277,186.50542265152,183.07346394927,185.06458483849,32086419.029918
2008-05-09,183.17182372617,184.25245208594,181.36446282555,183.44729756081,24023527.159273
2008-05-12,185.21777354509,188.86339892487,182.85414823049,188.16889914876,29231624.033451
2008-05-13,188.59855857963,191.44334928935,187.85421432198,189.97626004938,29342624.586152
2008-05-14,191.29016058275,192.23986410435,185.58562581885,186.26018780235,32712311.847669
2008-05-15,186.76727232787,189.90548088559,184.20360449403,189.73069290366,31160769.768954
2008-05-16,190.29792310358,190.29792310358,186.9968892395,187.62526200344,27324051.318004
2008-05-19,187.8970805761,188.69326309455,181.29900040647,183.58420373677,33777671.65
2008-05-20,181.80276196656,186.1614957289,180.11635700781,185.90662427996,34607588.648281
2008-05-21,185.6088865769,188.00241858042,176.23912093714,178.19368920657,41314329.157483
2008-05-22,179.18924965118,181.33455613663,172.00832134408,177.05789962056,43095326.496776
2008-05-23,180.75835393004,181.96027052822,177.78496445794,181.17737987151,32391824.854793
2008-05-27,182.80862360402,186.43962793589,181.80940789743,186.43962793589,28188083.928435
2008-05-28,187.48536515858,187.95323869197,183.69552307888,187.00619354272,26548335.996951
2008-05-29,186.91747036558,188.22140200265,185.50288397949,186.68519508161,23091679.819997
2008-05-30,187.4946694618,189.54460683925,187.37338122339,188.74809202425,21761227.461943
2008-06-02,188.50950310595,189.65592618135,184.5372302238,186.09271034438,24252400.409584
2008-06-03,186.88922515937,188.22140200265,182.36002327017,185.36664239662,26803737.449767
2008-06-04,183.99027011305,187.08195715466,183.23795073835,185.19550967667,25963106.256383
2008-06-05,186.26018780235,189.85264573516,185.70624946417,189.4199956354,26919136.152339
2008-06-06,188.00241858042,189.9596452222,185.5623650608,185.65142053448,34454661.779255
2008-06-09,184.92734636599,184.95326549639,175.73203641161,181.60969767473,67394472.081113
2008-06-10,180.35527822265,186.76727232787,179.02609204827,185.65142053448,40728863.091857
2008-06-11,184.34051067,185.99800582945,179.56640622816,180.82414864567,34313091.994957
2008-06-12,181.44953074071,182.6278542843,171.21479719797,173.25941783072,46666141.42961
2008-06-13,171.50422748744,174.15960916732,165.31786273533,172.3652078319,48046352.866772
2008-06-16,171.26796464495,177.88631490374,169.07779812611,176.84855279809,37537928.998691
2008-06-17,178.17740667593,181.96027052822,177.41478610838,181.42327931377,32125613.50922
2008-06-18,181.00724404119,182.19553648109,177.36261555103,178.76357777883,28963683.930804
2008-06-19,178.46883074466,182.36002327017,176.80568654397,180.90456440922,28282282.320213
2008-06-20,179.04270687545,181.00724404119,175.00131631224,175.27978081578,31703987.998211
2008-06-23,174.78233289001,175.87592081499,171.56935760999,173.1510891575,23060921.058894
2008-06-24,172.05052300511,175.76360458325,171.62418653968,173.25277189984,22211224.709528
2008-06-25,174.50386838648,178.84598732164,173.88446762922,177.39518061231,22981839.676597
2008-06-26,174.15329553299,174.83749411625,168.00946473845,168.25170891873,31013244.73162
2008-06-27,166.42773319093,170.55153329696,164.16878128757,170.07601694307,37110519.407056
2008-06-30,170.03315068895,172.00832134408,166.60152428324,167.46250462769,24431633.0593
2008-07-01,164.05978802127,174.73282070502,164.00396220195,174.68364081657,39664291.561343
2008-07-02,175.05714213157,177.44735116965,168.18691109273,168.18691109273,29911080.965373
2008-07-03,169.58853791362,172.15187345091,165.76646306918,170.11489563867,18694176.751838
2008-07-07,172.99092222349,177.15592710092,171.88636851258,175.16812917713,29269704.20685
2008-07-08,175.39442312332,179.69068513546,172.75432708445,179.54015480121,31722439.73994
2008-07-09,180.26688734206,180.91121034009,174.15329553299,174.2509907168,31957920.461928
2008-07-10,174.9125931351,177.34267775842,171.38892058682,176.64186434797,29979679.030684
2008-07-11,175.36817169637,177.1336632325,171.01575156836,172.59382785389,33196174.268446
2008-07-14,179.23842953963,179.30156588291,173.0656889458,173.88446762922,31620653.216271
2008-07-15,172.2897765165,173.73759255695,166.38818990225,169.63406254009,37122281.070171
2008-07-16,170.06638034331,172.93476410762,168.5830085727,172.83640433072,26704957.818644
2008-07-17,174.08750081736,174.98137851963,171.39888948312,171.80196519051,26994572.025757
2008-07-18,168.21847926437,169.64369913985,164.98324011592,165.13177667091,30814551.542442
2008-07-21,166.89892968975,167.51201681269,161.10932701069,166.29049471843,45501819.32799
2008-07-22,148.90374266788,162.76050853581,146.54344031872,162.0400896293,67018239.849964
2008-07-23,165.13177667091,168.35704692305,161.55526897219,166.25095142974,37824672.938213
2008-07-24,164.30502287045,165.25838165402,158.46092355823,159.03014753741,29977827.762557
2008-07-25,160.37262557354,162.986802482,158.67326104959,162.12449295137,22599496.397834
2008-07-28,162.18663240502,162.45579260534,154.03240752173,154.4025858713,27874009.551161
2008-07-29,155.24695138858,159.45249644432,153.64661123462,157.08156060577,24422218.12538
2008-07-30,157.70694270081,160.51052863913,156.09663365055,159.87185468234,25863668.598554
2008-07-31,157.70029676994,162.20989316308,156.96691829823,158.95139325658,22742649.797762
2008-08-01,159.94064006686,159.99613358964,155.74506390743,156.66585762973,19453068.485322
2008-08-04,156.59374927977,157.89734862029,152.93250596243,153.2272529966,21100644.575269
2008-08-05,155.49949676171,160.79563907353,154.82194410932,160.631484581,24573107.898284
2008-08-06,159.97353742468,167.42993956642,157.98839787324,164.21729658294,28259433.090673
2008-08-07,162.88412285003,166.16887418347,161.49612018743,163.58560085356,24003236.096576
2008-08-08,163.92321414186,169.64369913985,163.7650409871,169.53570276318,25493092.309473
2008-08-11,170.11489563867,176.50429357893,169.66330463592,173.55748783032,31807752.213231
2008-08-12,173.501662011,179.29159698661,173.501662011,176.73989182834,29855388.360811
2008-08-13,178.04016820342,179.99872403138,175.89187104908,179.30156588291,30081715.812749
2008-08-14,178.16112414529,180.47357579217,177.82783071207,179.31087018613,25386165.136486
2008-08-15,179.06563533696,179.74617865824,175.05714213157,175.7220675153,25292974.18823
2008-08-18,175.35155686919,177.79792402314,173.81867291359,175.38777719244,19691126.30303
2008-08-19,174.32309906676,177.0841510475,171.80196519051,173.5245904725,21990863.223947
2008-08-20,174.80858431696,176.95887525056,173.60633542223,175.82640862999,18102778.063565
2008-08-21,174.58494874312,175.43994774979,171.87639961627,174.29751223291,19273992.743649
2008-08-22,175.95401050273,177.48988512723,175.55425776079,176.79571764766,15700337.486357
2008-08-25,175.90516291082,176.21619247563,171.66406212491,172.5519584894,17295176.163479
2008-08-26,172.67656969325,174.87969577729,172.61708861195,173.63192225609,15908973.21049
2008-08-27,173.1510891575,175.74732205262,172.16848827809,174.67699488569,17020574.300298
2008-08-28,175.30237698074,176.23912093714,172.77060961509,173.73759255695,15389669.524292
2008-08-29,172.8530191579,173.49169311469,169.03792254088,169.51244200513,21399848.740694
2008-09-02,172.5519584894,173.49169311469,164.98324011592,166.18548901065,27879421.434115
2008-09-03,166.98798516344,168.66109826044,164.00396220195,166.94877417129,26240783.956553
2008-09-04,165.74718986965,167.92771978872,160.80560796984,161.21798798044,26529948.113846
2008-09-05,158.33863843019,162.40295745491,157.65776281236,160.17623831627,28083703.938127
2008-09-08,164.55158690579,164.86893010493,151.43916529551,157.91695411637,37350395.359835
2008-09-09,156.84563005981,159.96689149381,149.77934406025,151.66512694516,44433564.551221
2008-09-10,152.50384342119,154.98244333987,148.80671207715,151.58936333322,34752463.462443
2008-09-11,151.58936333322,153.01159253981,145.99648020796,152.65736442434,34619631.475921
2008-09-12,150.78420880809,150.92543483912,146.51054296091,148.93032639137,28315587.752404
2008-09-15,141.98499633368,147.67258397386,140.3570755666,140.3570755666,32831587.749763
2008-09-16,133.64402079289,142.48609952142,132.14436649164,139.88554677124,42800079.79051
2008-09-17,138.31345182349,138.48458454344,127.8085611908,127.8085611908,42838059.962869
2008-09-18,130.53904188953,139.99387544445,120.6695022482,134.07966156154,59811693.510094
2008-09-19,140.7800890666,144.21869369973,136.28311994212,140.91367227713,51096044.263001
2008-09-22,139.79383292521,140.22947369386,130.65434879016,131.03383144294,30568111.452774
2008-09-23,131.61667958041,135.80560980897,126.66811945318,126.85852537266,45669555.980912
2008-09-24,127.40183022144,130.93580396258,125.14254602154,128.71905372026,37385360.454188
2008-09-25,130.02830210202,134.77648741346,128.52565713188,131.9413333035,35806351.703983
2008-09-26,124.99533865272,129.79934978349,123.01352206672,128.22094120141,40199930.054822
2008-09-29,119.47090861545,119.66729587271,100.59845871848,105.26124381822,93557136.206147
2008-09-30,108.2871361442,115.00019091791,106.29003391719,113.65505450944,58069990.71133
2008-10-01,111.87294814614,112.35178746546,107.39026777303,109.12917558567,46296008.08826
2008-10-02,108.05751923257,108.77162450476,100.02491488424,100.10699213051,57458911.619736
2008-10-03,104.01679326245,106.50270370509,94.651347477754,97.038898143488,81928558.285387
2008-10-06,91.998291873687,98.790765521324,87.544521299876,98.141790371682,75239271.854814
2008-10-07,100.51571687913,101.46940795925,88.959439982506,89.169119101515,67086528.19192
2008-10-08,85.999342372157,96.350712001702,85.667710421649,89.788187562233,78841543.389293
2008-10-09,93.494955506042,95.787469360307,86.608109640024,88.730155367425,57758884.104919
2008-10-10,85.681002283392,100.02491488424,85.010095561873,96.806290562971,79248462.999521
2008-10-13,104.79337028483,110.52747944112,101.00718346711,110.24535967561,54955279.890684
2008-10-14,116.38254453927,116.40547300078,103.12291556018,104.08923390895,70746864.338782
2008-10-15,103.83369786693,106.98386910022,97.902869156836,97.968331575925,56508271.518031
2008-10-16,99.769378842213,103.41134896002,91.762693624278,101.89474753505,70542968.808402
2008-10-17,99.432430147007,102.04893313128,85.893672071294,97.388474107351,62894083.29037
2008-10-20,99.77934773852,100.05781224205,93.642495171398,98.436537405851,55236179.863311
2008-10-21,96.926914208296,97.918819390929,91.160239990739,91.493865720509,73193032.424687
2008-10-22,97.34594014977,101.21686258611,92.928722195755,96.852147485987,80239687.90495
2008-10-23,96.54743155551,99.242688820614,91.893618462455,98.220544652514,59780275.006949
2008-10-24,90.312219211483,97.918819390929,90.108853726803,96.405873227938,56763530.387359
2008-10-27,95.070373419228,97.62407235676,91.867699332054,92.090670312807,43175656.312161
2008-10-28,95.426927610506,100.51571687913,92.36913481634,99.919576879918,58373585.533317
2008-10-29,100.74500149421,109.54853382369,99.952806534277,104.5408249117,69731495.426577
2008-10-30,108.38915118308,112.17135044229,107.62852439479,111.04818812493,58479686.877672
2008-10-31,107.36700701498,110.77969251771,105.14693380722,107.60626052637,58822793.245154
2008-11-03,105.9158680091,109.10259186218,104.85850040738,106.95761767327,37779964.709114
2008-11-04,109.99048822667,111.78455726554,106.66918427343,111.00233120192,49950359.249607
2008-11-05,108.91019216344,109.72498328834,103.00195961831,103.28607316308,44871156.222884
2008-11-06,101.03343489405,102.77865634101,98.01784376092,99.088503224385,47087660.860671
2008-11-07,99.14067378173,99.861757281332,95.715693306891,98.230513548822,39129880.254868
2008-11-10,100.3096930221,100.41802169531,94.496829584982,95.87918320634,40128655.765467
2008-11-11,94.841421100691,97.136593327305,92.260473846584,94.775294088515,43721243.780626
2008-11-12,92.479457268814,93.239419464017,90.017472177314,90.115499657675,42005942.038897
2008-11-13,90.010826246442,96.47166794357,86.029249061081,96.47166794357,66212680.011443
2008-11-14,93.63618153707,93.982434535496,90.010826246442,90.229809668672,50150531.719896
2008-11-17,88.471628656508,90.547817460893,87.266389092887,88.134015368215,41514350.557889
2008-11-18,89.607750539061,91.012368028839,86.844040185977,89.912466469538,43198658.988978
2008-11-19,89.689827785329,91.592225497413,86.208689194622,86.287775771998,41845894.602277
2008-11-20,85.092505104685,86.45060107836,79.979790484924,80.487539603538,61262323.795875
2008-11-21,81.954961140056,84.116550156145,79.155362760263,82.593635096846,56027615.540476
2008-11-24,85.118424235085,94.801545515459,84.830655428331,92.945004726391,51501932.415013
2008-11-25,94.621773085374,94.713154634863,88.150630195394,90.806676468354,44113725.533788
2008-11-26,90.098884830495,95.240841546093,89.853317684778,95.007901669032,32133808.779536
2008-11-28,94.706508703991,94.768648157643,91.867699332054,92.663217257422,10757338.163441
2008-12-01,91.320739221296,92.270442742892,88.926874921234,88.933520852106,32982862.811056
2008-12-02,90.010826246442,92.637630423565,86.510082159663,92.456861103849,41019287.689584
2008-12-03,89.368829324216,96.252684521341,88.785981186749,95.90510233674,47808023.002901
2008-12-04,94.353609774692,95.207611891733,89.064113393739,91.40248417102,38975904.984929
2008-12-05,90.279321853668,94.49018365411,88.851443605837,93.992403431804,37271168.505065
2008-12-08,97.104028266033,100.80415027897,95.787469360307,99.723521919196,42286172.067751
2008-12-09,97.978300472233,103.60773621728,97.185440919214,100.07442706923,42979664.414998
2008-12-10,97.837739034292,99.498224862639,96.537794955746,98.197616191006,33495097.329533
2008-12-11,97.113664865797,101.21088124833,94.841421100691,95.007901669032,37161420.869397
2008-12-12,92.896489431026,98.993466412917,92.512686923173,98.263410906638,37184083.909821
2008-12-15,95.993493217336,96.232746728725,92.996842987192,94.758679261335,31797358.605272
2008-12-16,93.992403431804,96.514866494238,92.751940434562,95.426927610506,39038651.620131
2008-12-17,91.019013959711,91.107737136851,88.038978556746,89.169119101515,46208255.806264
2008-12-18,89.510055355244,90.829272633318,88.422116471512,89.434291743304,30584973.921277
2008-12-19,90.000857350134,90.95421613371,88.785981186749,90.010826246442,28627007.121622
2008-12-22,90.010826246442,90.03375470795,84.681786576801,85.733837433824,30168688.670448
2008-12-23,86.984933920461,87.87847932619,85.900318002165,86.378492728399,22675984.433866
2008-12-24,86.094046887082,86.24823248331,84.54222202849,85.059607746869,9694993.9206145
2008-12-26,86.559594344659,87.440180185187,85.23904788041,85.806610376872,11011115.885856
2008-12-29,86.634028770424,87.610316015508,85.092505104685,86.614755570896,24499034.271957
2008-12-30,87.440180185187,88.065562280234,84.708370300288,86.287775771998,34514052.556501
2008-12-31,86.005988303029,87.7482190811,85.351031815602,85.36100071191,21697780.548617
2009-01-02,85.580648727227,91.051911317527,85.173585461322,90.757496579901,26642498.456968
2009-01-05,93.105836253491,96.200181667453,92.702428249566,94.58256209323,42190488.315955
2009-01-06,95.970564755828,97.136593327305,92.385085050432,93.016448483264,46042802.776253
2009-01-07,91.615486255465,92.479457268814,90.253070426723,91.025659890583,26891173.026694
2009-01-08,90.449457683988,93.145047245635,90.043723604258,92.695782318694,23671453.530296
2009-01-09,93.209845071637,93.396928025681,90.132114484855,90.564432288072,19524278.88596
2009-01-12,90.439488787681,91.012368028839,87.55781316162,88.648742714244,21972763.968581
2009-01-13,88.310797129408,89.748976570089,86.346259963671,87.708675792412,28438464.474377
2009-01-14,86.241586552438,87.259743162015,84.708370300288,85.335081581509,36128964.448732
2009-01-15,80.50348983763,84.116550156145,80.035948600791,83.385830056778,65411784.621077
2009-01-16,84.273394124722,84.387704135719,80.389179826633,82.324807193077,37394823.267029
2009-01-20,81.954961140056,81.987526201328,78.202003976688,78.202003976688,32417668.758877
2009-01-21,79.485665524597,82.888049834472,79.298914867096,82.839202242563,38176831.732084
2009-01-22,88.016714688325,90.010826246442,85.809933342307,88.334057887459,49552648.31175
2009-01-23,86.942067666337,89.869932511958,86.510082159663,88.334057887459,27120328.645275
2009-01-26,88.878027329325,90.986781194982,88.277899771592,89.650284496641,24721277.600765
2009-01-27,90.098884830495,91.559992732685,89.748976570089,90.731245152957,21763087.938713
2009-01-28,92.14915450448,95.007901669032,91.500511651381,94.195436619941,30762801.079395
2009-01-29,93.082575495439,94.333671982077,92.588118238569,92.996842987192,21061931.65379
2009-01-30,92.611378996621,93.616576040998,90.017472177314,90.132114484855,23265483.854716
2009-02-02,89.008287574415,91.998291873687,88.903614163182,91.507157582253,19929277.260436
2009-02-03,91.802236912966,93.396928025681,90.263039323031,92.97358222914,20820826.106519
2009-02-04,93.325151972264,96.268967051977,93.089221426311,93.544135394494,28721899.471867
2009-02-05,92.783840902747,97.218670573573,92.611378996621,96.498251667058,26236786.834026
2009-02-06,97.038898143488,100.02491488424,96.972771131313,99.723521919196,24083978.735996
2009-02-09,100.02491488424,103.00827325264,99.504206200423,102.51680666466,25345406.662584
2009-02-10,101.13877289837,102.51680666466,97.02892924718,97.837739034292,29934703.088899
2009-02-11,96.432124654883,98.312923091633,95.754904299035,96.812936493843,23965199.5589
2009-02-12,95.820366718123,99.746118084161,95.820366718123,99.268607951014,28835071.217781
2009-02-13,99.098472120693,99.952806534277,98.115538944738,99.153965643474,21644560.765442
2009-02-17,96.972771131313,97.005668489128,94.277846162753,94.530059239342,23586603.475298
2009-02-18,95.142814065732,95.846285848524,92.708741883895,94.366569339893,24347722.857592
2009-02-19,93.325151972264,94.244948804937,90.108853726803,90.626239445181,32202508.200099
2009-02-20,89.500086458936,92.401035284525,89.008287574415,91.20277394832,26779848.155241
2009-02-23,91.615486255465,91.998291873687,86.526364690299,86.942067666337,26868861.118421
2009-02-24,87.259743162015,90.904703948714,86.994902816769,90.23977856498,26997263.778101
2009-02-25,89.85996361565,92.922076264883,89.267478878419,91.160239990739,29193119.11895
2009-02-26,92.106952843443,92.922076264883,88.959439982506,89.192379859567,22041163.295742
2009-02-27,88.016714688325,91.287509566936,87.665809538289,89.322640104656,25127704.03704
2009-03-02,88.010068757454,91.20277394832,87.665809538289,87.960888869001,27262880.985686
2009-03-03,89.106979647862,90.741214049265,87.895094153369,88.344026783767,25744207.921743
2009-03-04,90.148064718947,92.767890668655,89.460543170248,91.176854817919,26459195.737834
2009-03-05,90.23977856498,91.877668228362,88.428762402384,88.838484040637,25184244.348283
2009-03-06,88.301160529643,88.386560741347,82.324807193077,85.305174892586,36070987.920323
2009-03-09,84.044441806184,87.6003471192,82.586989165974,83.111020815224,24939669.159144
2009-03-10,84.764860712699,89.185733928695,84.362449598405,88.615845356428,30154256.711728
2009-03-11,89.902829869774,94.065176374852,89.591800304968,92.66953089175,30228311.559647
2009-03-12,92.902803065354,96.596279147419,91.998291873687,96.37364046321,27445298.260762
2009-03-13,96.328115836737,97.168826092034,95.014547599904,95.937999694556,21471419.69278
2009-03-16,96.54743155551,97.372191576714,94.169517489541,95.413635748762,28474455.730472
2009-03-17,95.217580788041,99.690956857924,95.070373419228,99.658391796652,28122487.549477
2009-03-18,99.887676411733,103.4668424828,99.723521919196,101.49532708965,28430343.174135
2009-03-19,101.96054225068,103.17209544863,100.26084543019,101.60996939719,17863549.845481
2009-03-20,102.14696061164,103.09998709867,100.5818438913,101.57740433592,24844036.927596
2009-03-23,102.68062886065,108.15322063713,101.74720786969,107.68169184177,23799873.945201
2009-03-24,106.11956579032,109.44950945369,105.39914688381,106.50270370509,22883365.706191
2009-03-25,107.51487897688,108.34960789439,103.8662629282,106.49605777422,23093906.325251
2009-03-26,107.93390491836,109.97387339949,107.59629163006,109.87219065715,22000268.467728
2009-03-27,108.5127654973,108.52605735904,106.40401163164,106.83300646942,17602640.390745
2009-03-30,104.10584873613,105.01600896904,102.60885280724,104.4813438304,17949991.03951
2009-03-31,105.52010282568,107.46503449534,104.99939414186,105.12068238028,20338064.449523
2009-04-01,104.05666884768,109.00722275417,103.88952368625,108.68090754836,21015759.942722
2009-04-02,110.03900352203,114.76093740653,109.79044570742,112.71831055304,28931512.937136
2009-04-03,113.90394462059,116.13697739355,113.52346507818,115.99276069363,22614345.634442
2009-04-06,114.9543339949,118.75979401215,113.28454386333,118.44909674389,23451604.207732
2009-04-07,116.42873375883,116.67430090455,114.18174453104,115.00019091791,19127552.309832
2009-04-08,115.229475533,116.78196498467,114.58814320386,116.32705101649,16250420.337121
2009-04-09,118.44909674389,120.0078998299,117.95796245246,119.55597653061,18927542.164433
2009-04-13,120.0078998299,120.97421817867,119.02230828159,120.22721554867,13892320.335474
2009-04-14,119.52972510367,120.18434929455,117.24718014571,118.30222167162,16214732.966221
2009-04-15,117.00493596543,118.25237719008,115.75683014768,117.63330872937,14736286.110638
2009-04-16,119.21869553886,123.18764545556,118.80266026628,121.45206060837,21149406.081557
2009-04-17,121.03934830122,124.23504416098,120.25978060994,123.45348269044,17761443.938411
2009-04-20,121.77272677293,123.00388546696,119.17283861584,120.49903412133,16655315.972038
2009-04-21,118.96648246227,122.11333073012,118.59331344381,121.77272677293,16762121.897902
2009-04-22,122.61144324897,125.34557920967,121.21313939352,121.51386776547,32952512.119199
2009-04-23,126.66180581886,127.21906712247,123.51130228903,125.40107273245,33680563.718479
2009-04-24,124.5035397682,125.12958645634,122.99092590176,123.88845886601,19291872.285626
2009-04-27,122.8799388562,124.99533865272,122.68355159893,124.73348897637,17160144.45501
2009-04-28,123.35445832045,126.213205485,123.28201767395,123.88845886601,16246486.260691
2009-04-29,124.84813128391,126.86483900699,123.81302755061,125.12958645634,16350212.798521
2009-04-30,126.3869965773,127.01935689976,124.91990733733,125.81112666725,17782178.219681
2009-05-01,125.81112666725,127.93915373244,125.78454294376,127.25129988719,14194277.55391
2009-05-04,128.18173020926,132.24903990287,127.66700286323,132.06494761772,21770741.704751
2009-05-05,131.76089628033,132.85415190876,131.11524409612,132.6913266024,14215235.099615
2009-05-06,133.49681342407,133.51209906508,130.21837572496,132.501585276,16907433.791542
2009-05-07,132.08820837577,132.40289320256,127.88366020966,129.07527561499,18943938.874255
2009-05-08,129.09853637304,131.23088329329,126.27202197322,129.19756074303,16710651.305356
2009-05-11,127.28120657612,130.93580396258,127.13067624187,129.57372043038,14446465.491507
2009-05-12,129.70132230312,129.70132230312,123.27204877764,124.42611467355,21681155.849665
2009-05-13,123.16139402862,123.99645524268,119.35227874939,119.46791794656,21186330.90138
2009-05-14,119.75568675331,123.52459415077,119.69321500311,122.96832973679,15919046.682708
2009-05-15,122.11997666099,124.62582489625,121.61255983892,122.40874235738,13094747.850571
2009-05-18,123.82299644692,126.72128690016,121.56670291591,126.66180581886,16335535.817691
2009-05-19,126.85852537266,129.32117505725,125.73503075877,127.4510101099,13270113.141373
2009-05-20,127.75938130235,129.22281528035,125.29008568689,125.85698359027,13854816.81568
2009-05-21,124.99533865272,126.79339525012,122.90951324858,124.16692336954,14549705.536163
2009-05-22,124.06158536522,124.16692336954,121.75943491119,122.49613634834,10641925.286783
2009-05-26,124.84148535304,130.8337889237,124.55936558753,130.78161836635,22602389.566657
2009-05-27,131.76089628033,134.97985289814,130.88994703957,133.0282752976,23081504.450842
2009-05-28,133.51209906508,135.40552477049,132.03271485299,135.07821267504,17362072.134648
2009-05-29,135.42180730112,135.90363728934,133.85369991189,135.80560980897,16287638.68994
2009-06-01,136.34891465775,139.98390654815,136.0016647697,139.37779765263,16095827.245528
2009-06-02,138.98834610353,141.37190921074,138.31345182349,139.51902368365,16191676.421855
2009-06-03,140.07628498726,141.13265569935,139.0704233498,140.95354786236,20092494.8173
2009-06-04,140.09223522136,144.19244227278,140.03640940203,143.74650031128,19518839.587735
2009-06-05,145.51897007482,146.39623294991,143.22246866203,144.66064810271,22566258.676248
2009-06-08,143.90733183838,144.24128986469,139.45356126457,143.85150601905,33216667.680524
2009-06-09,143.81860866124,144.55531009839,140.53053436236,142.73498963257,24122988.44058
2009-06-10,141.98499633368,142.32792636667,138.26493652813,140.22947369386,24563447.731599
2009-06-11,139.64961622529,141.55932446133,138.52346323904,139.95067689379,18719098.407388
2009-06-12,138.86107652734,139.10298841107,136.04785398926,136.97462904934,20065157.999704
2009-06-15,135.97508104621,136.93475346411,134.88249001087,136.08739727794,19268077.605385
2009-06-16,136.61408729954,138.43540465499,136.10367980858,136.32299552735,18248865.589709
2009-06-17,136.70646573866,137.47573223709,134.51164706821,135.5862940902,20374511.593598
2009-06-18,136.0016647697,138.00308685177,135.59626298651,135.88070882783,15196420.56869
2009-06-19,138.0612387469,139.53198324886,136.90252069938,139.50938708389,25712633.503645
2009-06-22,140.61560227752,141.55932446133,136.30970366561,137.38335379797,22610625.764272
2009-06-23,136.34226872688,136.9613371876,132.88073563225,133.99725201873,25179105.955986
2009-06-24,135.45470465894,137.52125686356,134.84261442563,136.20170728894,17293834.650879
2009-06-25,135.80560980897,140.16999261256,135.22874300929,139.86594127517,21006632.643451
2009-06-26,139.76160016048,143.55974965378,139.76160016048,142.43392896407,15657088.496029
2009-06-29,143.44577193932,143.95651172683,141.53938666872,141.95841261019,20265244.522665
2009-06-30,142.66321357916,143.80199383406,141.79492271074,142.4272830332,15498154.643066
2009-07-01,143.5172156962,144.66064810271,142.50238205206,142.82936185095,14785901.552982
2009-07-02,141.34931304578,142.82936185095,139.80380182152,140.0171362025,13197908.387931
2009-07-06,138.68063950416,138.98834610353,136.23394005367,138.58194743072,17778236.379102
2009-07-07,138.45168718563,139.70544204461,135.19617794802,135.42180730112,16450003.0029
2009-07-08,135.91360618564,138.02800909254,134.40697365698,137.23016509137,20530180.53147
2009-07-09,137.81567160118,137.98680432114,135.92324278541,136.34226872688,12244505.934291
2009-07-10,136.39809454621,138.96874060746,136.2997347693,138.49123047431,15863776.17101
2009-07-13,139.54161984862,142.32792636667,137.55714489027,142.32792636667,17218484.183104
2009-07-14,142.0537817182,143.18358996643,141.1924690772,142.25315964436,12382119.252519
2009-07-15,144.86667195974,147.00566481086,144.316056587,146.87673375195,17274548.082531
2009-07-16,145.88150560388,148.00720659326,145.5767896734,147.51939526726,14019611.457862
2009-07-17,149.15994330299,152.00573090234,148.6614984876,151.73756759166,21475291.415266
2009-07-20,153.13487455748,155.03129093178,150.89885111563,152.93250596243,26129927.913329
2009-07-21,153.41998499189,153.41998499189,149.74644670244,151.48203154964,30445960.347737
2009-07-22,157.51088774009,158.73872346868,156.11258388464,156.7373013866,31199141.549359
2009-07-23,156.51865026092,158.44430873105,155.54203071929,157.82856323577,18766459.959301
2009-07-24,156.92770730608,159.99613358964,156.51200433004,159.99613358964,15655702.986583
2009-07-27,159.99613358964,160.87372876128,157.26532059437,160.10047470433,15435485.468796
2009-07-28,158.96800808376,160.10047470433,157.59927862069,159.99613358964,12967529.945917
2009-07-29,158.90254566467,160.467662385,158.24127554291,160.02604027857,13642690.23369
2009-07-30,161.70579930644,164.69547130917,161.49612018743,162.792409004,16726657.039097
2009-07-31,162.986802482,164.98324011592,162.88412285003,163.38888129975,15089308.32005
2009-08-03,165.13177667091,166.62445274474,164.85929350516,166.42773319093,14040996.874403
2009-08-04,165.01646977028,165.57672174279,164.23391141012,165.5501380193,14112127.165872
2009-08-05,165.99308931191,167.41698000122,164.23391141012,165.09555634766,15085631.182795
2009-08-06,165.5501380193,166.48322671372,163.07054121099,163.92321414186,12191305.802238
2009-08-07,164.79383108608,166.58191878716,164.79383108608,165.5135853995,13819688.553816
2009-08-10,165.39993998159,166.58191878716,163.66734580329,164.69547130917,10716309.087868
2009-08-11,163.61849821138,164.37447284806,161.88490714344,162.81866043094,12677542.93926
2009-08-12,162.4783887703,166.69921946705,162.44615600557,165.31786273533,15853946.697719
2009-08-13,166.61448384844,168.64448343326,166.46694418308,168.39260265322,15703268.091622
2009-08-14,167.83932890813,168.23509409155,165.54016912299,166.76866944466,10915996.328915
2009-08-17,163.60852931507,163.60852931507,159.42657731392,159.57677535163,18681718.722768
2009-08-18,161.75497919489,164.25351690619,161.41404294117,164.00396220195,15167890.660141
2009-08-19,162.72462050911,165.30124790815,162.43618710926,164.59378856683,14718541.418093
2009-08-20,164.86893010493,166.70586539792,164.60010220116,166.32970571057,12198545.510404
2009-08-21,167.83932890813,169.38218176004,166.79458857506,169.2339775016,14831047.704181
2009-08-24,170.00723155855,170.70106674157,168.26799144937,169.06450626437,14509905.78424
2009-08-25,169.44033365517,170.94331092185,169.13595002124,169.40411333192,11564034.727599
2009-08-26,168.94255343287,169.53570276318,166.74208572118,167.43957616618,10832021.185213
2009-08-27,168.57337197293,169.56228648667,164.81044591326,169.46292982014,15999128.526811
2009-08-28,172.05052300511,172.48616377377,168.49760836099,170.04311958525,16194105.306584
2009-08-31,168.08190538495,168.83821231818,166.46694418308,168.21847926437,11104087.301285
2009-09-01,168.00946473845,170.00723155855,164.92475592425,165.30124790815,16727988.079123
2009-09-02,164.49576108647,167.64560002321,164.13555163321,165.1606864702,12998880.016211
2009-09-03,166.48987264459,167.09564924356,164.98324011592,166.51645636807,10493104.870341
2009-09-04,167.21095614419,170.6944208107,167.08933560923,170.29300658604,13334191.749503
2009-09-08,172.42103365122,173.12483773056,172.00832134408,172.93476410762,11218889.578754
2009-09-09,172.73505388492,174.48060762843,169.69919266263,171.17326013002,28954123.584598
2009-09-10,172.03091750904,173.25277189984,170.80640474589,172.57123168893,17516550.208493
2009-09-11,172.96467079655,173.17335302592,170.86887649609,172.14855048548,12443997.53683
2009-09-14,170.85591693089,173.89443652553,170.23983913906,173.71134113001,11483542.647511
2009-09-15,174.03499796347,175.64663619991,173.57975169874,175.16812917713,14818923.50344
2009-09-16,177.99763424584,182.75612075013,177.88000126941,181.84529592414,26811130.966333
2009-09-17,181.96027052822,186.77391825875,181.94033273561,184.5631493542,28884078.739267
2009-09-18,185.90662427996,186.53832000934,184.75023230825,185.01540495004,21474617.529232
2009-09-21,184.45914053606,185.17324580825,181.60969767473,184.0135308711,15613325.807911
2009-09-22,185.10745109261,185.3832572238,182.85414823049,184.49137330079,12736590.137848
2009-09-23,185.346704604,188.89629628269,185.02205088091,185.50288397949,21137275.531066
2009-09-24,187.25508365387,187.71431747712,182.78237217708,183.80385175209,19608066.396052
2009-09-25,182.12342813113,185.50288397949,181.42992524464,182.38893306946,15894348.321686
2009-09-28,183.8138206484,186.68519508161,183.33531362562,186.15518209457,12041564.942879
2009-09-29,186.66891255097,187.39664198144,184.30827790527,185.3832572238,12316957.364991
2009-09-30,186.04020749049,186.44627386676,182.64446911148,185.346704604,19256668.819849
2009-10-01,185.48626915231,186.2369270443,180.70884174504,180.86734719634,18700573.598393
2009-10-02,181.37409942532,185.95214890643,181.35781689468,184.90475020102,19739542.154203
2009-10-05,186.2110079139,186.84004527092,184.26208868571,186.02425725639,15088829.560932
2009-10-06,187.74056890407,190.02577223437,187.28133508082,190.02577223437,21566796.188897
2009-10-07,189.82971727365,190.56010507647,189.01691992802,190.23844202227,16595485.828201
2009-10-08,190.8156411185,191.44334928935,188.87635849008,189.26281937028,15618393.299682
2009-10-09,188.89629628269,190.70332488676,188.62148704114,190.47104960279,10462742.742915
2009-10-12,190.9688298251,191.51911290129,189.64296661615,190.82228704937,10285286.247696
2009-10-13,190.58270124144,191.17186301323,189.69812784239,190.03574113068,12349548.375065
2009-10-14,192.19666555368,192.31861838518,190.22182719509,191.29016058275,13404912.406858
2009-10-15,189.60043265857,190.91964993664,189.53463794294,190.56010507647,13317865.097587
2009-10-16,189.23955861222,190.36039485377,187.84424542567,188.06090277209,15297208.01486
2009-10-19,187.84424542567,190.00915740719,185.5623650608,189.85264573516,32394858.350084
2009-10-20,200.46287437216,201.73357635487,197.83939316048,198.77214955835,40458290.671731
2009-10-21,199.61153062747,208.72808630102,199.22141448529,204.93658273859,42546692.863614
2009-10-22,204.51988287292,207.85680476371,202.50616581873,205.20507834582,28228767.589642
2009-10-23,205.72811310544,205.79424011761,203.23023998723,203.94035770089,15000164.991385
2009-10-26,203.72137427866,206.75657090786,200.10200032582,202.47958209525,17252849.180935
2009-10-27,201.6285706471,202.82051834897,196.46401776654,197.35822776535,26993526.122612
2009-10-28,197.35158183448,198.03611271429,191.1007515529,192.40302170725,29183145.256555
2009-10-29,194.89557808076,196.81824588201,192.1411720309,196.35269842443,20354398.534559
2009-10-30,196.17292599435,196.81824588201,186.06280365545,188.50950310595,25612854.945489
2009-11-02,189.82971727365,192.87853806114,185.58562581885,189.31565452071,24228177.828414
2009-11-03,188.00241858042,189.52466904663,185.92922044493,188.74809202425,18539980.865701
2009-11-04,190.71329378307,193.86712027834,190.22182719509,190.82228704937,17402135.596807
2009-11-05,192.6784955419,195.01022038831,191.82017356979,194.04057907409,13638610.744974
2009-11-06,192.98254687929,195.19331578383,192.40302170725,194.33565840481,10428194.324578
2009-11-09,196.94485086512,201.90371218519,196.26463984038,201.44514295503,18792010.119734
2009-11-10,201.08460120523,204.99174396483,201.02578471702,202.98400824842,14301638.736828
2009-11-11,204.61857494637,205.01467242634,201.83127153869,203.23023998723,15850511.633401
2009-11-12,203.34421770168,204.87710165729,201.41889152809,201.98878010036,12791440.031268
2009-11-13,202.97403935212,204.8375583686,202.06055615377,204.43847021974,12212506.203313
2009-11-16,205.44034429868,207.98208056064,205.0243090261,206.63229200056,17199622.897542
2009-11-17,206.06240342829,207.45107068398,205.01467242634,206.99881508815,14140317.829243
2009-11-18,206.25214475469,206.99881508815,204.01246605085,205.94144748642,13342895.992914
2009-11-19,204.51323694205,204.6119290155,199.7916353541,200.50142077122,19295854.060415
2009-11-20,198.3441516102,200.38744305677,197.75133457642,199.9059453651,14520758.440007
2009-11-23,203.11526538314,205.98996278179,202.96074749037,205.8597025367,16922880.837559
2009-11-24,205.21172427669,205.8597025367,202.9022632987,204.42850132343,11329747.698437
2009-11-25,205.4991607869,205.62742725273,203.75393933993,204.19257077748,10230447.729657
2009-11-27,199.1041138054,202.96739342124,198.38668556778,200.5934669138,10544892.348519
2009-11-30,200.94403976729,201.67808283209,198.77214955835,199.89597646879,15138562.247951
2009-12-01,202.24763910782,202.77167075707,196.84449730895,196.96478865773,16520913.009201
2009-12-02,199.04430042755,201.41257789376,195.74359886002,196.22509655169,25480544.180158
2009-12-03,197.86597688397,198.98814231169,196.27128577125,196.49392445546,15988590.589936
2009-12-04,199.68696194287,199.88301690359,190.27133938009,193.3035453404,29512668.094245
2009-12-07,193.3035453404,193.78537532861,188.68329419825,188.93550727484,25468525.276931
2009-12-08,189.0335347552,192.34453751558,188.70987792173,189.87225123123,24593902.818162
2009-12-09,191.24363906665,198.16670525592,190.30456903445,197.80018216833,24343126.089947
2009-12-10,199.67699304656,199.68696194287,196.10713127871,196.44075700848,17462585.187353
2009-12-11,197.73471974924,198.01318425278,193.43513477166,194.66994872766,15320603.383093
2009-12-14,195.45549775672,197.42402248098,192.56385323435,196.97143458861,17576899.376688
2009-12-15,195.75024479089,197.51473943738,193.25137478305,194.18778644291,14964448.128755
2009-12-16,195.01022038831,196.51386224807,194.54832819271,195.03348114636,12600755.411698
2009-12-17,194.87962784667,195.01022038831,191.00172718291,191.86968575478,13819241.844385
2009-12-18,193.0878848836,195.48839511454,192.61004245391,195.43256929522,21696304.457428
2009-12-21,195.99581193661,199.73182197625,195.6718228066,198.24545953675,21744174.801874
2009-12-22,199.78498942323,200.87890964475,198.66515007131,200.35786866439,12452821.161561
2009-12-23,201.18296098214,202.37524098056,200.82972975629,202.10275781481,12309544.76908
2009-12-24,203.42995020993,209.35014543063,203.34421770168,209.03546060384,17888855.104179
2009-12-28,211.13491016628,213.94547433201,209.61199510698,211.61674015449,22975353.75298
2009-12-29,212.64818862581,212.72029697577,208.74137816276,209.10158761602,15828701.054447
2009-12-30,208.76729729316,212.00619170359,208.30573739411,211.64897291922,14673745.466143
2009-12-31,213.11008082141,213.33903313995,210.57565508341,210.71920719024,12559866.873247
2010-01-04,213.49654170161,214.49775118747,212.39265258379,214.01027215801,17550341.351424
2010-01-05,214.79249822163,215.59831733985,213.25728819022,214.37712754214,21478283.772602
2010-01-06,214.37712754214,215.23245884536,210.73548972088,210.95513773619,19645163.802684
2010-01-07,211.68519324247,212.00619170359,209.04542950015,210.58230101428,17014544.26466
2010-01-08,210.41814652174,212.00619170359,209.06171203079,211.99954577271,15973265.9346
2010-01-11,212.97251005236,212.99477392078,208.44663112859,210.11708585325,16468292.570207
2010-01-12,209.31060214194,209.75986706888,206.41663154377,207.72953518751,21187213.125423
2010-01-13,208.11533147463,210.92257267492,204.10118922799,210.63746224052,21585909.688939
2010-01-14,210.04132224131,210.46699411365,209.02250103864,209.41594014626,15446681.853687
2010-01-15,211.40373807005,211.60710355473,205.85305660583,205.91187309404,21211163.028464
2010-01-19,208.39446057125,215.18959259123,207.24438223386,215.04803426366,26034038.261107
2010-01-20,214.91843861166,215.54647907905,209.49801739253,211.73437313093,21827853.794436
2010-01-21,212.31123993061,213.29948985126,207.21214946913,208.05651498641,21677938.392184
2010-01-22,206.78980056222,207.50656420676,197.13226611571,197.73471974924,31317853.617722
2010-01-25,202.83713317615,204.70065219264,200.1910557995,203.08203572878,37132837.243768
2010-01-26,205.84641067496,213.70954378606,202.57495120326,205.91851902492,66435382.839463
2010-01-27,206.8223656235,210.58230101428,199.51283855402,207.86677366002,61468397.8924
2010-01-28,205.31905606027,205.4991607869,198.70735173235,199.28687690438,41842870.616565
2010-01-29,201.33382361293,202.19879151591,190.23844202227,192.05012277796,44439916.889338
2010-02-01,192.58678169586,195.99581193661,191.30012947906,194.73507885021,26704251.431519
2010-02-02,195.9210452143,196.32345632859,193.3759859869,195.83830337495,24922662.301538
2010-02-03,195.25911049946,200.21032899903,194.41773565107,199.22141448529,21935913.028551
2010-02-04,196.8601152465,198.38668556778,191.58457532038,192.04380914363,27001072.394303
2010-02-05,192.6784955419,195.99581193661,190.85485211064,195.45549775672,30337468.608371
2010-02-08,195.67846873748,197.88259171114,194.01765061259,194.12963454778,17024497.061533
2010-02-09,196.48395555915,197.50576743071,194.74172478108,196.19219919387,22587112.790242
2010-02-10,195.7990923828,196.60158853558,194.26288546176,195.13782226105,13188013.400868
2010-02-11,194.79356304188,199.73182197625,194.07380872845,198.67445437453,19628818.041331
2010-02-12,198.17999711766,201.6285706471,195.48839511454,200.37116052613,22983614.687536
2010-02-16,201.94657843932,203.71472834779,201.51392833956,203.40004352101,19343714.684627
2010-02-17,204.25171956224,204.29757648526,200.88854624451,202.54271843853,15527816.612743
2010-02-18,201.62192471623,203.89416848133,200.95334407051,202.93516065652,15047088.561011
2010-02-19,201.841240435,203.20398856028,201.10786196328,201.66479097035,14830961.124888
2010-02-22,202.44701703397,202.49619692243,199.18918172056,200.41070381482,13944178.985021
2010-02-23,199.89597646879,201.33382361293,195.70438786788,197.06015776575,20537583.226585
2010-02-24,198.51063217854,201.41889152809,197.83274722961,200.67255349117,16434919.216756
2010-02-25,197.36487369622,202.8633846031,196.89002193543,201.99542603123,23744122.778489
2010-02-26,202.45366296485,205.16553505713,201.99542603123,204.6119290155,18106839.134997
2010-03-01,205.73808200174,209.49801739253,205.45994979475,208.99026827391,19616894.414449
2010-03-02,209.96323255356,210.82421289802,207.74914068358,208.86598936661,20214040.679808
2010-03-03,209.17735122796,209.87085411444,207.92924541021,209.32389400368,13264342.061183
2010-03-04,209.37672915411,210.91260377861,208.65298728216,210.69328805984,12803536.606082
2010-03-05,214.99553140977,219.68888779152,214.62967291527,218.94919568547,32098231.551221
2010-03-08,219.97034296394,220.10160009866,218.2550282059,219.0797882271,15334505.002261
2010-03-09,218.16597273222,225.00762626831,217.91110128328,223.00686877932,32844257.36695
2010-03-10,223.72030945842,225.4984282632,223.18996417484,224.84646244466,21274397.119835
2010-03-11,223.85123429659,225.5083971595,223.33019331624,225.5083971595,14460448.212933
2010-03-12,227.04693015635,227.71185554009,225.73768177458,226.59866211904,14834975.310487
2010-03-15,225.5083971595,225.5083971595,220.25545339835,223.83461946941,17597546.055482
2010-03-16,224.15894089596,224.9846978068,222.51473759825,224.4374053995,15950977.409056
2010-03-17,224.8109067145,226.44480881936,223.27503209,224.09347847687,16086142.8234
2010-03-18,223.90672781937,225.00762626831,222.59980551341,224.65306585629,12201679.428044
2010-03-19,225.16114727145,225.24987044859,221.22476241601,222.26318911475,19961010.241724
2010-03-22,220.49736528208,225.98956255463,220.15709362144,224.77136342581,16285453.623577
2010-03-23,225.66191816265,228.79248389986,224.07686364969,228.36714432406,21499245.832348
2010-03-24,227.84311267481,230.21072554792,227.49586278675,229.34642223803,21350530.984263
2010-03-25,230.87232796622,230.9902932392,226.25805816186,226.66412453813,19370061.151868
2010-03-26,229.01545488061,231.9270371956,228.55987631934,230.9148619238,22875453.616671
2010-03-29,232.90897348192,233.8723011618,231.61202007227,232.37862819834,18823454.563564
2010-03-30,236.67256413468,237.49101052156,234.25876204201,235.85345315472,18761996.596596
2010-03-31,235.85345315472,236.61640601882,234.46810886447,235.00510007892,15349540.668735
2010-04-01,237.65416812446,238.7520759045,232.76209840965,235.96477249682,21514161.365162
2010-04-05,234.99513118261,238.50285349681,234.7724924984,238.49321689704,24342199.267187
2010-04-06,238.26060931653,240.23810604746,237.00618986445,239.55357516766,15919991.47135
2010-04-07,239.73035692885,241.91487440645,238.67631229256,240.57871000465,22416822.484518
2010-04-08,240.39229164369,241.5616431806,238.00175030907,239.94003604786,20446886.917578
2010-04-09,241.47923363779,241.88164475209,240.4411392356,241.78760483025,11921857.648998
2010-04-12,242.91375781649,243.07060178507,241.81385625719,242.2750838597,11891270.541801
2010-04-13,242.21593507494,242.80941670181,241.10938758477,242.43259242137,10888054.870663
2010-04-14,245.16672838207,245.82899539346,244.06915289858,245.70371959652,14409750.57456
2010-04-15,245.94928674224,249.04097378385,245.50434167037,248.91669487655,13414800.983984
2010-04-16,248.99843982627,251.1138396228,244.54732762481,247.39012455527,26787807.642184
2010-04-19,246.53246717625,247.90119663932,241.76102110676,247.06646772181,20227158.390733
2010-04-20,249.2303828137,249.23702874457,242.95296880864,244.60016277524,25700126.572471
2010-04-21,258.26918109604,260.2536560544,255.71780823432,259.21223868677,35013710.838237
2010-04-22,258.2040509735,266.73775850958,256.20296118797,266.48886839842,28267776.180763
2010-04-23,267.00027277902,272.16715173538,266.98698091727,270.81802776839,28418621.264668
2010-04-26,271.96478314034,272.46522173499,268.19521114979,269.50445953155,17083103.238382
2010-04-27,266.98698091727,267.8546071926,260.5128473584,262.05503561723,25281735.913045
2010-04-28,262.97516474644,264.00960388666,256.41230801043,261.61341351079,27056975.082303
2010-04-29,263.04095946208,270.02217754648,262.02213825941,268.6305196219,19933439.175528
2010-04-30,269.74039007751,270.55617809203,260.99700342242,261.09569549587,19347604.704024
2010-05-03,264.41633485602,267.88717225387,262.86384540434,266.36159882223,16193806.266459
2010-05-04,262.46442495894,263.27290244951,256.72998350611,258.64899604537,25812107.273797
2010-05-05,252.89494909647,258.16085242283,248.74655904623,255.98995910352,31484422.187473
2010-05-06,253.98222338712,258.25921219974,199.24401065026,246.26696223792,45676962.618288
2010-05-07,243.99804143825,246.5557279343,225.21065945644,235.86641271992,59857757.064756
2010-05-10,251.1527183184,254.65013943975,248.54950719588,253.97557745625,35077914.124161
2010-05-11,252.01768622138,259.90009253201,250.50806302383,256.53293165576,30297358.26038
2010-05-12,259.64455648999,263.12536278415,258.67192450688,262.11086143655,23341845.888836
2010-05-13,263.24000509169,264.99253706261,256.40233911413,258.34760308033,21387565.374891
2010-05-14,255.23331987376,256.49471755324,249.49555545549,253.80577392247,27056628.584567
2010-05-17,254.15900514831,256.17637746448,247.72740554702,254.19821614046,27202446.68269
2010-05-18,257.04765900179,258.55063626847,250.25584994724,252.3646038129,27847153.268206
2010-05-19,249.46963632509,252.93482468171,244.85868948616,248.34614171119,36586707.518685
2010-05-20,241.4038023224,243.85349244178,236.18109754671,237.7428913016,45656148.889908
2010-05-21,231.64491743008,244.49216639857,231.35382565789,242.31462714839,43685152.041993
2010-05-24,247.25587675166,250.89086864205,246.28690003053,246.73882332982,26897342.696645
2010-05-25,239.88155185619,246.73882332982,237.18596229454,245.19929344334,37344354.490501
2010-05-26,250.19371049359,252.13531919781,243.75579725797,244.11866508357,30325218.67656
2010-05-27,250.71408688086,253.8715686381,249.10942687183,253.33756809254,23620466.06044
2010-05-28,259.15973583288,259.40862594403,253.33756809254,256.86755427516,29094360.73391
2010-06-01,259.70669594364,265.96483674917,258.95005671387,260.80759439257,31217372.524422
2010-06-02,264.71739552452,264.77255675075,260.34570219697,263.96773452216,24529947.383146
2010-06-03,265.18560135444,265.55212444203,260.41083231952,263.11871685328,23192419.387246
2010-06-04,258.46224538787,261.90716365533,254.63385690911,255.95672944916,27014718.548882
2010-06-07,258.36754087295,259.13647507483,250.5406280851,250.92343370332,31613966.387765
2010-06-08,253.36980085727,253.7991279916,245.65420741153,249.31611532195,35705801.004182
2010-06-09,251.56243995666,251.91932644448,242.49772254391,243.20185891979,30446567.125039
2010-06-10,244.80651892881,250.96330928855,242.19367120652,250.52733622336,27645875.851124
2010-06-11,248.17002454309,253.84531721116,247.357559494,253.50770392286,19451712.377326
2010-06-14,256.08831888043,259.13647507483,253.9988382143,254.25736492522,21496910.929939
2010-06-15,255.59053865812,259.86088153987,255.49882481209,259.70005001277,20840646.625651
2010-06-16,260.99700342242,267.7562474157,260.62383440396,267.22889280101,27944416.03131
2010-06-17,270.70006249541,272.92345866861,269.50445953155,271.86908173578,31125293.835704
2010-06-18,272.22663281669,275.0096163693,271.42978570515,274.05692217881,27992689.41937
2010-06-21,277.74076166111,279.01445431271,268.71558753706,270.18633203901,27603383.955641
2010-06-22,272.22663281669,275.96563352523,271.49624501387,273.82763756373,25556356.94585
2010-06-23,274.56168062853,274.65970810889,267.91010071538,270.96191217176,27412139.986286
2010-06-24,270.96191217176,273.20192317214,268.11977983439,268.99438433713,25498731.730154
2010-06-25,270.04842897342,270.27472291961,265.81098344949,266.70486115176,19528491.027275
2010-06-28,266.97701202097,269.75334964271,264.50073817809,268.30653049189,20884754.667948
2010-06-29,264.37346860189,264.37346860189,254.2839486487,256.16973153361,40399960.092092
2010-06-30,256.72400216833,257.97410176533,250.03287896649,251.53020719193,26365244.685372
2010-07-01,254.11048985295,254.7976791051,243.22511967784,248.50065960397,36505006.337847
2010-07-02,250.68152181958,250.91678777245,243.20185891979,246.93188762165,24779381.726047
2010-07-06,246.93188762165,252.81985007762,246.18820795709,248.65451290365,21944365.659354
2010-07-07,250.61572710395,258.75400175315,249.74810082862,258.63902714907,23311986.264379
2010-07-08,262.56909837017,262.8894322382,254.88640228224,258.10535890005,26324344.590978
2010-07-09,256.89048273667,259.90673846288,255.18746295074,259.62794166281,15466231.28965
2010-07-12,258.52837240005,261.85266702218,254.85350492443,257.30352734036,20069898.765235
2010-07-13,256.2092748223,256.40233911413,246.4337751028,251.82096666757,42409683.433701
2010-07-14,249.18219981488,255.78027998451,249.00774412949,252.74142809333,28996241.86801
2010-07-15,248.27137498889,256.97588294837,247.27581454427,251.43782875281,29303377.924544
2010-07-16,253.06608181643,254.98110679717,248.42223761968,249.91225532116,37078517.960743
2010-07-19,249.72816303601,249.88600389422,239.6163792144,245.57944068922,36553030.611068
2010-07-20,242.47811704784,252.91820985453,240.00217550151,251.91932644448,37796947.34137
2010-07-21,264.97924520087,265.13309850055,253.98222338712,254.20818503676,42283545.859273
2010-07-22,257.73850351592,260.00144297781,255.31572941657,259.00654712628,23022593.786927
2010-07-23,257.21148119778,260.40086342321,256.27141427595,259.94927242046,19035238.59008
2010-07-26,259.98815111606,260.10611638904,257.73185758505,259.27836569894,14886290.228829
2010-07-27,260.66636836154,264.77255675075,260.31247254261,264.10796366356,20741520.31623
2010-07-28,263.68893772209,266.02398553393,260.2536560544,260.94782353397,18539704.395778
2010-07-29,260.70192409171,262.6249241895,256.10493370761,258.12795506502,22977225.033353
2010-07-30,255.7344230615,259.70669594364,254.90634007486,257.25035989338,16004452.56654
2010-08-02,260.43376078103,262.57906726648,259.62794166281,261.85266702218,15229008.629592
2010-08-03,261.85266702218,263.24000509169,259.43188670209,261.94969761291,14872709.016244
2010-08-04,262.7492030968,264.29139135563,260.31911847349,262.95854991927,15007810.722431
2010-08-05,261.47152288668,263.16822903827,260.54474782659,261.69748453632,10322844.688313
2010-08-06,259.70669594364,261.48115948644,257.63383010469,260.09947045817,15879227.069008
2010-08-09,261.48115948644,262.17233629712,259.58540770523,261.75331035564,10797237.103877
2010-08-10,259.86088153987,260.44339738079,257.57534591302,259.41527187491,16126261.447132
2010-08-11,255.17084812356,255.66896064241,249.81356324771,250.17742796295,22071234.929626
2010-08-12,246.58231165779,253.10761888438,246.13603739974,251.80102887496,19078941.301648
2010-08-13,251.0154798459,251.90935754817,249.08317544489,249.10278094096,12654051.963652
2010-08-16,247.7440203742,250.03287896649,246.59826189188,247.65529719706,11345818.043142
2010-08-17,250.10831028188,254.63385690911,249.19117182156,251.9751522638,15078465.354423
2010-08-18,252.55168676694,254.67639086669,251.58536841816,253.07571841619,12078788.531985
2010-08-19,252.80090917464,253.46483766874,248.6937238958,249.88600389422,15219585.179182
2010-08-20,249.35864927953,253.90413369937,249.00774412949,249.63046785219,13689600.020447
2010-08-23,251.76281477244,252.01768622138,245.2325230977,245.81902649715,14758516.675904
2010-08-24,243.00580395907,243.00580395907,238.66634339626,239.91378462091,21455708.154094
2010-08-25,239.91378462091,243.99172780392,237.23547447953,242.89714298932,21279174.268531
2010-08-26,245.47111201601,245.76253608474,240.2909411979,240.2909411979,16615688.806924
2010-08-27,241.55499724973,242.60870958947,235.57166568575,241.64272353724,19577011.363435
2010-08-30,240.72624967001,245.76253608474,240.65115065115,242.50769144022,13666691.025013
2010-08-31,241.78760483025,244.56726541743,240.35607132044,243.10316684634,15000075.252263
2010-09-01,247.51174509023,251.45444357999,246.29686892684,250.33128126263,24852601.897815
2010-09-02,251.37568929916,252.16854885217,248.58240455369,252.16854885217,14804750.470074
2010-09-03,254.93524987415,258.76729361489,254.4866495403,258.75400175315,18578438.834182
2010-09-07,256.52661802143,259.54652900963,256.25878700729,257.83354032739,12232278.963899
2010-09-08,259.75587583209,264.37346860189,259.08829207601,262.90604706538,18772160.861211
2010-09-09,265.10053343928,266.53838058342,262.90604706538,263.05724199271,15628835.77965
2010-09-10,263.19448046522,264.48777861289,261.38977793695,263.39751365335,13836119.841187
2010-09-13,265.97480564548,268.28360203038,265.76878178845,267.03582850918,13863742.156787
2010-09-14,266.19412136425,269.16452016746,265.52952827706,268.07691358027,14475321.735078
2010-09-15,268.00181456141,270.38305159282,267.8546071926,270.2182325072,15259646.384321
2010-09-16,270.27472291961,276.65747492899,269.50445953155,276.56875175185,23219128.753235
2010-09-17,277.51513230801,277.94412714579,273.67378426405,275.36716745021,22640378.436067
2010-09-20,276.10386888736,283.772940817,275.86494767252,283.23594960255,23516525.075601
2010-09-21,283.81248410569,287.35908511549,282.78103563437,283.772940817,23802039.84194
2010-09-22,282.90498224513,287.97782127966,282.4008883885,287.74920125767,20883628.776008
2010-09-23,286.49079424707,292.76554987979,285.9940109144,288.91755590495,28030285.206147
2010-09-24,291.99595108482,293.5484405365,290.53584007226,292.32060480791,23140814.998544
2010-09-27,293.994382498,294.70483250821,291.00637197799,291.1588960915,17231969.457286
2010-09-28,291.69156745088,291.77663536604,275.0096163693,286.86163718972,36935995.443092
2010-09-29,287.16269785822,289.80478767635,285.9940109144,287.37536764612,16749806.452319
2010-09-30,288.98999655145,290.00150723016,281.23519211356,283.74668939006,24027856.876291
2010-10-01,286.32065841675,286.58981861706,281.3398655248,282.53214552322,16002372.737504
2010-10-04,281.70007497805,282.90498224513,277.76335782608,278.65158648711,15520865.742972
2010-10-05,282.35204079659,289.44889807816,281.83465507821,288.940816663,17845048.027997
2010-10-06,289.70410182364,291.98598218851,285.26927215281,289.20266633935,23890227.096863
2010-10-07,290.34543415278,290.47968195639,286.9071618162,289.23523140063,14553996.101405
2010-10-08,291.75071623564,294.47554789313,290.00150723016,294.09174538527,23456027.696415
2010-10-11,294.77627626508,297.22297571558,294.58321197325,295.35912440255,15240340.285225
2010-10-12,295.40232295322,299.49754555649,292.48110403847,298.544851366,19889641.277896
2010-10-13,300.0418472949,301.9382636692,299.80957201092,300.14386233378,22207367.973655
2010-10-14,301.56808531963,302.48854674539,300.39939837581,302.32505684594,15479497.241659
2010-10-15,307.43710687262,315.03440274884,304.92195433414,314.77255307249,32757553.094651
2010-10-18,318.47267508542,318.99737132776,314.3465489036,317.98154079399,38512472.23798
2010-10-19,303.47480288678,313.82251725435,300.0258970608,309.53223657999,43869755.677457
2010-10-20,309.04110228855,314.28042189142,306.88017786555,310.54806711376,25635781.214651
2010-10-21,312.31688161532,314.77255307249,306.80773721905,309.53223657999,19548331.919776
2010-10-22,309.04110228855,310.05992349122,306.29068379721,307.47000423043,13213664.886459
2010-10-25,309.139794362,311.62869547353,308.44828525478,308.8776123891,13745521.03545
2010-10-26,306.88017786555,309.76185349161,305.64536390955,308.04255117505,13885471.663576
2010-10-27,307.50954751912,309.92933094958,305.58987038677,307.80994359453,14020847.672947
2010-10-28,307.94784666012,308.01031841032,300.900169267,305.23896523673,19591241.484365
2010-10-29,304.32249136949,305.87763919352,300.86494583338,300.97859125129,15217796.626121
2010-11-01,302.63608641075,305.58987038677,302.19346741468,304.15534620807,15084196.169374
2010-11-02,307.24038731881,310.19084832939,307.01077040718,309.36907897708,15420645.470923
2010-11-03,311.49777063535,312.90637568365,308.54664503168,312.80735131366,18135923.969571
2010-11-04,315.16499529047,320.20925682225,315.06696781011,318.24372276689,22885646.259554
2010-11-05,317.98154079399,319.58620080301,316.70452517695,317.09763198803,12879073.774565
2010-11-08,317.09763198803,319.78258806028,316.73675794168,318.6035999236,9999787.0698423
2010-11-09,320.99414125823,321.2888882924,314.54260386432,316.0821337508,13654173.801827
2010-11-10,316.67162781914,318.73485705832,313.59323263927,318.04733550962,13618194.462799
2010-11-11,315.06696781011,318.37464760506,314.28042189142,316.60616540005,12886258.742468
2010-11-12,315.52620163336,316.47524056187,303.62865618647,308.01031841032,28391805.698356
2010-11-15,308.48151490914,310.54806711376,306.25778643939,307.04333546845,14373876.954356
2010-11-16,305.53038930546,307.59993217898,299.30182289231,301.58104488483,23461262.80955
2010-11-17,301.06764672498,304.00481587382,297.74999803372,300.5137083868,17093824.385106
2010-11-18,305.46858214836,309.69639107252,304.68236852621,308.44828525478,17590932.534991
2010-11-19,308.01031841032,308.41605249005,305.23896523673,306.7426070965,13731605.874161
2010-11-22,306.71303270412,313.396845382,305.87099326265,313.396845382,13985771.202173
2010-11-23,310.51550205248,311.75962031171,306.57213896964,308.7403739166,18486194.269528
2010-11-24,312.0218022846,315.46007462119,311.75962031171,314.83735089849,14773325.0454
2010-11-26,313.59323263927,317.68712605636,312.97050891657,315.03440274884,8490891.447352
2010-11-29,316.24595594679,317.45784144128,311.39974315499,316.83578231167,15789302.209493
2010-11-30,313.56033528145,314.41201132269,310.87870217463,311.17012624337,17883279.602309
2010-12-01,315.65679417499,317.75258847545,315.03440274884,316.37688078497,16407250.346353
2010-12-02,317.4907387991,318.99737132776,314.93637526848,318.14469839689,16529519.207655
2010-12-03,316.90091243422,318.63682957796,316.34365113061,317.42494408347,12215521.702629
2010-12-06,318.50590473978,322.33728388744,318.37464760506,320.17602716789,15882361.799176
2010-12-07,323.87548458774,323.97450895773,318.11279792871,318.21049311253,13921331.681471
2010-12-08,319.78258806028,321.02703861604,317.06440233367,321.02703861604,11452747.713898
2010-12-09,322.43497907126,322.50077378689,319.02927179595,319.74969070246,10483742.660412
2010-12-10,319.6516632221,321.05993597386,318.57070256578,320.56813708934,9370210.6146186
2010-12-13,324.33471841099,325.02290455278,320.99414125823,321.6494300422,15672505.990128
2010-12-14,321.97707443418,322.53400344125,318.99737132776,320.30595511644,12533077.759211
2010-12-15,320.14279751353,322.99190807832,319.19342628848,320.37241442516,14828186.103547
2010-12-16,321.09283333167,322.59913356379,320.14279751353,321.22342587331,11473982.18093
2010-12-17,321.35501530457,321.78035488037,320.24115729044,320.6013667437,13799563.667991
2010-12-20,321.38758036584,323.22185728649,318.24372276689,322.20602675272,13715816.001828
2010-12-21,323.12250061996,324.36794806535,322.01030408854,324.17056391846,9136832.8937404
2010-12-22,324.33471841099,325.67719644712,323.54950167848,325.15316479787,9493011.04931
2010-12-23,324.95744213369,325.12026744005,323.18862763213,323.61363491139,7964746.3117203
2010-12-27,323.18862763213,325.41534677077,321.48527554966,324.66203050643,8902656.6692212
2010-12-28,325.90681335874,326.65946502999,325.02290455278,325.44791183204,6271192.6144391
2010-12-29,326.10320061601,326.43018041491,325.05480502096,325.28408963604,5825191.9476961
2010-12-30,325.38244941295,325.48047689331,323.0580350905,323.67942962702,5622012.82561
2010-12-31,322.99190807832,323.48370696284,321.2888882924,322.56656850252,6906872.8045319
2011-01-03,324.79295534461,330.2283299082,324.79295534461,329.54313443531,15870756.923729
2011-01-04,332.52250524519,332.52250524519,328.13320020083,331.2763932067,11030690.931476
2011-01-05,329.96448645259,334.38668885476,329.47700742313,334.02448562224,9050130.8182742
2011-01-06,335.04463601108,335.27392062616,332.91793813207,333.7619713528,10708495.073398
2011-01-07,334.15408127424,336.35720735828,331.89845233631,336.15782943212,11078134.127331
2011-01-10,338.84278550437,343.29555918855,337.20456354445,342.44155707151,15993420.191781
2011-01-11,345.00356342264,345.03679307699,339.43095038654,341.65733722863,15807315.33697
2011-01-12,343.45838449492,344.47521191832,341.98631080679,344.47521191832,10786486.074206
2011-01-13,345.19961838336,346.63181648625,343.88040110528,345.68477133701,10589817.341835
2011-01-14,346.01042194973,348.40295706362,344.47521191832,348.40295706362,10982348.99019
2011-01-18,327.0529041376,344.80418549648,325.93904612347,340.64383277066,66496139.836155
2011-01-19,348.53255271562,348.56578236998,336.87891293172,338.84278550437,40464163.107174
2011-01-20,336.22428874084,338.25129765677,330.0964081804,332.72188317134,27277204.697719
2011-01-21,334.02448562224,334.944947048,326.5940026109,326.69269468435,26905562.643716
2011-01-24,327.0529041376,337.43052519409,326.69269468435,337.43052519409,20466653.147852
2011-01-25,336.22428874084,341.46460523334,334.61929643527,341.43137557898,19430791.636096
2011-01-26,342.94000188691,345.62163499372,341.52774157663,343.88040110528,18080712.050117
2011-01-27,343.91363075964,344.74104915319,342.84031292383,343.26232953419,10163442.037214
2011-01-28,344.34229330088,344.44198226396,333.56923935751,336.12459977776,21110375.040609
2011-01-31,335.9252218516,340.01579230327,334.3534592004,339.30800066541,13459384.113979
2011-02-01,341.56097123099,345.65486464808,341.00271303774,345.10325238571,15193142.532788
2011-02-02,344.47521191832,345.26607769208,343.55142752712,344.34229330088,9236676.4841703
2011-02-03,343.74748248784,344.27583399216,338.51381192621,343.49161414928,14042509.017727
2011-02-04,343.61788683584,346.69827579497,343.55142752712,346.50222083425,11478344.338852
2011-02-07,347.98094045325,353.25116363468,347.65528984053,351.87545594419,17292655.102047
2011-02-08,353.54690755848,355.50413420025,352.13797021363,355.1851295184,13570544.403521
2011-02-09,355.1851295184,359.01318570062,354.85615594024,358.19241323794,17215535.28093
2011-02-10,357.83353297086,359.96687678074,347.98094045325,354.56041201644,33119350.327626
2011-02-11,354.85615594024,357.8003033165,353.58013721284,356.88648782161,13111950.737902
2011-02-14,356.82002851289,359.47507789622,356.72033954981,359.14610431806,11071456.657936
2011-02-15,359.17933397242,359.96687678074,357.57434166685,359.90041747202,10106742.139599
2011-02-16,360.68463731491,364.91144934944,360.48858235419,363.10707911772,16968829.555035
2011-02-17,357.08586574777,360.25929773911,356.52760755453,358.32533185538,18905575.158936
2011-02-18,358.32533185538,359.47507789622,349.48624379574,350.5363008735,29047320.912698
2011-02-22,341.88662184371,345.43222596387,337.69303946353,338.61350088929,31087219.831493
2011-02-23,338.64673054365,344.67458984448,338.61350088929,342.64093499767,23961412.459623
2011-02-24,344.01331972272,345.19961838336,338.34766365442,342.90677223255,17829779.828259
2011-02-25,345.36576665515,348.36972740926,344.8706448052,348.11053610525,13540002.61729
2011-02-28,351.15769541002,355.0555338664,351.09123610131,353.21793398032,14358733.402318
2011-03-01,355.25158882712,355.70351212641,347.65528984053,349.28686586958,16247647.362145
2011-03-02,349.91158337154,354.36768002116,348.3364977549,352.10474055927,21487980.834044
2011-03-03,357.44474601485,359.77082182002,355.90289005257,359.5382142395,17807461.449862
2011-03-04,359.5382142395,360.25929773911,357.76707366214,359.96687678074,16166918.234753
2011-03-07,361.5984528098,361.66491211852,351.28729106203,355.37786151369,19474528.564091
2011-03-08,354.78969663152,357.41483932593,352.23765917671,355.73674178077,12708850.336825
2011-03-09,354.69333063388,354.7597899426,350.56620756242,352.46362082635,16182557.067296
2011-03-10,348.92466263706,349.74875806518,344.93710411392,346.66504614061,18111341.077701
2011-03-11,345.07002273135,352.29747255456,345.07002273135,352.00837456163,16792189.04784
2011-03-14,352.85905371323,356.49437790017,351.28729106203,353.58013721284,15570685.821811
2011-03-15,341.85339218935,347.85466776668,340.08225161199,345.4621326528,25724950.333533
2011-03-16,341.85339218935,343.03636788455,326.23412545418,329.99771610695,41183212.265539
2011-03-17,336.94537224044,339.5937756929,330.65699244944,334.68243277856,23520055.837574
2011-03-18,336.91214258608,338.15825462457,329.96448645259,330.65699244944,26884435.159439
2011-03-21,336.15782943212,339.7233713449,335.27392062616,339.27477101105,14751231.496305
2011-03-22,342.57447568895,342.64093499767,339.14185239361,341.23199765283,11642659.048266
2011-03-23,339.24154135669,340.18194057506,335.95845150596,339.17508204797,13315184.028473
2011-03-24,341.85339218935,346.01042194973,338.87601515873,345.03679307699,14445621.125216
2011-03-25,347.98094045325,352.04160421599,346.99734268421,351.5431594006,16026239.762764
2011-03-28,353.25116363468,354.3344503668,350.40338225606,350.40338225606,11026855.742622
2011-03-29,347.49246453417,350.95831748387,346.07023532758,350.95831748387,12576212.213289
2011-03-30,350.69580321443,350.86195148622,347.42600522545,348.56578236998,11737489.646439
2011-03-31,346.43576152553,349.7786647541,346.07023532758,348.4660934069,9779018.4479174
2011-04-01,351.09123610131,351.57638905495,343.36201849727,344.60813053576,14929280.895676
2011-04-04,344.60813053576,344.64136019012,338.34766365442,341.19876799847,16393651.829947
2011-04-05,336.54993935356,342.24882507623,336.02491081468,338.90924481309,17236824.217382
2011-04-06,341.46460523334,343.91363075964,337.17133389009,338.02533600713,14355375.768838
2011-04-07,338.05856566149,340.41454815558,336.05814046904,338.05856566149,13324519.575471
2011-04-08,339.95265595998,340.11548126634,333.96134927896,335.0745427,13457764.867525
2011-04-11,334.58606678091,335.6660305476,329.99771610695,330.81715938345,14240207.523072
2011-04-12,330.6902221038,333.7619713528,330.16253519257,332.42281628211,15183131.564982
2011-04-13,334.87848773928,336.15782943212,332.52250524519,336.15782943212,12356440.110908
2011-04-14,334.68243277856,336.02491081468,332.06426831157,332.42281628211,10765889.200323
2011-04-15,333.63569866623,333.66560535516,326.79105446125,327.47857600995,16191018.06412
2011-04-18,326.03740590038,332.22709361793,320.17602716789,331.86522268195,21852429.644403
2011-04-19,333.28014136458,337.95887669841,331.6994067067,337.82595808097,14943413.72399
2011-04-20,343.74748248784,345.75123064573,341.52774157663,342.41165038259,24156405.429755
2011-04-21,354.36768002116,355.12199317512,348.4660934069,350.69580321443,26894459.910115
2011-04-25,350.50307121914,353.77619217356,350.27378660406,353.01855605416,9489640.2047388
2011-04-26,353.58013721284,354.98907455768,349.32009552394,350.37347556714,12053243.27681
2011-04-27,352.26756586563,352.33070220892,347.06380199293,350.1109612977,12684139.787894
2011-04-28,346.20315394501,349.71552841082,345.52526899608,346.76473510369,12879397.912755
2011-04-29,346.99734268421,353.96892416884,346.66504614061,350.1109612977,35875151.125586
2011-05-02,349.68229875646,350.43661191042,345.49536230716,346.30284290809,15771013.033403
2011-05-03,347.9211270754,349.84512406282,345.62163499372,348.14044279418,11188635.57764
2011-05-04,348.2069021029,351.80899663547,346.86442406677,349.51615048466,13948854.808558
2011-05-05,348.27003844618,350.95831748387,346.07023532758,346.76473510369,11978710.452206
2011-05-06,349.81189440846,349.97804268026,346.23638359937,346.63181648625,9999628.7173075
2011-05-09,347.88789742104,349.15394725214,346.50222083425,347.58883053181,7307812.0636599
2011-05-10,348.7618373307,349.6490691021,346.63181648625,349.41978448702,10180365.926759
2011-05-11,349.12071759778,349.97804268026,345.26607769208,347.19672061037,11930741.972524
2011-05-12,346.46899117989,347.09703164729,342.24882507623,346.56535717753,11421889.162409
2011-05-13,345.81768995444,346.26961325373,340.34808884686,340.51423711866,11637896.85609
2011-05-16,339.17508204797,341.26522730719,332.62219420827,333.31004805351,16048724.739343
2011-05-17,331.99814129939,336.15782943212,330.72311946162,336.15782943212,16149367.676035
2011-05-18,336.5167096992,341.06917234646,336.02491081468,339.81973734254,11930637.788473
2011-05-19,342.05277011551,342.41165038259,338.64673054365,340.54746677302,9306892.2009741
2011-05-20,339.7233713449,340.96948338339,335.0745427,335.2406909718,12068479.938453
2011-05-23,330.03061346476,335.99168116032,329.40988352133,334.45314816348,13648919.69963
2011-05-24,335.50652820667,335.89531516268,331.34252021888,332.19718692901,11492657.217188
2011-05-25,333.31004805351,338.54704158057,332.88803144314,336.77922396865,10493059.097972
2011-05-26,335.7956261996,336.87891293172,334.48637781784,335.04463601108,7946445.038002
2011-05-27,334.81202843056,337.59667346589,334.3534592004,337.39729553973,7269360.7157713
2011-05-31,341.3316866159,347.85466776668,341.00271303774,347.85466776668,14880339.279179
2011-06-01,349.0575812545,352.10474055927,344.70781949884,345.52526899608,19764910.48909
2011-06-02,346.53212752317,347.98094045325,344.34229330088,346.1366946363,12096641.230468
2011-06-03,343.19919319091,345.36576665515,341.98631080679,343.49161414928,11182398.046616
2011-06-06,345.71800099137,346.99734268421,337.79272842661,338.02533600713,16467123.824978
2011-06-07,338.12502497021,338.15825462457,331.89845233631,332.03103865721,18909025.270055
2011-06-08,331.99814129939,334.81202843056,330.65699244944,332.22709361793,11907910.468116
2011-06-09,333.31004805351,333.69883500951,330.75136466782,331.47477424323,9819708.9102788
2011-06-10,330.59086543727,331.67315527976,325.48047689331,325.87391600093,15494052.373493
2011-06-13,327.18416127232,328.29735469337,325.02290455278,326.5940026109,11765522.529054
2011-06-14,330.03061346476,333.28014136458,329.31384982023,332.45604593647,11928972.739556
2011-06-15,329.37665386697,330.29445692038,324.82552040588,326.72525974562,14137506.665486
2011-06-16,326.79105446125,328.69112609753,318.30918518597,325.15316479787,18120196.752118
2011-06-17,329.08356831552,329.24938429077,319.35658389139,320.27372235171,21959293.530545
2011-06-20,317.29368694875,317.68712605636,310.51550205248,315.39427990555,22843600.351255
2011-06-21,316.50813791969,325.74265886621,315.26368736392,325.28408963604,17593012.725151
2011-06-22,324.95744213369,328.88817794788,322.40241400998,322.59913356379,13924176.309314
2011-06-23,318.93124431559,331.67315527976,318.11279792871,331.20993389798,19942982.699411
2011-06-24,331.50800389759,333.18045240151,325.05480502096,326.33215293455,15701119.37833
2011-06-27,327.60916855158,333.89488997024,327.24895909833,332.03103865721,12116350.88477
2011-06-28,333.63569866623,336.71276465993,333.46955039443,335.27392062616,10483558.337098
2011-06-29,336.19105908648,336.39043701264,331.86522268195,334.05439231116,12589267.690644
2011-06-30,334.48637781784,336.15782943212,332.85480178878,335.6660305476,11527241.537192
2011-07-01,335.95845150596,343.5215208382,334.22054058296,343.29555918855,15705582.349819
2011-07-05,343.00646119563,349.7786647541,342.50801638023,349.38655483266,12668583.201166
2011-07-06,348.92466263706,354.10184278628,346.69827579497,351.74253732675,15857406.017481
2011-07-07,354.78969663152,357.99635827722,354.0021538232,357.21878436521,14241643.830518
2011-07-08,353.54690755848,359.96687678074,352.17119986799,359.7043625113,17477572.824438
2011-07-11,356.49437790017,359.73759216566,352.82914702431,354.0021538232,15797832.361415
2011-07-12,353.51367790412,357.70393731886,348.56578236998,353.77619217356,16105061.828491
2011-07-13,358.35856150974,359.96687678074,356.39468893709,358.02958793158,13951937.657356
2011-07-14,360.88069227563,361.5984528098,356.36478224817,357.76707366214,15320932.215884
2011-07-15,360.97705827327,365.01113831252,359.14610431806,364.9446790038,17253753.97518
2011-07-18,365.45973864638,374.63776918049,365.33014299437,373.78709002888,20391702.774518
2011-07-19,377.90756716947,378.66520328886,373.32187486785,376.83092636822,28670167.787228
2011-07-20,396.05428141522,396.28688899574,385.99566504058,386.92277239721,33563639.541118
2011-07-21,387.01913839486,390.05965176875,383.90551978137,387.30823638778,18783636.574918
2011-07-22,388.35829346555,395.03745399182,387.76348265251,393.26631341445,18378388.423544
2011-07-25,390.18924742076,399.97870359508,389.63431219295,398.50995287239,21026436.641196
2011-07-26,399.97870359508,404.46802989906,399.65637594779,403.35483647801,16997532.381423
2011-07-27,400.3409068276,402.66698263277,392.15311999341,392.58178253464,23485621.835113
2011-07-28,391.5981847656,397.00132656447,388.12900885046,391.79423972632,21194377.960706
2011-07-29,387.50096838307,395.16704964382,384.00520874444,390.48831430999,22554578.837637
2011-08-01,397.97827840264,399.49355064143,392.38240460849,396.7454582259,21810449.069315
2011-08-02,397.81545309627,397.87858943956,388.38487718903,388.94645834771,22800591.417592
2011-08-03,391.10306291564,393.49892099497,382.24071409795,392.58178253464,26160828.926891
2011-08-04,389.24220227151,391.33567049616,377.34930897623,377.38253863058,30944403.901221
2011-08-05,379.8980234656,383.51008689449,362.58537354428,373.62094175708,42983461.08404
2011-08-08,361.40239784907,367.75258479719,353.01855605416,353.21793398032,40726282.655748
2011-08-09,361.79783073595,374.60453952613,354.98907455768,373.97982202417,38603024.88013
2011-08-10,370.99912202811,374.63776918049,362.4856845812,363.69524399988,31349840.799668
2011-08-11,370.50400017816,375.41866605794,364.75194700852,373.6874010658,26472520.522835
2011-08-12,378.40268901942,379.64880105791,374.20910663925,376.96384498565,18876422.31282
2011-08-15,379.68203071227,384.97883761718,378.07371544126,383.41039793141,16419943.165708
2011-08-16,381.48307797855,383.37716827705,376.04338355989,380.526063933,17803048.253191
2011-08-17,382.35701788821,384.5368832142,378.00725613254,380.45960462428,15729284.401952
2011-08-18,370.67014844995,372.60079136824,361.37249116015,366.08777911377,30363792.625785
2011-08-19,361.73137142723,367.01156350497,355.96934936129,356.00257901565,27689450.093105
2011-08-22,364.6854876998,364.87821969508,355.08876352076,356.42791859145,19090431.129254
2011-08-23,360.29252739347,373.65417141144,357.01940643905,373.58771210272,23427580.635553
2011-08-24,373.45479348529,378.99417686702,370.57045948688,376.17630217733,20905190.059561
2011-08-25,365.04104500145,375.41866605794,365.01113831252,373.72063072016,31089320.063992
2011-08-26,371.16527029991,383.80583081829,370.76983741303,383.57654620321,22881291.625033
2011-08-29,388.19214519375,391.49849580252,387.99609023303,389.95996280568,14452350.024577
2011-08-30,388.25860450247,391.82746938068,386.2282726211,389.99319246004,14901373.292727
2011-08-31,390.98011319451,392.08666068469,381.84528121107,384.85256493061,18653216.199397
2011-09-01,385.89929904294,387.34146604214,380.72544185916,380.99127909403,12254884.796384
2011-09-02,374.93019013885,378.00725613254,371.85312414515,374.01305167853,15672055.699558
2011-09-06,367.11125246805,380.3599156612,366.48653496609,379.74184409011,18162996.113935
2011-09-07,385.40085422755,385.6002321537,381.97819982851,383.93874943572,12482163.958493
2011-09-08,382.39024754257,388.65071442391,382.3005274758,384.13812736188,14833988.962581
2011-09-09,384.13812736188,385.99566504058,374.99332648213,377.47890462823,20167598.216601
2011-09-12,373.48802313964,380.89159013095,371.91958345387,379.96448277432,16679524.830527
2011-09-13,382.14102513487,386.2282726211,380.26354966356,384.6299262464,15724694.736398
2011-09-14,387.01913839486,392.18634964777,385.73315077114,389.34189123459,19078899.561822
2011-09-15,391.5981847656,393.63183961241,389.89350349696,392.94398576716,14816268.104168
2011-09-16,396.02105176086,400.50040916853,395.03745399182,400.50040916853,24850145.176505
2011-09-19,396.93819022118,413.21407492649,395.20027929818,411.67221896421,29331596.514779
2011-09-20,415.3407728055,422.90384213774,411.21364973405,413.44003657614,27652799.877402
2011-09-21,419.72708718096,421.62117747946,412.03109923129,412.19724750309,21575496.18911
2011-09-22,401.02876067284,409.83794204356,396.71555153697,401.84953313552,34547774.785082
2011-09-23,400.24121786452,406.69441674115,399.84910794308,404.30188162726,19499139.984696
2011-09-26,400.11162221252,403.97955397997,391.33567049616,403.15545855185,29008041.057847
2011-09-27,408.98726289196,409.24645419596,398.011508057,399.26426602635,22542455.329049
2011-09-28,400.46717951417,403.7137167451,396.48626692189,397.03123325339,15331922.128571
2011-09-29,402.01235844189,402.2449660224,386.2282726211,390.58800327307,23236220.595174
2011-09-30,387.14541108142,388.91655165879,381.15742736583,381.2837000524,19555071.592647
2011-10-03,380.39314531556,382.64943884657,373.16237252692,374.57130987177,23855888.430933
2011-10-04,374.86373083013,381.77882190235,354.23476140372,372.47451868168,44019439.08813
2011-10-05,367.85227376026,379.83821008776,360.29252739347,378.26977040198,28068259.570441
2011-10-06,373.02945390948,384.78610562189,371.82321745623,377.38253863058,28984690.950391
2011-10-07,375.74763963609,377.74141889767,368.47699126222,369.78956260943,19121295.187872
2011-10-10,379.19355479318,388.85009235007,378.20331109327,388.85009235007,15744873.760613
2011-10-11,392.58178253464,403.15545855185,391.49849580252,400.30767717324,21599611.366214
2011-10-12,407.41550024075,409.24645419596,400.14485186688,402.21173636804,22195926.867591
2011-10-13,404.9897354725,408.43232766415,402.82980793913,408.43232766415,15130941.04319
2011-10-14,416.97234883456,422.05316298613,415.24108384242,422.05316298613,20419514.800187
2011-10-17,421.4583521731,426.67208494211,415.89903099874,420.02283110476,24458692.71482
2011-10-18,421.62117747946,424.74144202382,415.96549030746,422.31900022101,30848608.983658
2011-10-19,401.49065286844,408.43232766415,397.81545309627,398.64287148983,39387225.302983
2011-10-20,399.97870359508,400.37413648196,394.22000449457,395.29664529582,19610195.157286
2011-10-21,398.27734529187,399.13467037435,390.747505614,392.87752645844,22142738.351669
2011-10-24,396.08751106958,406.49836178043,395.36310460454,405.7473715919,17923941.415561
2011-10-25,405.02296512686,406.53159143479,397.39343648591,397.78554640735,15354774.788781
2011-10-26,402.01235844189,402.56729366969,393.10348810809,400.63332778596,16270467.160142
2011-10-27,407.81093312763,409.01716958088,401.91266947881,404.66740782521,17650967.887102
2011-10-28,402.95940359113,406.36876612842,402.50415732641,404.92659912922,11512610.689855
2011-10-31,402.14527705932,409.31291350468,401.0619903272,404.76709678829,13767838.300384
2011-11-01,397.52303213791,399.49355064143,393.16994741681,396.48626692189,18975872.730337
2011-11-02,400.1747585558,400.44059579068,395.1005903351,397.42666614027,11695258.542112
2011-11-03,399.26426602635,403.35483647801,395.32987495018,403.05576958878,15763997.372106
2011-11-04,402.4111142942,403.38806613237,399.13467037435,400.24121786452,10772364.350431
2011-11-07,399.91224428636,399.97870359508,396.12074072394,399.71951229108,9630646.5766168
2011-11-08,402.2449660224,407.97708139943,401.59034183152,406.20261785663,14272512.674019
2011-11-09,397.03123325339,400.9323946752,394.25323414893,395.26341564146,19914043.698433
2011-11-10,397.13092221647,397.23061117955,382.14102513487,385.24135188662,26588506.953458
2011-11-11,386.78985377977,388.71717373263,380.29345635248,384.6299262464,23332244.886173
2011-11-14,384.10489770752,385.27458154098,378.20331109327,379.28992079082,15455462.053349
2011-11-15,380.82513082223,389.50139357551,379.45274609718,388.85009235007,15375957.645286
2011-11-16,389.46816392115,391.16952222436,384.33750528804,384.78610562189,12445169.772917
2011-11-17,383.93874943572,384.60001955748,375.45189571229,377.41576828494,17132767.041145
2011-11-18,378.9277175583,379.99771242868,374.86373083013,374.93019013885,13280750.056105
2011-11-21,370.24148590872,371.69029883879,365.95486049633,369.00866573198,15983257.311471
2011-11-22,371.26495926299,377.94079682383,370.93598568483,376.50527575549,14601757.085701
2011-11-23,374.67099883484,375.81409894481,366.91187454189,367.01156350497,15289022.163841
2011-11-25,368.21115402735,371.16527029991,363.3363637328,363.59555503681,9098541.8845644
2011-11-28,372.34492302968,376.69800775078,370.3411748718,376.10984286861,12363450.174795
2011-11-29,375.58481432973,378.86458121502,370.21157921979,373.19560218128,13415152.808288
2011-11-30,380.99127909403,382.27062078688,378.30300005634,382.20748444359,14482423.554359
2011-12-01,382.42347719693,389.04614731079,380.75867151352,387.92963092431,13696826.066117
2011-12-02,390.22247707512,393.59860995805,388.61748476955,389.69744853624,13532023.840348
2011-12-05,393.43246168625,396.38657795881,390.38862534691,392.97721542152,12752864.246334
2011-12-06,392.54855288029,394.60879145058,389.40835054331,390.94688354015,10120938.766349
2011-12-07,389.69744853624,390.94688354015,386.78985377977,389.10928365407,10878660.972171
2011-12-08,391.49849580252,395.48937729111,390.22247707512,390.68769223615,13426603.363743
2011-12-09,392.71137818665,394.02394953385,391.0432495378,393.59860995805,10597629.731251
2011-12-12,391.66464407432,393.89103091641,389.46816392115,391.82746938068,10682022.875087
2011-12-13,392.84429680409,395.36310460454,387.1155043925,388.85009235007,12089586.868799
2011-12-14,386.72671743649,387.37137273107,377.67495958895,380.2303200092,14499722.139345
2011-12-15,383.31070896833,383.73937150957,378.3362297107,378.96094721266,9149107.4421178
2011-12-16,380.42637496992,384.13812736188,379.58234174919,380.99127909403,15041616.851976
2011-12-19,382.45006092042,384.88247161954,380.526063933,382.20748444359,8374471.3378275
2011-12-20,387.47106169415,396.08751106958,387.27500673342,395.95459245214,12024847.525539
2011-12-21,396.51949657625,397.33030014262,391.99029468704,396.41980761317,9354510.9629052
2011-12-22,397.03123325339,399.13467037435,396.08751106958,398.57641218111,7207870.6690229
2011-12-23,399.68960560215,403.55089143873,399.49355064143,403.28837716929,9619295.9620146
2011-12-27,403.1222288975,409.11685854396,402.99263324549,406.49836178043,9462322.7975164
2011-12-28,406.89047170187,408.26950235779,401.357734251,402.66698263277,8158680.5287384
2011-12-29,403.22191786057,405.6177759399,400.50040916853,405.08942443558,7682514.8777571
2011-12-30,403.45452544109,406.23584751099,403.45452544109,404.95650581814,6420529.9787795
2012-01-03,409.87117169792,412.49299142689,409.01716958088,411.24687938841,10791938.011744
2012-01-04,410.100456313,414.6562419257,409.27968385032,413.44003657614,9290704.0699096
2012-01-05,414.91211026427,418.55740334751,412.65249376782,418.05895853211,9677902.2291436
2012-01-06,419.79354648968,422.80415317466,419.23196533101,422.45191883845,11368473.680539
2012-01-09,425.45920255799,427.715496089,421.39521582981,421.78732575126,14065177.474999
2012-01-10,425.85463544487,425.92109475359,421.52481148182,423.30259799005,9221244.4247678
2012-01-11,422.71111014245,422.87061248338,419.33165429409,422.61142117937,7682628.661667
2012-01-12,422.31900022101,422.9370717921,418.75013534279,421.42512251874,7592653.3652752
2012-01-13,419.72708718096,420.451493646,418.65044637971,419.82677614404,8073631.0434377
2012-01-17,424.17986086514,425.92109475359,423.00353110082,424.61184637182,8671317.8801739
2012-01-18,426.90136955719,429.4899596318,426.24674536631,429.09120377949,9875185.1719352
2012-01-19,430.17449051161,431.35082027594,426.47270701595,427.715496089,9338902.6452746
2012-01-20,427.46295071587,427.49285740479,419.76031683532,420.321897994,14767746.805013
2012-01-23,422.67788048809,428.44322551948,422.35222987537,427.39649140715,10918304.327643
2012-01-24,425.06709263654,425.06709263654,419.5642618746,420.41826399164,19409470.710145
2012-01-25,454.41220040147,454.44543005583,443.73218949031,446.64643017764,34215947.620084
2012-01-26,448.44747744393,448.77645102209,443.14070164271,444.65265091607,11571579.163581
2012-01-27,444.26054099462,448.51061378721,443.79864879903,447.2711476796,10704051.692844
2012-01-30,445.76252137168,453.92040151695,445.40364110459,452.96671043683,13532350.205464
2012-01-31,455.78126216108,458.23693361825,453.03316974555,456.50566862612,13995565.2252
2012-02-01,458.43298857897,458.99456973765,455.55530051144,456.20992470232,9626773.2290759
2012-02-02,455.91418077852,457.19352247136,453.98686082566,455.1266379702,6668067.4316521
2012-02-03,457.29321143444,459.98481343756,455.5885301658,459.6558398594,10239898.956462
2012-02-06,458.36985223569,464.99252234955,458.20370396389,463.96904899527,8913423.8892509
2012-02-07,465.28162034248,469.74103995753,464.59376649723,468.8139326009,11281528.689516
2012-02-08,470.44883159539,476.77908075088,469.67458064881,476.6793917878,14551305.402338
2012-02-09,480.70350293075,496.78665564077,480.50412500459,493.15133145384,31542026.698771
2012-02-10,490.99140392046,497.63401182694,488.5922228757,493.41384572328,22531865.540898
2012-02-13,499.76403267139,503.7947897452,497.10898328806,502.61513701544,18461804.45821
2012-02-14,504.47599765957,509.55348884571,501.99041951348,509.45379988263,16463944.706747
2012-02-15,514.23554714497,526.25803609226,496.94948094713,497.69714817022,53740911.376243
2012-02-16,491.47987983955,504.87475351189,486.63499623393,502.1864744742,33719760.033491
2012-02-17,503.13684258888,507.78899419922,500.34887458811,502.08678551112,19120264.030592
2012-02-21,507.06458773418,514.82703499257,504.08721070356,514.82703499257,21591409.445212
2012-02-22,513.06254034608,515.48498214889,509.06833589206,513.02931069172,17246795.130604
2012-02-23,515.05964257309,517.84096464298,509.48702953699,516.36889095486,20279032.177362
2012-02-24,519.51573922271,522.94503955261,518.62518448587,522.4632095644,14826080.213451
2012-02-27,521.1506382172,528.48774589979,516.26920199178,525.82937355102,19528245.403294
2012-02-28,527.92284177567,535.39619104114,525.89583285974,535.39619104114,21410361.609598
2012-02-29,541.32436137888,547.64464163807,535.65205937971,542.47078445429,33979256.112104
2012-03-01,548.04007452495,548.23280652023,538.73244833884,544.49779337022,24387426.279894
2012-03-02,544.49779337022,546.78731655559,542.56715045193,545.25875245505,15385339.115121
2012-03-05,545.52126672449,547.48513929714,526.02875147718,533.13657454469,28865409.270326
2012-03-06,523.96518994145,533.62505046377,516.20274268306,530.21901089192,28902549.951557
2012-03-07,536.47283184239,537.75217353523,523.37702505929,530.67758012208,23387817.868667
2012-03-08,534.93762181097,543.02239671665,532.12307008672,541.97233963889,18415786.555542
2012-03-09,544.46456371586,547.77756025551,543.15531533409,545.25875245505,14946847.8855
2012-03-12,548.97715077789,551.99440339373,546.98669448175,551.99440339373,14545719.879299
2012-03-13,557.50055712111,568.23705844468,555.66628020046,568.13736948161,24673230.4865
2012-03-14,577.92682565593,594.73438483099,575.40469489004,589.59375730157,50672810.760545
2012-03-15,599.61582105641,600.00793097785,578.5249594344,585.55967726232,41416808.796998
2012-03-16,584.68573735266,589.23487703449,577.92682565593,585.55967726232,29481704.275336
2012-03-19,598.36970901793,601.77907155522,589.10195841705,601.0845717791,32186967.773635
2012-03-20,599.41976609569,606.91305315377,581.99413534954,605.96600800452,29166720.048093
2012-03-21,602.75934635882,609.66446853474,601.3803157029,602.53006174374,23001482.011511
2012-03-22,597.81145082469,604.46070466203,595.51860467388,599.32007713261,22290412.051398
2012-03-23,600.46317724258,601.81230120958,594.37550456391,596.07686286712,15373894.93951
2012-03-26,599.74541670841,607.14233776885,595.25609040444,606.94628280813,21264630.512079
2012-03-27,606.15873999981,616.28381568316,606.0291443478,614.47944545144,21657924.070254
2012-03-28,618.37396094238,621.45434990151,610.3257386565,617.62297075385,23390671.675058
2012-03-29,612.81463976803,616.5463299526,607.20879707757,609.8638464609,21685655.836285
2012-03-30,608.78055972878,610.5849299605,597.97095316561,599.51613209333,26087929.28208
2012-04-02,601.77907155522,618.80262348362,600.3634882795,618.67302783162,21346443.520742
2012-04-03,627.31606093054,632.19749715595,622.50772994471,629.30984019211,29769629.659587
2012-04-04,624.33536093448,625.88386282764,617.00157621733,624.30213128012,20442326.71366
2012-04-05,626.98708735238,634.68307530205,623.35176316544,633.310690577,18143293.230694
2012-04-09,626.13640820077,639.89348510563,625.2890520146,636.22825422977,19471595.671713
2012-04-10,639.95994441435,643.95414886836,625.97358289441,628.46912993681,31738824.713257
2012-04-11,636.19502457541,636.87623248978,623.32185647652,626.20286750949,24863235.682813
2012-04-12,624.9933080908,631.31358834999,620.4740750979,622.77024421415,21924122.174642
2012-04-13,624.07616963048,624.697564167,603.50701358191,605.18178816164,30692078.857172
2012-04-16,610.06322438705,610.29250900214,578.15943323645,580.09339912017,37508697.156871
2012-04-17,578.88383970149,609.99676507834,571.90893525141,609.6976981891,36613799.494733
2012-04-18,613.69522560855,620.24479048282,602.72611670447,608.35854311841,34062962.550032
2012-04-19,600.1973400077,604.72321893147,584.55281873522,587.46041349169,29789321.287821
2012-04-20,591.39480456786,594.60146621355,570.42689266698,572.98225308723,36807534.642573
2012-04-23,570.59304093878,576.66077582483,556.55018900643,571.71288029069,34505047.407161
2012-04-24,562.65115354684,567.72199880211,554.97842635522,560.25529546752,38265741.714957
2012-04-25,615.62254556141,617.98849695181,605.96600800452,609.99676507834,32323872.537999
2012-04-26,614.28671345615,614.6788233776,602.17118147666,607.70724189296,19129845.953912
2012-04-27,605.0488695442,606.15873999981,600.4930839315,603.01189173196,14526272.460647
2012-04-30,597.84468047905,598.43616832665,583.00431684207,583.96133088762,18062511.168655
2012-05-01,584.90837603687,596.7680396778,581.20659254122,582.12705396698,21812939.976958
2012-05-02,580.18976511782,587.42718383733,578.81738039277,585.98833980356,15354087.420813
2012-05-03,590.54080245082,591.42803422222,580.25622442653,581.80140335425,14283090.725665
2012-05-04,577.05620871171,578.29235185388,565.20651396709,565.26965031038,18980877.507041
2012-05-07,561.48811564426,572.75961440302,561.22892434025,569.51972310296,16548056.475402
2012-05-08,569.58618241168,571.51350236454,558.70679357436,568.23705844468,17925843.57197
2012-05-09,563.71450248635,573.97581975258,560.83681441881,569.1907495248,17162457.629838
2012-05-10,574.5972142891,575.89981674,568.4696660252,570.52658163006,12169846.746652
2012-05-11,565.04036569529,574.46429567166,564.40900226246,566.7317551022,14232918.250744
2012-05-14,562.58469423812,567.52594384139,557.56701642983,558.18841096635,12762788.273723
2012-05-15,561.4548859899,563.2293495327,551.76179581322,553.18070205437,17000461.722756
2012-05-16,554.05796492946,556.84593293023,541.06184710944,546.09946271035,20224712.473025
2012-05-17,545.38834810705,547.51504598607,530.11932192884,530.11932192884,22023698.563978
2012-05-18,533.91747142214,543.45105925789,522.20069529496,530.38183619828,26142671.500591
2012-05-21,534.47905258081,561.52134529862,534.01716038521,561.29206068354,22848593.210892
2012-05-22,569.58618241168,573.8761307895,552.59253717221,556.91239223895,24799853.681387
2012-05-23,557.46732746675,572.8227507463,553.21393170873,570.55981128442,20997527.854195
2012-05-24,575.89981674,576.49462755303,561.22892434025,565.33610961909,15324960.786226
2012-05-25,564.64160984298,565.87443001972,558.44760227036,562.31885700325,11715850.721392
2012-05-29,570.89210782801,574.00904940694,565.33610961909,572.30436813829,13581797.364384
2012-05-30,569.1907495248,579.96380346817,566.56892979583,579.14967693636,18898740.661124
2012-05-31,580.7147936567,581.50565943045,571.48691864105,577.67095731736,17562386.345803
2012-06-01,569.15751987044,572.66324840538,560.51448677152,560.99963972517,18597457.990782
2012-06-04,561.48811564426,567.52594384139,548.45876816988,564.30931329938,19881885.976044
2012-06-05,561.26215399461,566.46924083276,558.284776964,562.87379223105,13854869.900795
2012-06-06,567.81504183432,573.84290113514,565.52551864894,571.48691864105,13145852.71557
2012-06-07,577.27884739592,577.31207705028,570.52658163006,571.74278697962,13559744.893057
2012-06-08,571.64642098197,580.55196835033,568.99137159865,580.28945408089,12400416.523789
2012-06-11,587.72292776113,588.51379353488,570.59304093878,571.19117471725,21105161.053183
2012-06-12,574.46429567166,576.62754617047,566.69852544784,576.16565397487,15550795.696177
2012-06-13,574.53075498038,578.42527047132,570.40030894349,572.17144952086,10489289.212236
2012-06-14,571.25763402597,573.5438342459,567.26342957195,571.5467320189,12345611.740678
2012-06-15,570.99179679109,574.63044394346,569.58618241168,574.10541540458,11959682.95968
2012-06-18,570.95856713673,587.88575306749,570.40030894349,585.75905518848,15712572.220899
2012-06-19,583.39974972895,590.0124509465,583.07077615079,587.42718383733,12898604.823338
2012-06-20,588.21472664565,589.30133634321,580.74802331106,585.72582553412,12822670.840616
2012-06-21,585.43008161032,588.24795630001,577.41176601336,577.60449800864,11656004.206635
2012-06-22,578.98352866456,582.16028362134,575.4379245444,582.09382431262,10164044.481037
2012-06-25,577.27884739592,579.77107147289,570.40030894349,570.75918921057,10212610.890502
2012-06-26,571.35400002361,574.49752532602,567.35979556959,572.04185386885,9878284.4819336
2012-06-27,575.0225538649,576.72391216811,571.94216490577,574.49752532602,7248356.8259189
2012-06-28,571.67965063633,574.00904940694,565.61856168115,569.05783090736,10104944.287615
2012-06-29,577.92682565593,583.99456054198,574.23501105658,583.99456054198,15038783.930544
2012-07-02,584.71564404159,593.45836610359,583.63235730947,592.57113433219,14280761.78179
2012-07-03,594.89388717192,599.97470132349,594.01330133139,599.38653644133,8632595.8102397
2012-07-05,600.55954324022,614.35317276487,599.64905071077,609.93030576962,17290294.499702
2012-07-06,607.07587846013,608.45823208149,601.57969362906,605.86631904144,14962730.807251
2012-07-09,605.24492450492,613.89460353471,604.06859474059,613.86137388035,13541127.636515
2012-07-10,617.95526729745,619.88591021574,605.27815415928,608.19239484661,18252651.63571
2012-07-11,606.09560365652,607.6740122386,597.22328594252,604.39424535331,16749842.504455
2012-07-12,600.23056966206,603.4405542732,592.70405294962,598.89473755681,15275373.421212
2012-07-13,602.95540131955,607.17556742321,599.97470132349,604.9192738922,11125372.385756
2012-07-16,605.08209919856,611.59843441847,604.98241023548,606.91305315377,10760899.530608
2012-07-17,610.85076719538,611.50206842082,603.1448103494,606.94628280813,10488411.953638
2012-07-18,606.58740254105,608.35854311841,603.54024323627,606.22519930853,9012197.953058
2012-07-19,611.30269049467,615.3633542574,605.96600800452,614.35317276487,15585225.936938
2012-07-20,613.0339554868,614.44953876252,603.70639150807,604.26797266675,14187765.599327
2012-07-23,594.37550456391,605.8995486958,587.72292776113,603.83598716007,17411921.97606
2012-07-24,607.37494534937,609.6976981891,598.53253432429,600.92174647274,20069171.402869
2012-07-25,574.46429567166,580.74802331106,570.04475164184,574.98932421055,31323797.766218
2012-07-26,579.73784181853,580.35591338961,570.37040225457,574.88963524747,14523726.421525
2012-07-27,575.0225538649,585.82219153176,571.64642098197,585.16424437544,14426791.106907
2012-07-30,590.96946499205,599.41976609569,587.82261672421,595.02680578936,13534726.396294
2012-07-31,603.20794669268,611.69480041611,602.72611670447,610.81753754102,16501393.305716
2012-08-01,615.91828948521,616.4167343006,602.98530800847,606.81668715613,13725880.506153
2012-08-02,602.82580566754,610.7510782323,600.23056966206,607.77370120168,11863471.456382
2012-08-03,613.62876629983,617.98849695181,611.56852772954,615.68568190469,12307547.546982
2012-08-06,617.30064310657,624.86038947336,615.26366529432,622.57418925343,10790929.635321
2012-08-07,622.77024421415,624.9933080908,618.02172660617,620.86286205391,10373116.472122
2012-08-08,619.42734098558,623.8468850154,617.13449483477,619.88591021574,8720109.3897832
2012-08-09,617.82144980653,621.69931562474,617.75858338115,620.68683530019,7917766.5325688
2012-08-10,618.70157976186,621.73240321704,618.70157976186,621.69931562474,6963396.3049496
2012-08-13,623.39340035078,629.98113997881,623.26435874079,629.98113997881,9945659.4472427
2012-08-14,631.87375025869,638.65339792209,630.21275312495,631.71492981562,12141045.630959
2012-08-15,631.28479111565,633.98804740701,627.70140486896,630.8678874526,9192036.8575497
2012-08-16,631.21861593104,636.76078764221,630.50392393724,636.37035405301,9093912.7640822
2012-08-17,639.96366657739,648.17931574685,638.81552712439,648.08005296994,15805266.37209
2012-08-20,650.00575084212,665.10692797036,649.90979682443,665.10692797036,21897417.385638
2012-08-21,670.84100771691,674.94717792203,650.33662676517,656.06739775249,28970361.945611
2012-08-22,654.47588456259,668.98148502934,648.08005296994,668.85244341935,20176238.205415
2012-08-23,666.07970318414,669.89470257697,661.09009426447,662.59227095514,14996931.460531
2012-08-24,659.52835990765,669.47449015469,655.54461379406,663.17461257972,15442671.418392
2012-08-27,679.94009560093,680.88309198164,673.61043919288,675.76113269274,15237055.399639
2012-08-28,675.04313193971,676.18796263348,670.67556975538,674.85122390434,9536638.4500353
2012-08-29,675.334302752,677.65043421339,672.62773770141,673.51117641597,7233732.4151569
2012-08-30,670.67556975538,671.55900846994,662.82057534205,663.82974690737,10803280.356554
2012-08-31,667.25762147022,668.59105144013,657.2817123901,665.20619074728,12078256.353915
2012-09-04,665.68596083571,675.20856990124,664.48488123502,675.01004434741,13127908.249988
2012-09-05,675.66186991583,676.41957577962,669.60353176468,670.25204857387,12003513.744142
2012-09-06,673.22000560368,678.27248094873,670.8079201246,676.32031300271,13972276.034202
2012-09-07,678.04417656182,682.45144385692,675.85708671043,680.42648320782,11765424.16279
2012-09-10,680.42648320782,683.2290022761,662.03639940441,662.72462132436,17412591.634953
2012-09-11,665.07384037806,670.08991937157,656.52731528554,660.59378037989,17987756.331867
2012-09-12,666.83079152948,669.89470257697,656.00122256788,669.79874855929,25422429.538925
2012-09-13,677.42874734494,685.44587096057,674.81813631203,682.90474387151,21356079.326507
2012-09-14,689.97887110643,697.01991074904,687.85464768041,691.28913976173,21434371.635481
2012-09-17,699.36912980274,699.82904733578,694.64091286228,699.79595974348,14215300.547009
2012-09-18,699.89522252039,702.343704351,696.473965476,701.94665324334,13326173.990796
2012-09-19,700.2856561096,703.93852630013,699.60074294888,702.11209120487,11665521.577873
2012-09-20,699.17722176736,700.09374807423,693.63835881542,698.75370058585,12008881.103555
2012-09-21,702.40987953561,705.01387305006,699.36912980274,700.12683566653,20397482.318084
2012-09-24,686.82231480048,695.20009317224,682.93783146381,690.82922222868,22830545.662695
2012-09-25,688.25169878808,692.78469893394,673.05456764215,673.61043919288,18518861.008137
2012-09-26,668.72340180936,672.72700047832,661.12318185678,665.14001556267,20591342.479947
2012-09-27,664.28635568118,682.19005187771,660.37209351144,681.33970075545,21203219.911615
2012-09-28,678.73239848178,681.11470512778,666.73152875256,667.09549226792,19101432.136976
2012-10-01,671.16857488073,676.81662688729,656.52731528554,659.39931829766,19402031.132157
2012-10-02,661.74522859212,666.30800757105,650.65757641054,661.255532226,22419707.972406
2012-10-03,664.84553599115,671.88657563376,662.59227095514,671.49283328533,15142920.142795
2012-10-04,671.26783765765,674.3052786313,665.48743528187,666.79770393717,13233356.629785
2012-10-05,665.17310315497,665.95066157415,651.30940197896,652.61636187502,21203115.884705
2012-10-08,646.87235585078,647.56388652997,636.11227083303,638.20671542597,22776282.361109
2012-10-09,638.6864855144,640.45005418428,623.52575072,635.85749637227,29937305.345559
2012-10-10,639.70227459818,644.95327549706,637.02548838066,640.87357536579,18213274.796042
2012-10-11,646.44883466927,647.20323177384,628.09183845817,628.09183845817,19492615.752891
2012-10-12,629.56092755653,635.36780000615,625.32571574142,629.7197479996,16423425.252045
2012-10-15,632.39322545788,635.10640802694,623.85331788383,634.77553210388,15435454.634596
2012-10-16,635.36780000615,650.33662676517,631.02670789567,649.81053404752,19627726.460214
2012-10-17,648.89731649988,652.81157866963,644.00035283866,644.59262074093,13896083.303806
2012-10-18,639.53683663665,642.04818489264,629.98113997881,632.65792619633,17015341.48515
2012-10-19,631.09288308028,631.81088383331,609.63557947014,609.86719261628,26566427.40527
2012-10-22,612.43809853842,635.36780000615,610.74070505315,634.05422259162,19512182.785573
2012-10-23,631.02670789567,633.89540214856,611.72671530385,613.35131608605,25239357.016027
2012-10-24,621.40814481245,626.55326541596,610.64475103546,616.84205707429,19932296.672121
2012-10-25,619.97876082485,621.99379519626,605.5261005058,609.53631669323,23383256.111709
2012-10-26,609.43705391631,614.00975917293,590.95432485444,603.99414498205,36364222.603134
2012-10-31,594.8917483388,601.94271425911,587.7547546785,595.35497463108,18214353.327223
2012-11-01,598.22366888396,602.95188582443,594.18367386346,596.49318780639,12908848.853551
2012-11-02,595.91084618181,596.92001774713,574.75133090242,576.76967403306,21406150.724411
2012-11-05,583.51623410416,587.82092986311,577.55054121147,584.62466844639,18900106.366927
2012-11-06,590.23632410141,590.7227117083,580.09497705977,582.86109977651,13384028.638614
2012-11-07,573.78830397098,574.53597739973,555.73874278365,558.01470022534,28308233.67178
2012-11-08,560.63979151481,562.2372435542,535.25512580847,537.79128677822,37690005.8912
2012-11-09,540.49213352523,554.83297100874,533.70049207117,547.03674631341,33206887.693024
2012-11-12,554.11823473545,554.44431257442,538.70035226868,542.85702128664,18415969.493671
2012-11-13,538.9572620812,550.42268589381,536.39475138709,542.92289559754,19036718.970056
2012-11-14,545.52163716265,547.46492933428,536.20042216992,536.88222128777,17030853.038566
2012-11-15,537.53108325016,539.54024973269,522.60396439962,525.61442040787,28195047.121548
2012-11-16,525.19941224918,530.00164951398,505.72037851526,527.69604863239,45246099.445416
2012-11-19,540.77868677766,567.52695071968,539.93220188256,565.70223230768,29378493.520178
2012-11-20,571.91088611026,571.94382326571,554.53983032523,560.92634476724,22947995.163604
2012-11-21,564.24641003673,567.39849581342,556.57864024766,561.71024906698,13323561.582252
2012-11-23,567.20087288072,571.97676042116,562.66213285952,571.48599680493,9743797.683872
2012-11-26,575.86334476442,589.9835033064,573.65984906472,589.53226427672,22484552.744524
2012-11-27,589.53226427672,590.40839261172,580.07930066219,584.81895733163,19034513.8616
2012-11-28,577.25988015555,585.80048456408,572.23037651813,582.93824575536,18604660.712292
2012-11-29,590.21406339456,594.20604663526,585.30972094786,589.33464134401,18370468.934213
2012-11-30,586.25501730931,588.36628897374,582.6780422273,585.34265810331,13963240.41035
2012-12-03,593.62305898377,594.56506162968,585.50734388057,586.18914299841,13000816.832308
2012-12-04,581.77885788348,581.81179503893,572.10850904296,575.83040760897,19910886.292809
2012-12-05,568.92348611082,569.24627023424,538.8255134594,538.8255134594,37279243.006106
2012-12-06,528.89496109082,553.27504355589,518.67126803873,547.23436924612,42025890.822461
2012-12-07,553.3705613067,555.15904884771,530.00164951398,533.20972845494,28118233.566603
2012-12-10,525.00508303202,538.53566649142,521.5302131319,529.80732029682,22508576.49488
2012-12-11,539.80045326076,549.57290728316,537.3663974729,541.42096130896,21117747.828218
2012-12-12,547.79430088879,548.01827354586,536.29923363628,539.05607354756,17387870.116661
2012-12-13,531.13468766151,537.66283187196,525.77581246958,529.67557167502,22319165.572336
2012-12-14,514.74515910893,518.15415469814,505.58862989346,509.77494235132,36041263.027529
2012-12-17,508.90540144741,520.00522283451,501.20798821843,518.89853441134,27077269.417447
2012-12-18,525.00508303202,534.8994045296,520.26213264703,533.86188413288,22324195.393452
2012-12-19,531.46076550048,533.66755491572,525.48596550161,526.33574411225,16037416.035533
2012-12-20,530.00164951398,530.19597873115,518.96440872224,521.69160519361,16952385.242407
2012-12-21,512.53507597814,519.67914499554,510.1965379411,519.35306715657,21299022.741555
2012-12-24,520.39388126883,524.25411588773,518.77007950508,520.19955205167,6276710.6985146
2012-12-26,519.0632201886,519.48152206283,511.1088971471,512.99290243892,10792319.225176
2012-12-27,513.54295293495,516.26685569078,504.6499209631,515.07453066344,16242628.595858
2012-12-28,510.262412252,514.45201842541,508.08855999221,509.58390684971,12644796.4098
2012-12-31,510.06478931929,535.38687443028,509.00091919822,532.14585833387,23535934.065269
2013-01-02,553.78886318094,554.96471963055,541.61858424167,549.04920651149,20008488.740742
2013-01-03,547.56374080063,549.70465590497,541.03230287463,542.10605414235,12595416.219625
2013-01-04,536.98103275412,538.66741511323,525.80874962503,527.04389295446,21213358.634824
2013-01-07,522.01438931704,529.25068236969,515.23262900961,523.86875116895,17276730.009088
2013-01-08,529.18480805879,531.88236109026,521.26671588829,525.29492999999,16363220.521469
2013-01-09,522.66983871052,525.00508303202,516.00335844717,517.11334058588,14549356.871698
2013-01-10,528.50959637204,528.67098843375,515.55870684858,523.44056814808,21452064.160309
2013-01-11,521.20084157739,525.32786715544,519.0632201886,520.32800695793,12519432.365959
2013-01-14,502.70004136038,507.46604775418,498.51372890251,501.76133243001,26203632.984498
2013-01-15,498.31610596981,498.96826164774,483.38569340372,485.88232978693,31272054.64121
2013-01-16,494.65349428362,509.42251478799,492.54222261919,506.07939350968,24654755.575355
2013-01-17,510.29534940745,510.75317586823,502.01824224253,502.70004136038,16172895.28196
2013-01-18,498.51372890251,502.24550861515,496.40575095363,500.00578204446,16892115.31403
2013-01-22,504.55440321229,507.8250627486,496.66595448169,504.77837586936,16451478.871656
2013-01-23,508.80658998105,515.00865635254,504.77837586936,513.99419196464,30634600.868645
2013-01-24,460.016781611,465.70502835744,450.21468414868,450.50453111665,52147093.228436
2013-01-25,451.70344357508,456.21583387192,434.99113089908,439.89217963024,43128359.281027
2013-01-28,437.8533697078,453.23502130357,435.86725923408,449.82602571436,28027846.586938
2013-01-29,458.49837874469,460.24404798361,452.12833288041,458.23817521663,20386155.750219
2013-01-30,456.96021358512,462.64516661601,454.49322064181,456.83175867886,14892176.063133
2013-01-31,456.92727642966,459.26581446671,454.95434081813,455.47804158981,11398774.9657
2013-02-01,459.104422405,459.49637455487,448.33067885687,453.6236797379,19260743.264166
2013-02-04,453.91023299032,455.93586805058,442.02980101903,442.32623541809,17031037.086032
2013-02-05,444.05214236374,459.72693464303,442.26036110719,457.8132859113,20466470.51826
2013-02-06,456.43980652898,466.43952692401,452.61909649663,457.32252229508,21184670.638333
2013-02-07,463.26203843959,470.00777816664,454.12254349872,468.20018189026,25090622.460771
2013-02-08,473.97008159855,478.80998612116,468.22965356868,474.97866792667,22601229.347268
2013-02-11,476.45552647856,484.8811518755,473.25621205462,479.97902936512,18468328.337433
2013-02-12,479.52385566509,482.36623531707,467.74828282117,467.91201436794,21716475.475121
2013-02-13,467.22761650243,473.61314682658,463.22929213024,467.03441327724,16962411.824339
2013-02-14,464.51294745694,471.64509363437,463.99555576913,466.60871125563,12691975.987259
2013-02-15,468.8682066011,470.16823508248,459.96448508758,460.19043462213,13992619.01664
2013-02-19,461.09423276032,462.74464675179,453.86057302388,460.02997770629,15557165.770449
2013-02-20,457.70498974211,457.70498974211,448.83073990702,448.86348621637,17000847.239651
2013-02-21,445.98836025504,449.18440004805,442.79559509296,446.05385287375,15955772.094559
2013-02-22,449.28263897611,451.60435230935,446.57124456155,450.8053423611,11800677.285963
2013-02-25,453.86057302388,455.09510888655,442.56964555842,442.76284878361,13289161.116986
2013-02-26,443.8336530995,451.53885969064,437.67079767897,448.99119682285,17893103.392356
2013-02-27,448.4410588257,452.4492070907,440.6015923662,444.54097338156,20970268.025134
2013-02-28,444.02358169376,447.86144915012,441.4137008382,441.4137008382,11514160.998024
2013-03-01,438.02773245093,438.21766104519,429.98523887344,430.46660962095,19715556.187074
2013-03-04,427.79123614668,428.21038890642,418.97920429936,419.98124136561,20782596.402862
2013-03-05,421.46464917937,435.21809910831,420.72130795702,431.11498654617,22788498.54251
2013-03-06,434.53042661186,435.31633803637,424.43473943784,425.62997972928,16432347.479926
2013-03-07,424.5329783659,431.98931300594,421.04877105057,430.56157391808,16719742.218004
2013-03-08,429.79203564825,435.47679495221,428.59679535681,431.69787085269,13982637.342172
2013-03-11,429.69707135112,439.01994562438,425.1420597199,437.86400090416,16936905.072083
2013-03-12,435.63397723711,438.89223501789,427.56528661214,428.43306381003,16639635.419659
2013-03-13,428.43306381003,434.50095493344,425.33526294509,428.33482488197,14493399.725159
2013-03-14,432.82761852542,434.62866553992,430.4338633116,432.50343006281,10852680.347931
2013-03-15,437.92949352287,444.1840386096,437.27784196671,443.66992155273,22998539.036708
2013-03-18,441.44644714755,457.4823148385,441.21722298207,455.71073950242,21649867.785797
2013-03-19,459.54205769691,460.96979678477,448.50655144441,454.4434573304,18813332.010295
2013-03-20,457.44956852915,457.67224343276,449.57408112937,452.05625137844,11023594.81464
2013-03-21,450.25520436394,457.99970652631,450.12749375746,452.7079029346,13687630.418021
2013-03-22,454.54169625846,462.09299519563,453.09758401592,461.8965173395,14110870.174597
2013-03-25,464.67667900371,469.94228554793,461.77208136396,463.54365670004,17897630.284177
2013-03-26,465.42329485699,465.8391729858,460.55064402503,461.15972537902,10510487.831558
2013-03-27,456.44425683196,456.80119160393,450.73984974239,452.05625137844,11836042.034627
2013-03-28,449.86552328262,451.82702721296,441.60362943245,442.63513817712,15820801.678439
2013-04-01,442.15049279868,443.70266786208,427.72574352797,428.92098381942,13908577.72911
2013-04-02,427.59803292149,438.18491473583,426.40279263005,429.79203564825,18915532.596131
2013-04-03,431.37368239008,437.31058827607,430.2766810267,431.95656669659,12965117.210691
2013-04-04,433.76088834203,435.02162125218,425.24029864796,427.69299721862,12802835.350392
2013-04-05,424.5329783659,424.94558186377,419.62758122458,423.21002746797,13679454.656988
2013-04-08,424.88336387599,427.49979399343,422.49288329311,426.24233571421,10747722.321585
2013-04-09,426.37004632069,428.49855642874,422.75157913701,426.98567693656,10952509.338264
2013-04-10,428.21038890642,437.08136411058,426.01638617966,435.73221616517,13420112.484774
2013-04-11,433.76088834203,438.02773245093,431.17720453395,434.33722338667,11730070.794863
2013-04-12,434.18004110177,434.18004110177,429.08471536619,429.79203564825,8522457.9960416
2013-04-15,427.01842324591,427.88292581288,419.49659598716,419.79131277135,11327062.020436
2013-04-16,421.52686716715,426.59927048618,420.56085104119,426.27508202356,10902166.229911
2013-04-17,420.23666257858,420.59359735054,398.1034320858,402.81562600193,33740375.259865
2013-04-18,404.97360778839,405.81518793881,389.7367500457,392.02899170052,23787701.709062
2013-04-19,387.93897766213,399.58683989956,385.09659801015,390.52266147021,21753037.396864
2013-04-22,393.00810635022,402.20654464793,391.2889251091,398.65029545202,15345161.696194
2013-04-23,404.0043170315,408.3628508066,398.78128068944,406.16884807984,23595874.839903
2013-04-24,393.55496971644,415.26577281855,392.48416540055,405.4909994762,34632969.313244
2013-04-25,411.20195582764,413.97884286091,406.97440728996,408.3628508066,13715703.719047
2013-04-26,409.78404063259,418.72378308639,408.20239389076,417.24037527263,27290981.842335
2013-04-29,420.52810473183,433.62990310461,419.94849505625,430.0834778015,22857740.788268
2013-04-30,435.11986018024,445.2188219852,432.05480562465,442.73010247425,24683774.23077
2013-05-01,444.41326277508,444.89135889166,434.40271600538,439.33758482512,18106977.570485
2013-05-02,441.79355802671,448.60479037247,440.57539531872,445.51026413846,15068536.965697
2013-05-03,451.3129101561,453.22856925334,449.15165373869,449.99650852004,12908955.064903
2013-05-06,455.71073950242,462.19123412369,454.27972578362,460.74712188116,17728342.412986
2013-05-07,464.9713957879,465.74420868867,453.70011610805,458.67428049901,17265636.376836
2013-05-08,459.06068694939,465.36107686922,455.80897843048,463.80235254394,16870977.7037
2013-05-09,459.79944222725,463.00049110976,455.59318592127,456.8098447445,14233628.30857
2013-05-10,457.97120089394,459.70184927351,450.49558063784,452.96468236734,11952871.517416
2013-05-13,451.48777566748,457.90613892479,451.4552446829,454.76039271606,11320016.986056
2013-05-14,453.8625375417,455.21582650016,442.09608041971,443.86251288232,15961225.297363
2013-05-15,439.17805110303,441.01279863325,422.3465196822,428.8266918102,26477212.699346
2013-05-16,423.24762795502,437.80199045537,418.85269193848,434.5976884744,21548355.977723
2013-05-17,439.0804581493,440.07915937585,431.03879876153,433.25415881132,15284299.30556
2013-05-20,431.90086985286,445.81437195702,430.10841260259,442.8995957388,16110465.539025
2013-05-21,438.1240472027,445.49231520969,434.20731665946,439.65950967479,16292878.892845
2013-05-22,444.05444569133,448.34528255721,438.18585607339,441.32834918366,15827641.298713
2013-05-23,435.97374912207,446.19823757504,435.81109419917,442.09608041971,12612180.85828
2013-05-24,440.85014371036,445.68750111716,440.33290105556,445.17676465928,9864946.9777691
2013-05-28,449.89375742314,451.10391004946,440.85014371036,441.39341115282,13780016.12341
2013-05-29,439.98156642212,447.51574245046,439.40251489662,444.94904776723,11808673.022941
2013-05-30,445.68750111716,454.53918202093,444.50337327851,451.55283763664,12628158.794599
2013-05-31,452.52226097707,457.13190149182,449.50663870666,449.73110250025,13721708.973332
2013-06-03,450.71679133297,452.36285915264,442.48319913619,450.71679133297,13292038.239993
2013-06-04,453.21842404705,454.44158906719,447.38887161061,449.31145279919,10624536.591188
2013-06-05,445.68750111716,450.71679133297,443.69985795942,445.11170269012,10367280.620965
2013-06-06,445.49231520969,447.03753697716,434.07719272115,438.44610395002,14892248.583293
2013-06-07,436.54629445065,443.21839938766,432.80197812568,441.77727677084,14451909.928141
2013-06-10,444.7278370721,449.08373590714,436.80654232727,438.88852534029,16079777.042721
2013-06-11,435.7785632146,442.74019391436,433.31271458356,437.54824877566,10219651.889089
2013-06-12,439.50010785036,441.20147834381,431.54628212095,432.22617969864,9472240.8188383
2013-06-13,432.54823644597,437.13185217306,428.72909885647,435.97374912207,10213005.548598
2013-06-14,435.43373477807,436.32508375551,428.4721040783,430.04660373189,9710453.1293614
2013-06-17,431.4812201518,435.74603223002,430.36540738076,431.99846280659,9264955.3927314
2013-06-18,431.54628212095,434.91974522173,430.20275245787,431.77074591454,6966180.702408
2013-06-19,431.4194112811,431.67315296081,422.99063317685,422.99063317685,11106040.431389
2013-06-20,419.30487262412,426.0030023488,415.1636782873,416.80323991005,12763500.563595
2013-06-21,418.47533251737,420.00428879256,408.07842984614,413.56966004296,17185232.701876
2013-06-24,407.3790136777,408.66073447009,398.0133432176,402.56768105856,17162757.206299
2013-06-25,405.67764318425,407.7954102803,398.81685853668,402.63274302772,11223510.992134
2013-06-26,403.91446382011,404.77978800989,395.67436542641,398.0133432176,13136396.624296
2013-06-27,399.23650823774,401.41283110603,393.55985142882,393.82009930545,12046097.438467
2013-06-28,393.65744438256,402.63274302772,391.15906476694,398.84938952126,20542553.035571
2013-07-01,402.69780499688,412.32047023515,401.22089829702,409.23653289712,13968519.947671
2013-07-02,409.97498624705,421.64385041531,409.49678077375,418.47533251737,16784548.303019
2013-07-03,420.84684129314,422.95810219227,417.40831622321,420.78503242244,8604594.1931414
2013-07-05,420.3946606075,423.31268992417,415.29380222561,417.37903833708,9787641.9704785
2013-07-08,420.10188174629,420.99973692065,410.67765551395,415.06608533356,10649165.848814
2013-07-09,413.63146891366,423.53715371777,410.41740763732,422.3465196822,12593579.822749
2013-07-10,419.59114528841,424.78634352557,418.24761562533,420.75250143786,10041425.067025
2013-07-11,422.92882430615,428.21510930013,421.16239184355,427.25544525507,11654272.101324
2013-07-12,427.63605777464,429.78635585527,423.43956076403,426.5202450036,9986410.1628284
2013-07-15,425.00755422071,431.4812201518,424.78634352557,427.41810017796,8641148.8813997
2013-07-16,426.5202450036,430.71674201421,424.17801411396,430.20275245787,7724090.2560098
2013-07-17,429.69201599999,432.25871068322,428.21510930013,430.33287639618,7107191.9585829
2013-07-18,433.37452345426,434.85468325257,430.61914906047,431.73821492997,7818359.1519485
2013-07-19,433.12728797146,433.98285286587,424.36994692297,424.94574535001,9598590.9140867
2013-07-22,429.46429910794,429.75382487069,425.49226589092,426.29578121001,7424748.8396272
2013-07-23,426.0030023488,426.96591949232,418.69329011405,418.95028489222,13126352.938123
2013-07-24,438.95358730944,444.59771313379,435.30361083975,440.49555597846,21141161.078101
2013-07-25,440.72001977205,441.36088016824,435.84362518375,438.51116591918,8201532.7989059
2013-07-26,435.33614182433,441.01279863325,434.33744059778,441.01279863325,7150242.884282
2013-07-29,440.81761272578,449.99135037688,440.17675232959,447.80852131167,8865434.4077855
2013-07-30,449.92628840772,457.19696346098,449.21385984545,453.31601700078,11047771.306597
2013-07-31,454.98810960811,457.39214936845,449.4415767375,452.52226097707,11525182.70995
2013-08-01,455.62571690585,456.8098447445,453.25095503163,456.71225179076,7361061.618756
2013-08-02,457.99722568161,462.83783618686,456.67972080618,462.55481662103,9795544.4057516
2013-08-05,464.70511470166,470.66153797796,462.17420410147,469.48066323776,11380990.670859
2013-08-06,468.0655654086,471.88795609656,462.17420410147,465.23862284875,11960059.187972
2013-08-07,463.83328431496,467.01156150827,461.75130130195,464.96210947983,10671046.035019
2013-08-08,463.85451460605,464.10982364705,457.92100322295,461.04934691513,9138135.1601028
2013-08-09,458.6255269057,460.46763011287,453.68416584646,454.52119168971,9553142.0587518
2013-08-12,456.84805889877,468.63105590465,456.62183569789,467.31572957953,13007430.791991
2013-08-13,470.92237375357,494.64672400595,467.99116742216,489.5502384661,31439865.585436
2013-08-14,497.82677585833,504.26121004338,493.43804576124,498.46666434082,26998281.017241
2013-08-15,496.43065553289,502.38678923608,489.07193798424,497.85586169844,17504676.795225
2013-08-16,500.12132546726,502.99112835844,498.81892618219,502.32215403583,12929737.18262
2013-08-19,504.32584524363,513.6914857601,504.00590100239,507.77090141705,18223651.035563
2013-08-20,509.74227502472,510.60515494808,500.79353154988,501.08438995101,12795967.658176
2013-08-21,503.59546748079,507.19564813481,501.20719683149,502.35447163596,11984115.945863
2013-08-22,504.96573372612,505.60562220862,498.14672009957,502.99112835844,8713020.487401
2013-08-23,503.27875499956,503.34339019981,499.33277602419,501.01975475076,7946271.7219135
2013-08-26,500.72889634963,510.19148966647,500.47035554862,502.99112835844,11814344.552609
2013-08-27,497.95281449882,502.51282787657,486.33140549357,488.56131990225,15140191.291893
2013-08-28,486.01469301234,495.82308465053,486.01469301234,490.92050471144,10976291.513567
2013-08-29,491.62179663417,496.49529073314,491.11441031219,491.68643183442,8553100.3516274
2013-08-30,494.86971544681,495.82308465053,489.35956462536,490.03177070798,9670502.2892526
2013-09-03,493.11486975998,500.567308349,487.35587341756,488.56131990225,11858994.804929
2013-09-04,499.55576746506,502.22843299547,496.26906753226,498.65733818156,12306075.248518
2013-09-05,500.21827826764,500.66426114938,493.66103720211,495.28338072843,8433195.5014865
2013-09-06,498.36971154044,499.39417946443,489.9348179076,498.1790376997,12824625.788619
2013-09-09,504.96573372612,507.96157525779,503.50497820044,506.17118021082,12146777.436182
2013-09-10,506.20349781094,507.44772541579,489.48560326585,494.61440640582,26517171.994929
2013-09-11,466.9990170983,473.7275414445,464.83696964988,467.70030902103,32076652.968158
2013-09-12,468.46946790402,475.44037425117,466.0488796546,472.69984176049,14417757.760038
2013-09-13,469.32588430736,471.83696183714,464.7400168495,464.93392245026,10667102.992108
2013-09-16,461.01702931501,461.62460019737,447.23034110133,450.11953455258,19574186.620818
2013-09-17,447.95102358413,459.71139826992,447.50827246241,455.28065529267,14256397.387371
2013-09-18,463.17584500341,466.36882389584,460.69385331375,464.70769924938,16282160.957224
2013-09-19,470.69938231271,475.82818545268,469.19984566687,472.28617647888,14422803.586441
2013-09-20,477.99023290109,478.50408274309,466.01656205447,467.38036477978,24950819.982313
2013-09-23,496.11071129165,496.94450537489,482.64719907923,490.62964631031,27182712.471829
2013-09-24,494.86971544681,495.47082280916,487.8018562993,489.10425558437,12956316.755257
2013-09-25,489.4209680656,489.64719126648,481.42559379447,481.52254659485,11313084.219635
2013-09-26,486.01469301234,488.53223406214,483.94313484427,486.26677029332,8454811.7105268
2013-09-27,483.78154684364,484.71229372727,480.75985123188,482.80232355983,8137526.826746
2013-09-30,480.03270522905,484.51838812651,477.15967057786,479.51885538705,9224534.3973335
2013-10-01,478.40712994272,489.13657318449,478.34249474246,487.92789493979,12619044.77474
2013-10-02,485.63334533085,491.78015287479,483.74922924352,489.5502384661,10302320.274514
2013-10-03,490.50360766982,492.35217439701,480.75985123188,483.43251676228,11521579.218451
2013-10-04,483.87849964402,484.64765852701,478.53316858321,483.05440084081,9241236.5038606
2013-10-07,486.61580037468,492.67211863826,485.38126804987,487.74045285906,11136510.959931
2013-10-08,489.90250030747,490.62964631031,480.54332331103,480.94729331261,10361622.543016
2013-10-09,484.71229372727,487.74045285906,478.2487737021,486.6481179748,10768591.747066
2013-10-10,491.30831591295,492.38449199714,487.06824677644,489.64719126648,9918774.5919223
2013-10-11,487.00361157619,493.85171104285,485.19382596914,492.79815727875,9552280.175447
2013-10-14,489.80877926711,497.54561273723,489.35956462536,496.0460760914,9340989.3935383
2013-10-15,497.48420929699,502.00220979459,495.50314040928,498.62825234145,11404601.658692
2013-10-16,500.79353154988,502.5451454767,499.20350562369,501.11347579113,8945027.4115168
2013-10-17,499.96620098666,504.74274228526,499.65272026544,504.48743324426,9030505.0456618
2013-10-18,505.9869698901,509.299523903,505.73166084911,508.94726206163,10367749.699712
2013-10-21,511.72011215242,524.30135388141,511.52620655167,521.36691578998,14152532.83719
2013-10-22,526.43431548971,528.50264189777,508.09084565829,519.87384266417,19061018.906154
2013-10-23,518.94632754056,525.66515660672,518.94632754056,524.96386468399,11192941.232999
2013-10-24,524.99618228411,532.48740199328,522.41723779407,531.90891695103,13729087.842923
2013-10-25,531.33366366879,533.21777975613,525.09313508449,525.98833260798,12056246.858769
2013-10-28,529.07789518001,531.04603702767,523.17993315704,529.93754334335,19561404.823952
2013-10-29,536.27179296802,539.26763449968,514.51881632332,516.68732729176,22704872.086511
2013-10-30,519.35999282217,527.54927269406,517.03635737312,524.90246124375,12646698.498919
2013-10-31,528.08897661616,530.60651766596,524.33367148154,525.7621094071,9789102.37048
2013-11-01,524.39830668179,524.80550844337,515.8244473684,520.03219890479,9812977.1321268
2013-11-04,521.07928914886,526.84798077132,518.75888545983,526.78334557107,8724152.5949399
2013-11-05,524.55989468242,528.9486247795,522.99249107631,525.44539692586,9476620.009145
2013-11-06,524.16578724226,524.86622148312,518.18317918505,520.8724611098,7970402.7992504
2013-11-07,519.5454916535,523.21795191633,512.39013819303,512.48331522507,9371788.0005251
2013-11-08,514.61032195647,521.12950119819,512.57649225711,520.56080000263,9959900.5278299
2013-11-11,519.98888580597,521.6660723827,514.41754189018,519.008920469,8110751.988462
2013-11-12,517.64660800054,523.91196015498,516.98472977295,519.98888580597,7297277.1359124
2013-11-13,518.11891916296,522.20264356721,516.9525997619,520.62184702363,7033991.4499144
2013-11-14,522.80668777492,529.3033760089,521.85563944788,528.18525162442,10083976.58227
2013-11-15,526.63658509188,529.07846593156,524.51921736379,524.99152852621,11349136.028956
2013-11-18,524.99152852621,527.27918531285,518.18317918505,518.59444332647,8736116.1369442
2013-11-19,518.97679045795,523.41073198262,517.92613909667,519.51336164246,7460007.9234035
2013-11-20,519.20170053529,520.40014994739,514.32115185704,515.01516009568,6926799.5166525
2013-11-21,517.5534309685,521.19376122029,513.68819063938,521.12950119819,9354294.2934998
2013-11-22,519.48123163141,522.13838354511,518.49805329333,519.80253174189,7982651.0054339
2013-11-25,521.000981154,525.94257685324,520.96885114295,523.75773610195,8190200.1092907
2013-11-26,524.06939720912,536.16955936994,524.00513718702,533.40637841978,14316352.71794
2013-11-27,536.32699642408,546.05275076842,533.40637841978,545.98849074633,12963058.131937
2013-11-29,549.49708795281,558.30392398117,547.81990137608,556.08695321883,11361744.521353
2013-12-02,557.992262874,564.35079206048,550.83369641242,551.24496055384,16870596.533058
2013-12-03,558.27179397012,566.37498275653,557.67096276352,566.31072273443,16084468.294198
2013-12-04,565.48819445159,569.22812773762,560.77150882969,565.01909629028,13479716.342076
2013-12-05,572.67567792311,575.14647577274,566.37498275653,567.89151927801,15966336.308676
2013-12-06,565.79985555876,566.757329888,559.50558639438,560.01645357005,12287434.274624
2013-12-09,560.86789886283,569.60726186799,560.86789886283,566.40711276757,11436540.356199
2013-12-10,563.55718078758,567.89151927801,561.15064296006,565.55245447369,9915732.9426441
2013-12-11,567.01436997639,570.99849134639,559.63089343747,561.34021002524,12838342.706413
2013-12-12,562.23021133128,565.33718339966,560.01645357005,560.52089474351,9361291.0542435
2013-12-13,562.83104253789,562.86317254894,553.68041539131,554.46760066199,11873666.972149
2013-12-16,555.04594086087,562.61255846276,555.01381084982,557.48139569833,10083481.375469
2013-12-17,555.80420912161,559.38027935129,553.39767129408,554.98168083877,8195553.8578387
2013-12-18,549.72199803015,551.49557464002,538.76566426265,550.80156640137,20195198.875682
2013-12-19,549.40069791966,550.00474212737,543.74260297404,544.46231522153,11450713.398322
2013-12-20,545.4422805585,551.6144556809,544.83823635079,549.05690680145,15563637.474227
2013-12-23,568.0200393222,570.74466425911,562.73465250474,570.11491604256,17886258.306434
2013-12-24,569.92534897737,571.88849265243,566.0247656361,567.70516521393,5984106.968107
2013-12-26,568.0810863432,569.546214847,563.3676137224,563.86884189475,7279219.6569055
2013-12-27,563.80779487376,564.41505208258,559.44132637228,560.07750059104,8058733.7990663
2013-12-30,557.44926568728,560.07750059104,552.32131592396,554.56399069514,9048094.6166561
2013-12-31,554.18164356366,561.2438199921,553.98886349737,560.96107589487,7971266.6022524
2014-01-02,555.67890207852,557.03478854476,552.03214582453,553.1406312057,8394580.4622918
2014-01-03,552.88680411841,553.71254540236,540.41072082833,540.95050501394,14032479.955299
2014-01-06,537.37122178315,546.81101902916,533.59915848607,543.93538304033,14750630.999979
2014-01-07,544.34022117954,545.98849074633,537.87566295661,540.02837369685,11368688.029703
2014-01-08,538.76566426265,545.60293061375,538.64035721956,543.48556288566,9236988.6382255
2014-01-09,546.81101902916,546.87206605016,535.37273509594,536.51656348926,9972643.8474442
2014-01-10,539.77775961067,540.7930679598,531.0994436265,532.94049325958,10899292.423916
2014-01-13,529.93633722655,542.49917154647,529.93633722655,535.75508222741,13537019.216862
2014-01-14,538.16483305604,546.74675900707,537.58970585828,546.438310901,11949408.34044
2014-01-15,553.55832134933,560.17067762308,551.67871570299,557.38500566519,14039157.63741
2014-01-16,554.91742081667,556.87413848952,551.67871570299,554.24590358576,8198507.5760885
2014-01-17,551.49557464002,552.06427583558,539.87093664271,540.66454791561,15476518.67443
2014-01-21,540.8573279819,550.09791915941,540.41072082833,549.11795382244,11735705.955163
2014-01-22,550.92687344446,557.29182863315,547.81990137608,551.52449164996,13590492.961313
2014-01-23,549.97261211633,556.49179135804,544.80610633975,556.18013025087,14409585.614607
2014-01-24,553.98886349737,555.61464205642,544.7771893298,546.08488077947,15453258.458339
2014-01-27,550.48026629089,554.82103078353,545.79571068004,550.51239630194,20389352.185825
2014-01-28,508.74980794125,515.01516009568,502.03463563213,506.5296241778,38079595.060129
2014-01-29,504.06203932929,507.38749547279,498.58387244554,500.76871319683,17973740.224687
2014-01-30,502.57763281885,506.5296241778,496.68820179368,499.78874785985,24244170.37476
2014-01-31,495.22307328988,501.52698145757,493.54909971426,500.58235913275,16608484.453877
2014-02-03,502.63867983984,507.76984260427,499.28109368529,501.52698145757,14362447.566702
2014-02-04,505.89666296015,509.44381617989,502.79611689398,508.74980794125,13458984.976655
2014-02-05,506.56175418885,515.30111719401,506.31114010267,512.57649225711,11741902.093711
2014-02-06,510.06314500889,513.46463060334,507.76674299723,512.49049623122,9209164.2290253
2014-02-07,521.1107869537,522.9696269687,517.3675558582,519.66395786986,13370325.649369
2014-02-10,518.02868967797,532.00192862233,517.9967508461,529.01884172541,12344104.805397
2014-02-11,530.61578331905,537.69981622844,529.51389361944,535.93998659225,10088195.657344
2014-02-12,536.90773319799,539.55226847706,533.23157364943,535.8761089285,11008739.092279
2014-02-13,534.61133118634,544.84453291839,534.11308540912,544.43252198723,10986880.841395
2014-02-14,542.51619207486,546.03585134724,541.22266938401,544.02051105607,9776147.958177
2014-02-18,545.91128990294,551.20036046108,545.63980983202,546.03585134724,9320113.903519
2014-02-19,544.74871642277,546.88861815825,534.2695856853,537.35487684421,11217830.208278
2014-02-20,532.81956271827,536.97161086174,529.01884172541,531.15874346089,10928508.261978
2014-02-21,532.63112361022,534.51551469072,524.63364010927,525.23409014848,9961410.9954591
2014-02-24,523.18681102543,529.92590455059,522.46179954192,527.53049216013,10324665.294996
2014-02-25,529.45320983888,529.57777128318,521.01497045808,522.08811520901,8307254.7567344
2014-02-26,524.44839488441,525.04245715724,515.57259350695,517.33561702633,9870168.3973702
2014-02-27,517.11204520322,528.79846378548,516.01654326998,527.65185972125,10787867.958729
2014-02-28,529.08271938915,532.75887893771,522.15199287275,526.27848995072,13290656.611686
2014-03-03,523.03350463244,530.64772215092,522.87700435626,527.74767621687,8536877.2435305
2014-03-04,530.99904930152,532.63112361022,527.74767621687,531.25136607332,9263041.3090278
2014-03-05,530.9032328059,534.67520885008,529.14340316971,532.37561295524,7148978.425674
2014-03-06,532.7876238864,534.36220829773,528.09900336747,530.74353864654,6626894.7731973
2014-03-07,531.69212195316,532.00192862233,526.0581120108,530.42415032781,7909899.1474079
2014-03-10,528.38325897114,533.32419626186,528.38325897114,530.9032328059,6384489.1639117
2014-03-11,535.43535304866,538.70908331562,532.59918477835,536.03260920468,10028402.581392
2014-03-12,534.42289207829,537.32293801234,532.00192862233,536.56598769695,7170779.6613226
2014-03-13,537.41556062477,539.64489108949,529.17534200158,530.64772215092,9205006.7820489
2014-03-14,528.79846378548,530.87129397403,523.03350463244,524.72945660489,8471216.6705844
2014-03-17,527.24623655647,529.98658833115,525.83454018769,526.78312349431,7126587.3750919
2014-03-18,525.89841785143,531.96998979046,525.20215131661,531.40786634949,7486779.3209279
2014-03-19,532.27979645962,536.18910948085,529.01884172541,531.28330490519,8024233.6983564
2014-03-20,530.01533327984,532.6630624421,527.30692033702,528.70264728987,7442701.8166032
2014-03-21,531.94124484177,533.67552341246,526.37111256315,532.88344038202,13373166.29803
2014-03-24,538.42802159514,540.50723955006,534.99459716881,539.20732909284,12703556.962123
2014-03-25,541.50373110449,545.78992234182,539.58101342575,545.00422707775,10081907.888249
2014-03-26,546.51493382534,549.00296882823,538.83683864311,539.77264641698,10705999.873809
2014-03-27,539.90040174448,541.50373110449,535.05528094937,537.44749945664,7929667.6224264
2014-03-28,538.30026626765,538.92307348917,534.17376918968,536.84704941743,7163010.9989937
2014-03-31,539.23926792471,540.8234339856,535.8761089285,536.69054914126,6011688.5853742
2014-04-01,537.73175506031,541.8774154374,536.754426805,541.66023138067,7162444.2907286
2014-04-02,542.42037557924,543.49352033017,540.25172889508,542.5800697386,6426964.0736205
2014-04-03,541.41110849206,542.54813090673,537.60719361601,538.77296097937,5805869.974782
2014-04-04,539.99621824009,539.99621824009,530.58384448717,531.81987728065,9826396.852889
2014-04-07,528.25550364365,530.9032328059,521.89967610096,523.53494429284,10340375.042992
2014-04-08,525.17021248473,526.15392850642,518.71856844642,523.50300546097,8708385.5510921
2014-04-09,522.55761603754,530.48802799156,522.05617637713,530.32833383219,7357955.1981051
2014-04-10,530.67966098279,532.24785762775,523.18681102543,523.53494429284,8555295.5126251
2014-04-11,519.31582460244,522.87700435626,517.11204520322,519.60008020611,9708479.9229587
2014-04-14,521.80385960534,522.18393170462,517.17592286697,521.68249204422,7346928.8086178
2014-04-15,520.29634674094,521.65055321235,511.32472886787,517.96481201422,9512495.579357
2014-04-16,518.02868967797,521.1107869537,514.12576442311,518.97088521822,7670733.2308077
2014-04-17,520.16859141345,527.74767621687,519.19126315814,524.94983454481,10156149.113145
2014-04-21,525.32671276091,532.15523501532,524.04596560281,531.19068229276,6520278.0373831
2014-04-22,528.31938130739,531.81987728065,526.53080672251,531.69212195316,7235627.6810701
2014-04-23,529.11465822103,531.12680462901,524.50907866497,524.82207921732,13994091.824642
2014-04-24,568.23333949885,569.96123030317,560.7372956583,567.79258361901,27127890.883743
2014-04-25,564.54440441754,571.97337671116,563.95672991108,571.9126929306,13930154.702328
2014-04-28,572.79420469029,595.77419422278,572.54508180168,594.10059943265,23898157.297657
2014-04-29,593.72691509973,595.9945721627,589.47266269428,592.34396367964,12037763.388811
2014-04-30,592.66015811518,599.39286387397,589.792051013,590.07950049986,16310558.760396
2014-05-01,591.99263652904,594.86074363122,586.36501435305,591.45925803676,8717623.3028413
2014-05-02,592.50365783901,594.19322204508,589.69623451738,592.56753550275,6834531.5467151
2014-05-05,590.10824544854,600.99938711717,589.98368400424,600.93550945343,10241880.363771
2014-05-06,601.78188849806,604.42642377713,594.41679386819,594.41679386819,13372040.239314
2014-05-07,595.23762184732,597.28490097037,587.71602694127,592.34396367964,10093448.917722
2014-05-08,588.23761731287,594.4025114313,586.38910192032,588.01528728283,8216967.9855882
2014-05-09,584.54693881435,586.23029475601,580.31631595719,585.57918538235,10410564.140511
2014-05-12,587.48804749733,593.64976547248,587.39276319875,592.83984893451,7615548.2359425
2014-05-13,592.02675625325,594.52955716274,590.68324764321,593.74504977106,5703413.6586178
2014-05-14,592.46506402674,597.41031912329,591.74407950078,593.87209550251,5937307.7978519
2014-05-15,594.68518818377,596.59087415546,588.0470487157,588.79979467452,8236389.149699
2014-05-16,588.60922607735,597.53736485474,585.42355436133,597.50560342187,9866922.6406061
2014-05-19,597.85180304007,607.33259074925,597.3150348247,604.60745980972,11340120.282662
2014-05-20,604.51217551114,606.42738991269,600.76115029019,604.70274410831,8376073.1185973
2014-05-21,603.79119098518,606.73229966816,602.07607361066,606.33210561411,7031193.9317495
2014-05-22,606.60843008,609.84174394531,604.07704388093,607.26906788352,7170380.0956504
2014-05-23,607.26906788352,614.68853859999,606.48773663513,614.09459980548,8285654.0240773
2014-05-27,615.6255008694,625.85903453741,615.59691557983,625.63988065066,12454904.151334
2014-05-28,626.01784170171,629.83556593167,623.79771754469,624.01687143143,11269525.954951
2014-05-29,627.86635709426,636.84849030751,627.80283422853,635.34935067644,13438593.682476
2014-05-30,637.9760211741,644.20761430154,628.90177980554,633.03076607755,20137519.827505
2014-06-02,633.96455220368,634.78399717151,622.51455565708,628.64768834265,13184578.064379
2014-06-03,628.45711974548,638.69382955677,628.30784101103,637.50277582446,10456969.540621
2014-06-04,637.41066766916,647.95546337921,636.06715905912,644.83013838563,11977719.004617
2014-06-05,646.23716986139,649.43554615055,642.6100142286,647.40281444741,10843759.111908
2014-06-06,649.93737678977,651.24594782367,644.48711491072,645.58288434445,12506231.747514
2014-06-09,92.708446379662,93.871822291906,91.751973515773,93.69214332886,75307299.05745
2014-06-10,94.734372061475,95.056070002887,93.56736627119,94.242523586876,62728425.971302
2014-06-11,94.126821224309,94.761596146785,93.469359564074,93.854126636454,45635176.640704
2014-06-12,94.022915965376,94.117746529205,91.898983576447,92.296908956727,54696703.784467
2014-06-13,92.207976944714,92.445733956421,90.875811703549,91.272829614318,54508174.915946
2014-06-16,91.51104036078,92.75835720273,91.447971229812,92.207976944714,35541449.087631
2014-06-17,92.315058346933,92.708446379662,91.796893256534,92.082746152289,29708568.159135
2014-06-18,92.274222218968,92.296908956727,91.34497344039,92.186651411221,33497402.451481
2014-06-19,92.296908956727,92.30598365183,91.335898745286,91.859054917992,35508723.800817
2014-06-20,91.850433957644,92.556445236681,90.893507359,90.906211932145,100851858.00528
2014-06-23,91.313665742283,91.617668028244,90.597218563877,90.822271002439,43675314.210338
2014-06-24,90.746043563571,91.738361473118,90.1952095708,90.280057970016,39028204.911357
2014-06-25,90.212905226252,90.692502862462,89.654357742643,90.357192878394,36857843.067154
2014-06-26,90.370804921049,91.04550850198,89.802275272827,90.893507359,32608377.981992
2014-06-27,90.813196307336,92.002435100624,90.764192953778,91.984285710418,64011695.97293
2014-06-30,92.100895542495,93.709838984312,92.091820847392,92.927146531651,49577153.929501
2014-07-01,93.518362917632,94.063752093341,93.134049580007,93.518362917632,38195435.114249
2014-07-02,93.854126636454,94.054677398237,93.089129839245,93.482517871974,28465001.970792
2014-07-03,93.661289365509,94.095059791447,93.196211241464,94.022915965376,22891752.905756
2014-07-07,94.135442184657,95.995754680835,94.095059791447,95.973067943077,56401114.106128
2014-07-08,96.272532881486,96.787068093843,93.91175095036,95.355988676052,65181821.236547
2014-07-09,95.445828157575,95.95491855287,94.761596146785,95.395917334506,36419580.188377
2014-07-10,93.754758725073,95.557446907345,93.518362917632,95.046995307784,39670356.954336
2014-07-11,95.369146983952,95.897294238964,94.859602853901,95.22667427083,33999631.115708
2014-07-14,95.865532806103,96.880537453408,95.655453614461,96.446313292714,42766151.102809
2014-07-15,96.787068093843,96.840608794953,95.033836999884,95.329218325497,45613510.899017
2014-07-16,96.951773809969,97.095607727356,94.738909409027,94.779291802237,53452412.723285
2014-07-17,95.033836999884,95.288835932287,92.574140892133,93.089129839245,57241815.850169
2014-07-18,93.616823359503,94.738909409027,93.016986013174,94.426286162718,49949253.924218
2014-07-21,94.99390834143,95.002529301778,93.709838984312,93.929900340567,39004690.512518
2014-07-22,94.68037762561,94.890910552007,94.117746529205,94.72076001882,54997680.508082
2014-07-23,95.423141419816,97.877392710506,95.17313356972,97.185900943634,92868619.430836
2014-07-24,97.032992331143,97.314307879346,96.415913064118,97.02391763604,45711335.012102
2014-07-25,96.840608794953,97.842001399603,96.630529603311,97.66776725362,43452357.298071
2014-07-28,97.82067586611,99.241773119288,97.551157421542,99.023072967299,55254081.629388
2014-07-29,99.331158866056,99.443685085337,98.249001474986,98.383306962515,43108693.300053
2014-07-30,98.445468623973,98.705458638683,97.66776725362,98.155532115422,33001804.313053
2014-07-31,97.154139510772,97.44906710163,95.3382930206,95.605996526148,56785194.007471
2014-08-01,94.899531512355,96.607842865553,94.815136847895,96.138227393957,48499070.546134
2014-08-04,96.370993323357,96.571997819895,95.17313356972,95.596921831045,39937237.986969
2014-08-05,95.369146983952,95.686761312567,94.358225949443,95.123222746652,55900441.857829
2014-08-06,94.752521451682,95.485756816029,94.711685323717,94.957609561017,38523973.755609
2014-08-07,94.932789565602,95.946833896899,94.096631906849,94.479043103914,46661721.382253
2014-08-08,94.260973908893,94.826238157684,93.272664451543,94.746324601744,41846165.47716
2014-08-11,95.275921218223,96.071896354498,94.848361119497,95.987016419377,36549417.135464
2014-08-12,96.036680211203,96.87780424914,95.613635002644,95.964441968546,33784144.107592
2014-08-13,96.138716728956,97.242607374557,96.036680211203,97.242607374557,31899254.179598
2014-08-14,97.332002199845,97.575806268812,96.796536226151,97.500407603039,28096455.358691
2014-08-15,97.905393250934,98.194797710578,96.855229798309,97.985306806873,48913099.738347
2014-08-18,98.492780461538,99.369572131786,97.985306806873,99.155114848898,47544165.66184
2014-08-19,99.404788275081,100.69469239552,99.31584493881,100.53531677266,69360207.110758
2014-08-20,100.45946661787,101.08161848275,99.951992963207,100.57459631711,52636059.407747
2014-08-21,100.57459631711,100.93082115121,100.1122715641,100.58362609744,33466158.299035
2014-08-22,100.28970674763,101.46402967982,100.19715149922,101.31819872746,44146067.494282
2014-08-25,101.80716133244,102.17151296884,101.27801620498,101.54033132363,40200422.673523
2014-08-26,101.41572035504,101.49563391098,100.85948588658,100.89063862873,33128845.552991
2014-08-27,101.01118619616,102.57740159477,100.71275195619,102.13178193538,47625664.432899
2014-08-28,101.5940585166,102.79501930077,101.55839088429,102.2437512115,68434161.549023
2014-08-29,102.82165715275,102.90653708787,102.2031172,102.50109995096,44574100.49817
2014-09-02,103.06184930959,103.73727687843,102.73226232746,103.28939977396,53535424.807714
2014-09-03,103.09300205173,103.19097516834,98.582175286826,98.942463522077,125332500.94415
2014-09-04,98.853068696789,100.09421200344,97.789360573666,98.123010956938,85655405.287032
2014-09-05,98.803856393979,99.38763169245,98.318957190145,98.973164775206,58427420.446069
2014-09-08,99.293721976996,99.306815158478,98.056642071497,98.367266514922,46314247.148706
2014-09-09,99.075652781976,103.0704276009,96.129686948624,97.993885098189,189718124.13948
2014-09-10,98.011944658853,101.09967804342,97.758207831521,100.98951472337,100784062.12868
2014-09-11,100.41431771621,101.43829480587,99.618342579936,101.42926502554,62367813.976292
2014-09-12,101.20216605019,102.19408741967,101.07258870242,101.66087889106,62671542.959626
2014-09-15,102.82165715275,103.04875612811,101.43829480587,101.63378955006,61285546.674036
2014-09-16,99.796680741495,101.25544175415,98.888284840085,100.85948588658,66877063.426713
2014-09-17,101.26447153448,101.79813155211,100.59717076794,101.5805138461,60914655.924005
2014-09-18,101.99046587318,102.34623921827,101.55839088429,101.78910177178,37276450.768458
2014-09-19,102.23472143117,102.34623921827,100.87754544725,100.95339560204,70863325.403872
2014-09-22,101.79813155211,102.14081171571,100.58362609744,101.05046574061,52746669.185977
2014-09-23,100.60620054827,102.94626812134,100.54389506398,102.64873685939,63366461.082682
2014-09-24,102.16338616654,102.86229116425,101.19358775887,101.74937073831,60121325.661637
2014-09-25,100.517257212,100.72629662669,97.718476798059,97.870177107639,100026227.30343
2014-09-26,98.532962984016,100.76151276998,98.407900526416,100.76151276998,62336762.058119
2014-09-29,98.652607573416,100.43689216704,98.630484611603,100.1122715641,49745141.019936
2014-09-30,100.81072507279,101.54033132363,100.53531677266,100.76151276998,55240930.748454
2014-10-01,100.59717076794,100.70372217586,98.70136838721,99.177237810712,51468637.431543
2014-10-02,99.262569234851,100.22333786219,98.047612291165,99.898717259248,47734641.613274
2014-10-03,99.430974638044,100.21521105989,99.035470259498,99.618342579936,43451322.797372
2014-10-06,99.951992963207,100.65947625223,99.41291507738,99.618342579936,37027521.124843
2014-10-07,99.421944857712,100.12130134443,98.732972618372,98.75058069002,42075571.279274
2014-10-08,98.763673871501,101.09967804342,98.318957190145,100.79763189131,57382347.625588
2014-10-09,101.54033132363,102.38100387255,100.61477883958,101.01118619616,77335893.489736
2014-10-10,100.70372217586,102.02568201648,100.29873652796,100.74390469833,66293648.126867
2014-10-13,101.33174339795,101.78007199144,99.810225411993,99.810225411993,53522480.749752
2014-10-14,100.39716113358,100.52628699233,98.568630616328,98.75058069002,63671084.882911
2014-10-15,97.976277026541,99.146085068566,95.186526392935,97.544653526666,100896359.43412
2014-10-16,95.555844408518,97.718476798059,95.413625368287,96.250234516058,72142118.195645
2014-10-17,97.500407603039,99.004317517352,96.805566006483,97.673779385415,68125526.13404
2014-10-20,98.376296295254,99.96102274354,98.225498963707,99.756046730001,77295836.701343
2014-10-21,103.02211827613,103.02211827613,101.26447153448,102.46994720882,94576670.15031
2014-10-22,102.85326138392,104.11517318533,102.60449093577,103.00044680333,68234704.648217
2014-10-23,104.08492342122,105.0470465156,103.62350164624,104.83710412288,71047217.806447
2014-10-24,105.18429917665,105.48228192761,104.52512521241,105.21590340781,47012615.854041
2014-10-27,104.85516368354,105.47325214728,104.704366352,105.10844902186,34187692.351954
2014-10-28,105.39740199249,106.73696990476,105.35767095903,106.73696990476,48060831.386632
2014-10-29,106.64892954652,107.38169622047,106.34598041638,107.35099496734,52687878.387035
2014-10-30,106.94284889633,107.36002474767,105.90532713617,106.96452036913,40654788.986888
2014-10-31,108.00565404142,108.03996720668,107.20967890514,107.99662426109,44639283.036211
2014-11-03,108.23726790694,110.31005398217,108.00565404142,109.40210956978,52226998.515439
2014-11-04,109.35786364615,109.49195588408,107.72482787309,108.58355998267,41538395.86397
2014-11-05,109.07297407667,109.29600965088,108.13929479033,108.83278191984,37409156.765274
2014-11-06,108.49641272897,108.77917321626,107.82210314085,108.67802677804,34943293.132747
2014-11-07,108.73556786289,109.32041904566,108.5269814303,109.01023663512,33680172.505364
2014-11-10,109.01922742963,109.32940984017,108.64655899726,108.8241271888,27183197.18844
2014-11-11,108.6915129698,109.77625232723,108.37144068531,109.72320663963,27428634.674299
2014-11-12,109.37840967024,111.42381542088,109.37391427298,111.22466932252,46919994.624537
2014-11-13,111.81446544226,113.43640477156,111.61082394665,112.82907660253,59493836.446366
2014-11-14,113.13880947334,114.1835397952,113.0462042899,114.1835397952,44032218.469047
2014-11-17,114.25007167456,117.29885009233,113.27546954986,113.99832942833,46721052.250941
2014-11-18,113.94033880375,115.69534189177,113.89583437094,115.48765453863,44207821.637214
2014-11-19,115.45663629758,115.75333251635,113.79513747244,114.64971249046,41834242.530241
2014-11-20,114.91449138873,116.85515438334,114.84840904909,116.31121131559,43365061.857419
2014-11-21,117.49799619069,117.56452807005,116.02800128858,116.47034837839,57168014.186645
2014-11-24,116.86414517785,118.77468901087,116.61195339189,118.61914826587,47420728.569223
2014-11-25,119.09700899399,119.71782335479,117.44090464556,117.60049124808,68816423.001156
2014-11-26,117.94169189967,119.12398137752,117.82121525326,119.01833954204,40800865.558782
2014-11-28,119.26154053349,119.36808144842,118.05632452965,118.95180766268,24814400.751114
2014-12-01,118.80435863275,119.25254973898,111.24714630879,115.09340819944,83798026.670951
2014-12-02,113.48855137971,115.75333251635,112.76254472316,114.61824470968,59323869.265091
2014-12-03,115.75333251635,116.35122035115,115.13701355281,115.9115704997,43023657.102015
2014-12-04,115.76681870811,117.2098412267,115.29165521835,115.508333366,42146109.517904
2014-12-05,115.98304731604,116.0814965159,114.62723550419,115.01743598585,38309128.26245
2014-12-08,114.0967786282,114.62723550419,111.63689725072,112.3988670853,57623074.525997
2014-12-09,110.21545263896,114.28108991562,109.35188682644,114.11880607474,60184251.959063
2014-12-10,114.39797024422,114.84840904909,111.54833792482,111.96461171055,44534125.16882
2014-12-11,112.26580332658,113.79513747244,111.32626530046,111.63689725072,41452612.631256
2014-12-12,110.48113061668,111.87560284492,109.58969334118,109.75827073821,56001717.482798
2014-12-15,110.67488223834,111.61082394665,106.32963125247,108.19881743075,67171592.392878
2014-12-16,106.35165869902,110.19747104994,106.26264983338,106.74680411766,60679280.067634
2014-12-17,107.14464677465,109.85627039835,106.82142771208,109.41302422909,53374770.333891
2014-12-18,111.87560284492,112.65555426852,110.64026767948,112.65555426852,58955145.233312
2014-12-19,112.26580332658,113.21882754446,111.68095214381,111.78794259846,88408511.09051
2014-12-22,112.1776935404,113.4795605852,111.99158409408,112.94370923251,45153161.450303
2014-12-23,113.2053413527,113.30693733064,112.4519127729,112.54092163853,26009493.575232
2014-12-24,112.58497653163,112.71804029035,112.02305187486,112.02305187486,14479610.214619
2014-12-26,112.12419831307,114.50316253997,112.02305187486,113.99832942833,33709748.756913
2014-12-29,113.78614667793,114.76119834236,113.68859655752,113.91786181748,27578158.723454
2014-12-30,113.63060593294,113.91786181748,112.13318910758,112.52338958924,29871283.31672
2014-12-31,112.82907660253,113.13026821855,110.23703054578,110.3966171483,41382566.096501
2015-01-02,111.38021006751,111.43280621539,107.35727906477,109.32940984017,53196926.429381
2015-01-05,108.27478964434,108.62003615346,105.41661607015,106.25365903888,64256999.25255
2015-01-06,106.66229064928,107.42875588111,104.62362799452,106.26264983338,65753441.862552
2015-01-07,107.21522451154,108.1767899842,106.68431809582,107.7699565327,40065414.426639
2015-01-08,109.23051110058,112.16870274589,108.67802677804,111.90257522844,59333685.972605
2015-01-09,112.67308631781,113.22736879924,110.23703054578,112.02305187486,53685787.118605
2015-01-12,112.61149937542,112.62948096444,108.78816401077,109.23950189508,49623235.364557
2015-01-13,111.42381542088,112.80659961625,108.907292038,110.24602134029,67071604.566533
2015-01-14,109.0417044159,110.49866266597,108.48742193446,109.82075676005,48896001.303768
2015-01-15,110.02484779539,110.08148980079,106.65329985477,106.82142771208,59905800.260752
2015-01-16,107.04754619396,107.58699386446,105.20488285948,105.97494440912,78499305.634007
2015-01-20,107.86660757367,108.76613656422,106.48112613994,108.70050376431,82352763.964969
2015-01-21,108.95224601054,111.04710113098,108.25231265807,109.56811543436,54899973.472205
2015-01-22,110.29906702789,112.46539896466,109.74523408618,112.3988670853,76515577.279018
2015-01-23,112.33278474567,113.74164224512,111.53530127278,112.9877641256,50455705.063769
2015-01-26,113.73310099034,114.35301627168,112.80659961625,113.09475458025,55561898.288138
2015-01-27,112.42134407157,112.4784356167,109.03271362139,109.12981420208,95146120.090921
2015-01-28,117.61757375765,118.13634260078,115.3136826649,115.3136826649,147466300.42264
2015-01-29,116.3202021101,119.20804530617,115.57486524536,118.9203398819,84380383.212985
2015-01-30,118.39752518124,119.97900593526,116.84661312856,117.17477712811,83711449.005397
2015-02-02,118.05632452965,119.1855683199,116.0814965159,118.61914826587,62649094.635595
2015-02-03,118.49462576193,119.11049518575,117.60948204259,118.64162525214,51897995.173727
2015-02-04,118.49462576193,120.51081143042,118.32290158683,119.53665884545,70079381.46267
2015-02-05,120.01916281354,120.23588472702,119.21630663405,119.93945929991,42232693.72531
2015-02-06,120.01916281354,120.25334785641,118.47076534078,118.89883589716,43683240.218514
2015-02-09,118.57240970929,119.84318820197,118.45285443884,119.71064752761,38865728.275993
2015-02-10,120.17856984081,122.12861928959,120.16513666436,122.01398951717,61929999.934159
2015-02-11,122.76848626142,124.90839127077,122.50833041073,124.86450956101,73493259.265668
2015-02-12,126.05155458712,127.48174010708,125.57467682296,126.46619196705,74442522.907243
2015-02-13,127.27352587202,127.27352587202,125.66244024246,127.07113268009,54101703.37683
2015-02-17,127.49517328353,128.86714837218,126.90724792733,127.84398809883,63097856.475913
2015-02-18,127.63577386377,128.76550400367,127.45084380123,128.70371139197,44874145.515789
2015-02-19,128.47086966675,129.01267445045,128.32444804338,128.43952558835,37329619.14585
2015-02-20,128.60206702346,129.50656757146,128.06384442015,129.50656757146,48919617.945957
2015-02-23,130.0680743473,133.01486548907,129.68343772812,133.01486548907,70913462.661716
2015-02-24,132.95352064992,133.5929398492,131.14765396176,132.16812759983,69178031.799376
2015-02-25,131.54930593778,131.59363542008,128.14847343182,128.77848940757,74660992.753876
2015-02-26,128.77848940757,130.83958644839,126.61127027277,130.42091911552,91253901.195124
2015-02-27,130.04120799438,130.5480865193,128.23534130623,128.44848103932,61993090.447621
2015-03-02,129.25088944626,130.29643834704,128.29310396499,129.07446706214,48096601.212968
2015-03-03,128.95535956424,129.52895619888,128.09921845148,129.37447466965,37816200.113627
2015-03-04,129.08745246605,129.57239013609,128.31549259241,128.53579668628,31666299.658278
2015-03-05,128.57072294506,128.74759310173,125.77886110508,126.40977262593,56517101.559655
2015-03-06,128.38131515704,129.38343012062,126.25842550454,126.59918041396,72841999.823865
2015-03-09,127.97070773006,129.58582331255,125.05839507452,127.12889533885,88528400.482654
2015-03-10,126.40977262593,127.21665875836,123.80597525633,124.49823161633,68856499.806229
2015-03-11,124.70555030629,124.74987978859,122.08921530532,122.2302636581,68938897.890084
2015-03-12,122.30548944625,124.88152491786,121.61681526664,122.89654921029,48383636.00424
2015-03-13,124.4019605184,125.3942244859,122.59654160279,123.61522415066,51827197.484542
2015-03-16,123.88030549938,124.93928757661,122.87057840248,124.93928757661,35874297.460404
2015-03-17,125.91856614021,127.31740758177,125.66244024246,127.02680319779,51023099.508472
2015-03-18,126.99590689194,129.15372280323,126.36499537108,128.45743649029,65270898.354493
2015-03-19,128.74759310173,129.25088944626,127.39352891502,127.50368096195,45809400.929256
2015-03-20,128.26220765914,128.38131515704,125.15690503519,125.91856614021,68695103.802299
2015-03-23,127.10650671142,127.8659289537,126.52395462581,127.2032255819,37709601.126801
2015-03-24,127.21665875836,128.05488896918,126.56828410811,126.68694383347,32842299.620194
2015-03-25,126.5414177552,126.80649910392,123.39536782934,123.39536782934,51655100.958626
2015-03-26,122.76848626142,124.86450956101,122.61400473218,124.23270249506,47572798.445741
2015-03-27,124.58644280839,124.67510177299,122.90550466126,123.25387170401,39546099.819561
2015-03-30,124.04822020507,126.40081717496,124.00433849532,126.36499537108,47099599.271958
2015-03-31,126.08692861846,126.48858059447,124.35763103609,124.42345360073,42090552.363114
2015-04-01,124.8080902199,125.13003868228,123.08640477086,124.24613567151,40621399.548402
2015-04-02,125.02705099612,125.56616914453,124.18076087943,125.31407319972,32220100.691465
2015-04-06,124.45479767912,127.51263641293,124.32180923221,127.33531848371,37193901.357429
2015-04-07,127.64472931474,128.13504025536,125.97185107349,126.00767287737,34991779.089612
2015-04-08,125.87468443046,126.40081717496,124.96167620404,125.61005085429,37329201.076451
2015-04-09,125.87468443046,126.5857472375,124.63927996911,126.56828410811,32438579.917859
2015-04-10,125.94095476764,127.2032255819,125.25720608606,127.08456585655,40187899.101258
2015-04-13,128.35086662374,128.57072294506,126.61127027277,126.83336545683,36365100.214457
2015-04-14,126.99590689194,127.28248132299,125.91856614021,126.30275498684,25524501.084145
2015-04-15,126.40977262593,127.11546216239,126.00767287737,126.77560279807,28946010.073662
2015-04-16,126.27633640648,127.08456585655,126.1048395204,126.17558758306,28368981.622817
2015-04-17,125.55721369356,126.14021355173,124.44584222815,124.7324166592,51956999.099654
2015-04-20,125.55721369356,128.13504025536,125.17033821165,127.60487755792,47045631.247164
2015-04-21,128.10817390245,128.19235514157,126.66455520604,126.89426252343,32402451.307354
2015-04-22,126.99590689194,128.85416296827,126.31171043781,128.60206702346,37620578.920924
2015-04-23,128.29310396499,130.4298745665,128.14399570633,129.69239317909,45770900.13224
2015-04-24,130.4733085037,130.609879131,129.23297854432,130.29643834704,44525908.669834
2015-04-27,132.29977272909,133.15143611636,131.12168315395,132.65306526987,96954200.394952
2015-04-28,134.4669918639,134.5556508285,129.58582331255,130.53913106833,118923968.37792
2015-04-29,130.18673407265,131.58512774166,128.29310396499,128.62445565089,63385999.865739
2015-04-30,127.50368096195,127.89145198897,124.56853190644,125.14347185874,83195401.825358
2015-05-01,126.09588406943,130.16434544523,125.29616229778,128.94192638778,58512599.727117
2015-05-04,129.50656757146,130.5480865193,128.26220765914,128.69072598807,50988201.656757
2015-05-05,128.14847343182,128.43952558835,125.79677200702,125.82274281483,49271400.342003
2015-05-06,126.56828410811,126.74470649222,123.37790469995,125.00555791379,72092405.412341
2015-05-07,124.761594663,126.0846095254,124.01558729368,125.27349930137,43567809.378676
2015-05-08,126.67410249746,127.6154184309,126.10244592395,127.6154184309,55550299.644786
2015-05-11,127.39469299885,127.56636833489,125.62443044283,126.30578086741,42035700.084056
2015-05-12,125.59366265533,126.87699153095,124.81911704832,125.86611364317,48160029.258345
2015-05-13,126.14659101036,127.20116807459,125.87503184244,126.01504757106,34694236.859979
2015-05-14,127.41654258707,128.9678633509,127.17040028709,128.9678633509,45203400.550251
2015-05-15,129.09138041086,129.5359526447,128.21204596237,128.78325662592,38193796.024197
2015-05-18,128.37435718917,130.70379083972,128.35295351091,130.16334796367,50824163.941618
2015-05-19,130.67302305222,130.86298069677,129.66705017404,130.04473591332,44633239.7091
2015-05-20,129.97472804901,130.96732362828,129.38077597732,130.03581771404,36454929.968126
2015-05-21,130.04473591332,131.61835217533,129.83382050047,131.40654494256,39730299.479431
2015-05-22,131.60987988602,132.95831161635,131.41947633151,132.55431718921,45595899.741196
2015-05-26,132.59757045569,132.89677604136,129.14399778658,129.64520058581,70662474.630912
2015-05-27,130.29533731294,132.26848890246,130.0228863251,132.04820938037,45833199.888325
2015-05-28,131.84665807677,131.94787963853,131.09975888751,131.75836790395,30721059.438319
2015-05-29,131.23130232681,131.46406732788,129.89624789539,130.25163813649,50884399.420043
2015-06-01,131.21391183823,131.40654494256,130.0228863251,130.51561683502,32112794.879267
2015-06-02,129.86503419793,130.62887796581,129.3589263891,129.94396026151,33637567.71526
2015-06-03,130.64180935476,130.92362445184,129.89624789539,130.08843508976,30983500.759477
2015-06-04,129.61398688835,130.55931601147,128.92505599438,129.40262556554,38450099.559204
2015-06-05,129.57073362187,129.71966754976,128.35295351091,128.65171318661,35626798.663528
2015-06-08,128.91613779511,129.23674705903,126.81902323567,127.79066104664,52674701.420285
2015-06-09,126.68747979637,128.06712522416,125.61551224355,127.42947397602,56049888.84018
2015-06-10,127.92309630587,129.38077597732,127.82544202382,128.9027604962,39078226.810847
2015-06-11,129.20597927154,130.15041657472,128.46353918192,128.58170532231,35390892.744048
2015-06-12,128.1772649852,128.31817253374,127.1137697217,127.17931848637,36818000.123914
2015-06-15,126.09352772467,127.24575907096,125.71182879572,126.9206907074,43988901.113043
2015-06-16,127.02191226917,127.82544202382,126.3575064232,127.61095933126,31494099.800803
2015-06-17,127.71530226277,127.86066891095,126.73117897281,127.31219965556,32918000.030983
2015-06-18,127.24575907096,128.30033613519,127.23238177205,127.86066891095,35407200.520486
2015-06-19,127.737151851,127.80403834556,126.39273331034,126.58670414456,54716800.4404
2015-06-22,127.50037366025,128.04482972597,127.08701512387,127.61095933126,34039300.384564
2015-06-23,127.49145546098,127.61095933126,126.87699153095,127.03484365812,30268862.769934
2015-06-24,127.22346357278,129.80706590265,127.12670111065,128.09833892162,55280798.153961
2015-06-25,128.88046499801,129.22782885976,127.5133050492,127.5133050492,31938103.335378
2015-06-26,127.65911760734,127.9792809613,126.49841397174,126.74411036176,44066799.574223
2015-06-29,125.44785009719,126.46764618425,124.47710410614,124.5292755719,49161399.571448
2015-06-30,125.56244895787,126.1153773129,124.8637080447,125.41708230969,44370683.118034
2015-07-01,126.89393610958,126.93808119599,125.99765708247,126.58670414456,30238799.750288
2015-07-02,126.42350109784,126.68747979637,125.77737756039,126.43643248679,27210900.600659
2015-07-06,124.93906682857,126.22640889387,124.85033074578,126.00612937178,28060397.877707
2015-07-07,125.89688143067,126.14659101036,123.76008088446,125.69443830713,46946798.687154
2015-07-08,124.47710410614,124.63629396319,122.53026120448,122.56593400158,60761600.331012
2015-07-09,123.84881696724,124.05036827085,119.2126910743,120.08310732351,78595000.225054
2015-07-10,121.94121414239,123.84881696724,121.19030176346,123.29098360261,61354398.253235
2015-07-13,125.03493747077,125.75106887253,124.30230740036,125.65921142,41440498.986108
2015-07-14,126.05027445819,126.3575064232,125.04385567005,125.60703995424,31759293.919835
2015-07-15,125.72030108503,127.15702298818,125.57136715714,126.80564593676,33629930.074757
2015-07-16,127.75944734918,128.56386892376,127.35946611171,128.49386105945,36222402.084847
2015-07-17,129.0994067902,129.64520058581,128.30033613519,129.64520058581,46164699.545256
2015-07-20,130.95885133897,132.95831161635,130.68595444117,132.06559986896,58900200.569835
2015-07-21,132.839699566,132.90524833067,130.28196001402,130.73901772685,76756399.236784
2015-07-22,121.99873652771,125.49244109356,121.99873652771,125.22890830499,115450601.43745
2015-07-23,126.19118200673,127.09593332315,125.0652593483,125.16648091007,50999401.335611
2015-07-24,125.34216943578,125.74215067325,123.89340796361,124.4936027748,42162300.080897
2015-07-27,123.11440325697,123.61159286653,122.13875225632,122.7759575945,44455497.549368
2015-07-28,123.39175925441,123.9058934426,122.54363850339,123.39175925441,33618001.209217
2015-07-29,123.18084384157,123.51037130477,122.26672841591,123.01407351513,37011652.894704
2015-07-30,122.314886692,122.56593400158,121.69953094204,122.37240907732,33628198.110767
2015-07-31,122.5877835898,122.63148276625,120.91740486565,121.28706422559,42884898.421831
2015-08-03,121.4935205388,122.56593400158,117.52046276193,118.40425631005,69944262.152952
2015-08-04,117.41968711013,117.69659719761,113.25355031896,114.65504533498,124138601.96464
2015-08-05,112.95389882333,117.44153669835,112.09775169297,115.39837724452,99312601.201376
2015-08-06,115.9588387726,116.50616829139,114.12508512933,115.12696892813,52877683.905385
2015-08-07,114.58141501199,116.25669611819,114.49263487918,115.52115271783,38670399.234534
2015-08-10,116.53102672858,119.9961153123,116.53102672858,119.74664313909,54951498.329457
2015-08-11,117.78327050192,118.15481535775,113.32162492737,113.49519008702,97027311.708104
2015-08-12,112.53325734798,115.4115092538,109.62393239568,115.23750019349,101685600.52671
2015-08-13,116.03740919014,116.39608092671,114.53702494559,115.13584694142,48535700.087801
2015-08-14,114.32350872617,116.30818859522,114.02565138058,115.95040465998,42929500.31961
2015-08-17,116.03740919014,117.66031001797,115.49895768462,117.15337545961,40884700.269795
2015-08-18,116.43114907917,117.45966691781,116.00234103768,116.50616829139,34560700.719375
2015-08-19,116.09866748178,116.52303651663,114.67241464813,115.00933525216,48286498.61334
2015-08-20,114.09445598351,114.34481595805,111.62814389395,112.64378861334,68501598.806606
2015-08-21,110.42872429963,111.88560627911,105.65235315426,105.77930874418,128275398.77531
2015-08-24,94.86379141474,108.83290141231,91.993973621537,103.12833397837,162164264.72592
2015-08-25,111.11188742164,111.11188742164,103.49144472157,103.73603398747,103601599.91316
2015-08-26,107.05641095471,109.87384846955,105.03977023784,109.68519068732,96774601.791043
2015-08-27,112.22740979044,113.2248545826,110.01811618537,112.90524610447,84615998.894319
2015-08-28,112.17414171075,113.29942989416,111.5398076618,113.27723486096,53164397.601268
2015-08-31,112.02232768364,114.52814693231,111.99169853782,112.75121257404,56229200.855968
2015-09-01,110.15794489455,111.86785025254,107.34494638635,107.71693514284,76845799.209579
2015-09-02,110.24494942471,112.33705325446,109.12099294329,112.33705325446,61888798.606902
2015-09-03,112.48886728158,112.77340760724,110.03498441061,110.3772318226,53233899.41214
2015-09-04,108.98959834672,110.45491443881,108.53060506008,109.25238753985,49996299.389585
2015-09-08,111.64545601985,112.56832550044,110.33328565686,112.30642410864,54843599.189228
2015-09-09,113.77973041269,114.0389684005,109.76420500552,110.15794489455,85010798.033374
2015-09-10,110.28889559045,113.26835684768,109.88716548947,112.57720351373,62876031.417017
2015-09-11,111.77196770911,114.21342136148,111.74178246395,114.21342136148,49915400.434241
2015-09-14,116.58873381491,116.89058626648,114.86107243036,115.30275359111,58363401.537979
2015-09-15,115.93708764006,116.53102672858,114.41362056098,116.28599356202,43341097.811548
2015-09-16,116.25669611819,116.5443437485,115.43370428701,116.40495893999,37173401.248746
2015-09-17,115.67429844693,116.49285127147,113.73622814761,113.93332004245,64112640.966029
2015-09-18,112.20521475724,114.30131369297,111.85453323262,113.45168782194,74285198.85007
2015-09-21,113.69272588253,115.35513386947,113.67985276327,115.206427147,50221899.412532
2015-09-22,113.37356130506,114.19122632828,112.5243793347,113.39930754358,50346101.299267
2015-09-23,113.64966751811,114.71502911188,113.28611287424,114.32350872617,35756719.430259
2015-09-24,113.23373259588,115.49895768462,112.36768240029,115.00045723887,50144467.223797
2015-09-25,116.44002709245,116.69793337827,114.0389684005,114.70659499926,56151897.52489
2015-09-28,113.85430572425,114.57253699871,112.44492111583,112.44492111583,52087907.20898
2015-09-29,112.80403675306,113.51738512022,107.86031505733,109.07305167157,73365295.968517
2015-09-30,110.17969602709,111.5398076618,108.75832610074,110.31109062366,66472999.228162
2015-10-01,109.08192968485,109.61105927642,107.29256610799,109.56800091201,63929100.803568
2015-10-02,108.00635837581,111.01112197089,107.55446749979,110.38566593522,58019700.317526
2015-10-05,109.86053144963,111.38311072738,109.08192968485,110.77940582425,52056827.958335
2015-10-06,110.6391332144,111.72846544403,109.75577089291,111.31696952844,48856899.201795
2015-10-07,111.72846544403,111.75509948387,109.39221624903,110.77940582425,46765554.05378
2015-10-08,110.2018910603,110.2018910603,108.21499168793,109.48010858052,61979499.530012
2015-10-09,109.99192604619,112.27135595618,109.48010858052,112.11687852509,52733501.872826
2015-10-12,112.72990534216,112.75121257404,111.43993001238,111.6015098541,30459610.661714
2015-10-13,110.82290808933,112.45379912911,110.69195739343,111.77196770911,33049199.263507
2015-10-14,111.2952183959,111.51406142328,109.5458058788,110.22364219283,44462448.015077
2015-10-15,110.94586857327,112.09557129321,110.49886060456,111.84565521934,37673398.247998
2015-10-16,111.76353359649,111.99169853782,110.5428067703,111.04130721605,39232598.663822
2015-10-19,110.80515206276,111.74178246395,110.11399872881,111.71958743075,29759154.399382
2015-10-20,111.34804257492,114.182348315,110.82290808933,113.79304743261,48967762.969262
2015-10-21,114.0167733673,115.58685001611,113.72335502835,113.77973041269,42326901.536476
2015-10-22,114.32350872617,115.49895768462,114.11221201007,115.49895768462,41654002.1151
2015-10-23,116.70681139155,119.23970858073,116.33038362842,119.08212384498,59366900.599948
2015-10-26,118.05893281431,118.11042529134,114.92277462266,115.2805585579,66333700.044797
2015-10-27,115.3893142206,116.5443437485,114.00833925468,114.54590295887,69884400.297313
2015-10-28,116.93408853156,119.31339609096,116.05472131604,119.28321084581,85551296.661605
2015-10-29,118.6928229626,120.67483942766,118.25069790118,120.52124979789,51227298.449131
2015-10-30,120.97225287259,121.21728603915,119.46299061475,119.50649287983,49365199.635347
2015-11-02,119.87892553699,121.36110985431,119.62856556245,121.17333987341,32196525.61231
2015-11-03,120.78315118969,123.49138914118,120.68371744094,122.59071469378,45518976.28359
2015-11-04,123.12872229863,123.80167570536,121.63233316006,121.99144879729,44853738.260981
2015-11-05,121.86354689927,122.69054504311,120.16048765384,120.93135070186,39552595.072973
2015-11-06,121.12274043798,121.81934603643,120.61266248075,121.07898158377,33042200.897942
2015-11-09,120.97555156471,121.81934603643,120.04247135004,120.55652738493,33871383.127443
2015-11-10,116.9148182951,118.06934483262,116.0696977975,116.77160749948,59127898.456222
2015-11-11,116.37954584604,117.38113739812,115.22457729989,116.12185481566,45217898.27929
2015-11-12,116.27920988739,116.82685857804,115.6471375487,115.72581508456,32525499.672451
2015-11-13,115.21175904967,115.56006184889,112.27063363594,112.32323266272,45812401.153406
2015-11-16,111.36893603389,114.23934006707,110.99543874285,114.17524881594,38106698.412007
2015-11-17,114.90633108741,115.05086790891,113.32570823206,113.70450962664,27616901.829941
2015-11-18,115.76957393878,117.45495283907,115.48624640794,117.26356310295,46674601.064148
2015-11-19,117.61584397983,119.74632556898,116.76320933554,118.79247094877,43295816.570226
2015-11-20,119.22342936152,119.91163679602,118.86186630344,119.3242073288,34286999.448424
2015-11-23,119.29326672481,119.73792740504,117.29406169832,117.72546211969,32482500.511854
2015-11-24,117.29406169832,119.36796618302,117.1415687215,118.88838682115,42795700.54133
2015-11-25,119.23624761174,119.2495078706,117.90845369187,118.02558597841,21388300.570211
2015-11-27,118.30051534531,118.41764763185,117.57296914287,117.78601730178,13046400.519759
2015-11-30,117.98226913282,119.41128302861,117.72546211969,118.30935551787,39180297.815846
2015-12-01,118.76241436204,118.81810744922,116.87105944089,117.29406169832,34852361.714935
2015-12-02,117.06775328055,118.09984342799,116.09179822892,116.2964482239,33369035.467904
2015-12-03,116.53601690052,116.7968019913,114.21768164428,115.21175904967,41561709.019699
2015-12-04,115.29883474947,119.26718821573,115.11628518592,119.04087979797,57776899.942711
2015-12-07,118.98828077118,119.85947977786,117.78601730178,118.28725508645,32084201.047394
2015-12-08,117.48987152072,118.60947937659,116.87105944089,118.23023597338,34309395.165075
2015-12-09,117.61584397983,117.65960283405,115.08136650428,115.61708096196,46361299.035442
2015-12-10,116.04759736608,116.95901915795,115.49906465816,116.17887392873,29212698.732067
2015-12-11,115.2029188771,115.38591044928,112.8386147235,113.19531568666,46886099.424094
2015-12-14,112.17648579808,112.66269528937,109.80997160133,112.46821149286,64983042.300477
2015-12-15,111.94443126814,112.78557368809,110.35054815393,110.49420095818,53323098.878045
2015-12-16,111.07279025283,112.00056636395,108.78672162646,111.33048128321,56238399.659632
2015-12-17,112.01824670909,112.24941722177,108.96927119001,108.96927119001,44772798.823453
2015-12-18,108.89545574906,109.5142678289,105.81553962599,106.04626813005,96453297.188156
2015-12-21,107.27063203087,107.36610589461,105.56757278543,107.32367306628,47590601.282098
2015-12-22,107.40058256763,107.7325310476,106.43877179211,107.23659736647,32785424.688851
2015-12-23,107.27063203087,108.82959646342,107.20609877111,108.61699031314,32657301.624381
2015-12-24,108.99137162144,108.99137162144,107.96325955165,108.05033525146,13596678.465352
2015-12-28,107.58887824335,107.70203245224,106.1775446927,106.80033485019,26704208.108528
2015-12-29,106.95680590466,109.41879396515,106.84409370441,108.72616644436,30931240.070631
2015-12-30,108.58604970914,108.69964592666,107.18399833969,107.31483289371,22246435.175697
2015-12-31,107.00984694008,107.03150536287,104.81350606529,105.27628909928,38829501.496456
2016-01-04,102.60920903519,105.38855929091,102.01293939541,105.36645885949,62829423.482379
2016-01-05,105.7457022627,105.85532040256,102.41428323004,102.71042901111,52724006.953242
2016-01-06,100.56226707682,102.37450245348,99.866545495633,100.70238381204,67247040.864261
2016-01-07,98.681078354119,100.12733058642,96.433464478431,96.45070281494,76620391.367602
2016-01-08,98.554221877753,99.112036766862,96.75966684623,96.955918677263,69571775.572708
2016-01-11,98.967941953986,99.059879748704,97.329857976935,98.532563454959,49739378.79199
2016-01-12,100.55342690425,100.69354363947,98.846831589789,99.956715255837,46971622.641439
2016-01-13,100.31827831391,101.18152116528,97.296265321173,97.382457003721,61262943.655002
2016-01-14,97.95751022934,100.48447355821,95.740394949015,99.526198851723,61661973.874427
2016-01-15,96.207156060662,97.705565311121,95.361151545801,97.125207981961,78317841.941416
2016-01-19,98.406590995849,98.654557836412,95.505246358677,96.659772896199,53087698.722252
2016-01-20,95.099482437757,98.188238733393,93.426921787687,96.790165441593,69638022.469522
2016-01-21,97.055812627294,97.879274702104,94.939475314256,96.306165993436,46543142.996908
2016-01-22,98.632899413618,101.45645053218,98.371672314201,101.41666975562,64299278.725415
2016-01-25,101.51744772291,101.52628789548,99.216792811805,99.443101229574,49632485.856064
2016-01-26,99.926216660474,100.87653521165,98.071548455481,99.987213851201,60602648.852566
2016-01-27,96.04493889402,96.628832292207,93.344708182794,93.426921787687,131111242.33638
2016-01-28,93.788926854391,94.512052970541,92.391295571219,94.08065254917,55090535.415953
2016-01-29,94.781678233898,97.329857976935,94.33790157093,97.329857976935,61618000.977183
2016-02-01,96.46794115145,96.715907992013,95.400490313734,96.433464478431,38456733.88652
2016-02-02,95.422590745156,96.04493889402,94.268506216263,94.472714202609,35337687.534819
2016-02-03,95.000030496354,96.838344382094,94.071812376601,96.354344933937,44449439.977496
2016-02-04,95.860259247665,97.32947968878,95.18895475527,96.592231729549,45429734.342465
2016-02-05,96.514858061794,96.913156601486,93.681487103389,94.010764814459,43159408.528819
2016-02-08,93.135035574871,95.709028897053,93.044473213749,95.015743249046,52718341.812742
2016-02-09,94.28333114405,95.943348015879,93.923719438235,94.994201716546,41969872.798243
2016-02-10,95.921806483379,96.350878640928,94.097810190683,94.26574621956,41152346.398945
2016-02-11,93.776885318746,94.721195763844,92.5938595237,93.690279565634,45955534.496193
2016-02-12,94.183097074458,94.499625715273,93.014578842117,93.984827050837,39297884.981208
2016-02-16,95.024535711291,96.843696149752,94.608212623997,96.631797809651,45474576.161402
2016-02-17,96.66696765863,98.213122144389,96.150850124857,98.126516391277,42397048.01895
2016-02-18,98.841343571784,98.89365872214,96.09457836649,96.259437033581,37057373.796582
2016-02-19,95.999619774246,96.757969642865,95.80838372042,96.042702839246,32591128.85786
2016-02-22,96.311312560826,96.895571676997,95.921806483379,96.874030144497,33108962.187501
2016-02-23,96.40231454506,96.492876906182,94.547544634508,94.691301392211,29721723.076248
2016-02-24,93.976034588592,96.38077301256,93.322315020687,96.103370828735,34840797.204354
2016-02-25,96.051055678378,96.757969642865,95.254018975882,96.757969642865,24699456.187831
2016-02-26,97.195394639546,98.022325713675,96.575086428172,96.904364139242,27483932.40373
2016-02-29,96.852488611997,98.230267445766,96.644986503018,96.684112960008,30137114.112147
2016-03-01,97.645129083371,100.76865129586,97.41564581878,100.52685858412,48958465.332256
2016-03-02,100.50487742851,100.88690991305,99.63442366627,100.74710976336,32372301.418353
2016-03-03,100.57477750336,101.72219382631,100.44420943902,101.51469171733,34778141.26286
2016-03-04,102.36316432396,103.74138278084,101.37884817565,103.02655560034,43771793.302283
2016-03-07,102.38910208758,102.82740633049,100.96120621902,101.87474304626,32573771.262712
2016-03-08,100.78183998922,101.76967312243,100.39189428866,101.02846855519,30427067.475495
2016-03-09,101.32037830172,101.59734086243,100.26264509366,101.12430639366,24216275.494904
2016-03-10,101.41841425575,102.23435475207,100.15010157693,101.17706116713,33513578.312192
2016-03-11,102.23435475207,102.27304158595,101.51469171733,102.25545666146,25334871.142643
2016-03-14,101.91386950325,102.9140120836,101.77802596157,102.51571354391,25076061.956248
2016-03-15,103.9625132063,105.17499374987,103.84601308156,104.59469124171,40067733.041
2016-03-16,104.62546485956,106.30262703277,104.60348370395,105.95136816609,38303493.676871
2016-03-17,105.52625261655,106.47495929277,104.95474257063,105.78211326787,34420703.73143
2016-03-18,106.33691763552,106.5048536644,105.19213905124,105.90784547798,44205169.743817
2016-03-21,105.92103417134,107.66633792695,105.1367465391,105.89509640772,35502679.147993
2016-03-22,105.25324666385,107.30276961312,105.21368058374,106.70927841159,32444374.517146
2016-03-23,106.48375175501,107.07724295654,105.88630394548,106.12018344119,25703492.117034
2016-03-24,105.48712615956,106.23668356593,104.89363495803,105.66517352002,26132956.571341
2016-03-28,105.98082291461,106.17161934532,105.05893324823,105.19213905124,18381388.455155
2016-03-29,104.89363495803,107.80525883042,104.89363495803,107.6971115448,29614349.058173
2016-03-30,108.65417106016,110.42189559448,108.59745967868,109.56463052561,44341038.624084
2016-03-31,109.72421371536,109.91061391495,108.87046563138,108.98784500235,23950157.09316
2016-04-01,108.77111080801,109.99721966806,108.19080829985,109.9844705978,25114566.983687
2016-04-04,110.42189559448,112.17687105856,110.275061475,111.11078501137,34791171.74247
2016-04-05,109.5211078375,110.72127893392,109.42087376791,109.82400816183,24789295.413522
2016-04-06,110.23153878688,110.97626033902,109.21732826694,110.95515842964,25152498.110454
2016-04-07,109.95457622617,110.42189559448,108.12618370235,108.5337143274,29499197.014092
2016-04-08,108.90123924924,109.78092509683,108.15695732021,108.6629635224,23028929.139666
2016-04-11,108.96586384674,110.60873541719,108.81507311924,109.01861862021,26483698.367452
2016-04-12,109.34789633128,110.5085013476,108.6629635224,110.43948051897,26146794.333348
2016-04-13,110.78986013943,112.3364542483,110.78986013943,112.01948598438,31930432.930118
2016-04-14,111.6216270678,112.39272600667,111.3275192057,112.07663698897,24232629.048209
2016-04-15,112.08982568233,112.29381080641,109.73740240872,109.86797047306,44021417.803233
2016-04-18,108.87925809362,108.94520156046,106.93964092241,107.49796227496,58879359.112724
2016-04-19,107.90065704577,108.01320056251,106.21514203343,106.90886730455,30791042.652286
2016-04-20,106.64905004522,108.09584970761,106.05028336634,107.13791094603,26409841.695462
2016-04-21,106.92645222904,106.92645222904,105.52625261655,105.95136816609,29273353.792398
2016-04-22,105.00661809788,106.48375175501,104.63425732181,105.67836221338,32718830.74258
2016-04-25,104.99782563563,105.64758859553,104.51643832773,105.08091440385,26650228.283558
2016-04-26,103.90975843283,105.30600143731,103.90975843283,104.34850229885,39486030.685327
2016-04-27,95.999619774246,98.716050984794,95.687926987666,97.810427373574,108834208.82015
2016-04-28,97.610398857504,97.879887825308,94.243765063948,94.828903426343,79104196.370799
2016-04-29,93.984827050837,94.721195763844,92.516046232833,93.733802253746,67040191.425877
2016-05-02,93.958449664102,94.075829035071,92.40745932411,93.629611576145,47361902.548241
2016-05-03,94.196285767826,95.748155354043,93.672694641144,95.180162293025,55981516.245682
2016-05-04,95.201703825525,95.899825327767,93.811175921501,94.183097074458,38344988.992954
2016-05-05,93.996355131071,94.070638788368,92.687651874561,93.230359535524,34635339.462202
2016-05-06,93.36363315597,93.441849477478,91.856548838207,92.72260888976,42795511.673037
2016-05-09,92.993962720242,93.765201868068,92.593267933524,92.792522920158,30973138.005026
2016-05-10,93.320810812351,93.567257769504,92.115230750679,93.416068678768,32617466.036836
2016-05-11,93.471999903087,93.567257769504,92.464800902668,92.515925537396,24333552.826508
2016-05-12,92.72260888976,92.779414039458,89.47029558819,90.332859938224,74622749.372505
2016-05-13,90.001205256524,91.671713620342,90.001205256524,90.508518939598,42428721.089601
2016-05-16,92.39532383496,94.393117253578,91.655109038123,93.881433943604,59719298.233002
2016-05-17,94.548675971214,94.703797726159,93.002265011351,93.485108783786,43909851.663976
2016-05-18,94.165459692095,95.219850663033,93.890173197404,94.561347889223,41121531.910549
2016-05-19,94.643059912251,94.643059912251,93.567257769504,94.200416707294,29591776.589436
2016-05-20,94.643059912251,95.431340604986,94.527264799404,95.228589916833,30114332.645668
2016-05-23,95.866555444213,97.187930618732,95.672544009859,96.426304650086,36223800.023952
2016-05-24,97.222887633931,98.096813013904,96.839234392123,97.89843195265,29643389.005133
2016-05-25,98.674040727376,99.733238287904,98.114291521504,99.595595040558,34476719.512288
2016-05-26,99.673374399375,100.73606766142,98.639520674867,100.40834564393,54543660.468438
2016-05-27,99.439599360233,100.46864649515,99.242529187049,100.35022960616,34508466.38752
2016-05-31,99.595595040558,100.39960639013,98.815616638932,99.85777265455,38999877.08453
2016-06-01,99.014434662876,99.544033443139,98.333646791877,98.462550785423,28043105.008297
2016-06-02,97.601734286149,97.838131101432,96.627744450169,97.727142578176,38635228.789261
2016-06-03,97.790939130914,98.273345940659,97.454914822314,97.92028008715,25352136.358236
2016-06-06,97.993252856377,101.88265775995,97.550172688731,98.635151047968,22787687.892317
2016-06-07,99.251268440848,99.870881535249,98.958503438558,99.027106580885,20706298.975501
2016-06-08,99.014434662876,99.561074988049,98.682779981176,98.936655304058,19121650.180837
2016-06-09,98.501440464832,99.987987536166,98.462550785423,99.647156637976,25668794.743885
2016-06-10,98.531590890441,99.346089344576,98.480029293022,98.837027810741,25995164.027277
2016-06-13,98.687149608076,99.121490521922,97.097479341905,97.338682746777,35577666.597758
2016-06-14,97.317708537658,98.480029293022,96.744850451086,97.463654076114,30852550.592857
2016-06-15,97.820652593833,98.411863113384,97.028439236887,97.140738648214,26011405.230846
2016-06-16,96.443346194995,97.752923376885,96.064499542777,97.550172688731,30510891.216848
2016-06-17,96.61594645754,96.649592584669,95.30199964875,95.332587037049,54614693.764212
2016-06-20,95.994585512379,96.563947897431,95.035452407859,95.108862139776,33455687.030055
2016-06-21,94.944127205651,96.344155664368,94.67757996476,95.905008160932,31930326.134779
2016-06-22,96.244528171051,96.891232952231,95.353998208859,95.565051188122,26177365.624403
2016-06-23,95.935158586541,96.28341785046,95.254370715542,96.094649968386,30559306.563249
2016-06-24,92.903074480724,94.65573183026,92.653568784742,93.394220544269,63289500.073457
2016-06-27,92.993962720242,93.03678506386,91.499550320488,92.046190645661,44303087.983546
2016-06-28,92.894335226925,93.655961195571,92.145818138978,93.589105904003,38531394.294829
2016-06-29,93.966641668152,94.548675971214,93.626247732652,94.406226134278,32082305.243115
2016-06-30,94.445115813687,95.772171503176,94.302665976751,95.603066942151,33795885.640615
2016-07-01,95.491204493514,96.460824702595,95.332587037049,95.883596989122,24934480.333632
2016-07-05,95.392887888268,95.401627142067,94.462157358596,95.048561288558,27131307.481574
2016-07-06,94.600237568632,95.659435129159,94.372143044459,95.530094172923,29322846.306158
2016-07-07,95.697887845878,96.494470829724,95.62491507665,95.935158586541,23723522.253856
2016-07-08,96.486168538614,96.891232952231,96.042651408277,96.680179972968,26552684.167058
2016-07-11,96.744850451086,97.652858920878,96.736111197286,96.982121191748,22661608.020368
2016-07-12,97.170889073823,97.705294443676,97.119327476404,97.420831732495,21705755.016046
2016-07-13,97.412092478695,97.674707055377,96.839234392123,96.869384817732,21813744.327448
2016-07-14,97.390681306886,98.984284237267,97.317708537658,98.772794295313,35115443.610239
2016-07-15,98.914807169559,99.303267000957,98.501440464832,98.772794295313,29539405.298878
2016-07-18,98.695888861876,100.12868952234,98.604563659668,99.827622228941,35772693.317322
2016-07-19,99.561074988049,100.00109641687,99.341719717676,99.870881535249,22097603.574113
2016-07-20,100.00109641687,100.45990724135,99.729305623694,99.957400147867,24659185.20488
2016-07-21,99.827622228941,101.01222808149,99.129792813032,99.431297069123,30144079.807835
2016-07-22,99.259570731958,99.303267000957,98.316605246967,98.661368809367,25813490.163995
2016-07-25,98.251934768849,98.837027810741,96.92182034053,97.338682746777,38073971.488305
2016-07-26,96.817386257624,97.976211311468,96.413195769386,96.667071092268,40458055.356043
2016-07-27,104.25886086809,104.35368177182,102.74696996074,102.94185532047,89869057.473102
2016-07-28,102.83392553605,104.45330926514,102.82081665535,104.34100985381,37150526.971767
2016-07-29,104.19375342729,104.55555853459,103.6781374531,104.21560156179,24817601.247224
2016-08-01,104.41441958573,106.14916146498,104.41441958573,106.04603827014,36769157.569255
2016-08-02,106.04603827014,106.06351677774,104.0141617617,104.47865310116,31431567.304805
2016-08-03,104.82734932777,105.83935491778,104.78452698415,105.78823028305,27372737.47644
2016-08-04,105.57722628705,106.0018386163,105.28125802071,105.87275994508,25236577.119158
2016-08-05,106.29302619112,107.6372697268,106.19871618554,107.4664686568,33486906.047214
2016-08-08,107.50992948886,108.3748000469,107.15789674916,108.3748000469,25609551.570655
2016-08-09,108.23746381758,108.94370233859,108.02363652383,108.81592749233,25485813.258597
2016-08-10,108.71683679523,108.90111072317,107.75765623161,108.01494435742,22293104.25106
2016-08-11,108.5286513924,108.93066408897,107.85196623719,107.93714946803,23336275.949547
2016-08-12,107.77504056444,108.45172571965,107.77504056444,108.18574542743,17895416.242543
2016-08-15,108.14271920368,109.52607748822,108.08795855529,109.4665361483,24482213.282932
2016-08-16,109.61691062723,110.22927375099,109.21315949738,109.38091830914,32782701.628021
2016-08-17,109.09885750905,109.37266075104,108.34481207277,109.20490193928,22733566.826019
2016-08-18,109.23488991341,109.58692265311,109.03018939439,109.08147317623,18894356.390258
2016-08-19,108.77290126859,109.6773211838,108.36610788048,109.36005710975,24535224.46313
2016-08-22,108.87112274905,109.0514852021,107.85196623719,108.51561314278,24582110.127838
2016-08-23,108.60166559026,109.317030886,108.53690895049,108.85851910775,18985896.74536
2016-08-24,108.57124300782,108.75117085256,107.67203839245,108.03232869025,22521875.066717
2016-08-25,107.38910837573,107.88630029452,106.6993849709,107.55208649596,22905070.445401
2016-08-26,107.41475026664,107.95887988406,106.32736024845,106.92320825602,26799736.331176
2016-08-29,106.63549754777,107.43213459947,106.31432199883,106.82846364212,23422806.046224
2016-08-30,105.80018035553,106.52467242601,105.49204305621,105.99314644989,22339712.424532
2016-08-31,105.65458656812,106.58421376593,105.63285615209,106.11266373806,26697056.520684
2016-09-01,106.1556899618,106.81151391762,105.61112573606,106.74197658632,24530465.465426
2016-09-02,107.68942272528,108.01494435742,106.82846364212,107.72288756596,25764411.698284
2016-09-06,107.90368462734,108.30222045735,107.50992948886,107.68942272528,23245575.431104
2016-09-07,107.83067042948,108.75986301897,107.0596752687,108.36610788048,38879193.05324
2016-09-08,107.24394919664,107.26133352946,105.23953562193,105.51811955545,49662101.427601
2016-09-09,104.62673788985,105.71977781622,103.12820840035,103.12820840035,44026393.4032
2016-09-12,102.64840081438,105.71977781622,102.52801430957,105.44901683247,40914362.326425
2016-09-13,107.50992948886,108.7941970763,107.23091094702,107.95887988406,61242897.655338
2016-09-14,108.72987504484,113.01728612778,108.61470383988,111.77908702233,106348148.68218
2016-09-15,113.8734645194,115.71142310731,113.47970938092,115.54453351219,88561719.30839
2016-09-16,115.12817874104,116.12256257862,114.05426158078,114.92738969691,70463910.714329
2016-09-19,115.19728146402,116.17819244366,113.25284383756,113.5740193865,46381917.564669
2016-09-20,113.03901654381,114.13509872842,112.51705195074,113.56532722008,33933825.700574
2016-09-21,113.86477235299,114.00254319063,112.44794922776,113.54011993749,33216542.148446
2016-09-22,114.37543712972,114.94433942142,114.01123535704,114.60186806477,29502949.648214
2016-09-23,114.43106699476,114.78701120935,111.55700217049,112.70871422014,51701616.452836
2016-09-26,111.65174678439,113.39409154176,111.55700217049,112.86734625716,28630881.208618
2016-09-27,112.98251746213,113.18026424801,112.34842392234,113.08117355091,23896289.848158
2016-09-28,113.69440589131,114.62750995568,113.4245141242,113.95951696689,28845479.032853
2016-09-29,113.1546223571,113.81001170459,111.80950960477,112.1915303186,34645537.569223
2016-09-30,112.46489895227,113.36844965084,111.80950960477,113.03901654381,33352696.007432
2016-10-03,112.70871422014,113.03901654381,112.28497110753,112.52965559204,20846025.881506
2016-10-04,113.05118557679,114.33241090598,112.62700785586,112.98251746213,29303190.012052
2016-10-05,113.40278370817,113.65963722566,112.6826377209,113.03901654381,19995559.881519
2016-10-06,113.70309805772,114.3623988801,113.12463438297,113.90779857673,28057142.53826
2016-10-07,114.33241090598,114.55884184102,113.49709371375,114.0799034717,23960081.539859
2016-10-10,115.0303918689,116.7523100352,114.71356240317,116.04954838076,35354301.726245
2016-10-11,117.71149059882,118.69283618678,116.19992285969,116.30683650657,62275786.071643
2016-10-12,117.36945385049,117.9683441163,116.7523100352,117.35685020919,36957924.49859
2016-10-13,116.79490165062,117.44203344003,115.69838485769,116.98352166177,34080889.612992
2016-10-14,117.88316088546,118.14870656936,117.14171909048,117.63891100927,34457361.466467
2016-10-17,117.35685020919,117.8397000534,116.78620948421,117.5615507282,22005005.763159
2016-10-18,118.15739873577,118.1917327931,117.45463708133,117.47549828072,22038877.87122
2016-10-19,117.27036315338,117.76755507218,113.81001170459,117.13302692407,19529217.682387
2016-10-20,116.87182732337,117.3907496582,116.33682448069,117.06957410926,23615968.017629
2016-10-21,116.81576285001,116.91919963032,116.28510609053,116.60193555627,21855236.886423
2016-10-24,117.11173111636,117.74147857294,117.00481746948,117.65586073378,22717698.7451
2016-10-25,117.93835614218,118.35427630501,117.33946587636,118.23302058356,38551729.925529
2016-10-26,114.33241090598,115.68143513319,113.31673126069,115.56626392823,64361138.001176
2016-10-27,115.35200202616,115.84832472831,114.11771439559,114.48626225148,28025673.97369
2016-10-28,113.88215668582,115.22292335493,113.44537532359,113.72395925711,34776899.297223
2016-10-31,113.65094505925,114.2463584585,113.19764858084,113.53142777107,26419399.388332
2016-11-01,113.44537532359,113.78002373047,110.52002671749,111.4961570056,43825811.647482
2016-11-02,111.41097377476,112.35711608875,111.24017270476,111.59611691935,28331710.45226
2016-11-03,110.98717071762,111.45933879363,109.55034423722,109.82707277994,26932603.882386
2016-11-04,108.53293445438,110.23222066202,108.11913880535,108.83085002615,30836999.798268
2016-11-07,110.06315681795,110.50938159308,109.45348924727,110.40431122452,31589246.248723
2016-11-08,110.29707891422,111.72396046261,109.70081538233,111.06845972704,22971207.818109
2016-11-09,109.86987922639,111.32400124071,108.05990160167,110.88512706749,55743000.503079
2016-11-10,111.10132124149,111.10132124149,105.84304654148,107.79138843756,56328067.147846
2016-11-11,107.10907962442,108.85679332703,106.5422185002,108.442997678,33718591.556621
2016-11-14,107.7187471951,107.81257546662,104.06203893608,105.72889601761,51175503.23091
2016-11-15,106.56816180108,107.68458851561,106.17166168596,107.09610797398,32264511.670078
2016-11-16,106.69614875208,110.21060124462,106.59756420874,109.9771115367,58140341.700635
2016-11-17,109.81928978968,110.33945297232,108.82220225919,109.9338727019,26500055.68615
2016-11-18,109.72243479973,110.54310788423,109.65757654753,110.0419697889,26278972.253994
2016-11-21,110.1059632644,111.99766228689,109.9987309541,111.73174345287,27311165.193665
2016-11-22,111.95485584044,112.40540449906,111.39664248318,111.80870857882,22402812.297883
2016-11-23,111.35859230855,111.51468450218,110.31826594327,111.23838834781,24716259.930389
2016-11-25,111.14412768794,111.87356683102,110.95690353326,111.79616931673,11066018.596823
2016-11-28,111.42993638597,112.4616149843,111.3923185997,111.5752188709,25104286.34409
2016-11-29,110.78654252415,112.0391715683,110.05018516751,111.45933879363,27669858.485743
2016-11-30,111.60980993874,112.19310182019,110.25384007942,110.51759697169,32957485.940516
2016-12-01,110.36107238972,110.94393188282,109.01850656918,109.48678315007,34882306.079293
2016-12-02,109.15860039394,110.07612846839,108.84382167659,109.87852699335,23860114.056631
2016-12-05,109.99008318714,110.0203503715,108.26009740679,109.10022796696,32298105.082267
2016-12-06,109.49543091703,110.34810073928,109.18454369482,109.9338727019,25188350.357768
2016-12-07,109.2519962771,111.19514951301,109.14995262698,111.03905731938,29310541.920632
2016-12-08,110.85918376661,112.4183761495,110.60364225295,112.12002818938,25883481.254313
2016-12-09,112.30379323728,114.68971214153,112.30379323728,113.95681389167,33362668.45945
2016-12-12,113.30044837941,114.97595322791,112.48193723665,113.31342002985,25917478.470168
2016-12-13,113.84655486293,115.92591042846,113.76526585351,115.17528425633,41935053.02337
2016-12-14,115.01400340253,116.20696285466,114.95433381051,115.17528425633,32359749.66664
2016-12-15,115.37158856632,116.75739322166,115.21852309113,115.81867811815,43394442.257425
2016-12-16,116.48412378572,116.51352619339,115.64918188574,115.98082374865,38704080.666073
2016-12-19,115.7983558658,117.36576362729,115.755117031,116.66270017345,26303121.378382
2016-12-20,116.75739322166,117.47256354925,116.7055066199,116.96104813357,18881226.188894
2016-12-21,116.81230654186,117.38738304469,116.7911195128,117.06784805552,21640986.727132
2016-12-22,116.36478460168,116.52606545548,115.64053411878,116.30079112617,25161555.232382
2016-12-23,115.58475602189,116.53471322244,115.58475602189,116.53471322244,13776865.929842
2016-12-27,116.53471322244,117.79209853842,116.50055454295,117.25939609369,17505183.095332
2016-12-28,117.49850685013,118.01780525607,116.20696285466,116.76993248375,19308872.310386
2016-12-29,116.45861287319,117.12319376407,116.40715865978,116.75739322166,14751067.945114
2016-12-30,116.67134794041,117.19540261818,115.42693427487,115.81867811815,30586265.937141
2017-01-03,115.7983558658,116.34316518428,114.72862709285,116.15594102959,27740160.333933
2017-01-04,115.85283679765,116.52606545548,115.755117031,116.02795407859,20520517.125575
2017-01-05,115.92591042846,116.8667874737,115.81089512789,116.62854149396,21695828.399231
2017-01-06,116.7911195128,118.17173550796,116.48412378572,117.90711383899,30922255.564689
2017-01-09,117.94516401361,119.44555158117,117.93262475152,118.9854903789,31636854.839693
2017-01-10,118.76281037968,119.39409736775,118.30793783758,119.11304494155,21185413.627367
2017-01-11,118.72951647688,119.92290831736,118.59720564239,119.7521149199,26446480.699435
2017-01-12,118.88301434042,119.3089168632,118.21367717772,119.26654280509,26670281.36485
2017-01-13,119.11304494155,119.62412796889,118.80604921448,119.04040369909,25396040.274519
2017-01-17,118.35074428403,120.23336315122,118.22232494468,119.99857627826,31924515.459078
2017-01-18,119.99857627826,120.48976944158,119.70930847344,119.99036089964,22577164.128475
2017-01-19,119.41139290167,120.09326932647,119.38112571731,119.78627359939,23842991.023519
2017-01-20,120.43399134469,120.43399134469,119.74389954128,119.99857627826,28414649.832436
2017-01-23,119.99857627826,120.81795219771,119.77805822078,120.09326932647,19461034.366336
2017-01-24,119.55235150312,120.10624097691,119.50954505667,119.96441759876,22592413.614338
2017-01-25,120.40415654868,122.10084842622,120.27573720932,121.88292469883,31671923.314758
2017-01-26,121.65678559283,122.44157044445,121.60100749594,121.93783801903,25355956.631932
2017-01-27,122.14279009598,122.35595755154,121.60100749594,121.95037728112,20119033.133687
2017-01-30,120.9286436148,121.61397914638,120.65969806234,121.61397914638,29742940.25159
2017-01-31,121.15045883732,121.38827242872,120.61689161589,121.35800524436,39910196.42385
2017-02-01,127.02142782645,130.49480342592,126.99591691391,128.74363061652,110262832.05989
2017-02-02,127.97657368717,129.38270059486,127.7759454937,128.54775869488,32126302.580317
2017-02-03,128.3172957054,129.17774851791,128.18109337578,129.05884172221,24507305.178444
2017-02-06,129.11418743076,130.50345119288,128.89237220823,130.31579464985,26115179.912392
2017-02-07,130.54539286263,132.06696745924,130.46064474642,131.51783425728,36236509.083862
2017-02-08,131.35958012191,132.20749367234,131.21948629716,132.01205413904,21462722.672708
2017-02-09,131.63677061917,132.45605357052,131.08527221629,132.43926322102,24034816.657431
2017-02-10,132.48102383389,132.94813996747,132.05695987851,132.12971805969,19321186.396813
2017-02-13,133.08375432884,133.80487831387,132.76516821008,133.30891722088,22113413.062125
2017-02-14,133.47854280303,135.08998583346,133.26672608623,135.01378347803,31059716.5015
2017-02-15,135.52825700765,136.26918499466,134.62416126522,135.51534135419,33632216.769841
2017-02-16,135.68367537099,135.88817321749,134.83597798202,135.35690933837,21537789.457702
2017-02-17,135.0985962691,135.8253170373,135.0985962691,135.73103276702,21126543.366661
2017-02-21,136.22785490357,136.76686817477,135.97255548678,136.71133086488,21932669.594004
2017-02-22,136.44010214215,137.13238116778,136.10860036993,137.1198960361,17596727.772758
2017-02-23,137.38208380141,137.46732711426,136.30362673723,136.50381936591,18607851.061035
2017-02-24,135.90108887095,136.67258390449,135.29017846214,136.67258390449,21228413.241363
2017-02-27,137.14013055986,137.42470545784,136.2777954303,136.93089697376,19137409.400415
2017-02-28,137.08975951135,137.42470545784,136.71133086488,136.99117002325,21149590.051898
2017-03-01,137.89053002608,140.15249146927,137.59346999642,139.80419934755,35000450.909158
2017-03-02,139.99879519306,140.28767530885,138.74339367643,138.94746100115,25568125.603537
2017-03-03,138.76491976554,139.83864109012,138.58237852992,139.7955889119,19980245.036333
2017-03-06,139.35860930306,139.78697847626,138.58237852992,139.33794425752,18944352.03734
2017-03-07,139.04863361995,139.97425545148,138.777835419,139.52436018918,16687407.928166
2017-03-08,138.93454534769,139.80419934755,138.80754142197,138.99008265758,17970049.650255
2017-03-09,138.72186758733,138.777835419,137.05962298661,138.667191321,20614719.553888
2017-03-10,139.25270094467,139.34655469317,138.62456966457,139.13430745459,18488215.999255
2017-03-13,139.16013876151,139.43093696246,138.80754142197,139.2014688526,17421715.489684
2017-03-14,139.30436355852,139.66040507232,138.82002655365,138.97716700412,15309064.195837
2017-03-15,139.41414661296,140.75522196422,139.00687300708,140.47107758803,25691776.722278
2017-03-16,140.72078022166,141.01740972953,140.26227452371,140.69107421869,19231998.342699
2017-03-17,141.00018885824,141.00018885824,139.8894426604,139.98631006138,37940511.906309
2017-03-20,140.41123506032,141.49270577698,140.23299904253,141.46429133936,21542038.952329
2017-03-21,142.12901697093,142.79503416785,139.74392629805,139.84682100398,39529911.858733
2017-03-22,139.84682100398,141.59000369973,139.7740628228,141.42123916115,25860164.950267
2017-03-23,141.26323766711,141.56503343637,140.61831603751,140.91537606717,20346302.705305
2017-03-24,141.49270577698,141.7350895403,140.35612827221,140.64845256226,21420936.136707
2017-03-27,139.38831530603,141.22104653246,138.60777931507,140.87275441074,22219586.319553
2017-03-28,140.90289093549,144.04311681418,140.62692647316,143.80116357264,32756257.142077
2017-03-29,143.67329860335,144.4925815547,143.18164272819,144.11070873397,28052786.181596
2017-03-30,144.18346691515,144.50119199035,143.49592362912,143.92773697658,18701495.800222
2017-03-31,143.71635078156,144.26741866266,143.01244766782,143.65177251425,18792813.131038
2017-04-03,143.7034351281,144.11070873397,143.05463880246,143.69482469246,19985713.749179
2017-04-04,143.24105473412,144.8994246388,143.15581142126,144.77285123486,19429901.221347
2017-04-05,144.21274239633,145.45565878128,143.8140792261,144.02632646468,27016363.360398
2017-04-06,144.28894475177,144.52271807945,143.44469153705,143.65177251425,20297314.010943
2017-04-07,143.72926643503,144.17055126169,143.25397038758,143.32586752519,16672199.63843
2017-04-10,143.58891633406,143.87349123203,142.89706783021,143.15581142126,16685986.397304
2017-04-11,142.93968948664,143.33835265687,140.05433250295,141.62014022448,30379376.476506
2017-04-12,141.59000369973,142.15915349568,141.00879929389,141.80225093831,19879869.627246
2017-04-13,141.91763077592,142.39249630158,141.0518514721,141.0518514721,17142108.498812
2017-04-17,141.47204073143,141.88749425117,140.86069980084,141.83238746306,15625064.931813
2017-04-18,141.40832350768,142.0575503551,141.11599921763,141.20038148692,14064019.87456
2017-04-19,141.88749425117,142.01449817689,140.46246715239,140.67858908701,16519171.144315
2017-04-20,141.22104653246,142.91816339754,141.15862087406,142.44760308969,22388887.625617
2017-04-21,142.44760308969,142.68180693916,141.85391355216,142.2861574214,16630164.366925
2017-04-24,143.49592362912,143.9488325439,143.16872707472,143.63110746871,17118458.359787
2017-04-25,143.90664140926,144.91234029226,143.86488079639,144.53520321113,18671988.582405
2017-04-26,144.46718076956,144.60666982696,143.36805865984,143.67329860335,20016924.945821
2017-04-27,143.91482132312,144.15376091219,143.29616152223,143.78867844096,14207643.037358
2017-04-28,144.08530794883,144.29712466563,143.25397038758,143.64359260039,20860358.460896
2017-05-01,145.09488152787,147.22122860971,144.96357238433,146.58491741575,33527077.14188
2017-05-02,147.55660507797,148.0779669561,146.84753570284,147.52302437896,44432691.433936
2017-05-03,145.58309322878,147.50149828986,144.26741866266,147.08044798696,45609581.71233
2017-05-04,146.5164644524,147.16569129981,145.79534046736,146.52938010586,23346292.609824
2017-05-05,146.77090282562,148.98550687279,146.77090282562,148.96398078368,27327726.235799
2017-05-08,149.02769800743,153.69498464727,149.02769800743,153.0083024048,48684135.09153
2017-05-09,153.87752588288,154.86212919856,153.44054627404,154.0045298086,39031969.341283
2017-05-10,153.62782324926,153.95028406406,152.09559622673,153.25025564635,25780579.430036
2017-05-11,152.45093864224,154.05189880719,152.30301918405,153.93827951321,27239428.068615
2017-05-12,154.68216432473,156.43919023687,154.64829291256,156.10219112341,32430848.811101
2017-05-15,156.01686946492,156.65571002351,155.05303485035,155.69616292947,25915047.703867
2017-05-16,155.94098035158,156.06831971125,154.70274442326,155.47621312641,19996232.193231
2017-05-17,153.61242795313,154.55954123764,149.70435299236,150.24972560346,50679849.952714
2017-05-18,151.25900793562,153.3504604489,151.140243617,152.54783660616,33568215.960432
2017-05-19,153.39290690212,153.97172217333,152.62029570308,153.05890905304,26888526.658262
2017-05-22,153.98801475133,154.5681162787,152.90284330584,153.97986846233,22934396.085245
2017-05-23,154.89353908673,154.89353908673,153.31744654084,153.82423146718,19908955.876394
2017-05-24,153.85810287935,154.14965427522,152.66231340425,153.3504604489,19206944.543566
2017-05-25,153.75220112232,154.34345020306,153.02589514497,153.88768677099,19219079.762433
2017-05-26,153.98801475133,154.22554338855,153.31744654084,153.62529051471,21891999.210083
2017-05-30,153.43535335535,154.4283431095,153.3423141599,153.68788831441,20119006.882386
2017-05-31,153.95885961175,154.14965427522,152.37933704944,152.74677755864,24455800.812814
2017-06-01,153.17381460317,153.3423141599,152.2181262776,153.18153214012,16384406.920121
2017-06-02,153.60385291207,155.46377931688,152.88569322373,155.46377931688,27704229.108574
2017-06-05,154.33101639353,154.44463568751,153.47779980857,153.93013322421,25284643.258524
2017-06-06,153.89626181205,155.80935347139,153.80751013713,154.44463568751,26593989.992625
2017-06-07,155.01959219024,155.98299805275,154.46607329014,155.37931516249,21020366.531923
2017-06-08,155.25197580282,155.54738596716,154.39447169733,154.98657828217,21146644.178067
2017-06-09,155.18894925107,155.18894925107,146.02480287571,148.96904322191,64788621.820466
2017-06-12,145.74139776885,146.09511821236,142.49574472957,145.41168744029,72202820.259058
2017-06-13,147.16099581548,147.43925589772,145.14543241553,146.61605195645,34096538.095686
2017-06-14,147.49027739199,147.49027739199,143.83130737387,145.14543241553,31455994.70294
2017-06-15,143.31508990237,144.48129548583,142.20805210218,144.303792136,31662421.936194
2017-06-16,143.78071463165,144.49844556794,142.19561829265,142.26764863751,50267758.864475
2017-06-19,143.65337527198,146.75882639001,143.65337527198,146.34979693169,32466319.661683
2017-06-20,146.8823069812,146.8823069812,144.93405765353,145.00523049429,24886168.66486
2017-06-21,145.52059046169,146.07453811383,144.60434732497,145.87130964083,21265751.712767
2017-06-22,145.77484042896,146.72924249837,145.11113225131,145.63592476387,19086116.434013
2017-06-23,145.11970729237,147.16099581548,145.10255721026,146.28634162789,35423677.397662
2017-06-26,147.16957085654,148.28089617725,145.36966973912,145.8198593945,25679184.343324
2017-06-27,145.00523049429,146.16757730928,143.61135757081,143.72926438532,24731397.394203
2017-06-28,144.48987052689,146.116555815,143.15516538669,145.82843443556,22056058.599536
2017-06-29,144.69781527247,145.11970729237,142.27622367857,143.67438412257,31454522.756635
2017-06-30,144.44828157777,144.95120773564,143.78071463165,144.02510330171,23004119.599823
2017-07-03,144.8663148292,145.28434808062,143.09556885136,143.49302200426,14277846.976631
2017-07-05,143.68724668415,144.78142192275,142.71955330111,144.0932748781,21551199.675562
2017-07-06,143.01153344903,143.49302200426,142.41170932724,142.71955330111,24110716.517466
2017-07-07,142.897485403,144.73940422159,142.897485403,144.19060159407,18719095.45069
2017-07-10,144.11471248074,145.94848501032,143.36568264459,145.06096826114,21080737.321601
2017-07-11,144.72268289153,145.85415955872,144.38911379449,145.52916550274,19722787.205039
2017-07-12,145.87130964083,146.18001111881,144.81572208697,145.74139776885,24863460.668624
2017-07-13,145.49572284263,148.47940837767,145.4369838114,147.7642499537,25081481.315759
2017-07-14,147.96447716233,149.33605497906,147.32520785169,149.03678604624,20117227.765539
2017-07-17,148.80054366518,150.91686379753,148.56387253206,149.5688673437,23770580.53662
2017-07-18,149.20528560297,150.12624501226,148.65991299188,150.08465606315,17850366.78195
2017-07-19,150.47310542293,151.41936120334,149.94488289395,151.02705307508,20910668.631472
2017-07-20,151.49182030026,151.73620897032,150.18198277912,150.33761977427,17200437.298892
2017-07-21,149.98732934718,150.43108772177,148.86785773746,150.26258816504,25121232.029233
2017-07-24,150.58372345254,152.43807608066,149.90286519278,152.09550319052,21469191.438459
2017-07-25,151.80009302618,153.85810287935,151.80009302618,152.73391499706,18830022.73301
2017-07-26,153.35903548996,153.93013322421,153.05890905304,153.47779980857,15734376.213058
2017-07-27,153.77363872496,153.97986846233,147.29133643952,150.55799832938,32434021.973751
2017-07-28,149.8900026312,150.22442923234,149.19285179344,149.51398708095,17196258.193536
2017-07-31,149.90286519278,150.32904473321,148.11925665337,148.71565075874,19713817.218831
2017-08-01,149.09638258157,150.21585419129,148.40652052871,150.05078465098,34136713.763393
2017-08-02,159.30882772589,159.74358230737,156.16093015464,157.13205355411,69736735.273033
2017-08-03,157.03944311071,157.20451265102,155.01959219024,155.56839481775,26624774.684886
2017-08-04,156.0768947523,157.37729972828,155.68758788841,156.40617632881,20521045.540619
2017-08-07,157.0523056723,158.94524598516,156.67629012204,158.82691041861,21829586.447675
2017-08-08,158.61167688813,161.83546357271,158.28625408009,160.04799626482,36133179.773342
2017-08-09,159.28824762736,161.27765715209,159.13947066506,161.06628239009,26064478.825164
2017-08-10,159.89387263158,159.99338109548,154.63188214379,155.32246234173,39658539.811766
2017-08-11,156.58959372532,158.6015438258,156.07582255766,157.4894406499,26237147.691745
2017-08-14,159.32159219544,160.20478319688,158.74803053445,159.83920703768,22075126.739078
2017-08-15,160.65961802113,162.18214022622,160.12919093032,161.5846623679,29380212.843761
2017-08-16,161.92973892939,162.51525868905,160.14200317889,160.95045606367,27623605.962723
2017-08-17,160.53320383523,160.7100128655,157.84348578539,157.86911028253,27496491.038978
2017-08-18,157.86911028253,159.47619332819,156.7036227376,157.506523648,27398404.977573
2017-08-21,157.506523648,157.89857845425,155.10849779061,157.20330043184,26340865.551472
2017-08-22,158.24792576526,159.99338109548,158.03310706423,159.76660429578,21568837.154978
2017-08-23,159.06790967375,160.47811116638,158.87444472034,159.97672517233,19378689.044267
2017-08-24,160.43625782105,160.74289763683,158.58019007818,159.26607245164,19803306.079301
2017-08-25,159.62865908618,160.56267200695,159.26607245164,159.8515922113,25467661.918348
2017-08-28,160.12919093032,161.99337309729,159.92334080329,161.45098790781,25698065.503154
2017-08-29,160.09929568366,163.15928771717,159.99338109548,162.93678166701,29457848.162382
2017-08-30,163.79050449673,163.88317976139,162.62074620227,163.36983566868,27223123.567156
2017-08-31,163.63974703856,164.50201136733,163.49624985457,163.98909434957,26746233.038025
2017-09-01,164.78430791083,164.93079461948,163.62693478999,164.03052061995,16575669.121325
2017-09-05,163.74822407645,164.23252707241,160.56267200695,162.06981951375,29505378.929262
2017-09-06,162.7253795656,163.02048835766,160.53320383523,161.90027075768,21612364.643298
2017-09-07,162.0783610128,162.23765997002,160.36408215411,161.2656373785,21907296.479759
2017-09-08,160.85692664911,161.15160836622,158.55883633056,158.65663649465,28425331.978552
2017-09-11,160.50800641305,162.03608059252,159.88148745796,161.48387267914,31516876.431731
2017-09-12,162.62074620227,163.94681392929,158.76938428207,160.85692664911,71607413.950197
2017-09-13,159.86440445987,159.95622557462,157.91950512691,159.62865908618,44868012.968194
2017-09-14,158.98463005805,159.37967438896,158.0997307568,158.29832060964,23639905.933778
2017-09-15,158.49562923762,160.97052858643,158.00790964204,159.87294595892,48849126.331744
2017-09-18,160.11210793223,160.50800641305,158.00790964204,158.69848983998,28159416.828582
2017-09-19,159.48900557676,159.75379204721,158.46189031638,158.7394890354,20594332.568091
2017-09-20,157.91139070282,158.2816646865,153.82428340892,156.07582255766,52199167.564927
2017-09-21,155.81445268682,155.81445268682,152.75915847778,153.37756300877,37369911.329474
2017-09-22,152.01049608633,152.26247030821,150.57467009656,151.8960399991,46583291.740657
2017-09-25,149.99470231128,151.83325998111,149.16062492936,150.56185784799,44368819.09407
2017-09-26,151.78329221168,153.90414642501,151.68591912255,153.16359845765,36626224.072098
2017-09-27,153.79054448768,154.71687005931,153.52148726771,154.22402556431,25403369.456686
2017-09-28,153.86998042882,154.27911823316,152.70919070836,153.28574189402,21984309.425191
2017-09-29,153.23534704964,154.11853805108,151.99341308824,154.10999655203,26265064.571287
2017-10-02,154.25349373602,154.45507311353,152.73011738102,153.79908598673,18682698.098484
2017-10-03,153.99297801509,155.08714404299,153.89133417644,154.46361461257,16219180.174442
2017-10-04,153.61416253237,153.84051225711,152.46020601114,153.45785309981,20115962.673345
2017-10-05,154.16893289546,155.44930360257,154.03483136042,155.39421093372,21265357.872735
2017-10-06,154.96841720624,155.49158402286,154.56056062675,155.29683784459,17385745.661998
2017-10-09,155.82726493539,156.71216423664,155.49158402286,155.85716018206,16243794.823328
2017-10-10,156.06343738404,158.00790964204,155.09568554204,155.91994020005,15603772.039266
2017-10-11,155.99168879205,156.959867709,155.76064124283,156.53877180599,16881574.207268
2017-10-12,156.33292167897,157.37327626287,155.74355824474,156.00877179014,16381111.937522
2017-10-13,156.71216423664,157.2797468483,156.39612877191,156.97267995757,16373804.78925
2017-10-16,157.91139070282,159.99338109548,157.66710383008,159.87294595892,24096191.180506
2017-10-17,159.76660429578,160.86546814815,159.22421910631,160.47811116638,18972354.982649
2017-10-18,160.42344557248,160.7100128655,159.58210791637,159.74567762312,16256410.875781
2017-10-19,156.73266383436,157.0691988968,155.02393695004,156.00023029109,42386837.019586
2017-10-20,156.60197889894,157.75892494483,155.97887654348,156.22743416574,23911657.998291
2017-10-23,156.87530686844,157.70895717541,155.499271372,156.16379999784,21960123.272518
2017-10-24,156.26971458602,157.42238988239,156.18515374546,157.08628189489,17638332.238215
2017-10-25,156.90007721567,157.56161631685,155.26736967288,156.39612877191,21177497.182722
2017-10-26,157.22465417945,157.83494428635,156.76170493112,157.41384838334,16932722.371965
2017-10-27,159.28742619926,163.59746661828,158.71429161322,163.08326837566,44401408.92385
2017-10-30,163.88317976139,168.07492041861,163.71961005465,166.71639499522,44700771.59848
2017-10-31,167.90280921282,169.63673351932,166.92651587177,169.05633865909,36046826.711883
2017-11-01,169.86906229339,169.93952966053,165.62137481742,166.87142320292,33637763.39791
2017-11-02,167.63802274237,168.50028707114,165.28056900545,168.11677376394,41393372.060625
2017-11-03,174.00613735672,174.27135090212,171.11398577947,172.49002127591,59398629.352959
2017-11-06,172.35591974087,174.98627437234,171.73281738541,174.25853865355,34776224.919325
2017-11-07,173.91303501711,175.12080298232,173.91303501711,174.80092384302,24337387.250272
2017-11-08,174.66639523303,176.24401010698,174.3413911943,176.24401010698,24363582.417979
2017-11-09,175.10371998423,176.1103356469,173.13832105356,175.88654837187,29427300.362918
2017-11-10,175.11013737184,175.39525263915,174.26755792515,174.66118721211,25130493.836653
2017-11-13,173.5079597876,174.48501150962,173.40285012935,173.98244265783,16958895.370744
2017-11-14,173.05603081164,173.48668252884,171.18958967367,171.3393815753,24692541.508895
2017-11-15,169.96061520799,170.30445570946,168.39631114433,169.07080024686,28999800.073349
2017-11-16,171.18958967367,171.86450432137,170.28743390246,171.11767253908,23605546.456268
2017-11-17,171.05001085623,171.39427690289,169.65464822709,170.1482806302,21886418.986822
2017-11-20,170.27509309238,170.5516974562,169.56996473725,169.96912611149,16041773.704611
2017-11-21,170.78191739592,173.70413611332,170.78191739592,173.14709747911,25050753.536478
2017-11-22,173.36582769911,174.99268690351,173.0687971669,174.95055793118,25561616.337238
2017-11-24,175.10162646834,175.5088732009,174.64416540511,174.96289874125,14026672.018159
2017-11-27,175.0475822311,175.07737039336,173.34455044036,174.08244577398,20592910.254467
2017-11-28,174.29692054223,174.85778908301,171.85173796612,173.0807124318,26403426.610185
2017-11-29,172.62665572997,172.92879280429,167.16223013655,169.48570679258,41475324.20257
2017-11-30,170.42105508744,172.13259778168,168.46312173682,171.83897161086,41490375.48355
2017-12-01,169.93976349441,171.6623703632,168.52142142581,171.06277721149,39735865.636671
2017-12-04,172.47686382834,172.61814482647,169.64188187184,169.8082700353,32514237.053296
2017-12-05,169.0495229881,171.51598282297,168.42141830966,169.65464822709,27316622.958637
2017-12-06,167.50607063802,170.19083514771,166.43369679678,169.04143762978,28400453.599871
2017-12-07,169.01633046444,170.42956599094,168.90356099304,169.31889308394,25656352.695113
2017-12-08,170.48446131853,171.0078818839,168.80653669312,169.37293732118,23295478.31845
2017-12-11,169.19676161869,172.89943018721,168.77759962121,172.66921024748,34266394.623475
2017-12-12,172.14493859176,172.38026507359,171.45342768223,171.68364762195,19392999.81045
2017-12-13,172.49728999674,173.55008875993,171.99004014802,172.27047441841,23403466.618375
2017-12-14,172.39303142884,173.13475666904,171.64151864962,172.21643018118,20442878.944664
2017-12-15,173.6343467046,174.16202272172,172.45558656958,173.98244265783,40130511.868911
2017-12-18,174.86629998651,177.17701028729,174.8492781795,176.42677414359,29387841.601401
2017-12-19,175.02673051752,175.40376354266,174.08244577398,174.51862957845,27394405.064831
2017-12-20,174.85778908301,175.43738161149,173.26071804087,174.35096477946,23456925.807507
2017-12-21,174.16202272172,176.0284638597,174.09436103888,175.00545325876,20850977.567708
2017-12-22,174.67395356736,175.43738161149,174.48501150962,175.00545325876,16340801.416466
2017-12-26,170.79851365775,171.46193858573,169.69635165425,170.56446381145,33145028.836892
2017-12-27,170.09423639297,170.78191739592,169.72528872616,170.59340088336,21480250.123644
2017-12-28,171.0078818839,171.83897161086,170.47169496328,171.09256537374,16457922.001815
2017-12-29,170.50956848386,170.58488997985,169.21803887744,169.22654978094,25945878.713054
2018-01-02,170.16104698546,172.29600712892,169.26059339495,172.25813360834,25519353.609207
2018-01-03,172.53090806557,174.53522584028,171.94748563051,172.22877099125,29466655.795435
2018-01-04,172.5389934239,173.47817162534,172.07387254752,173.04326445639,22348889.745549
2018-01-05,173.44455355651,175.3824862839,173.0687971669,174.99268690351,23596446.129848
2018-01-08,174.35096477946,175.61270622363,173.94073923067,174.3930937518,20530354.968782
2018-01-09,174.53522584028,175.06034858635,173.41136103285,174.32628315931,21533191.388916
2018-01-10,173.16369374094,174.29692054223,173.01347629413,174.28457973215,23938928.452592
2018-01-11,174.57778035779,175.49653239083,174.48501150962,175.28588752915,18653781.70058
2018-01-12,176.18761775518,177.3459517218,175.65483519596,177.06466636106,25332835.926374
2018-01-16,177.89022400075,179.39282401402,176.14548878285,176.19612865869,29517765.762772
2018-01-17,176.15399968635,179.25750064834,175.06885948985,179.10217665943,34269203.490947
2018-01-18,179.37580220701,180.10433554678,178.25534176098,179.26601155184,31090543.552691
2018-01-19,178.61662961464,179.58048943624,177.38722960378,178.46939098406,31479768.03388
2018-01-22,177.28297103588,177.77277353242,176.60337539125,176.99828131374,27063087.244185
2018-01-23,177.28297103588,179.4460171609,176.81231807223,177.03530374398,32540740.937396
2018-01-24,177.22765016312,177.28297103588,173.20582271328,174.21266259756,51378605.56168
2018-01-25,174.49352241312,174.94204702767,170.52233483911,171.12618344258,41448316.49417
2018-01-26,171.99004014802,171.99004014802,170.05210742063,171.50364201289,39091378.714837
2018-01-29,170.16104698546,170.16104698546,167.06690801732,167.96353170125,50568640.321394
2018-01-30,165.53537093215,167.37287499822,164.69704693721,166.97073480775,45704072.653516
2018-01-31,166.8605186074,168.46312173682,166.47540022394,167.43628122931,32273638.860692
2018-02-01,167.1749964918,168.63504198756,166.74732359083,167.77118528211,45923903.133273
2018-02-02,166.00474726028,166.78945256316,160.10073350098,160.4986182397,85981614.505755
2018-02-05,159.08112726145,163.85404194534,155.98656274814,156.47338642845,72244563.912564
2018-02-06,154.83759077538,163.70297340818,153.99458578351,163.03231421223,68243838.726076
2018-02-07,163.07827309114,163.39317652071,159.04836028297,159.49603380717,51483031.372617
2018-02-08,160.28925001355,160.98969737176,155.05972535678,155.16057956328,54182478.968838
2018-02-09,157.09081638503,157.88377838887,150.24108260309,156.42288045876,70600236.483554
2018-02-12,158.48517501284,163.88206339171,157.51632886598,162.69622283226,60780640.957012
2018-02-13,161.97361448563,164.76402701009,161.67270426504,164.34995759387,32484550.667044
2018-02-14,163.03019079539,167.54469173867,162.88355004,167.37431721941,40483717.06052
2018-02-15,169.77947989807,173.1081402819,169.01999945399,172.99879544117,50916264.568679
2018-02-16,172.36985069842,174.82078563599,171.76379208512,172.43172801139,40121018.718849
2018-02-20,172.04859725165,174.25244675456,171.41710960562,171.84686025869,33894602.177317
2018-02-21,172.83308291124,174.1066536336,170.99922583449,171.05813642697,37385710.272412
2018-02-22,171.79684982766,173.94348400694,171.70572912706,172.50250548581,30955131.659285
2018-02-23,173.65952647484,175.65655317825,173.53492421448,175.51415059498,33784470.265097
2018-02-26,176.34567996512,179.39419717175,176.20751555398,178.97292286292,37860929.291957
2018-02-27,179.09328695116,180.49739337484,178.18292757957,178.40034580938,38928124.033199
2018-02-28,179.26069474994,180.61818128029,178.07019220115,178.14139349278,37782138.013437
2018-03-01,178.55080091967,179.76630868397,172.66186075756,175.00896047816,48801969.126166
2018-03-02,172.8034157064,176.29566953409,172.45249505478,176.20751555398,38453950.511542
2018-03-05,175.22129290142,177.74470058226,174.52368977031,176.80085965092,28401364.447615
2018-03-06,177.92058472528,178.26726720478,176.1278379181,176.64659018571,23788506.252647
2018-03-07,174.94157354144,175.85278054745,174.26516127093,175.0382038658,31703461.106381
2018-03-08,175.49295973438,177.11829874278,175.08016176979,176.92588572848,23774105.704897
2018-03-09,177.97398569401,179.99516997851,177.38106541428,179.97440293511,32185160.985885
2018-03-12,180.30031837122,182.38931340965,180.21682638043,181.71332495636,32207081.520811
2018-03-13,182.58554077886,183.51285283893,179.23526571721,179.96592659087,31693528.994424
2018-03-14,180.32913794164,180.52197477315,177.8197162288,178.44611806828,29368356.085284
2018-03-15,178.50841919846,180.24606976807,178.08714488964,178.65590758827,22743797.620341
2018-03-16,178.65590758827,179.11023963964,177.62391267681,178.0367106414,39404689.623821
2018-03-19,177.31071175707,177.46455740506,173.65952647484,175.30520870942,33446772.087878
2018-03-20,175.25519827839,176.78390696243,174.94157354144,175.25519827839,19649348.969933
2018-03-21,175.05091838216,175.10092881319,171.24927798963,171.25775433387,37054934.419054
2018-03-22,169.99181232133,172.67881344604,168.60211568286,168.86064418224,41490768.420907
2018-03-23,168.38427363584,169.91340613709,164.95940674487,164.95940674487,41028784.116329
2018-03-26,168.06302018907,173.11661662614,166.44191935279,172.77374850155,37541234.394883
2018-03-27,173.6722409912,175.15941558846,166.91023737216,168.33002503269,40922577.717166
2018-03-28,167.2480196902,170.01300318194,165.19759201806,166.48345343957,41668543.881292
2018-03-29,167.82059674375,171.74726321385,166.88480833943,167.79559152823,38398504.674683
2018-04-02,167.8994267452,168.95303633448,164.47964566077,166.6805284432,37586789.647121
2018-04-03,167.65361276218,168.75596133085,164.89668179747,168.38427363584,30278044.481587
2018-04-04,164.89668179747,172.00621553044,164.78097969857,171.60867498549,34605490.011503
2018-04-05,172.5864212938,174.22320336693,172.08165499419,172.8034157064,26933195.901751
2018-04-06,170.96532045752,172.48597661453,168.19652261088,168.37155911948,35005290.668868
2018-04-09,169.87187205031,173.1081402819,169.82991414631,170.0469085589,29017715.77206
2018-04-10,173.01150995754,173.98162755603,171.52942116683,173.26410501595,28575455.772586
2018-04-11,172.23931499709,173.91000244719,171.6930146107,172.44401871054,22431640.406752
2018-04-12,173.40396469594,175.00896047816,173.05346786153,174.12699685978,22889284.396809
2018-04-13,174.78391353854,175.84430420321,173.83922497277,174.74195563454,25124255.683861
2018-04-16,175.0382038658,176.18251033846,174.82883816302,175.8231133426,21578419.514167
2018-04-17,176.46604405336,178.94325565808,176.38255206257,178.25455268842,26605440.926175
2018-04-18,177.8197162288,178.8178057633,176.86739895321,177.84938343365,20754537.684851
2018-04-19,174.95386424059,175.39717704444,172.66186075756,172.8034157064,34808801.244601
2018-04-20,170.60549964445,171.20774390284,165.42348659211,165.71549665125,65491139.122275
2018-04-23,166.83437409119,166.91023737216,164.09100527727,165.25226443843,36515477.328891
2018-04-24,165.66548622022,166.33003160879,161.22600092348,162.91321724485,33692016.020953
2018-04-25,162.61188320705,165.41501024787,162.40802712803,163.64430193572,28382083.022117
2018-04-26,164.11601049279,165.72397299549,163.35525859707,164.22450769909,27963013.916546
2018-04-27,163.99479877013,164.3372430775,160.6241804823,162.32834949215,35655839.519007
2018-04-30,162.15670352125,167.25649603444,161.87232217194,165.2687933097,42427422.451624
2018-05-01,166.41352359958,169.19461214537,165.28150782606,169.11069633738,53569375.315245
2018-05-02,175.22976924566,177.75232929208,173.78497636962,176.55038367856,66539370.499665
2018-05-03,175.88626210721,177.49846278203,174.44062159674,176.87587529746,34068180.781252
2018-05-04,178.26726720478,184.24351371259,178.19564209593,183.84258262994,56201315.378451
2018-05-07,185.1793021169,187.66795678635,184.74446565729,185.1581112563,42451420.533131
2018-05-08,184.97883657558,186.22358772752,183.67559864838,186.05999428365,28402777.792762
2018-05-09,186.5486555292,187.38866124358,185.2212600209,187.35051769449,23211240.646118
2018-05-10,187.7433962501,190.36640097578,187.65100409787,190.02861865774,27989287.743285
2018-05-11,189.4818924968,190.05986951777,187.45960620721,188.59065108608,26212219.50215
2018-05-14,189.01199591218,189.52284484964,187.85477530263,188.14608585374,20778772.660055
2018-05-15,186.77354874988,187.07245870667,185.11265641935,186.42735360218,23695157.747246
2018-05-16,186.07355904881,188.46610527075,185.99925374881,188.17943880089,19183062.744201
2018-05-17,187.99156460489,188.91953647639,186.35684800503,186.98928743338,17294029.837901
2018-05-18,187.19742671121,187.80495697649,186.13182115903,186.30618530049,18297727.458483
2018-05-21,187.99156460489,189.2568656508,186.90527178169,187.63312597026,18400785.991329
2018-05-22,188.38293399746,188.88576134003,186.77354874988,187.1682956561,15240704.241832
2018-05-23,186.3441823289,188.49945821791,185.75776152383,188.36224672644,20058415.065042
2018-05-24,188.77430339004,188.84438679799,186.20697083743,188.14608585374,23233974.945978
2018-05-25,188.22883493782,189.64781285417,187.64579164639,188.58220730199,17460962.813087
2018-05-29,187.60103959072,188.75741582186,186.86431942885,187.88812824978,22514075.202558
2018-05-30,187.721363514,187.99156460489,186.77354874988,187.50140293845,18690546.597933
2018-05-31,187.23035746916,188.22883493782,186.14448683516,186.86431942885,27482792.966067
2018-06-01,187.97932111796,190.26800879559,187.75513865036,190.24309963253,23442508.700655
2018-06-04,191.64476779149,193.41754026122,191.35345724038,191.83601950114,26266174.221401
2018-06-05,193.05572411296,193.94569895606,192.33926903291,193.30566012203,21565963.086649
2018-06-06,193.63370113393,194.08417701514,191.92383485567,193.98327379526,20933619.584851
2018-06-07,194.14539444979,194.20745626286,192.310560167,193.45891480326,21347179.425168
2018-06-08,191.18331499097,191.99814015567,189.77320304791,191.71147368581,26656799.320856
2018-06-11,191.35345724038,191.96563158692,190.21354638821,191.22891142505,18308459.139804
2018-06-12,191.39525397163,192.58582752834,191.16220553074,192.25651994882,16911140.606547
2018-06-13,192.39373144029,192.86827210616,190.44237293705,190.71257402794,21638393.645445
2018-06-14,191.56201870741,191.58650568127,190.22621206435,190.81305505861,21610073.16763
2018-06-15,190.03031627345,190.15992835924,188.26218788498,188.84438679799,61719159.850072
2018-06-18,187.86701878956,189.20620294626,187.20967019814,188.74939422698,18484866.066378
2018-06-19,185.14178747446,186.32307286867,183.45260846722,185.68683373748,33578454.751165
2018-06-20,186.3441823289,187.20967019814,185.72863046872,186.49025979366,20628700.134933
2018-06-21,187.26328822711,188.34958105031,184.94589168357,185.47025067556,25711899.50878
2018-06-22,186.12337737494,186.1571525113,184.69680005291,184.92478222334,27200445.623389
2018-06-25,183.40279014109,184.92478222334,180.71935555724,182.1674645287,31663095.496675
2018-06-26,182.99917726158,186.52361274081,182.54996794798,184.42659896202,24569199.991955
2018-06-27,185.23720223468,187.29284147143,184.02256389331,184.14710970864,25285328.677321
2018-06-28,184.08969197682,186.20697083743,183.79415953367,185.50824770397,17365233.221784
2018-06-29,186.28634240788,187.19742671121,182.9164281775,185.11265641935,22737664.529315
2018-07-02,183.81442461548,187.31310655324,183.42305522291,187.18940511632,17731342.535688
2018-07-03,187.7965131924,187.93752438671,183.53577974051,183.91026156491,13954805.18472
2018-07-05,185.26253358695,186.40708852037,184.26827801033,185.41241075455,16604250.002485
2018-07-06,185.42929832273,188.44541799973,185.20891555797,187.96285573898,17485246.238363
2018-07-09,189.48991409168,190.69188675692,189.29021859795,190.58845040181,19756633.78158
2018-07-10,190.72481751487,191.28295164323,190.1839931439,190.35033569047,15939147.728429
2018-07-11,188.49945821791,189.781646832,187.60948337481,187.86701878956,18831471.091892
2018-07-12,189.52284484964,191.42016313469,189.29866238204,191.05412509439,18041130.418949
2018-07-13,191.10352123131,191.84446328523,190.91733579213,191.33699186141,12519791.230002
2018-07-16,191.53246546309,192.62593550277,190.42126347683,190.92957927906,15043111.079551
2018-07-17,189.74787169564,191.87739404318,189.18509348603,191.46238205515,15534523.692153
2018-07-18,191.78282366137,191.80351093239,189.92645772915,190.40057620581,16393381.038879
2018-07-19,189.69003177462,192.52756541812,189.69003177462,191.88583782727,20286751.5525
2018-07-20,191.78282366137,192.40639711643,190.17174965696,191.44971637901,20706041.525123
2018-07-23,190.69188675692,191.95718780283,189.55197590475,191.62788022331,15989364.313253
2018-07-24,192.41864060336,193.66325437825,192.048380671,192.99324011069,18697898.988679
2018-07-25,193.05572411296,194.84453977246,192.40639711643,194.8111868253,16826483.775869
2018-07-26,194.61106914237,195.96840743486,193.61681356575,194.21969974979,19075964.079628
2018-07-27,194.98175126392,195.18989054175,190.10166624902,191.00008487621,24023971.460429
2018-07-30,191.90272539545,192.17799275679,189.06181423831,189.90534826892,21029534.638025
2018-07-31,190.29756203991,192.12775224145,189.32737124795,190.28489636377,39373038.728866
2018-08-01,199.1377817931,201.75577705025,197.29492591542,201.51344044687,67935715.299562
2018-08-02,200.58209106172,208.38288099341,200.36128610776,207.39326949805,62404011.563267
2018-08-03,207.02300956569,208.74005306043,205.47906364481,207.99235597924,33447396.212933
2018-08-06,208.00459946618,209.24879105186,207.06522848615,209.07864880244,25425385.787661
2018-08-07,209.32351854106,209.48986108763,206.7616744481,207.10238113614,25587385.666553
2018-08-08,206.04859688169,207.81756964858,204.51773882614,207.24297014124,22525486.910742
2018-08-09,207.2763230884,209.76935034102,207.19272962591,208.88317520076,23492626.988319
2018-08-10,207.37316086488,209.09009357745,206.66846537516,207.53976350006,24611201.821091
2018-08-13,207.70468328034,210.94712396052,207.70468328034,208.84860389918,25890879.824783
2018-08-14,210.14776788263,210.55754305098,208.2646532486,209.75692483191,20748009.577491
2018-08-15,209.21336269894,210.73929138027,208.33533315443,210.23822133355,28807563.371042
2018-08-16,211.7561564541,213.80292872723,211.47343683076,213.31490080599,28500364.93121
2018-08-17,213.43943206866,217.94106892838,213.16091958257,217.56789585412,35426997.045621
2018-08-20,218.09126372828,219.18175370402,215.10966555773,215.45338867123,30287695.258092
2018-08-21,216.80514187032,217.19935063084,214.01538915846,215.03982707935,26159753.391825
2018-08-22,214.09826976233,216.36170960395,213.832378688,215.04824135385,19018130.668407
2018-08-23,214.64561831883,217.06303938387,214.5951326718,215.48241791827,18883223.256076
2018-08-24,216.611192843,216.90947887417,215.10966555773,216.16313272565,18476355.854934
2018-08-27,217.15769997204,218.74968070823,216.33352178436,217.92844751663,20525116.445223
2018-08-28,219.00757822178,220.53350690311,218.92848404145,219.69586587622,22776765.591044
2018-08-29,220.13971885632,223.48944153643,219.40136626858,222.96733580344,27254804.188592
2018-08-30,223.24122043855,228.27337730577,222.39053728618,225.02294306481,48793824.089874
2018-08-31,226.50343466382,228.87541864654,225.97670107986,227.62674031012,43340133.937823
2018-09-04,228.42693781547,229.16949754046,226.62754521275,228.37771430962,27390130.650717
2018-09-05,229.00037062293,229.67519543816,225.09404368437,226.86777274985,33332961.01301
2018-09-06,226.21356290715,227.34528282796,221.30888229867,223.09102563865,34289975.666622
2018-09-07,221.85538942772,225.37171474301,220.7068409579,221.30888229867,37619809.984024
2018-09-10,220.95674491067,221.85538942772,216.47782659211,218.33149126537,39516450.982854
2018-09-11,217.99954813619,224.32624113587,216.56912147048,223.86261461069,35749048.815938
2018-09-12,224.94006246094,225.00653522953,219.83175640947,221.08001403216,49278739.336932
2018-09-13,223.51847078347,228.36930003512,222.55966420372,226.40414622467,41706376.922503
2018-09-14,225.75330209177,226.83495707928,222.51001998414,223.84999319893,31999288.574055
2018-09-17,222.14147476086,222.93788584268,217.26582339942,217.87123045,37195132.134706
2018-09-18,217.78877055986,221.85538942772,217.13792642696,218.23977567328,31571712.792183
2018-09-19,218.50566674761,219.61677169589,215.29646245172,218.37314192417,27123833.182184
2018-09-20,220.23480015822,222.2655853098,219.148096606,220.01434616621,26608793.888201
2018-09-21,220.78130728726,221.37030650255,217.28980408176,217.65119717171,96246746.834727
2018-09-24,216.82617755658,221.26723163988,216.64484994102,220.78972156177,27693357.030928
2018-09-25,219.73751653502,222.81377529374,219.69586587622,222.18312541966,24554379.809905
2018-09-26,221.0055477028,223.75407046958,219.74929651933,220.41696920123,23984705.740248
2018-09-27,223.82937822639,226.43317547171,223.53950646973,224.95226315898,30181227.374312
2018-09-28,224.78734337869,225.83576198191,224.03594866547,225.74488781727,22929362.942053
2018-10-01,227.95826272559,229.41309078736,226.33683202863,227.24936009861,23600801.459682
2018-10-02,227.23715940058,229.99451715559,226.62754521275,229.27762096784,24788169.18759
2018-10-03,230.04836851242,233.47339894934,229.78668457534,232.0757879542,28654799.398419
2018-10-04,230.77830682566,232.35766615009,226.73566864013,227.99991338438,32042000.515509
2018-10-05,227.96667700009,228.42693781547,220.57515756191,224.31866828881,33580462.089777
2018-10-08,222.20374039219,224.799123363,220.19357021315,223.77889257937,29663923.119757
2018-10-09,223.6425813324,227.26156079664,222.22435536473,226.86777274985,26891028.797322
2018-10-10,225.4634303351,226.33683202863,216.05416787082,216.36170960395,41990552.81893
2018-10-11,214.51225206794,219.49602685675,212.33632068116,214.43904787975,53124392.575841
2018-10-12,220.41696920123,222.87562021135,216.84721324284,222.10066552951,40337851.330154
2018-10-15,221.17172962425,221.83856087871,217.26582339942,217.36132541505,30791007.100118
2018-10-16,218.9411054532,222.97953650147,216.76391192525,222.14147476086,29183961.835156
2018-10-17,222.28662099606,222.631185537,219.3433077745,221.20454529482,22885397.416586
2018-10-18,217.84640834021,219.72489512326,212.99894479836,216.02555933751,32581315.461528
2018-10-19,218.04961306949,221.26723163988,217.4240117601,219.31427852746,33078726.616575
2018-10-22,219.77832576637,223.35186814828,218.94909901398,220.64499604029,28792082.535477
2018-10-23,215.83118959646,223.24122043855,214.7003111031,222.71827327812,38767846.69179
2018-10-24,222.59332130173,224.25303694768,214.53286704047,215.08947129892,40925162.808708
2018-10-25,217.70588995599,221.39092147509,216.75549765075,219.79094717812,29855767.348181
2018-10-26,215.90271092975,220.18094880139,212.67162952015,216.30869967457,47258375.96614
2018-10-29,219.1897472648,219.68324446447,206.09208757162,212.25259864984,45935521.096775
2018-10-30,211.15074940352,215.17193118906,209.26342763224,213.30227939424,36659988.195942
2018-10-31,216.88844318791,220.45020558552,216.63643566651,218.86663912384,38358933.006089
2018-11-01,219.04880816685,222.34930734111,216.81355614482,222.21636180395,58323180.656543
2018-11-02,209.55329938891,213.64642322146,205.43324987794,207.49348499029,91328653.185711
2018-11-05,204.30826137674,204.39198340805,198.18561453378,201.60180998247,66163668.148052
2018-11-06,201.92071098618,204.71971939999,201.70993340985,203.76133353397,31882880.439341
2018-11-07,205.97176344621,210.05142443955,204.1357687494,209.9437217259,33424434.13997
2018-11-08,209.97384542494,210.11471372595,206.75944880638,208.48592399553,25362635.130841
2018-11-09,205.54026720121,206.0073126992,202.24411665796,204.47998168558,34365750.06098
2018-11-12,199.00372648385,199.85564430424,193.78950309202,194.17479466532,51135516.254471
2018-11-13,191.61652569878,197.18669310118,191.43540931176,192.23659777375,46882935.717133
2018-11-14,193.90228158301,194.4804285684,185.93567605986,186.79472114548,60800955.82778
2018-11-15,188.38577829527,191.97246970936,186.90246862571,191.39348422218,46478800.146588
2018-11-16,190.50089906489,194.98478739612,189.4766691263,193.52537502763,36928252.873988
2018-11-19,190.00534450598,190.70339724759,184.9898460388,185.86566116025,41920873.332679
2018-11-20,178.37406690211,181.48155454223,175.50303676726,176.98299242964,67825248.271932
2018-11-21,179.7223777832,180.25818042811,176.56458003558,176.79181402113,31124210.177782
2018-11-23,174.92866303993,176.60608587427,172.09871949286,172.27983587988,23623972.894943
2018-11-26,174.23857606534,174.93662880695,170.25946581272,174.59829333399,44998520.900612
2018-11-27,171.5075757297,174.75551241994,170.8791186368,174.23857606534,41387377.036767
2018-11-28,176.73940765915,181.30421141328,174.92027802201,180.94072088657,46062539.139819
2018-11-29,182.65084529079,182.78332857388,177.70074996336,179.54293839977,41769991.842325
2018-11-30,180.2791429729,180.32106806249,177.03204478446,178.57698433571,39531549.398278
2018-12-03,184.45655889926,184.93995518219,181.22203823769,184.82004942597,40798001.551969
2018-12-04,180.94910590449,182.39468299342,176.28410118624,176.71006009644,41344282.316688
2018-12-06,171.75954551811,174.76347818696,170.42506991659,174.70184830526,43098409.755079
2018-12-07,173.49985598683,174.4653908,168.29737162009,168.49106553398,42281630.820602
2018-12-10,165.0041558331,170.08589594184,163.33972977654,169.59872640085,62025992.923874
2018-12-11,171.65682904863,171.78847382993,167.00817511532,168.63654559484,47281664.978418
2018-12-12,170.40033411373,171.9125720951,169.02057941545,169.10275259104,35627673.661438
2018-12-13,170.49634256888,172.56953824892,169.54548153707,170.95416454716,31897826.413792
2018-12-14,169.00003612156,169.08179004625,165.27373415914,165.47916709812,40703710.280584
2018-12-17,165.44604627734,168.3476817276,162.74020099546,163.93842005583,44287923.015333
2018-12-18,165.37183886878,167.52049971006,164.38408375813,166.0778573774,33841517.191904
2018-12-19,166.01245423765,167.43832653447,159.08852569251,160.88082327231,49047297.22228
2018-12-20,160.41797028328,162.10419738643,155.31568688065,156.81912059321,64772959.504911
2018-12-21,156.85224141398,158.15820795459,149.63483724174,150.72153556381,95744382.889313
2018-12-24,148.14691581233,151.54368657059,146.59359124316,146.83717601366,37169231.249938
2018-12-26,148.29533062946,157.22076295145,146.72565527536,157.16626033498,58582544.348683
2018-12-27,155.83975050048,156.75707146062,150.08511270389,156.1420303964,53117065.747154
2018-12-28,157.49704929182,158.5015744383,154.55055399571,156.22462282288,42291423.04774
2018-12-31,158.51331346339,159.36481203288,156.45982257546,157.74524582217,35003466.289233
2019-01-02,154.90188624644,158.84410242022,154.22060354066,157.91839644216,37039735.998918
2019-01-03,143.98710842359,145.7089718529,141.99902067542,142.18936058214,91312194.626044
2019-01-04,144.53129608642,148.55191217773,143.80347653121,148.25508254346,58607069.996932
2019-01-07,148.69236122784,148.82484451093,145.89889250872,147.91548931781,54777765.120425
2019-01-08,149.5681763493,151.82416541992,148.51921060785,150.73369383979,41025314.363798
2019-01-09,151.27452749545,154.53001070181,149.63483724174,153.30286332963,45099081.687521
2019-01-10,152.50586737659,153.95228296731,150.84940708705,153.79506388137,35780669.398915
2019-01-11,152.8903204481,153.69192816098,151.5021807319,152.29582267777,27023239.811411
2019-01-14,150.84102206913,151.25440345245,149.21726334946,150.01467855339,32439186.497314
2019-01-15,150.28216062495,153.37790923998,150.06834266806,153.08443361288,28710324.339991
2019-01-16,153.09701113976,155.88125633917,153.01441871327,154.95177710305,30569706.651862
2019-01-17,154.19167522885,157.66265339568,153.25800348377,155.86071304527,29821161.322327
2019-01-18,157.49704929182,157.88150236332,155.97223378357,156.81073557529,33751022.69237
2019-01-22,156.40280445362,156.71640412373,152.63038489266,153.29447831171,30393969.639187
2019-01-23,154.13884961597,155.15469453664,151.70006715475,153.90197285981,23130570.252176
2019-01-24,154.09692452639,154.48179684879,151.74157299344,152.70039979227,25441549.452377
2019-01-25,155.50099577662,158.12466788292,154.31493499223,157.76578911607,33547893.490165
2019-01-28,155.79908316358,156.32775854326,153.6500030714,156.29463772249,26192057.806936
2019-01-29,156.24516611678,158.12466788292,154.09692452639,154.68764903865,41587239.698546
2019-01-30,163.26091060812,166.15709579672,160.24943142315,165.24061333837,61109778.781478
2019-01-31,166.11978246699,169.00003612156,164.55429962185,166.44637891487,40739648.903849
2019-02-01,166.96625002573,168.97907357676,165.93866607998,166.51639381448,32668138.423113
2019-02-04,167.4052057137,171.64844403071,167.28865396465,171.25937919935,31495580.64243
2019-02-05,172.87181814483,175.07372384989,172.34607752142,174.17610768186,36101626.614101
2019-02-06,174.63141415476,175.56508589984,172.85924061796,174.23857606534,28239592.370308
2019-02-07,172.39596837803,173.94971219809,170.34205823921,170.94158702029,31741688.405153
2019-02-08,168.98549880286,170.67704868045,168.40940333616,170.41655333899,23819966.445095
2019-02-11,171.0469186685,171.20304888918,169.25309097254,169.42633707304,20993425.855696
2019-02-12,170.10011829279,170.99765833149,169.70561813624,170.8861963825,22283523.773417
2019-02-13,171.38046959451,172.48298273042,169.92770711326,170.18235800796,22490233.159071
2019-02-14,169.7139673459,171.26107589634,169.38041641989,170.79894714152,21835747.738176
2019-02-15,171.24437747701,171.70149670602,169.75571339422,170.42907715348,24626813.592602
2019-02-19,169.7139673459,171.43390453635,169.49229582937,170.92376782598,18972825.741162
2019-02-20,171.17841872068,173.33042751115,170.98555197748,172.03796985542,26114360.378739
2019-02-21,171.80419198487,172.37152078143,170.30634377145,171.05485041768,17249670.786161
2019-02-22,171.57709348205,173.00146865045,171.37212038484,172.9680718118,18913154.46446
2019-02-25,174.14906751854,175.88528566782,173.93532775118,174.22295802405,21873357.525533
2019-02-26,173.70071495967,175.30459813581,173.17346236949,174.32607076338,17070210.925815
2019-02-27,173.21520841781,175.0006869041,172.7380510856,174.86876939143,27835389.623557
2019-02-28,174.31354694889,174.91009797926,172.91922893528,173.15718141065,28215415.294048
2019-03-01,174.27221836106,175.15264251995,172.88583209663,174.96812498641,25886167.043435
2019-03-04,175.69951575283,177.76135307895,173.95578331486,175.86023803884,27436202.37892
2019-03-05,175.95541902899,176.00801904986,174.53146132107,175.5396283878,19737419.068934
2019-03-06,174.66337883374,175.49829979997,173.92697854152,174.51058829692,20810384.578521
2019-03-07,173.85267057553,174.43711525189,172.02962064575,172.50761289892,24796374.072845
2019-03-08,170.32304219077,173.07494169548,169.50064503903,172.91087972561,23999359.233224
2019-03-11,175.49829979997,179.10098376927,175.35803307765,178.90102019786,32011033.95517
2019-03-12,180.00269841281,182.66901851847,179.35772196639,180.92069401518,32467585.192252
2019-03-13,182.23694691845,183.31065528102,180.93280036919,181.71094670972,31032522.65525
2019-03-14,183.89551741787,184.10090797556,182.55755656948,183.73020306656,23579508.475874
2019-03-15,184.84482255648,187.31785845846,183.74230942057,186.12058179288,39042912.465159
2019-03-18,185.79204039267,188.3999160307,185.78369118301,188.021696833,26219832.397722
2019-03-19,188.35900490336,189.00481627074,185.91477377471,186.52844068489,31646369.020028
2019-03-20,186.23246120236,189.49825456178,184.72250663493,188.16613816016,31035230.696
2019-03-21,190.00880873264,196.33208267041,189.80717531929,195.07677899768,51034236.919687
2019-03-22,195.33226481334,197.68089749136,190.76942173288,191.04452819125,42407665.913226
2019-03-25,191.51876330007,191.97880475247,186.60274865088,188.75809712522,43845293.004344
2019-03-26,191.66988399496,192.880519396,184.56971609811,186.7951979336,49800537.154491
2019-03-27,188.76644633488,189.75332291697,186.55348831388,188.48299066684,29848426.866568
2019-03-28,188.97141943209,189.56421331812,187.52366647664,188.73764156155,20780362.096138
2019-03-29,189.82345627813,190.06224367448,188.55604625139,189.9428499763,23563960.417405
2019-04-01,191.64149668211,191.68199034897,188.39198428152,191.24282192073,27861962.438107
2019-04-02,191.08627423956,194.46018986411,191.04452819125,194.02811826409,22765731.570661
2019-04-03,193.26207827757,196.50825099429,193.15562585437,195.34437116735,23271830.25196
2019-04-04,194.78497411998,196.37382871872,193.14727664471,195.67750463288,19114274.578568
2019-04-05,196.45565097341,197.09687027548,195.9242237784,197.00294166678,18526643.629242
2019-04-08,196.42684620008,200.24493977867,196.3446064849,200.11719687083,25881695.242929
2019-04-09,200.31841282369,202.85323287718,199.23593779097,199.50436488162,35768236.285529
2019-04-10,198.67695820408,200.73796060923,198.18310245255,200.61564468767,21695288.695054
2019-04-11,200.84524795339,200.98927182006,198.43817080774,198.94789005762,20900807.747962
2019-04-12,199.20713301764,200.15810799818,196.21185405127,198.86565034245,27760667.580965
2019-04-15,198.56967085992,199.86212851565,198.00985635206,199.23593779097,17536645.972664
2019-04-16,199.4626188333,201.3641513339,198.55338990108,199.25639335464,25696385.966653
2019-04-17,199.54485854848,203.38257276977,198.60265023808,203.12833933555,28906778.456963
2019-04-18,203.11999012589,204.14861275629,202.523856556,203.85305073425,24195765.607757
2019-04-22,202.83653445786,204.93427338552,202.34309616681,204.526831954,19439543.928582
2019-04-23,204.43749541061,207.74920942318,203.89396186159,207.47326804384,23322990.543445
2019-04-24,207.34928228035,208.46849383559,207.03702183898,207.15182347184,17540609.940672
2019-04-25,206.8312138208,207.7608983167,205.11920837954,205.28452273085,18543205.196815
2019-04-26,204.89294479769,204.99605753702,202.11224051965,204.30474297698,18649101.687112
2019-04-29,204.40827317679,205.97625475138,203.85305073425,204.60865420869,22204716.553739
2019-04-30,203.05361390908,203.40762039876,199.11362186942,200.66782724806,46534922.670885
2019-05-01,209.87951026852,215.31401083774,209.22576715196,210.52991370122,64827329.039465
2019-05-02,209.84653089036,212.63975898289,208.13494290958,209.15104172548,31996324.059866
2019-05-03,210.89560908443,211.83280786903,210.24144850739,211.74764593047,20892378.926212
2019-05-06,204.29639376732,208.83544160025,203.50321884939,208.46849383559,32443113.175347
2019-05-07,205.88900551041,207.40772674799,200.81185111474,202.86575669167,38763698.492306
2019-05-08,201.90184043616,205.34588942187,201.74612767595,202.89414400453,26339502.886356
2019-05-09,200.39230332921,201.67682923576,196.67314788512,200.7212621899,34908606.896609
2019-05-10,197.42283448084,198.86170670914,192.77519401161,197.18163624603,41208711.963193
2019-05-13,187.71834826127,189.45539141087,182.84156946898,185.72222493877,57430623.202331
2019-05-14,186.40257030452,189.68203457978,185.4065879384,188.67316058387,36529675.84618
2019-05-15,186.25494035046,191.75925041226,186.02497030935,190.92254205291,26544717.374267
2019-05-16,189.89495440085,192.48034996252,188.84532622043,190.06628831937,33031363.892564
2019-05-17,186.92780025376,190.90632355092,186.75022844986,189.00044163695,32879088.73172
2019-05-20,183.52524170694,184.34989015455,180.28736333423,183.08692629404,38612290.49886
2019-05-21,185.21404520958,188.01360816939,184.70669719845,186.59137030211,28364847.643296
2019-05-22,184.66926988615,185.71390775826,182.5583694726,182.76754656244,29748556.219246
2019-05-23,179.8045510056,180.55392896959,177.80801182408,179.66066378277,36529735.241308
2019-05-24,180.20627082426,182.14458974221,178.61186732041,178.96451577405,23714685.974744
2019-05-28,178.91128581878,180.60715892486,177.90324354092,178.23135631206,27948160.041571
2019-05-29,176.42403298714,179.35334396291,176.00484708941,177.37842945071,28481164.224232
2019-05-30,177.94441358445,179.23024969136,176.66897395317,178.30122062834,21218412.150463
2019-05-31,176.23065854027,177.98558362797,175.00137926083,175.07498630835,27043582.103101
2019-06-03,175.61227616932,177.91530345266,170.26807183235,173.28845593471,40396069.987763
2019-06-04,175.45175458547,179.83740386862,174.52189380441,179.6398708315,30967960.798392
2019-06-05,184.28002583826,184.98906547678,181.13654746435,182.55046815112,29773425.945199
2019-06-06,183.07902497256,185.47270952346,182.15207520467,185.21404520958,22526310.660825
2019-06-07,186.49697030332,191.92309886832,185.77129630378,190.14031122591,30684393.068072
2019-06-10,191.81705481681,195.37015433086,191.62284865189,192.57890855156,26220850.410381
2019-06-11,194.84492438163,196.01348824335,193.59901074117,194.79626887564,26932882.329441
2019-06-12,193.95581778507,195.9802195213,193.38650677913,194.18162923592,18253189.264043
2019-06-13,194.68523451583,196.79197633912,193.59901074117,194.15293496316,21674624.684896
2019-06-14,191.55464777171,193.5832080982,190.29625836048,192.74275700762,18761473.771599
2019-06-17,192.89870414219,194.95180015119,192.16928741143,193.89385479026,14669145.613357
2019-06-18,196.06255960836,200.27562739591,195.20505829773,198.45125385095,26551004.841508
2019-06-19,199.67304766793,199.87765030849,197.3163745703,197.86156575276,21124234.081462
2019-06-20,200.35297717466,200.59999743582,198.02208733661,199.47676220789,21513987.79619
2019-06-21,198.81180362608,200.84119567062,198.14393403109,198.78726794357,47800588.372666
2019-06-24,198.54191111851,200.15253312436,198.16431112334,198.58308116204,18220420.947946
2019-06-25,198.43046089967,199.27548643953,195.28823010284,195.57059838116,21070333.844545
2019-06-26,197.75926443248,200.98466703443,197.3571287548,199.79614193949,26067512.389354
2019-06-27,200.27562739591,201.57518685067,199.57033048863,199.73417894468,20899718.093423
2019-06-28,198.68954107257,199.50919921188,197.04565034469,197.91479570803,31110642.083055
2019-07-01,203.16044145595,204.49701236398,200.64033576129,201.55480975842,27316739.815279
2019-07-02,201.41009081753,203.12010313048,201.3606035935,202.73460181382,16935217.147619
2019-07-03,203.27563440602,204.44752513994,202.69759036055,204.41508813595,11362045.332736
2019-07-05,203.34924145354,205.08670046217,202.89387582059,204.23044672862,17265518.744003
2019-07-08,200.79960976807,201.40218949605,198.41049966645,200.00864590153,25338627.884274
2019-07-09,199.21768203499,201.51363971489,198.82012080659,201.2433313483,20578014.843548
2019-07-10,201.86129786022,203.72975246189,201.56686967016,203.22573132296,17897138.316695
2019-07-11,203.30848726904,204.39429518468,201.71782649642,201.75941239897,20191841.188188
2019-07-12,202.45181767647,203.9971498153,202.19772781187,203.2964273573,17595211.480208
2019-07-15,204.08614364676,205.86976300722,203.9971498153,205.21728019618,16947420.321504
2019-07-16,204.59889782523,206.11137710105,203.5001982798,204.50532954449,16866815.84272
2019-07-17,204.04622118031,205.10749341344,203.26731722551,203.34924145354,14107450.938804
2019-07-18,203.9971498153,205.87808018773,203.70188990718,205.66017005836,18582161.082867
2019-07-19,205.79241322848,206.48814537817,202.35741767767,202.59404146319,20929306.726217
2019-07-22,203.6532344012,207.23461232899,203.61164849864,207.22255241725,22277931.537947
2019-07-23,208.45599028694,208.91052420184,207.29574360574,208.83650129529,18355210.375516
2019-07-24,207.66045197112,209.15629688592,207.17680792444,208.66433565873,14991566.414088
2019-07-25,208.88973125056,209.24695415348,206.72518502272,207.02169250792,13909561.522079
2019-07-26,207.47996915404,209.73849952165,207.1435392024,207.73530659571,17618872.863985
2019-07-29,208.45599028694,210.64008188898,208.43145460444,209.68942815664,21673387.486787
2019-07-30,208.75499292629,210.16891361306,207.31612069799,208.77994446782,33935717.95709
2019-07-31,216.42260163885,221.37797778696,211.28341580146,213.03750917111,69281361.307203
2019-08-01,213.89750563589,218.02989677249,206.73350220323,208.42313742392,54017920.548538
2019-08-02,205.5337489146,206.41786520286,201.63590226839,204.0133683173,40862121.433339
2019-08-05,197.98091729309,198.65668820956,192.57890855156,193.34575259463,52392968.440903
2019-08-06,196.30833229244,198.06200980306,194.03774201309,196.99616312065,35824786.732297
2019-08-07,195.41049265634,199.55785471786,193.82898078228,199.05466529698,33364400.790889
2019-08-08,200.19370316788,203.52930841159,199.4102247638,203.43116568157,27009523.20542
2019-08-09,201.30189230186,202.75893251826,199.28432452995,200.99573571389,24619745.58644
2019-08-12,199.60249538186,202.05796236013,199.15382476647,200.48160807427,22481889.091091
2019-08-13,201.02432137636,212.13710123548,200.83209315333,208.97652124945,47539785.747499
2019-08-14,203.15540322826,206.4381972785,202.58783282836,202.75064681899,36547442.307692
2019-08-15,203.4574169666,205.13941391814,199.65593814215,201.74766292252,27883362.949708
2019-08-16,204.2901297431,207.15615312013,203.84435912245,206.50324001776,28813623.601234
2019-08-19,210.60548972567,212.7328430129,210.03046219643,210.34076163404,24431914.728773
2019-08-20,210.86731782256,213.35385617308,210.30761883696,210.34904733331,26919529.030438
2019-08-21,212.99094254512,213.65586991143,211.59770221309,212.64418603072,21564747.670239
2019-08-22,213.19021361253,214.4276827983,210.73723234404,212.45900065207,22267818.806557
2019-08-23,209.44259183332,212.05590138265,201.00816426279,202.63713273901,46882841.798231
2019-08-26,205.85446976503,207.18888163224,205.04909979611,206.49081146886,26066129.000974
2019-08-27,207.85422328352,208.56099343113,203.52701684046,204.1712299586,25897343.97093
2019-08-28,204.11033006897,205.70657003308,203.31366008429,205.5159989499,15957632.266502
2019-08-29,208.50796495581,209.33197774808,206.66646829335,209.01753546083,21007651.901936
2019-08-30,210.15350483057,210.43149004103,207.19716733151,208.75239308424,21162560.251658
2019-09-03,206.42991157923,206.97676773096,204.23295841815,205.68999863454,20059573.804325
2019-09-04,208.39693658561,209.49520602367,207.31979568069,209.19774941993,19216820.552778
2019-09-05,212.006601472,213.96948362874,211.51277379559,213.28467058419,23946983.539537
2019-09-06,214.05234062143,214.419811384,212.51244341235,213.25981348638,19362294.333677
2019-09-09,214.83989633692,216.43240773635,211.06368889523,214.16212613674,27309401.495665
2019-09-10,213.8679838127,216.77584997104,211.71287343293,216.69340726331,31777930.801342
2019-09-11,218.07753332614,223.71180882883,217.74237679073,223.59415189921,44289646.30521
2019-09-12,224.80593541725,226.42703247917,222.85009610489,223.0833385393,32226669.511189
2019-09-13,220.0006441264,220.80974265998,217.01572096487,218.74701782705,39763294.480943
2019-09-16,217.74237679073,220.13197245981,217.57210567076,219.89790145547,21158140.829855
2019-09-17,219.95921563005,220.83832832246,219.10993145502,220.71487140336,18386468.185775
2019-09-18,221.07405646665,222.83808184095,219.42934516182,222.75688198812,25643092.406675
2019-09-19,222.00992619905,223.75655160488,220.37598630327,220.97628521528,22187876.972015
2019-09-20,221.38021305463,222.54435380187,217.47764869909,217.74237679073,57977094.077911
2019-09-23,218.94338889972,219.83824442073,217.66076265293,218.71511788487,19419648.575557
2019-09-24,221.04588508914,222.47143964831,217.19220635929,217.69349116504,31434365.592456
2019-09-25,218.54691818971,221.5028414038,217.138763599,221.04588508914,22481005.882593
2019-09-26,220.0006441264,220.95598525207,218.82076055054,219.88588719153,19088312.871595
2019-09-27,220.55205741273,220.97628521528,217.28583476102,218.82076055054,25361284.447649
2019-09-30,220.91497104069,224.58180725204,220.80974265998,223.96576551141,26318583.493006
2019-10-01,225.08392062772,228.22751493024,224.19776509093,224.59382151598,36187162.999548
2019-10-02,223.05433859186,223.58172335031,217.93957643332,218.95167459899,35767257.100578
2019-10-03,218.42801840521,220.97628521528,215.13818151059,220.83832832246,30352685.976843
2019-10-04,225.63864819375,227.48014485621,223.88373708865,226.99543144899,34755552.991099
2019-10-07,226.27540418255,229.93022612995,225.84289068073,227.04721706942,30889269.535556
2019-10-08,225.82300500248,228.06387236969,224.32867913938,224.40200757791,29282699.520354
2019-10-09,227.01863140695,227.79003000886,225.63864819375,227.01863140695,19029425.144177
2019-10-10,227.9300583265,230.44435376957,227.2933023377,230.09304012058,28962983.837452
2019-10-11,232.93959210433,237.64669785885,232.31029324487,236.2049861861,41990209.723909
2019-10-14,234.90661711071,238.12809698636,234.67793181089,235.86278680631,24413485.143647
2019-10-15,236.3930715595,237.65498355812,234.88714571742,235.31841636436,23040482.862109
2019-10-16,233.36381990688,235.23763079649,233.18774879742,234.38047520715,19286693.47252
2019-10-17,235.10298818337,236.14822914611,233.51047678394,235.2782307229,17272896.029602
2019-10-18,234.59631767309,237.58579796922,234.29844678439,236.40922867308,24377167.14679
2019-10-21,237.52862664427,240.98542037915,237.32852700693,240.49697840727,22367482.573395
2019-10-22,241.16190577358,242.21460386566,239.61786571486,239.96545079918,22683999.974639
2019-10-23,242.10854691502,243.24368771482,241.21949138349,243.1827878252,19932544.091338
2019-10-24,244.50559971344,244.79932775251,241.80694746164,243.59085851418,17916254.885283
2019-10-25,243.16248786199,246.73859566634,242.88035980189,246.58365309002,18369295.947756
2019-10-28,247.43252298009,249.24999111467,246.72699568737,249.04533434274,24143240.9642
2019-10-29,248.96454877487,249.74340450612,242.58248891319,243.29671619014,35709866.168976
2019-10-30,244.76287067573,245.29771256352,241.21120568422,243.264401963,31130521.352112
2019-10-31,247.25355187589,249.16837697688,237.26721283234,248.75947771797,34790520.226888
2019-11-01,249.53584773944,255.92453616054,249.16009127761,255.81516493019,37781333.337104
2019-11-04,257.32564790686,257.84391839612,255.3776800088,257.49674759676,25817951.516694
2019-11-05,257.04020556706,258.19523204511,256.31313545624,257.12057684997,19974426.132762
2019-11-06,256.76636320623,257.48846189749,255.35323719596,257.23533378484,18966124.029449
2019-11-07,258.74122502409,260.34549133252,258.11422289839,259.43720564451,23735083.542335
2019-11-08,258.68752918987,260.43512207118,256.84410989674,260.13318626493,17520494.685114
2019-11-11,258.30133222839,262.47391159188,258.28522347813,262.19758456811,20507458.969044
2019-11-12,261.54993019848,262.79897791133,260.918797624,261.95223591023,21847225.247935
2019-11-13,261.12242874914,264.78159332855,261.06501551102,264.47263575937,25817593.082078
2019-11-14,263.75558985014,264.88774586235,262.09473639334,262.64491217162,22395555.494214
2019-11-15,263.68248090663,265.77083581276,263.01541342771,265.74605312005,25093665.452173
2019-11-18,265.78735760791,267.43168926956,264.22770014636,267.10249250133,21700895.870346
2019-11-19,267.90834305945,268.00540860592,265.39289974886,266.28838104563,19069597.054301
2019-11-20,265.53498718709,266.07194552925,260.39381758332,263.19797926405,26609919.57483
2019-11-21,263.6907418042,264.00424286705,261.17571153848,262.00180129566,30348777.941219
2019-11-22,262.59617287594,263.18600096257,260.83701473804,261.77380052268,16331262.653766
2019-11-25,262.71843416001,266.43088152875,262.52223784268,266.36479434817,21029517.978073
2019-11-26,266.93768759477,267.15990573945,262.50199864363,264.28883078839,26334881.423071
2019-11-27,265.57546558519,267.98888681078,265.3111168629,267.84349501352,16289256.08039
2019-11-29,266.58949076212,268.00540860592,265.89309709683,267.2516017025,11654363.604424
2019-12-02,267.27225394643,268.24580072526,263.45034968486,264.1595477414,23693548.588412
2019-12-03,258.31372357475,259.53881468464,256.27906450283,259.45744484356,29377268.740155
2019-12-04,261.06501551102,263.31280574029,260.67923159442,261.74571347093,16810386.860988
2019-12-05,263.79276388921,265.88070575047,262.73454291027,265.57546558519,18661342.38576
2019-12-06,267.48084161012,270.99791875129,267.30488449184,270.7120916953,26547492.944367
2019-12-09,270.00454581828,270.80585288274,264.91665900385,266.91497012645,32182645.008137
2019-12-10,268.60019323109,270.07435040276,265.85179260897,268.47793194703,22632382.54394
2019-12-11,268.81125916405,271.09952779142,268.4977581012,270.77363538221,19723391.385134
2019-12-12,267.78566873051,272.55592403332,267.32140628698,271.46135510506,34437042.165136
2019-12-13,271.46135510506,275.30391161056,270.92852721168,275.15769372354,33432806.253971
2019-12-16,276.98913471519,280.79534327137,276.97261292005,279.86723142919,32081104.226071
2019-12-17,279.57396956539,281.7767379029,278.80074955268,280.40501586111,28575797.962615
2019-12-18,279.80610078716,281.90230354599,279.12664196188,279.74868754903,29024687.440762
2019-12-19,279.50912151945,281.17823587382,278.95522833727,280.02171021378,24626947.644996
2019-12-20,282.22778291031,282.64371910305,278.55664002943,279.4484039223,69032742.876589
2019-12-23,280.52645105541,284.24715932173,280.36412441813,284.00718024727,24677882.788102
2019-12-24,284.69407388036,284.89481369135,282.91219827413,284.26781156566,12119713.763606
2019-12-26,284.82542215175,289.97898310188,284.70646522672,289.90546111349,23334004.365257
2019-12-27,291.12229132581,293.96362704561,288.11449851994,289.79104768212,36592936.708717
2019-12-30,289.45730742022,292.69392708883,285.21616260689,291.5179883195,36059614.274715
2019-12-31,289.92570031254,293.66623473303,289.51430761347,293.63814768128,25247625.235472
2020-01-02,296.2341347432,300.59919302011,295.18087030281,300.35012695833,33911864.124576
2020-01-03,297.15481177758,300.58308426985,296.49972260014,297.4398127438,36633878.022547
2020-01-06,293.77651771561,299.95608214415,292.75877513477,299.79251637223,29644643.56
2020-01-07,299.83299477033,300.90402014051,297.48855203947,298.39683772749,27877655.666344
2020-01-08,297.16265963027,304.43720603195,297.15481177758,303.19228876788,33090944.855077
2020-01-09,307.23351985998,310.41231324559,306.20834247133,309.64322368166,42621542.628048
2020-01-10,310.58785731899,312.66836437243,308.25126244082,310.32309555181,35217272.393634
2020-01-13,311.63781740036,317.07637931671,311.13720700751,316.96650937901,30521722.58647
2020-01-14,316.70216065671,317.56872881199,312.1751887874,312.68034267391,40653456.489853
2020-01-15,311.84970942307,315.50102614978,309.56639733424,311.33299027996,30480882.472298
2020-01-16,313.59606316974,315.69185288369,312.09423199119,315.23626438261,27207253.697078
2020-01-17,316.26598526493,318.7413632223,315.00041575693,318.73310232473,34454117.549351
2020-01-21,317.1982275559,319.01769024607,315.99337564506,316.5712254302,27710815.200398
2020-01-22,318.57821049526,319.99495442881,317.31677143605,317.69925099362,25458114.227122
2020-01-23,317.91486042025,319.56001817166,315.64352663289,319.22545182,26117992.642592
2020-01-24,320.25971619598,323.3245091951,317.51503297777,318.30601392027,36634379.420847
2020-01-27,310.05007288707,311.76833958199,304.87668578276,308.95550395881,40485004.818843
2020-01-28,312.59897283283,318.39853597307,312.19129753766,317.69099009605,40558485.696039
2020-01-29,324.45212171364,327.84693757075,321.36626342572,324.33770828228,54149928.396412
2020-01-30,320.55669546369,324.08575090634,318.74962411987,323.86559798605,31685808.439912
2020-01-31,320.93545761735,322.68965921671,308.29174083892,309.52509284638,49897096.098845
2020-02-03,304.30709689519,313.49858457839,302.21874198905,308.6663725438,43496401.072573
2020-02-04,315.309786371,319.64056192298,313.63695461272,318.85495056391,34154133.682165
2020-02-05,323.51616201877,324.76562277649,318.94499434744,321.43978541411,29706718.896916
2020-02-06,322.57565883022,325.22575477124,320.27995539504,325.21336342488,26356385.139642
2020-02-07,322.36777442058,323.40000203479,317.9949203519,320.03341536488,29421011.857596
2020-02-10,314.18082901571,321.54858539979,313.84829101784,321.54858539979,27337214.116785
2020-02-11,323.60273895542,323.90313573417,318.71315297928,319.62299672067,23580780.014839
2020-02-12,321.46699615125,327.22480711069,321.46699615125,327.20008309598,28432573.600906
2020-02-13,324.18704983644,326.21812764501,323.34725747007,324.86943264249,23686892.393051
2020-02-14,324.74416430128,325.97830470231,322.85195304201,324.95102189104,20028447.231342
2020-02-18,315.35563178143,319.75691846702,314.61185100552,319.00530841979,38190544.659139
2020-02-19,320.00086207884,324.57274446595,320.00086207884,323.6192216319,23495991.357962
2020-02-20,322.62820070887,324.65474578141,318.21001927989,320.30908812892,25141489.650793
2020-02-21,318.62414652631,320.43888920615,310.4944784222,313.04846914192,32426415.019925
2020-02-24,297.26713055144,304.17131165968,289.22729303411,298.18109496195,55548827.972127
2020-02-25,300.9514208104,302.53087328356,286.13308259295,288.07391774781,57668363.112802
2020-02-26,286.53402369819,297.89264812365,286.50600314818,292.64992080404,49678430.882799
2020-02-27,281.10957487044,286.00699011792,272.95518275162,273.51930235395,80151381.849123
2020-02-28,257.27191608617,278.41671760143,256.3699016161,273.35653592377,106721229.57249
2020-03-02,282.27077942807,301.43724769948,277.72279692185,298.79837119592,85349338.875869
2020-03-03,303.66323315736,303.99247461994,285.80342906346,289.3204201562,79868852.248593
2020-03-04,296.44340879463,303.40733960509,293.12173741812,302.74185154244,54794568.187967
2020-03-05,295.52079097898,299.55039331007,291.40753906477,292.90993502542,46893219.386891
2020-03-06,281.99098599491,290.81951958155,281.23484321165,289.02331991274,56544245.677827
2020-03-09,263.75290447592,278.09200887488,263.0017064956,266.16143557576,71686207.869873
2020-03-10,277.12983263568,286.44954998126,269.37349715372,285.34067792144,71322520.090811
2020-03-11,277.38572618795,281.22660187341,271.86279336827,275.43582556102,64094969.384189
2020-03-12,255.94011582703,270.00272332813,247.99587783325,248.23240424066,104618516.69976
2020-03-13,264.88155574751,279.91540495987,252.95922378662,277.97003706897,92683032.538261
2020-03-16,241.95374070463,259.07924156159,240.0005435424,242.21375492601,80605865.076505
2020-03-17,247.50963887726,257.61269542228,238.40502045968,252.86939319984,81013965.30285
2020-03-18,239.76525333573,250.00264369402,237.11277862408,246.66902237706,75058406.073613
2020-03-19,247.38725500443,252.85291052336,242.61222362978,244.77639905088,67964254.333076
2020-03-20,247.17998534777,251.83345698342,227.99291373076,229.23900407223,100423346.08489
2020-03-23,228.06873404254,228.49563536323,212.61334037935,224.37331797697,84188208.03467
2020-03-24,236.36199271067,247.69136038539,234.29918574989,246.87587996681,71882773.761646
2020-03-25,250.74972100522,258.24645433272,244.29304456327,245.52718496429,75900510.086363
2020-03-26,246.51779382041,258.68118492473,246.35626359096,258.436829246,63140170.081759
2020-03-27,252.7601954682,255.86635584981,247.04606360141,247.74492908393,51054152.84368
2020-03-30,250.73818313169,255.51733517546,249.40597080564,254.81022835471,41994109.941582
2020-03-31,255.59439168798,262.49362799328,252.00899748787,254.28237064061,49250501.10993
2020-04-01,246.50131114393,248.71493459445,239.11913241793,240.91780448821,44054637.432529
2020-04-02,240.33761427631,245.15014373994,236.89397109388,244.92968794209,41483492.384231
2020-04-03,242.79476927174,245.70602200404,238.97284866422,241.41805371921,32470017.161915
2020-04-06,250.89188408982,263.10637149121,249.38536746005,262.47343671459,50455070.770128
2020-04-07,270.79801246802,271.7041476072,259.00589365128,259.42867430285,50721831.087047
2020-04-08,262.73798367201,267.37085196207,261.21910503489,266.06295158382,42223820.935781
2020-04-09,268.69523501679,270.0711264355,264.7072514438,267.9971936681,40529122.866369
2020-04-13,268.32107826082,273.70555659812,265.82354070803,273.25187092816,32755730.226009
2020-04-14,279.99699420842,288.24410138241,278.05162631752,287.05446420787,48748671.445748
2020-04-15,282.39233916707,286.33540744667,280.62992898504,284.43083418005,32788640.65781
2020-04-16,287.37093159618,288.19135681769,282.34412733838,286.69720219528,39281289.601434
2020-04-17,284.68713979922,286.93990960637,276.85003920253,282.79781300834,53812478.172121
2020-04-20,277.94984579029,281.67369447278,276.84179786429,276.92173884519,32503750.03296
2020-04-21,276.27685412813,277.24273896953,265.42589613808,268.37835556157,45247892.18278
2020-04-22,273.61325360986,277.89710122557,272.19903996835,276.09430848618,29264341.185572
2020-04-23,275.87550095598,281.74333378089,274.8758266278,275.03447238887,31203581.821007
2020-04-24,277.19452714085,283.01373607015,276.9913781533,282.97335351279,31627182.685273
2020-04-27,281.79113354266,284.54085604551,279.94383757679,283.17609043343,29271893.599781
2020-04-28,285.07654303093,285.83598234949,278.20573934255,278.58278056691,28001187.350559
2020-04-29,284.72669822276,289.67397356657,283.8873179233,287.72448500656,34320204.056455
2020-04-30,289.9702496762,294.52317698536,288.34217330744,293.79958748813,45765968.237553
2020-05-01,286.25423026503,298.98957024303,285.85246502597,289.06452660393,60154174.204435
2020-05-04,289.16960366645,293.68585702046,286.31933683711,293.15387863724,33391986.359305
2020-05-05,295.05845190387,300.99551196997,294.46177901549,297.57206006622,36937794.959659
2020-05-06,300.46765425587,303.24498524182,298.85935709888,300.63866202429,35583438.460908
2020-05-07,303.22520603005,305.17469459007,301.96634161431,303.73287246546,28803763.316938
2020-05-08,305.63751981783,310.35240038523,304.28958917536,310.12555352101,33511984.905386
2020-05-11,308.10899996534,317.04684860653,307.24229700041,315.01015828211,36486560.208942
2020-05-12,317.83218258755,319.68394340309,310.90636700293,311.40485476796,40575262.356031
2020-05-13,312.15443571061,315.94918923273,303.20014889085,307.65489528243,50155638.634388
2020-05-14,304.51232649494,309.78980372378,301.5353723565,309.53377909261,39732268.715115
2020-05-15,300.3403167747,307.91009800468,300.20716752831,307.71530558866,41587094.167719
2020-05-18,313.17113705496,316.49616962454,310.32774311738,314.96084374641,33843124.756307
2020-05-19,315.03029505085,318.52957231324,313.00881004161,313.14237024247,25432384.391198
2020-05-20,316.67863340663,319.51339730046,316.20028241034,319.22942776572,27876215.490668
2020-05-21,318.66683110428,320.89461525453,315.86823120329,316.8487685548,25672210.96225
2020-05-22,315.77165690421,319.22942776572,315.35001762398,318.8936779685,20450753.873703
2020-05-26,323.50705278325,324.24348318304,316.49616962454,316.72753698787,31380454.099964
2020-05-27,316.13617351393,318.71984423015,313.08976807105,318.11615212229,28236273.874021
2020-05-28,316.76739957089,323.44582056809,315.62946665961,318.25834236689,33449102.999352
2020-05-29,319.24997548893,321.14940702232,316.46781376651,317.94272933841,38399532.249753
2020-06-01,317.75163551257,322.34446260412,317.20958657434,321.85049533819,20254652.585053
2020-06-02,320.74831546529,323.44582056809,318.93436246045,323.3447257699,21910704.190132
2020-06-03,324.66101291863,326.1959278423,322.29596997734,325.11388473814,26122803.950393
2020-06-04,324.38978297228,325.61689300229,320.78078086796,322.31610674609,21890090.227422
2020-06-05,323.35294485918,331.74833360767,323.23212424672,331.50176092917,34312550.487916
2020-06-08,330.25410317596,333.59845060536,327.31372398484,333.46201372325,23913633.642831
2020-06-09,332.14120607542,345.61517009209,332.00764587456,343.98737945953,36928090.392504
2020-06-10,347.8951454593,354.76466028233,346.08900058928,352.83646193646,41662938.093792
2020-06-11,349.30882881604,351.06689201375,335.47815632446,335.90390514934,50415612.936447
2020-06-12,344.72011126914,347.79405066111,334.22269043643,338.8003122128,50036512.5407
2020-06-15,333.24626262957,345.68421044208,332.57435208065,342.99122583838,34702230.15796
2020-06-16,351.46017543596,353.19686900153,344.72011126914,352.07948381346,41357181.833778
2020-06-17,355.14931366079,355.39999588394,351.09072737267,351.58921513771,28601626.031234
2020-06-18,351.41086090026,353.44796217914,349.22006265178,351.73099442784,24205096.105083
2020-06-19,354.63479867165,356.56669560771,345.15038059312,349.71813946235,66118951.049745
2020-06-22,351.34182055028,359.45447262742,351.15195958783,358.87132824276,33861315.822841
2020-06-23,363.99387563862,372.38597675139,362.26868879804,366.53357422718,53038869.267735
2020-06-24,364.99454975887,368.78930328099,358.51914026697,360.0544661451,48155848.458939
2020-06-25,360.69760988153,364.99454975887,357.56654781903,364.83181179106,34380627.860081
2020-06-26,364.40688487511,365.31468328645,353.01522712837,353.63453550587,51314210.791437
2020-06-29,353.24577258277,362.16759399985,351.28141024404,361.78252966693,32661519.147075
2020-06-30,360.07912341295,365.98289524519,359.99693252012,364.7923601625,35055820.914771
2020-07-01,365.11495941687,367.35918174569,363.91291760918,364.10360048055,27684309.314008
2020-07-02,367.85397092055,370.46558654034,363.64949579764,364.10360048055,28510367.015284
2020-07-06,369.99257795208,375.77183058167,369.86641493158,373.8481527349,29663912.824696
2020-07-07,375.40649206303,378.61851215496,372.23145787287,372.69337069059,28106113.954459
2020-07-08,376.71497107694,381.49396054075,376.35045446722,381.364920839,29272969.754336
2020-07-09,385.05816860848,385.27186492985,378.68796345941,382.73381015914,31410651.606213
2020-07-10,381.33204448187,383.91982474273,378.8211127058,383.67653969995,22564329.891812
2020-07-13,389.05470077251,399.84389927478,381.0197190891,381.90655882277,47912284.490842
2020-07-14,379.35946305386,389.01401628056,375.51210736032,388.22868229953,42747340.96286
2020-07-15,395.96079054286,396.99680674702,385.96966561,390.90563967912,38299482.965501
2020-07-16,386.24541605546,389.62222888753,383.61243080353,386.090075268,27644418.033028
2020-07-17,387.94553467372,388.59402081818,383.35681712682,385.31296037626,23046724.943539
2020-07-20,385.66103880741,394.00423633895,384.25187594978,393.42890008912,22579476.582121
2020-07-21,396.70133048729,397.00502583631,386.97033973025,387.99895875406,25911458.637048
2020-07-22,386.76691727049,391.89850566455,386.40240066077,389.08757712965,22250412.87363
2020-07-23,387.99895875406,388.3104622379,368.03972233835,371.3766725874,49251107.761965
2020-07-24,363.9412734672,371.87885894261,356.58683237645,370.45736745105,46359716.127114
2020-07-27,374.84759399176,379.62288486539,373.91678213042,379.24234103157,30303547.925223
2020-07-28,377.47605874458,378.19728382919,372.98843599586,373.00898371907,25906375.10546
2020-07-29,375.00663336939,380.91163806502,374.85992262568,380.1698652572,22582314.366113
2020-07-30,376.74784743407,385.19542739951,375.0707422658,384.76680189338,39532504.73356
2020-07-31,411.56267677499,425.68718170845,403.25441037291,425.07485955684,93573866.578749
2020-08-03,432.73916031357,446.54723030962,431.51862555499,435.73090881272,77037847.15928
2020-08-04,436.54459865177,443.18562279272,433.51175470621,438.65279505295,43198091.146034
2020-08-05,437.51856073185,441.61166719496,435.57474611633,440.23086019536,30497987.959259
2020-08-06,441.65276264138,457.64300084216,439.18292631173,455.61699533381,50607224.189921
2020-08-07,452.86487085947,454.71493976313,441.18195237248,444.41444526846,49511402.784874
2020-08-10,450.43639903914,455.12515459765,440.00463579743,450.95326973063,53100856.105695
2020-08-11,447.88486276846,449.95234553441,436.44807318218,437.54334679034,46975593.953801
2020-08-12,442.02289278324,453.15202124363,441.22297385594,452.09366697058,41486205.19812
2020-08-13,457.70950805509,464.14167666029,455.74047684942,460.01081327672,52520516.049779
2020-08-14,459.32985665143,459.96979179327,452.21673142094,459.61700703559,41391301.755522
2020-08-17,464.21961747884,464.3426819292,455.82251981632,458.43969046053,29890361.021435
2020-08-18,457.38133618748,463.97759072648,456.01942293689,462.20136049303,26408385.04246
2020-08-19,463.89554775958,468.67044843333,462.40236576194,462.80437629977,36384501.593289
2020-08-20,462.96436008523,473.56020926075,462.88641926667,473.10897294278,31726797.046209
2020-08-21,477.03883105744,499.43245887361,476.99780957398,497.44701907455,84513660.119077
2020-08-24,514.7868001295,515.11497199711,495.7979554398,503.43615565847,86484441.602287
2020-08-25,498.78431943507,500.68771626722,492.20037134111,499.2683729398,52873946.466725
2020-08-26,504.7283323872,508.00184676662,500.28160358105,506.09844993448,40755566.823341
2020-08-27,508.60486257336,509.90114145043,495.35082127018,499.99445319689,38888095.840958
2020-08-28,504.04327361356,505.77438021521,498.30026593035,499.22735145635,46907478.669689
2020-08-31,127.57681353415,130.98262219771,126.00056303253,129.04230603045,225702687.98172
2020-09-01,132.76090350533,134.79146693618,130.54779447312,134.17511914732,152470140.85669
2020-09-02,137.60041301552,137.97781066328,127.01071706252,131.38668380971,200118990.08252
2020-09-03,126.91944426184,128.83924968737,120.50265871294,120.87595421235,257599639.77156
2020-09-04,120.07808635922,123.70541103341,110.88106976939,120.95594610508,332607162.19912
2020-09-08,113.95562995408,118.99409365901,112.6901171896,112.82856469625,231366563.11375
2020-09-09,117.26503813153,119.136643314,115.25601097949,117.32657035671,176940454.34955
2020-09-10,120.37036442881,120.50265871294,112.50859712533,113.49618933942,182274390.17024
2020-09-11,114.56992666877,115.2252448669,110.00115894936,112.0019818047,180860323.31748
2020-09-14,114.72170615754,115.92363562267,112.80907949161,115.35856468812,140150087.13173
2020-09-15,118.32852009001,118.8228289656,113.60694734474,115.52982938153,184642039.30987
2020-09-16,115.2252448669,115.99439768162,112.04300328815,112.13325055175,155026675.41313
2020-09-17,109.71605963937,112.20298707362,108.70795668355,110.34471387326,178010967.56129
2020-09-18,110.40419502427,110.87081439853,106.09796479895,106.84558133485,287104881.85845
2020-09-21,104.53402074236,110.19395992158,103.10647311825,110.08115084209,195713815.40829
2020-09-22,112.6901171896,112.8695861797,109.16226961277,111.81225744374,183055374.11584
2020-09-23,111.61740539735,112.11273981002,106.77584481298,107.1111954402,150718672.26134
2020-09-24,105.17087927294,110.25549214676,104.99756350536,108.21159673379,167743346.68166
2020-09-25,108.42388291065,112.44706490015,107.65575563302,112.28503004052,149981441.97478
2020-09-28,115.00270331918,115.31754320467,112.78856874989,114.95347753904,137672402.96607
2020-09-29,114.54941592704,115.30728783381,113.56695139838,114.08382208987,100060525.72071
2020-09-30,113.79154402027,117.26503813153,113.61720271561,115.8015967094,142675183.5272
2020-10-01,117.63320594551,117.71319783824,115.82108191404,116.79329107184,116120439.32132
2020-10-02,112.90035229229,115.35856468812,112.22349781534,113.03367211351,144711985.53849
2020-10-05,113.91460847063,116.65074141684,113.54746619374,116.49793639099,106243839.89315
2020-10-06,115.69083870408,116.11643659489,112.25426392793,113.1762217685,161498210.2691
2020-10-07,114.62017798599,115.54008475239,114.12484357332,115.07346537813,96848985.110391
2020-10-08,116.24770534193,116.3994848307,114.58941187341,114.9637329099,83477152.747269
2020-10-09,115.27652172122,117.00660278579,114.91348159267,116.9758366732,100506864.52807
2020-10-12,120.06783098835,125.17192906681,119.29047387695,124.39149534414,240226770.23985
2020-10-13,125.2621763304,125.38318970658,119.65146293132,121.09747022299,262330449.67095
2020-10-14,120.99696758853,123.02958209355,119.62172235582,121.18874302367,151062307.81067
2020-10-15,118.72335186823,121.19899839453,118.14494895156,120.71289381563,112559217.54901
2020-10-16,121.28104136143,121.54357885552,118.81257359474,119.0248597716,115393806.40871
2020-10-19,119.96630281681,120.42061574604,115.6518682948,115.97388693989,120639336.84533
2020-10-20,116.1974540247,118.98383828815,115.62110218221,117.51014149515,124423727.53377
2020-10-21,116.67125215857,118.70489220068,116.44871061085,116.87430850165,89945979.753824
2020-10-22,117.45886464084,118.03213987207,114.58941187341,115.74109002131,101987952.84785
2020-10-23,116.38922945984,116.54818770822,114.27457198792,115.03244389468,82572643.283493
2020-10-26,114.00485573422,116.54818770822,112.89009692143,115.04269926555,111850655.16768
2020-10-27,115.4795780643,117.28554887326,114.53916055618,116.59946456253,92276770.158151
2020-10-28,115.04269926555,115.41804583913,111.09335594625,111.19385858071,143937822.40912
2020-10-29,112.37732837828,116.93584072683,112.20298707362,115.31754320467,146129172.70747
2020-10-30,111.0523344628,111.99172643384,107.70600695025,108.85973617232,190573474.73169
2020-11-02,109.11201829555,110.68826879717,107.31425178328,108.76743783455,122866898.41336
2020-11-03,109.65657848836,111.4861366503,108.7264163511,110.44521650772,107624447.20509
2020-11-04,114.13407340709,115.58110623585,112.35681763656,114.94322216818,138235481.57894
2020-11-05,117.94702029391,119.62172235582,116.87430850165,119.0248597716,126387073.40095
2020-11-06,118.31822090468,119.20685400247,116.12837505654,118.68882595237,114457919.95413
2020-11-09,120.50499544026,121.98946317276,116.04749715939,116.31674889294,154515313.65725
2020-11-10,115.54175435949,117.58212966353,114.12792681565,115.96661926224,138023388.73079
2020-11-11,117.19514428223,119.63888530117,116.43960139494,119.49658115302,112294953.50513
2020-11-12,119.62864759267,120.53570856576,118.56904476292,119.21709171097,103350674.61689
2020-11-13,119.44539261052,119.67778859347,117.85957156388,119.26623271177,81688585.878838
2020-11-16,118.92122193532,120.99026282316,118.14520363103,120.30536012451,91183017.176677
2020-11-17,119.55800740402,120.66777500541,118.96217276932,119.39522783887,74270973.822348
2020-11-18,118.60794805522,119.83033045012,117.99266177438,118.02337489988,76322110.558671
2020-11-19,117.58212966353,119.06454985432,116.81532529688,118.63866118072,74112970.69108
2020-11-20,118.64889888922,118.76868007867,117.28728365873,117.33847220123,73604285.568816
2020-11-23,117.18490657373,117.61181901818,113.75936930965,113.8484373736,127959317.26396
2020-11-24,113.9078160829,115.84479053109,112.59431808236,115.15988783244,113874217.06788
2020-11-25,115.53151665099,116.75389904589,115.15988783244,116.02702174239,76499233.202866
2020-11-27,116.57166783459,117.47975257853,116.21846689134,116.59214325159,46691330.389288
2020-11-30,116.97605732033,120.97081117701,116.81532529688,119.05431214582,169410175.13928
2020-12-01,121.01073824016,123.47188336355,120.02177559907,122.7153167054,128166802.17135
2020-12-02,122.02017629826,123.37155382025,120.88890950901,123.079779128,89004194.640352
2020-12-03,123.52307190605,123.7861810145,122.2136689889,122.9384987507,78967630.30561
2020-12-04,122.5924642034,122.8586446244,121.51443349836,122.25154851035,78260420.288833
2020-12-07,122.3119509905,124.56117554794,122.25154851035,123.755467889,86618061.06367
2020-12-08,124.36051646134,124.97580274219,123.0900168365,124.37075416984,82008727.832481
2020-12-09,124.52124848479,125.95452767478,121.00050053166,121.77651883596,114876426.69321
2020-12-10,120.50499544026,123.87627284929,120.16305597637,123.2394873806,81311839.461413
2020-12-11,122.4327559508,122.7562675394,120.55618398276,122.41330430465,86939786.379449
2020-12-14,122.5924642034,123.35107840325,121.53490891536,121.77651883596,79075987.561534
2020-12-15,124.32980333584,127.89047835212,124.11788276989,127.87000293512,157572262.38754
2020-12-16,127.40725851092,128.36653179737,126.57083772648,127.80141028817,98208590.331101
2020-12-17,128.90196395192,129.58789042141,128.03278250027,128.69925732362,94359811.085215
2020-12-18,128.96236643207,129.10159926766,126.12549740673,126.67014349893,192541495.00459
2020-12-21,125.01675357619,128.30612931722,123.44117023805,128.22525142007,121251551.55639
2020-12-22,131.6047189959,134.39961341638,129.65853061006,131.877042042,169351825.1677
2020-12-23,132.1575552549,132.4339733844,130.76727444061,130.94848188105,88223692.831764
2020-12-24,131.3119205328,133.46183931779,131.08976225835,131.96815764765,54930063.695719
2020-12-28,133.98498622214,137.35319231862,133.51200408944,136.69900274547,124486236.3494
2020-12-29,138.05140403831,138.78954282116,134.33921093623,134.86338161143,121047324.21392
2020-12-30,135.53907037243,135.99362462983,133.40041306679,133.72290088454,96452124.028109
2020-12-31,134.07610182779,134.73131517178,131.7152862477,132.69401118029,99116585.513817
2021-01-04,133.52224179794,133.61233363274,126.77149681308,129.41487314776,143301886.35556
2021-01-05,128.89172624342,131.7357616647,128.42488673582,130.9986466527,97664896.398026
2021-01-06,127.71029468252,131.0395974867,126.38860651518,126.60974101878,155087969.14945
2021-01-07,128.35629408887,131.6251944129,127.84952751812,130.9085548179,109578156.08897
2021-01-08,132.4339733844,132.63463247099,130.24310376541,132.04801177395,105158245.12938
2021-01-11,129.19169110246,130.18167751441,128.49552692447,128.98181807822,100620880.15163
2021-01-12,128.49552692447,129.69845767321,126.87285012723,128.79958686692,91951144.14572
2021-01-13,128.75965980377,131.4429632016,128.48528921597,130.8778416924,88636830.205233
2021-01-14,130.78774985761,130.9884089442,128.75965980377,128.91220166042,90221754.21436
2021-01-15,128.77911144992,130.23286605691,127.00389279603,127.13391169398,111598530.08185
2021-01-19,127.77172093352,128.70949503212,126.95270425353,127.81983816347,90757329.143069
2021-01-20,128.65830648962,132.491304552,128.54671546697,132.02753635695,104319489.07376
2021-01-21,133.80275501084,139.66589066875,133.59185821574,136.88225772762,120529543.3062
2021-01-22,136.28744686377,139.84812188005,135.01592346808,139.05981832556,114459357.77588
2021-01-25,143.07504759924,145.08266223607,136.54646088882,142.92455328429,157611711.64516
2021-01-26,143.61047975378,144.29640622328,141.3602314255,143.16718697573,98390554.879125
2021-01-27,143.43848625098,144.29640622328,140.41119584755,142.05537183264,140843759.12913
2021-01-28,139.51437258296,141.98473164399,136.70924045397,137.10339223122,142621127.57052
2021-01-29,135.83084506468,136.75019128797,130.22262834841,131.95791993915,177523810.1388
2021-02-01,133.75259023919,135.37833834898,130.9187925264,134.13752807879,106239822.12486
2021-02-02,135.73153929223,136.31815998927,134.59924873213,134.98521034258,83305366.626219
2021-02-03,135.76020487603,135.77044258453,133.61233363274,133.93379767964,89880936.735524
2021-02-04,136.30792228077,137.40438086112,134.57979708598,137.39414315262,84183060.106166
2021-02-05,137.35269589118,137.42220843413,135.86226519093,136.7679727358,75693829.068697
2021-02-08,136.03297981846,136.96833241842,134.91362342835,136.91722025448,71297214.198331
2021-02-09,136.62792540663,137.87608444985,135.85204275814,136.01253495289,76774212.792491
2021-02-10,136.48481134762,136.99899971677,134.38819038313,135.38692206636,73046561.968443
2021-02-11,135.90315492207,136.39383169582,133.76462198316,135.12625003031,64280029.395176
2021-02-12,134.34014494903,135.52901388209,133.705331873,135.36647720079,60145129.133838
2021-02-16,135.48812415094,136.01253495289,132.78735740878,133.19114350384,80576315.561189
2021-02-17,131.24683678787,132.2261458488,129.47426694271,130.8338505033,98085249.465662
2021-02-18,129.20132798731,129.99765550137,127.39809084379,129.71347186991,96856747.379866
2021-02-19,130.25014959119,130.70300336363,128.7995863788,129.87703079449,87668832.725641
2021-02-22,128.00325886474,129.72369430269,125.60609837633,126.00681774156,103916418.15569
2021-02-23,123.76299374494,126.72341027989,118.39212755897,125.86677041238,158273020.11245
2021-02-24,124.94061800194,125.56725313174,122.23065107026,125.35258204323,111039904.46483
2021-02-25,124.67892372261,126.46069375727,120.53781620083,120.98044754049,148199540.33012
2021-02-26,122.58332500139,124.84963835014,121.19307414244,121.25440873916,164560393.31831
2021-03-01,123.75277131216,127.92250164573,122.78572917056,127.78143207328,116307892.14695
2021-03-02,128.40602271653,128.71985140307,125.01115278816,125.12155506226,102260944.32147
2021-03-03,124.80977086227,125.71650065042,121.83810965126,122.05993644273,112966339.23936
2021-03-04,121.74610775619,123.60147930692,118.62213229666,120.13607459233,178154974.26629
2021-03-05,120.9702251077,121.94033397913,117.56819947639,121.41387869063,153766600.65608
2021-03-08,120.92115743032,120.99066997327,116.20452694268,116.3568411912,154376608.09074
2021-03-09,119.03920755435,122.05993644273,118.79489141075,121.08267186835,129525779.98474
2021-03-10,121.68477315947,122.16931647354,119.46037178515,119.9939827766,111943326.39902
2021-03-11,122.53221283746,123.20587115808,121.25440873916,121.9607788447,103026514.53
2021-03-12,120.40594681789,121.16342908736,119.16698796418,121.02133727163,88105049.827105
2021-03-15,121.40365625784,123.99197623936,120.42639168346,123.98277604985,92590554.496894
2021-03-16,125.70627821764,127.21715378347,124.70856877769,125.57645332125,115227935.91435
2021-03-17,124.04308840329,125.86677041238,122.34003110108,124.75968094162,111932636.18444
2021-03-18,122.87568657908,123.17724834628,120.32518959888,120.52759376805,121469754.40641
2021-03-19,119.91322555759,121.42410112342,119.68219857661,119.9939827766,185549522.27453
2021-03-22,120.33541203166,123.87237377576,120.266921732,123.38885270496,111912283.88628
2021-03-23,123.32854035152,124.23527013968,122.13864917518,122.53221283746,95467141.764763
2021-03-24,122.81537422564,122.89613144466,120.06451756282,120.09518486118,88530484.759364
2021-03-25,119.55032919367,121.65410586111,119.00854025599,120.58790612149,98844682.191924
2021-03-26,120.35585689724,121.47521328735,118.92778303698,121.20329657523,94071233.344706
2021-03-29,121.6449056716,122.57310256861,120.72897569394,121.38321139227,80819201.971095
2021-03-30,120.11562972676,120.40594681789,118.86644844026,119.91322555759,85671918.642023
2021-03-31,121.6449056716,123.52072208791,121.14298422179,122.14887160797,118323824.20838
2021-04-01,123.66076941708,124.17495778624,122.48110067353,122.99528904269,75089133.481143
2021-04-05,123.87237377576,126.16935442286,123.06582382891,125.90663790025,88651173.251602
2021-04-06,126.51180592121,127.12617413167,125.65516605371,126.22046658679,80171253.470146
2021-04-07,125.83610311403,127.91227921294,125.14097768455,127.89183434737,83466715.588011
2021-04-08,128.94781165421,130.38917467709,128.5174472339,130.36157410856,88844591.984825
2021-04-09,129.80547376498,133.04087374188,129.47426694271,132.99998401073,106686702.93934
2021-04-12,132.52668537272,132.8486920055,130.6232683879,131.23661435508,91419981.870003
2021-04-13,132.44695039699,134.65192914902,131.93071754128,134.41885768149,91266543.83497
2021-04-14,134.93304605064,134.99438064736,131.64960063965,132.03191962586,87222782.348468
2021-04-15,133.81573414709,134.99438064736,133.64399727628,134.48939246771,89347101.525102
2021-04-16,134.29005502838,134.6621515818,133.28212315564,134.15818564543,84922384.733598
2021-04-19,133.51315013661,135.46767928537,133.34243550908,134.83388845261,94264214.804327
2021-04-20,135.01482551293,135.52901388209,131.81213732096,133.11038628483,94812347.535261
2021-04-21,132.3651709347,133.74417711758,131.29692670852,133.5039499471,68847135.971031
2021-04-22,133.04087374188,134.14796321265,131.40835122589,131.94093997406,84566455.760913
2021-04-23,132.16481125209,135.11602759752,132.16481125209,134.31049989395,78756779.019481
2021-04-26,134.82468826311,135.0546930008,133.56221781399,134.71326374574,66905068.909811
2021-04-27,135.00460308015,135.40736693193,134.10911796806,134.37899019362,66015804.07531
2021-04-28,134.30027746116,135.01482551293,133.08074122975,133.58266267956,107760096.15495
2021-04-29,136.47458891483,137.07975693579,132.45717282978,133.48350508153,151100951.43448
2021-04-30,131.7814700226,133.56221781399,131.05669953804,131.45946338982,109839465.17054
2021-05-03,132.04214205865,134.06925048019,131.83053769997,132.54610799502,75135100.034294
2021-05-04,131.18550219115,131.49013068818,126.7131878471,127.84174442672,137564716.67595
2021-05-05,129.20132798731,130.44948703053,127.96339137688,128.09423851654,84000899.584531
2021-05-06,127.88161191458,129.75436160105,127.12617413167,129.74413916827,78128333.703749
2021-05-07,130.84467190653,131.25695789062,129.47412716238,130.20787375288,78973272.117851
2021-05-10,129.41391708055,129.54454234283,126.80957591371,126.85039630818,88071229.275597
2021-05-11,123.50210345223,126.27686976595,122.76733635187,125.91458876508,126142826.09353
2021-05-12,123.40209348579,124.6379309282,122.242794283,122.76733635187,112172281.03923
2021-05-13,124.57772084637,126.15849062201,124.25626023996,124.96857612337,105861338.59539
2021-05-14,126.25645956872,127.88723432758,125.85437868325,127.44229202791,81917951.158242
2021-05-17,126.81978101233,126.93101658725,125.17063707597,126.27686976595,74244623.055725
2021-05-18,126.56873558637,126.99122666908,124.77876128911,124.84917646956,63342927.326463
2021-05-19,123.15921213873,124.91857114015,122.85714121969,124.68895642129,92611988.923605
2021-05-20,125.23186766766,127.71578867083,125.10022189551,127.30350268673,76857122.062633
2021-05-21,127.81681914712,127.99744939263,125.21145747043,125.4329081104,79295434.609726
2021-05-24,126.01663975124,127.93723931079,125.94520406093,127.10348275386,63092944.440852
2021-05-25,127.81681914712,128.3199305089,126.32789525903,126.90142180126,72009481.49972
2021-05-26,126.96061137323,127.3841229658,126.42790522547,126.85039630818,56575919.716076
2021-05-27,126.4483154227,127.6341478819,125.07981169828,125.28289316074,94625601.018206
2021-05-28,125.5737384713,125.80335319017,124.54812606038,124.60833614222,71311108.042678
2021-06-01,125.07981169828,125.35432885106,123.93377912369,124.27667043719,67637118.068608
2021-06-02,124.28687553581,125.24207276628,124.04501469861,125.06042201091,59278861.749036
2021-06-03,124.67875132267,124.84917646956,123.12961735274,123.5429238467,76229170.267058
2021-06-04,124.06542489584,126.16767521076,123.84295374601,125.89417856785,75169343.174068
2021-06-07,126.17685979952,126.32789525903,124.83897137094,125.90438366646,71057549.493433
2021-06-08,126.60955598084,128.4607608698,126.21665968412,126.73916073326,74403773.894055
2021-06-09,127.20247221043,127.74640396667,126.52791519191,127.13205702998,56877936.395772
2021-06-10,127.02184196493,128.18828473675,125.94520406093,126.11767022754,71186421.349499
2021-06-11,126.53812029053,127.4320869293,126.10746512893,127.3443230812,53522372.54596
2021-06-14,127.81681914712,130.53137537901,127.07286745801,130.47116529718,96906488.334987
2021-06-15,129.94866424803,130.59158546085,129.39452739318,129.64659332899,62746331.425823
2021-06-16,130.36095023212,130.88345128127,128.4607608698,130.14868418091,91815026.512369
2021-06-17,129.80783388713,132.551984905,129.65679842761,131.78762301866,96721668.954896
2021-06-18,130.7018005259,131.50800331657,130.23848904873,130.45075509994,108953308.71611
2021-06-21,130.29971964043,132.4111545441,129.21593816739,132.30195998891,79663315.425113
2021-06-22,132.13051433216,134.0725445988,131.61719787177,133.98171922112,74783617.357192
2021-06-23,133.77047367977,134.31236441628,133.23674702214,133.70005849932,60214199.109219
2021-06-24,134.44401018843,134.63586604241,132.93569661297,133.41737726765,68710997.941037
2021-06-25,133.46840276073,133.89089384344,132.8152764493,133.11632685847,70783745.18197
2021-06-28,133.41737726765,135.23796686076,133.35614667595,134.77567589345,62111301.795657
2021-06-29,134.79608609069,136.49727602999,134.34297971213,136.335014962,64556080.718283
2021-06-30,136.17173338414,137.41063235614,135.87374450455,136.96671056633,63261392.592572
2021-07-01,136.60749109505,137.33001207707,135.76148841977,137.27082250509,52485781.877126
2021-07-02,137.90251810943,140.00476842435,137.75148264991,139.96394802989,78945572.238542
2021-07-06,140.0751836048,143.15304134742,140.0751836048,142.01823438131,108181791.4289
2021-07-07,143.53675305539,144.89403117133,142.66013508426,144.5705295452,104911587.85171
2021-07-08,141.57227157179,144.05823359467,140.65789473578,143.24284621525,105575457.96751
2021-07-09,142.75198097181,145.65737254782,142.64992998565,145.1154818113,99890799.525465
2021-07-12,146.20946838295,146.32070395787,143.99700300298,144.49909385489,76299718.335929
2021-07-13,144.05823359467,147.45653143384,143.63676302183,145.6471674492,100827097.18994
2021-07-14,148.09230907762,149.57204837696,147.67798207381,149.14649576467,127050784.00247
2021-07-15,149.23732114235,150.00066251884,147.09629145269,148.472959256,106820295.52155
2021-07-16,148.45254905877,149.76084270136,145.88086420751,146.39213964818,93251425.174588
2021-07-19,143.74595757702,144.06843869329,141.66411745933,142.44991005277,121434570.75888
2021-07-20,143.46531736508,147.10649655131,142.96118549344,146.14925830111,96350034.13365
2021-07-21,145.53695238415,146.12884810388,144.63073962704,145.40428610214,74993458.5435
2021-07-22,145.9369922499,148.18109343558,145.82065412568,146.80442563227,77338155.140769
2021-07-23,147.54633630166,148.71482009321,146.92280477622,148.55460004493,71447416.377592
2021-07-26,148.26069320479,149.83125788181,147.69839227104,148.9862757164,72434088.861491
2021-07-27,149.12608556744,149.20772635636,145.55736258138,146.77381033642,104818577.48153
2021-07-28,144.84300567825,146.9738302693,142.53971492059,144.98587705888,118931190.73669
2021-07-29,144.69094970887,146.55440071617,144.58073464382,145.6471674492,56699474.622053
2021-07-30,144.38071471094,146.33090905648,144.10823857789,145.86045401028,70440625.518778
2021-08-02,146.36152435233,146.95342007206,145.25427115248,145.52674728553,62879960.707744
2021-08-03,145.82065412568,148.03311950565,145.18487648189,147.35754197726,64786618.421886
2021-08-04,147.26773710944,147.78003305997,146.2798835634,146.95342007206,56368271.551202
2021-08-05,146.98403536791,147.83003804319,146.16966849835,147.06567615684,46397673.144704
2021-08-06,146.35451776221,147.10856532358,145.63307766296,146.14256925848,54126812.380379
2021-08-09,146.20370824994,146.70301001355,145.53117934385,146.09162009892,48908689.013112
2021-08-10,146.44418828302,147.69957557438,145.30904100821,145.61269799914,69023080.673635
2021-08-11,146.05086077128,146.72338967737,145.54136917576,145.86031091456,48493462.340365
2021-08-12,146.19351841803,149.04361440336,145.84095023393,148.88363404236,73779112.021973
2021-08-13,148.96413371446,149.44713174701,148.26103531264,149.09354457972,59375008.863934
2021-08-16,148.53310382465,151.19366893644,146.47271981237,151.12234011307,103558781.86042
2021-08-17,150.22971083772,151.68379985133,149.08335474781,150.19098947646,92229733.352511
2021-08-18,149.79664298153,150.72187971899,146.15275909039,146.36470759412,86325989.254554
2021-08-19,145.0369724962,147.98998578382,144.50404428729,146.70301001355,86960309.825968
2021-08-20,147.43667791109,148.49234449701,146.78452866883,148.18053564055,60549628.828746
2021-08-23,148.30179464028,150.19098947646,147.87993559919,149.70595347753,60131809.375251
2021-08-24,149.44713174701,150.86351838255,149.14449373927,149.61730193991,48606426.912315
2021-08-25,149.80683281344,150.31836237534,147.79128406157,148.35172481664,58991296.940676
2021-08-26,148.36191464855,149.11392424354,147.50800673446,147.52838639829,48597195.160425
2021-08-27,147.47743723873,148.74403334519,146.83547782838,148.59424281611,55802387.615592
2021-08-30,148.993684227,153.49249501542,148.60443264802,153.1307559826,90956722.167036
2021-08-31,152.66915659707,152.81079526062,151.29454827236,151.8356283468,86453116.964941
2021-09-01,152.84136475635,154.96900165923,152.34919587508,152.5173281016,80313711.47226
2021-09-02,153.86544286334,154.70712297914,152.40727791697,153.6545133428,71171316.306229
2021-09-03,153.76558251062,154.61745245833,153.10324343645,154.29647275315,57866066.406859
2021-09-07,154.95983081052,157.25865688949,154.38716225715,156.68802630251,82278260.070911
2021-09-08,156.97537956239,157.03651855385,153.96428423287,155.10045049088,74420206.993653
2021-09-09,155.48053122114,156.10516791724,153.94390456905,154.06516356879,57305729.391468
2021-09-10,154.98938132306,155.47034138922,148.69410316883,148.96413371446,140893234.80787
2021-09-13,150.63119021499,151.425997104,148.74403334519,149.54597311654,102404328.07713
2021-09-14,150.34791288788,151.07240993671,146.91597750047,148.10920681718,109296293.57939
2021-09-15,148.55348348847,149.4369419151,146.37489742603,149.02323473954,83281314.889667
2021-09-16,148.43324347193,148.96413371446,147.21657754183,148.78173572326,68034148.757128
2021-09-17,148.81230521899,148.81230521899,145.75943157865,146.06105060319,129868824.29863
2021-09-20,143.80196486866,144.84846060586,141.26062079022,142.93888610586,123478862.17043
2021-09-21,143.93341370031,144.60594260639,142.77788676167,143.43207397032,75833961.423237
2021-09-22,144.45411411093,146.43399845111,143.70210451594,145.85012108265,76404341.783887
2021-09-23,146.65206085399,147.07799582785,145.64224851168,146.83547782838,64838170.620642
2021-09-24,145.6626281755,147.46724740682,145.5719386715,146.92616733238,53477868.407783
2021-09-27,145.4802301843,145.96119025047,143.82234453249,145.37935084839,74150728.554346
2021-09-28,143.25069496231,144.75879008505,141.68553678088,141.90359918376,108972339.266
2021-09-29,142.46709688841,144.45411411093,142.02383920031,142.82781693803,74602043.162914
2021-09-30,143.6613451883,144.38380427075,141.27081062213,141.49294895778,89056663.346605
2021-10-01,141.89340935185,142.91952542523,139.1136232067,142.64847589641,94639580.758827
2021-10-04,141.75584662106,142.2062371915,138.26990512453,139.14317371924,98322007.547617
2021-10-05,139.49370393696,142.23680668723,139.36327408851,141.10064042923,80861062.012393
2021-10-06,139.47536223952,142.14509820004,138.36976547725,141.99428868777,83221117.625826
2021-10-07,143.05810713921,144.21363407784,142.7177667534,143.29145428995,61732655.212894
2021-10-08,144.03531201941,144.18510254849,142.5588053756,142.89914576141,58773153.989982
2021-10-11,142.26533821658,144.81891009332,141.80577679742,142.80743727421,64452218.22863
2021-10-12,143.23031529849,143.25069496231,141.03338753862,141.50313878969,73035858.348446
2021-10-13,141.23005129449,141.39105063867,139.20431271071,140.90193870697,78762720.235209
2021-10-14,142.1043388724,143.88246454076,141.50313878969,143.76120554102,69907100.162792
2021-10-15,143.77139537293,144.89839078222,143.51053567603,144.84846060586,67940334.648278
2021-10-18,143.45245363414,146.84566766029,143.16000545831,146.55423846765,85589175.333966
2021-10-19,146.99749615576,149.16487340309,146.55423846765,148.75320419391,76378892.885193
2021-10-20,148.69410316883,149.75690263708,148.10920681718,149.25658189028,58418787.006134
2021-10-21,148.80211538708,149.63768160373,147.86057491856,149.47668225955,61420989.620377
2021-10-22,149.68557381371,150.18079964455,148.63296417737,148.68391333692,58883442.364696
2021-10-25,148.67372350501,149.36765105811,147.61907590229,148.63296417737,50720555.014672
2021-10-26,149.32791071366,150.84313871873,149.00387405891,149.31772088175,60893394.067546
2021-10-27,149.3574612262,149.72633314135,148.48317364829,148.84287471472,56094928.260641
2021-10-28,149.81702264535,153.17151531025,149.71614330944,152.57846709306,100077887.34597
2021-10-29,147.20638770992,149.93828164509,146.41463777048,149.79664298153,124953168.13859
2021-11-01,148.98451337828,149.69576364562,147.79128406157,148.95394388255,74588257.852103
2021-11-02,148.65334384119,151.57476864989,148.64315400928,150.01980030037,69121986.132416
2021-11-03,150.38867221553,151.97726701035,149.81702264535,151.49732592737,54511533.152466
2021-11-04,151.5849584818,152.4378474127,150.6413800469,150.96134076889,60394615.476819
2021-11-05,151.89721675941,152.2055187099,150.06165003111,151.28570034937,65463882.775547
2021-11-08,151.41390512086,151.57365233613,150.15932985701,150.44117685465,55020867.601823
2021-11-09,150.20002978447,151.43323758641,150.06165003111,150.8115461945,56787929.228075
2021-11-10,150.02095010366,150.12880491142,147.84248648654,147.91371135959,65187091.127405
2021-11-11,148.95766449885,149.42978365735,147.67459928578,147.86283645026,40999949.244982
2021-11-12,148.42653044554,150.40149442538,147.47415214305,149.99144265625,63804007.581129
2021-11-15,150.37300447616,151.88704177755,149.42978365735,150.00060013993,59222802.364037
2021-11-16,149.94158524512,151.49225248122,149.33820882057,151.00385335174,59256208.811787
2021-11-17,150.99367836987,154.99448123887,150.99367836987,153.49163641753,88806999.566364
2021-11-18,153.70124104393,158.67375468096,153.0591996883,157.87298360825,137827671.70691
2021-11-19,157.65116900361,161.02010549884,156.52988600217,160.55002133671,117305596.79933
2021-11-22,161.67130433814,165.70364965092,160.99975553511,161.02010549884,117467887.99769
2021-11-23,161.11168033561,161.79340412051,159.06650898091,161.40268481693,96041898.948264
2021-11-24,160.75046847944,162.13426601296,159.64648294717,161.93381887024,69463622.582777
2021-11-26,159.56711808863,160.44928901626,156.35894630686,156.80766300707,76959750.931517
2021-11-29,159.3748109314,161.18188771048,158.79381946695,160.24884187353,88748216.169206
2021-11-30,159.98937983599,165.52253497374,159.92832994481,165.30173786728,174048055.67609
2021-12-01,167.47816648803,170.29460146804,164.53047424198,164.77060381397,152423001.89839
2021-12-02,158.73276957577,164.19876983321,157.8017587352,163.75819311849,136739173.45229
2021-12-03,164.01765515602,164.96087597483,159.7268653039,161.83410404797,118023115.52295
2021-12-06,164.2893271718,167.88007827167,164.27915218993,165.32208783101,107496981.77355
2021-12-07,169.07258614615,171.58173667385,168.34100495011,171.17880739203,120405351.71005
2021-12-08,172.13220319271,175.96308386457,170.69753074986,175.07887794057,116998899.44678
2021-12-09,174.90997324163,176.75367995542,173.92503499718,174.55893636731,108923738.12494
2021-12-10,175.19996022476,179.63421732117,174.68612364062,179.45106764761,115402730.50842
2021-12-13,181.10653719691,182.12912287426,175.52962963716,175.74228675812,153237019.0741
2021-12-14,175.25083513408,177.73556570531,172.21360304762,174.32694678081,139380381.10835
2021-12-15,175.10940288617,179.50194255693,172.31433536808,179.29946041784,131063256.70168
2021-12-16,179.27911045411,181.13502714613,170.74738816099,172.26447795694,150185843.11975
2021-12-17,169.92524962637,173.47428330059,169.68410255619,171.13810746458,195923441.10391
2021-12-20,168.27995505893,170.57746596386,167.4578165243,169.74413494918,107499113.47268
2021-12-21,171.56138671013,173.20261128482,169.1132860736,172.99605915298,91185905.035003
2021-12-22,173.0469340623,175.86235154412,172.15255315644,175.64053693948,92135301.321792
2021-12-23,175.85217656225,176.84423729401,175.27118509781,176.28156079692,68356567.046918
2021-12-27,177.084366866,180.42481341201,177.06401690228,180.33527357161,74919582.184575
2021-12-28,180.1633163781,181.32631680518,178.52717929434,179.28928543597,79144338.609088
2021-12-29,179.32998536343,180.63340054023,178.13951248532,179.37984277456,62348930.786141
2021-12-30,179.47141761134,180.57336814723,178.088637576,178.19750988194,59773013.664139
2021-12-31,178.088637576,179.22925304297,177.25530656132,177.56767850455,64062260.62129
2022-01-03,177.8261230439,182.88105403403,177.7060582579,182.00804059008,104701220.52506
2022-01-04,182.63074948017,182.93905143065,179.12038073703,179.70340719784,99310437.452207
2022-01-05,179.61386735744,180.17349135997,174.63830122585,174.92014822349,94537602.409527
2022-01-06,172.62975980587,175.3017100434,171.64075156867,171.99992842847,96903954.538837
2022-01-07,172.89430933433,174.13667461995,171.02720016226,172.17290312016,86709146.195721
2022-01-10,169.07258614615,172.50053753619,168.16904775661,172.19325308389,106765552.46003
2022-01-11,172.32451034994,175.17961026103,170.81759553585,175.07887794057,76138311.629554
2022-01-12,176.12181358165,177.17492420459,174.81839840485,175.52962963716,74805172.152642
2022-01-13,175.78298668557,176.62445768574,171.78930630388,172.19325308389,84505759.467443
2022-01-14,171.33957210549,173.78767274201,171.08723255526,173.07745900789,80440779.24909
2022-01-18,171.51051180081,172.54021996546,169.40530805311,169.7950098585,91168728.591611
2022-01-19,169.99647449942,171.07705757339,165.94276172473,166.23478370423,94814989.636126
2022-01-20,166.98874986036,169.67392757432,164.17943736766,164.51012427825,91420514.789778
2022-01-21,164.42160193603,166.33551602468,162.29401322823,162.40390303236,122848856.80243
2022-01-24,160.02906226526,162.29401322823,154.69533677206,161.61025444696,162706686.07559
2022-01-25,158.985109126,162.75493990668,157.01930262984,159.7868976969,115798366.59443
2022-01-26,163.49669608458,164.39107699044,157.82210869892,159.69735785649,108275307.48516
2022-01-27,162.44358546163,163.8395929734,158.28405287556,159.22625619618,121954637.02677
2022-01-28,165.71382463278,170.34547637736,162.79563983414,170.32512641363,179935659.29049
2022-01-31,170.15622171468,174.99849558385,169.50400537719,174.77769847739,115541589.72398
2022-02-01,174.01559233577,174.83874836858,172.31433536808,174.60777628026,86213909.932181
2022-02-02,174.73699854994,175.88168400966,173.33285105268,175.84200158039,84914255.527238
2022-02-03,174.47855401059,176.24086086946,172.12202821084,172.9044843162,89418073.87421
2022-02-04,171.67945333802,174.09598528412,170.68052528798,172.39079579482,82465399.104578
2022-02-07,172.86637903737,173.94457096118,170.95083542156,171.66014547134,77251203.375719
2022-02-08,171.73026351351,175.34591560107,171.43251588516,174.82663560761,74829217.0546
2022-02-09,176.04709602277,176.64868850052,174.89675364978,176.27879042299,71285037.207184
2022-02-10,174.135617221,175.47802205733,171.55039549229,172.12455047528,90865898.530531
2022-02-11,172.33083978775,173.08181418143,168.0363637557,168.63592382643,98670686.571694
2022-02-14,167.3666856428,169.57896068345,166.56388487013,168.87778026174,86185528.94458
2022-02-15,170.97115949175,172.9537725392,170.24965499986,172.7962609952,64286319.005546
2022-02-16,171.85220793468,173.34399468693,170.04844670493,172.55237215287,61177397.446231
2022-02-17,171.03111549883,171.91318014526,168.46621784031,168.87778026174,69589343.398287
2022-02-18,169.82081711876,170.54028920364,166.19398679259,167.29555139712,82772674.17007
2022-02-22,164.9816560055,166.69599132639,162.14746441691,164.32112372419,91162757.375356
2022-02-23,165.54361654637,166.1533386522,159.75532135505,160.07542546061,90009246.303218
2022-02-24,152.58498939051,162.84864483861,152.00168857593,162.73991106307,141147539.47311
2022-02-25,163.83944326058,165.12189208984,160.87619382626,164.85259815977,91974220.819555
2022-02-28,163.06001516863,165.42268832872,162.42793658559,165.12189208984,95056628.004788
2022-03-01,164.69102180172,166.60453301051,161.9686125992,163.19821884596,83474424.354146
2022-03-02,164.39225796987,167.3565236077,162.94823278257,166.56388487013,79724749.251101
2022-03-03,168.46621784031,168.90826636704,165.55377858147,166.23260252596,76678441.134262
2022-03-04,164.4898135068,165.55377858147,162.09665424143,163.16874894417,83819591.435982
2022-03-07,163.359795204,165.02128794238,159.04397889825,159.30311079322,96418845.303556
2022-03-08,158.82346273664,162.8791309439,155.79720868471,157.44040975992,131148279.57795
2022-03-09,161.47575389699,163.40958917598,159.41489317929,162.94823278257,91454904.565522
2022-03-10,160.19432127124,160.38536753107,155.97809290944,158.52063409074,105342032.35548
2022-03-11,158.9342289192,159.28278672303,154.4985005993,154.72714638898,96970102.010156
2022-03-14,151.45090627367,154.11640807965,150.10037180926,150.61965180272,108732110.19626
2022-03-15,150.90215637842,155.56856289503,150.38186018145,155.08688243142,92964302.02906
2022-03-16,157.0512038157,160.00429121493,154.45785245891,159.593744997,102300156.42172
2022-03-17,158.61209240662,160.99610584041,157.63145601974,160.61604572777,75615375.528137
2022-03-18,160.50629574872,164.4796514717,159.76548339014,163.98069554843,123511691.11331
2022-03-21,163.51120952695,166.35454694713,163.01936702825,165.38305639184,95811351.829956
2022-03-22,165.51313044108,169.4173843254,164.91357037035,168.81680805116,81532006.343253
2022-03-23,167.98555358022,172.64383046874,167.64614160797,170.21002306298,98062673.51713
2022-03-24,171.06160160412,174.135617221,170.21002306298,174.06549917883,90131417.697838
2022-03-25,173.87546912252,175.2757975589,172.75561285481,174.71688562856,80546155.585581
2022-03-28,172.17332824374,175.72902432423,172.00463846113,175.59895027499,90371915.784751
2022-03-29,176.68730423389,179.01136166061,176.33976263357,178.96055148512,100589439.04732
2022-03-30,178.55203767422,179.61193793485,176.69746626899,177.77057717525,92633152.808669
2022-03-31,177.84171142093,178.03174147724,174.39576531949,174.606119446,103049284.91097
2022-04-01,174.02485103844,174.87642957958,171.94366625055,174.30633941063,78751327.10628
2022-04-04,174.56547130561,178.49208166714,174.43539725637,178.44127149166,76545982.430161
2022-04-05,177.49925083815,178.30001920381,174.41608938968,175.05833000782,73401785.456367
2022-04-06,172.36132589304,173.63462889071,170.1287267822,171.83188386448,89058782.158224
2022-04-07,171.16118954807,173.36431875713,169.85028702054,172.14284213845,77594649.34561
2022-04-08,171.781073689,171.781073689,169.19991677432,170.08807864181,76575507.028052
2022-04-11,168.70502566509,169.02919458469,165.50296840599,165.75193826587,72246705.800786
2022-04-12,168.01603968551,169.86959488722,166.6451811509,167.65630364307,79265179.887744
2022-04-13,167.38700971299,171.04127753392,166.77627140366,170.40005311929,70618923.585719
2022-04-14,170.6205692809,171.27195573063,165.04161201258,165.29159807596,75329374.744611
2022-04-18,163.91972333785,166.59437097542,163.57014933051,165.07108191436,69023940.90311
2022-04-19,165.02128794238,167.81483139058,163.90956130275,167.39717174809,67723832.226677
2022-04-20,168.75583584058,168.87778026174,166.10354468023,167.22441715144,67929812.621351
2022-04-21,168.90826636704,171.5300714221,165.91351462391,166.42364878579,87227767.029645
2022-04-22,166.46328072266,167.86462536256,161.49607796718,161.78671217096,84882422.837051
2022-04-25,161.11601785455,163.16874894417,158.46271049069,162.8791309439,96046375.619696
2022-04-26,162.24705236086,162.33851067674,156.71890526802,156.79918534529,95623239.903386
2022-04-27,155.90797486727,159.79495329192,155.37853283871,156.56749094507,88063190.241517
2022-04-28,159.25230061774,164.510137577,158.9342289192,163.64128357619,130216791.94682
2022-04-29,161.83752234645,166.20414882769,157.2503797036,157.65178008994,131747569.97025
2022-05-02,156.70874323292,158.23203229398,153.27600777711,157.9617221604,123055264.82117
2022-05-03,158.15175221672,160.70547163663,156.32055349221,159.48399501795,88966525.047218
2022-05-04,159.67504127778,166.48360479286,159.26246265283,166.02326460296,108256501.72278
2022-05-05,163.84960529568,164.08028349239,154.94664634708,156.76971544351,130525274.44763
2022-05-06,156.01105059061,159.44077924573,154.18050902439,157.28045607805,116124646.22391
2022-05-09,154.92530808736,155.82941703166,151.49152058176,152.05975964888,131577920.0801
2022-05-10,155.5199296826,156.74062896429,152.93038307672,154.51029062584,115366735.08243
2022-05-11,153.50065156908,155.45092922445,145.8111593358,146.50217862992,142689824.84933
2022-05-12,142.77209503932,146.1997942692,138.79949513257,142.56002010177,182602040.59141
2022-05-13,144.58843062887,148.1054245693,143.10796491649,147.11100620183,113990851.92824
2022-05-16,145.55037819249,147.51892067502,144.1815308683,145.54023106629,86643780.987239
2022-05-17,148.86037075847,149.76853855324,146.67873862577,149.23885856568,78336253.481395
2022-05-18,146.84921034591,147.3596107937,139.89842889988,140.81877324609,109742889.5834
2022-05-19,139.87813464748,141.65997000795,136.60061288534,137.3494707988,136095639.59032
2022-05-20,139.08970294185,140.69903715695,132.60873343882,137.5899576897,137426124.66913
2022-05-23,137.78985607581,143.25915709685,137.64982573427,143.10796491649,117726264.22708
2022-05-24,140.80355255679,141.97148678225,137.33019125902,140.36215256716,104132745.50064
2022-05-25,138.43013973895,141.78579437282,138.33983031578,140.51943302323,92482695.261141
2022-05-26,137.39005930359,144.34084074962,137.13942528649,143.77868995822,90601547.867639
2022-05-27,145.38903888593,149.6792438427,145.25915567059,149.64068476314,90978502.871957
2022-05-31,149.06838684554,150.6604709461,146.83906321971,148.84007650607,103718415.38216
2022-06-01,149.90045119382,151.74012517363,147.68025998157,148.71222271597,74286634.978993
2022-06-02,147.83145216193,151.26929851801,146.85935747211,151.20841576082,72348054.575534
2022-06-03,146.8999459769,147.97148250347,144.4575327009,145.37889175974,88570288.021588
2022-06-06,147.03084390487,148.56914823657,144.90096211578,146.13891151201,71598379.263418
2022-06-07,144.3448996001,149.00040110001,144.10136857133,148.71222271597,67808149.473494
2022-06-08,148.58031007539,149.87000981523,147.45803791783,147.96133537728,53950200.212981
2022-06-09,147.08056482324,147.95118825108,142.52957872317,142.64018239874,69472975.52073
2022-06-10,140.28097555757,140.7578904889,137.05926298952,137.12927816029,91566636.879873
2022-06-13,132.86951458212,135.19929475732,131.44079921336,131.88016977776,122207098.41699
2022-06-14,133.13029572542,133.89133019032,131.48138771815,132.75891090656,84784325.449706
2022-06-15,134.2890975373,137.3393236726,132.16023046084,135.4286198094,91532971.190365
2022-06-16,132.08006816387,132.39057022555,129.03998915478,130.06079005035,107961507.38254
2022-06-17,130.06586361345,133.08057480705,129.81015603325,131.5605353025,134520289.12289
2022-06-21,133.41847410946,137.05926298952,133.32106169796,135.87103451166,81000487.61734
2022-06-22,134.79036557151,137.76042940984,133.90959501748,135.34845751244,73409233.848292
2022-06-23,136.82080552385,138.59046433288,135.63156233338,138.26981514501,72433767.513658
2022-06-24,139.89842889988,141.91060402506,139.77057510978,141.65997000795,89116836.856348
2022-06-27,142.69599159283,143.49254099942,140.96489186335,141.65997000795,70207907.742332
2022-06-28,142.12978195095,143.42354054127,137.32511769592,137.43978022196,67315327.180548
2022-06-29,137.46007447436,140.66859577835,136.66961334349,139.22973328339,66242410.594419
2022-06-30,137.25002896205,138.37027169437,133.77463823903,136.72034897448,98964466.425983
2022-07-01,136.03947680656,139.03998202348,135.66098899935,138.92937834792,71051551.531959
2022-07-05,137.77057653604,141.61024908958,136.92937977417,141.55951345859,73429640.611345
2022-07-06,141.35454150938,144.12166282373,141.08158381464,142.9192283692,74064253.788906
2022-07-07,143.28959847545,146.54987012305,143.27945134925,146.35098644956,66253708.374476
2022-07-08,145.26321452107,147.54936205361,145.00243337777,147.04099103106,64547797.788441
2022-07-11,145.67112899425,146.63815012098,143.77868995822,144.87052073719,63305112.938245
2022-07-12,145.76143841742,148.44839743481,145.05215429614,145.85885082893,77588758.096834
2022-07-13,142.99025825259,146.45144299893,142.11963482475,145.4894954353,71185559.917525
2022-07-14,144.08107431894,148.94966546902,143.25002468327,148.4686916872,78140743.938972
2022-07-15,149.77868567944,150.86239875745,148.19877813032,150.17137946333,76259930.630208
2022-07-18,150.74164795569,151.57066816611,146.69903287817,147.07041769704,81420867.724625
2022-07-19,147.92074687248,151.22871001322,146.9100931031,150.99938496113,82982366.979676
2022-07-20,151.09781208526,153.71982949497,150.36823371158,153.04098675229,64823412.76999
2022-07-21,154.50014349964,155.56863588835,151.93900884712,155.35047267508,65086635.080201
2022-07-22,155.39004646726,156.27994943487,153.4093274333,154.0891848886,66675407.081702
2022-07-25,154.00902259163,155.03997061341,152.28198171263,152.95067732912,53623944.292318
2022-07-26,152.26676102333,153.08664882018,150.80151600026,151.60110954471,55138690.408528
2022-07-27,152.57929251025,157.33119170905,152.16021619825,156.79136459528,78620687.708734
2022-07-28,156.98010114258,157.63966434548,154.40983407648,157.35047124883,81378730.671076
2022-07-29,161.23885000812,163.62951294051,159.50064729031,162.51129963343,101786859.62772
2022-08-01,161.01155438127,163.58892443571,160.88978886689,161.50977827762,67829378.144132
2022-08-02,160.10034244864,162.40982837144,159.63053050565,160.01003302547,59907024.718468
2022-08-03,160.84006794852,166.59044436526,160.75077323797,166.13077954846,82507487.698026
2022-08-04,166.00394047098,167.19115423621,164.43012119758,165.81013036058,55474143.021749
2022-08-05,163.21102290679,165.84966933966,163.00025544979,165.35010993436,56696984.980043
2022-08-08,166.37050815168,167.81244128301,164.20000866658,164.86980332561,60362337.169531
2022-08-09,164.01862705695,165.81927018721,163.25054180498,164.9204685797,63135502.971834
2022-08-10,167.68071162238,169.34151865136,166.90148001452,169.24018814319,70170539.239205
2022-08-11,170.05995195432,170.98915271428,168.18837746833,168.49135568778,57149158.770793
2022-08-12,169.82081195503,172.1706664396,169.39927704102,172.09973508388,68039381.467572
2022-08-15,171.52215118728,173.39068575802,171.34482279798,173.19005135184,54091693.594897
2022-08-16,172.77966279373,173.71089016385,171.66198728856,173.030962454,56377049.744506
2022-08-17,172.76952974291,176.14991549562,172.56788203164,174.55092007662,79542036.699407
2022-08-18,173.75040906204,174.89949702474,173.12114660628,174.15066456933,62290074.467199
2022-08-19,173.030962454,173.74027601123,171.30935712011,171.52215118728,70346294.797139
2022-08-22,169.69009559948,169.86033085322,167.13656679348,167.56924806339,69026808.667952
2022-08-23,167.08083501399,168.71124289052,166.64916704916,167.229790861,54147078.691657
2022-08-24,167.229790861,168.11035297704,166.24688493171,167.5297291652,53841523.133338
2022-08-25,168.77913433099,170.1389897507,168.34949297633,170.03056610695,51218208.548339
2022-08-26,170.57065771552,171.04893771411,163.55959985492,163.61938485474,78960979.710149
2022-08-29,161.14590715019,162.8999382467,159.81949079819,161.37998062408,73313952.863964
2022-08-30,162.12881307949,162.56048104431,157.71992266881,158.91055613986,77906196.68453
2022-08-31,160.30486393234,160.5794696095,157.13929885697,157.22036326351,87991090.349904
2022-09-01,156.64176606183,158.42112978538,154.66987437275,157.96007597318,74229895.176618
2022-09-02,159.74957274755,160.36160901692,154.96575945662,155.8108558948,76957767.610886
2022-09-06,156.47051750301,157.09066021304,153.6900083587,154.52902496639,73714842.988091
2022-09-07,154.82491005026,156.67216521428,153.60995725724,155.9608250469,87449573.278802
2022-09-08,154.6394752203,156.35905394402,152.6797431922,154.46012022083,84923846.282952
2022-09-09,155.46937208225,157.8202398719,154.74992547421,157.36931911052,68081005.654364
2022-09-12,159.59048384971,164.25878036132,159.30067859633,163.42989680445,104955961.35437
2022-09-13,159.90055520473,160.53995071131,153.36980395287,153.83896420572,122656613.72757
2022-09-14,154.78539115207,157.10079326386,153.60995725724,155.30926987933,87965408.054938
2022-09-15,154.64960827112,155.24137843886,151.3806860774,152.36967183719,90481109.442328
2022-09-16,151.21146412875,151.35130023003,148.37015667953,150.69974506247,162278840.75794
2022-09-19,149.31050379539,154.55942411884,149.09973633839,154.48038632246,81474245.503319
2022-09-20,153.40020310532,158.07863266775,153.07999869949,156.89813224751,107689795.468
2022-09-21,157.33993326315,158.73829427596,153.60083751151,153.72040751115,101696789.89703
2022-09-22,152.379804888,154.47025327165,150.90848590931,152.7405414971,86652541.847155
2022-09-23,151.19119802711,151.46985692459,148.5606580349,150.43020591072,96029908.220982
2022-09-26,149.66009404859,153.76904615508,149.63982794696,150.76966311311,93339408.539188
2022-09-27,152.7405414971,154.72053962684,149.94584608165,151.75966217797,84442740.43558
2022-09-28,147.64057702067,150.64299997789,144.84182838489,149.83944904806,146691386.11617
2022-09-29,146.10035329642,146.72049600645,140.67917110907,142.48082754442,128138236.29125
2022-09-30,141.27803441238,143.09995694937,137.99999247293,138.19961357404,124925273.03009
2022-10-03,138.20974662486,143.06955779691,137.68384128743,142.45042839197,114311662.97945
2022-10-04,145.02928982501,146.22093660115,144.25715135272,146.10035329642,87830063.821034
2022-10-05,144.07678304817,147.38015761466,143.00977279709,146.39927829553,79470967.283792
2022-10-06,145.81054804304,147.54025981758,145.21979118038,145.43157194246,68402168.555708
2022-10-07,142.54162584932,143.09995694937,139.44597882459,140.09145416166,85925558.421068
2022-10-10,140.41875170306,141.89007068176,138.57250984412,140.41875170306,74899001.660158
2022-10-11,139.89892619613,141.34896576811,138.21987967567,138.9788451819,77033671.700765
2022-10-12,139.12982763908,140.35896670324,138.16009467585,138.3404629804,70433743.287822
2022-10-13,134.98946307506,143.58836999877,134.36932036504,142.98950669546,113223974.76012
2022-10-14,144.30781660681,144.52061067397,138.18948052322,138.37998187859,88597968.782745
2022-10-17,141.0662536503,142.89932254318,140.27283577129,142.4098961887,85250938.296967
2022-10-18,145.49135694229,146.70022990481,140.60823975335,143.74948550677,99136609.309042
2022-10-19,141.69044958066,144.94721211339,141.49994822529,143.86094906576,61758339.247762
2022-10-20,143.01990584791,145.88857253433,142.65106279815,143.39077550783,64521988.666328
2022-10-21,142.86892339073,147.84830456243,142.65004949307,147.26869405567,86548608.686356
2022-10-24,147.18357642881,150.22957150454,146.00003609332,149.45033989667,75981917.378007
2022-10-25,150.08973540325,152.48924183683,149.3601557444,152.33927268473,74732289.775412
2022-10-26,150.95915116339,151.99069573661,148.03981922288,149.35103599866,88436171.508702
2022-10-27,148.06920507025,149.04501786397,144.1304882175,144.8023094867,109180149.1899
2022-10-28,148.19890812072,157.50003546607,147.81993202014,155.74093784416,164762370.19575
2022-10-31,153.15498327554,154.24023301809,151.91976438089,153.33940480042,97943170.115078
2022-11-01,155.07924962578,155.44910598061,149.13013549084,150.65211972362,80379344.253947
2022-11-02,148.9436873558,152.17005073608,144.99889067256,145.02928982501,93604622.841219
2022-11-03,142.05929263041,142.80001864517,138.74983823343,138.87954128389,97918515.151385
2022-11-04,142.09008527427,142.66974751155,134.3804763557,138.38044928104,140814795.65669
2022-11-07,137.11085746988,139.14625087549,135.67030070568,138.91964644068,83374627.116426
2022-11-08,140.40876129806,141.43050450863,137.48920594588,139.49829705102,89908476.434863
2022-11-09,138.49982126009,138.54939098021,134.59291801334,134.86909216828,74917793.22645
2022-11-10,141.23930701675,146.87002257124,139.49829705102,146.87002257124,118854027.2191
2022-11-11,145.82096543326,150.00910096965,144.37029239964,149.7005547526,93979664.965375
2022-11-14,148.97117172802,150.28122861682,147.43046389664,148.28124215415,73374113.499798
2022-11-15,152.21444770138,153.58924871441,148.56146281685,150.03944977789,89868331.201134
2022-11-16,149.12999715779,149.86949645177,147.28984775182,148.78907887862,64218265.999933
2022-11-17,146.42996485183,151.47899491516,146.14873256219,150.71926308235,80389399.185918
2022-11-18,152.3034708722,152.70002863313,149.96964751895,151.28982067716,74829572.958316
2022-11-21,150.16084501083,150.37126341459,147.71371944016,148.00911450698,58724069.697059
2022-11-22,148.13050973992,150.42184476164,146.92465042606,150.18006592271,51804131.412314
2022-11-23,149.45068289813,151.83205271762,149.33940393461,151.07232088481,58301394.121109
2022-11-25,148.30552120074,148.88012530332,147.1198944257,148.1102772011,35195859.808987
2022-11-28,145.1411521288,146.6403832556,143.3788979973,144.2195599854,69346521.079874
2022-11-29,144.29037387128,144.80832686516,140.3531218163,141.16950475781,83763802.200621
2022-11-30,141.39509756569,148.71927661968,140.55038906982,148.02934704581,111380879.07286
2022-12-01,148.21143989521,149.12999715779,146.61003444736,148.31057933545,71250415.610199
2022-12-02,145.96056995114,147.99899823757,145.64898885326,147.80982399957,65447445.403337
2022-12-05,147.76935892193,150.92057684364,145.7703840862,146.63026698618,68826441.020127
2022-12-06,147.07437121335,147.29996402123,141.91912032121,142.91051472354,64727185.819141
2022-12-07,142.19023634144,143.36878172789,140.00208726771,140.93885381523,69721093.943233
2022-12-08,142.36018966755,143.51951414212,141.09869087193,142.64951497273,62128337.475907
2022-12-09,142.34198038261,145.57008195185,140.89940036452,142.15988753321,76097010.536177
2022-12-12,142.69908469284,144.50180390199,141.05822579428,144.49168763258,70462653.869603
2022-12-13,149.50126424519,149.96964751895,144.23979252423,145.46891925773,93886160.140472
2022-12-14,145.35055890562,146.65555765971,141.1593884884,143.20894467119,82291181.277444
2022-12-15,141.10880714134,141.79873671521,136.02538176202,136.49882317048,98931906.543939
2022-12-16,136.68395090072,137.65005462952,133.73101185947,134.51097623111,160156899.15741
2022-12-19,135.10985938027,135.20090580498,131.31929323175,132.36936199668,79592613.367741
2022-12-20,131.38909549069,133.24947743548,129.8898643639,132.29955973774,77432818.179311
2022-12-21,132.97937304219,136.80939264142,132.75074535349,135.45178928638,85927992.289799
2022-12-22,134.35215080135,134.55953432428,130.29957327507,132.22874585185,77852107.131338
2022-12-23,130.91868896305,132.41488520903,129.63999250943,131.86051364527,63814892.994137
2022-12-27,131.37897922128,131.40932802952,128.71941199298,130.03048050872,69007829.032381
2022-12-28,129.67034131767,131.0279446727,125.86965889973,126.03961222585,85438390.856851
2022-12-29,127.9900289684,130.48065449753,127.73004084452,129.6096437012,75703709.425053
2022-12-30,128.40884252204,129.95056198037,127.43161089688,129.93032944154,77034208.787258
2023-01-03,130.27934073624,130.89946805117,124.17113726553,125.07047361622,112117470.76461
2023-01-04,126.88937885642,128.65567949568,125.07957825869,126.35928633925,89113632.043828
2023-01-05,127.13014606842,127.76949429523,124.75990414528,125.0209038961,80962707.365449
2023-01-06,126.01027504455,130.28945700565,124.89040402069,129.61975997061,87754714.102767
2023-01-09,130.46446846647,133.41133774607,129.8898643639,130.14985248777,70790812.389799
2023-01-10,130.25910819742,131.26264212305,128.12154047075,130.730526352,63896154.175166
2023-01-11,131.24949097281,133.50946555936,130.45941033177,133.49024464748,69458948.888361
2023-01-12,133.87870939288,134.25908112276,131.43967683775,133.41133774607,71379647.043923
2023-01-13,132.03046697139,134.91866188839,131.66021151092,134.75983645863,57809718.801124
2023-01-17,134.82862709063,137.29092706541,134.13060450123,135.94040509896,63646626.419697
2023-01-18,136.81445077613,138.61008859668,135.02892922498,135.21102207439,69672799.460343
2023-01-19,134.08002315417,136.24996294296,133.77046531018,135.27070806392,58280412.078089
2023-01-20,135.28082433333,138.02031008999,134.21962767205,137.87058930269,80223625.625352
2023-01-23,138.12046115716,143.31415387307,137.89992648399,141.10880714134,81760312.655672
2023-01-24,140.30355209618,143.16038657801,140.29849396147,142.52913136673,66435141.518721
2023-01-25,140.88928409511,142.42898029955,138.80937910409,141.85943433168,65799348.842754
2023-01-26,143.16949122048,144.24990879364,141.89989940933,143.95957186153,54105067.56308
2023-01-27,143.15532844331,147.23016176229,143.0814796766,145.93123276984,70555842.372365
2023-01-30,144.95400114468,145.54984941303,142.84981710708,143.00156114825,64015273.185443
2023-01-31,142.69908469284,144.3399435914,142.28128276614,144.29037387128,65874458.546646
2023-02-01,143.96968813094,146.61003444736,141.32023717204,145.42845418009,77663632.514616
2023-02-02,148.90035784214,151.18056496751,148.17097481757,150.81941414952,118338979.64692
2023-02-03,148.02934704581,157.38082648987,147.82904491146,154.49971296145,154357336.33311
2023-02-06,152.57559851937,153.09962127489,150.77894907187,151.7308900235,69858305.591472
2023-02-07,150.63833292705,155.22909598603,150.63833292705,154.65044537569,83322550.606937
2023-02-08,153.87958564652,154.57963148981,151.16943707116,151.9200642615,64120078.618836
2023-02-09,153.77639969853,154.3287480084,150.42184476164,150.86999549658,56007142.252587
2023-02-10,149.46021654588,151.33897413385,149.22082646613,151.01069659831,57450707.431164
2023-02-13,150.95211168428,154.26013915771,150.92079905782,153.85004475947,62199012.085882
2023-02-14,152.11875954132,153.77024806622,150.86120405906,153.20056028149,61707572.122623
2023-02-15,153.11066274099,155.49951311493,152.87935333903,155.3308289659,65669251.674948
2023-02-16,153.51065629197,156.32980275864,153.34702256657,153.70964298274,68167941.080161
2023-02-17,152.351079028,152.99955342127,150.85211329654,152.55006571877,59144117.853236
2023-02-21,150.20161873382,151.29857074486,148.40467800856,148.47942427819,58867229.199088
2023-02-22,148.87032706665,149.95010763737,147.16126371244,148.90972037092,51011304.041643
2023-02-23,150.0905094141,150.33899025638,147.2410604057,149.3996114624,48394248.328066
2023-02-24,147.11075947621,147.19156625419,145.72088289501,146.70874575577,55469605.300771
2023-02-27,147.70973971796,149.17032222989,147.45014794371,147.92084742543,44998469.8195
2023-02-28,147.05015439273,149.07941460467,146.82894583802,147.40974455472,50546997.445843
2023-03-01,146.82894583802,147.228939389,145.01079333354,145.30977841205,55478990.652087
2023-03-02,144.38151055004,146.70874575577,143.89869005163,145.90976873853,52279760.012372
2023-03-03,148.04710801602,151.10968490134,147.3309579462,151.03089829281,70732296.264073
2023-03-06,153.78539933709,156.30152038635,153.46015205574,153.8308531497,87558027.397548
2023-03-07,153.69954213549,154.02882975575,151.12786642638,151.60159616227,56182027.716828
2023-03-08,152.80965749302,153.47025290298,151.82987531005,152.86925249178,47204790.68099
2023-03-09,153.56015044348,154.53589228755,150.22384059777,150.58949126811,53833581.153911
2023-03-10,150.20969941162,150.94100075231,147.60873124549,148.49962597269,68572399.231053
2023-03-13,147.80468768209,153.139955198,147.69963887072,150.46929118587,84457121.183072
2023-03-14,151.27937913509,153.39954697225,150.10061026135,152.59046910776,73695892.214759
2023-03-15,151.18847150986,153.24500400937,149.92081518035,152.98945257402,77167865.321774
2023-03-16,152.15916293031,156.4590936034,151.64199955126,155.8500125144,76254418.184689
2023-03-17,156.08031183163,156.73888707214,154.2803408522,154.99952117619,98944632.618513
2023-03-20,155.07022710692,157.81967772758,154.14902983799,157.39948248211,73641414.606441
2023-03-21,157.31968578885,159.39945023703,156.53990038138,159.28026023952,73938284.752741
2023-03-22,159.29945184928,162.14082017989,157.80957688034,157.82977857483,75701810.085244
2023-03-23,158.83077253702,161.54891053121,157.68028603557,158.92875075532,67622059.149159
2023-03-24,158.86107507876,160.33983911574,157.84998026933,160.25095165996,59256342.102576
2023-03-27,159.94085564948,160.76912512374,157.87018196382,158.27926627733,52390265.594002
2023-03-28,157.97018035157,158.48936390007,155.98031344389,157.64998349383,45992151.810175
2023-03-29,159.37015778001,161.05093876193,159.34995608552,160.76912512374,51305690.237896
2023-03-30,161.52870883672,162.47010780015,161.27012714719,162.36000856516,49501688.102804
2023-03-31,162.43980525841,165.00037003555,161.90951077794,164.90138173253,68749791.281063
2023-04-03,164.26906869486,166.290248229,164.22058462807,166.16903806204,56976186.840688
2023-04-04,166.59630390059,166.83872423452,165.10945918582,165.63066290377,46278294.143516
2023-04-05,164.73976817657,165.04986418706,161.80143171239,163.75897590888,51511743.249993
2023-04-06,162.42970441116,164.95996664656,161.99940831843,164.65997148332,45390122.113929
2023-04-10,161.42062977118,162.02971086018,160.07923725676,162.02971086018,47716881.387192
2023-04-11,162.34990771791,162.36000856516,160.50953334949,160.79942766548,47644216.195645
2023-04-12,161.21962291096,162.06001340192,159.78025217825,160.09943895125,50133061.872151
2023-04-13,161.62971730919,165.80136722224,161.42062977118,165.55995697304,68445648.477509
2023-04-14,164.59027563732,166.32055077074,163.81958099236,165.20945757356,49386479.945357
2023-04-17,165.08925749132,165.39026273929,164.0296786151,165.22864918333,41516216.38674
2023-04-18,166.09934221603,167.41043218871,165.65086459826,166.47105339473,49923007.215537
2023-04-19,165.80136722224,168.16092513917,165.53975527854,167.62861048924,47720165.270136
2023-04-20,166.08924136879,167.87002073845,165.55995697304,166.649838391,52456376.879884
2023-04-21,165.04986418706,166.45287186968,164.48926716484,165.01956164532,58337340.975946
2023-04-24,165.00037003555,165.60036036203,163.89028692309,165.3296576558,41949580.033662
2023-04-25,165.18925587907,166.30539949987,163.72968345186,163.76907675613,48714062.094275
2023-04-26,163.05494685576,165.27915341957,162.7993954204,163.75897590888,45498795.176015
2023-04-27,165.18925587907,168.55990860543,165.18925587907,168.40940598144,64902328.880207
2023-04-28,168.49021275942,169.84877671416,167.8801215857,169.6790824804,55275850.266948
2023-05-01,169.28009901414,170.44876704063,168.63970529868,169.59019502463,52472935.886857
2023-05-02,170.09119704809,170.34977873761,167.53972303347,168.53970691093,48425695.195069
2023-05-03,169.50029748413,170.9214866918,167.1609412617,167.44881540824,65136017.197856
2023-05-04,164.89128088528,167.03973109474,164.30947208385,165.791266375,81235426.091173
2023-05-05,170.97704135166,174.29921001123,170.75987313584,173.56992883999,113453170.01295
2023-05-08,172.48105750675,173.84972230873,172.10934632806,173.49922290926,55962792.642202
2023-05-09,173.04973520676,173.53962629825,171.6002636268,171.77197803,45326873.954208
2023-05-10,173.01943266502,174.03153755918,171.90126887477,173.55477756912,53724500.205249
2023-05-11,173.84972230873,174.59011441194,172.16894132681,173.74972392099,49514675.132188
2023-05-12,173.61967145415,174.05946007604,170.99909613382,172.57063437442,45533137.810594
2023-05-15,173.15870035277,173.20913482776,171.4711628197,172.06931569304,37266658.381487
2023-05-16,171.98962922256,173.13852656277,171.79797821761,172.06931569304,42110292.62298
2023-05-17,171.71022223114,172.92569307833,170.41909967146,172.68965973539,57951603.555666
2023-05-18,173.00033610131,175.24063548024,172.58072126942,175.05100185429,65496656.817271
2023-05-19,176.38953282045,176.38953282045,174.94004600932,175.16094900976,55809474.584812
2023-05-22,173.97876491606,174.70905611388,173.4512203077,174.20067660601,43570931.402676
2023-05-23,173.13045704678,173.38061204271,171.27446836725,171.56194487467,50747262.673922
2023-05-24,171.08987818879,172.41832225996,170.51996862144,171.8393344871,45143487.675345
2023-05-25,172.40924405446,173.89403499808,171.69004844114,172.99024920631,56058257.783272
2023-05-26,173.32009067273,175.77019746761,173.11028325678,175.4282517272,54834974.503025
2023-05-30,176.95843369831,178.9909430403,176.57109693041,177.30037943872,55964400.357351
2023-05-31,177.32559667622,179.35003650221,176.76073055636,177.24994496374,99625287.093182
2023-06-01,177.69982048062,180.11966659051,176.93119908182,180.08940590552,68901808.750415
2023-06-02,181.03051320878,181.78097819659,179.25925444723,180.9498180488,61996912.841655
2023-06-05,182.63130344488,184.95028060479,178.03571408404,179.58001770815,121946496.94585
2023-06-06,179.96432840755,180.11966659051,177.43050038419,179.20982866174,64848373.078652
2023-06-07,178.43918988394,181.21106862924,177.32055322872,177.81985453109,61944614.289908
2023-06-08,177.89449755407,180.83987089333,177.46076106918,180.5685334179,50214880.806028
2023-06-09,181.49955382616,182.22883633448,180.62905478788,180.9599049438,48899972.699683
2023-06-12,181.27058130972,183.89014794056,180.9699918388,183.79028768008,54754994.489333
2023-06-13,182.79975459133,184.15038983149,182.43965243993,183.31015147821,54929128.353168
2023-06-14,183.37067284819,184.39045793243,182.02104629753,183.94865193154,57462881.307516
2023-06-15,183.95873882654,186.5187927769,183.78020078509,186.01041326902,65433165.52484
2023-06-16,186.72960888234,186.98985077328,184.27042388196,184.9200199198,101256224.06677
2023-06-20,184.41063172243,186.099177945,184.41063172243,185.00979328528,49799091.804451
2023-06-21,184.8998461298,185.41024301668,182.59095586489,183.95873882654,49515696.369015
2023-06-22,183.7398532051,187.04532869576,183.67025362962,186.99993766827,51245326.746292
2023-06-23,185.55045085714,187.56076903013,185.00979328528,186.68018309685,53116995.87785
2023-06-26,187.32170961869,188.04998343751,185.23069628572,185.27104386571,48088660.596001
2023-06-27,185.88937052905,188.38991179892,185.66947621811,188.06007033251,50730845.332407
2023-06-28,187.92994938704,189.90092866954,187.60111661012,189.24931525271,51216800.624024
2023-06-29,189.08187279575,190.069379816,188.94065626578,189.58924361412,46347307.086875
2023-06-30,191.6298224721,194.48037899839,191.2606421152,193.96897342201,85213215.783159
2023-07-03,193.78034848556,193.88020874604,191.75893472807,192.4589652409,31458197.996523
2023-07-05,191.56627503362,192.98045771226,190.62113297236,191.33024169068,46920260.409127
2023-07-06,189.84141598906,192.02018530851,189.19988946722,191.80936920306,45156008.872406
2023-07-07,191.40992816116,192.66978134634,190.23883965196,190.68064565284,46814997.094671
2023-07-10,189.2594021477,189.99171072452,187.03524180077,188.60980610987,59922162.385218
2023-07-11,189.15954188723,189.29974972769,186.59948793688,188.0802441225,46638118.084783
2023-07-12,189.6800256691,191.69942204759,188.4695982694,189.77080772407,60750247.737758
2023-07-13,190.50009023239,191.19003385022,189.78089461907,190.54043781238,41342337.766509
2023-07-14,190.22875275696,191.17994695522,189.62959119411,190.69073254784,41616241.678536
2023-07-17,191.89914256854,194.32100605743,191.80936920306,193.98914721201,50520158.099068
2023-07-18,193.34963806917,194.33109295242,192.41458290291,193.72991401057,48353773.894065
2023-07-19,193.10049176273,198.23169524794,192.64960755635,195.10072304073,80507322.640424
2023-07-20,195.09063614573,196.46951469188,192.49426937339,193.12974375823,59581195.219319
2023-07-21,194.09909436748,194.96959340576,191.23038143021,191.93949014853,71951682.87003
2023-07-24,193.41015943916,194.91008072528,192.25016651445,192.75047650632,45505096.475766
2023-07-25,193.32946427918,194.44104010789,192.91590158428,193.6209755446,37283200.637557
2023-07-26,193.67141001959,195.63936323359,193.31937738418,194.50055278838,47471867.221869
2023-07-27,196.0206478645,197.1998058897,192.54974729587,193.2185084342,47460179.779893
2023-07-28,194.66900393484,196.62687025384,194.13944194747,195.83101423854,48291442.522502
2023-07-31,196.05998675499,196.48968848188,195.26009598169,196.44934090189,38824112.88101
2023-08-01,196.23449003844,196.73177396182,195.28026977168,195.6040591011,35281425.065878
2023-08-02,195.04020167074,195.18141820071,191.85072547255,192.58000798086,50389326.95625
2023-08-03,191.57131848112,192.36919187542,190.69073254784,191.16986006022,62243281.025386
2023-08-04,185.52019017215,187.38021360968,181.92118603706,181.99078561254,115956840.06777
2023-08-07,182.1299847635,183.12858736825,177.35081391371,178.85073519983,97576068.775234
2023-08-08,179.69097355312,180.27097001547,177.57978643015,179.79991201909,67823002.041042
2023-08-09,180.87013157832,180.92964425881,177.0088681733,178.191052267,60378491.116821
2023-08-10,179.48015744767,180.75009752785,177.59895153065,177.97014926655,54686850.625421
2023-08-11,177.31915873724,178.62062811495,176.5495591981,177.79058882143,52036671.758871
2023-08-14,177.96989342609,179.69041176752,177.30404879864,179.46074070087,43675626.861168
2023-08-15,178.87951172955,179.48088728566,177.05020183024,177.4501115384,43622592.562258
2023-08-16,177.13078816941,178.54004177577,176.50020006535,176.56970578289,46964856.31007
2023-08-17,177.14086146181,177.50551464659,173.4802270047,174.00101622163,66062881.306845
2023-08-18,172.300644465,175.10001242216,171.96016718197,174.48957090289,61172149.651514
2023-08-21,175.06979254496,176.12950290514,173.73407397311,175.84039941334,46311878.143579
2023-08-22,177.06027512263,177.67978260506,176.25038241391,177.23051376415,42084244.484083
2023-08-23,178.51989519098,181.54994154403,178.32447331847,181.11880462943,52722751.317326
2023-08-24,180.67356510548,181.1026873616,176.00963072562,176.38032788583,54945797.082026
2023-08-25,177.37959849162,179.1494759658,175.82025282855,178.61055482255,51449593.595461
2023-08-28,180.09032147569,180.58995677858,178.54507842197,180.19004707042,43820696.610203
2023-08-29,179.69544841372,184.90031859531,179.50002654122,184.12064576378,53003947.364093
2023-08-30,184.9406117649,187.85078593843,184.73914591696,187.64932009049,60813887.441133
2023-08-31,187.84071264603,189.12002078047,187.47908144897,187.87093252322,60794466.779815
2023-09-01,189.48568129448,189.91883286756,188.27890086531,189.46049806349,45766502.333623
2023-09-05,188.27890086531,189.97927262194,187.61003425014,189.70124975178,45280026.829209
2023-09-06,188.39877304483,188.8520712027,181.47036253409,182.9088286884,81755815.033778
2023-09-07,175.17959143209,178.20963778515,173.54066675908,177.55991042553,112488802.60084
2023-09-08,178.34965654947,180.23839887393,177.79058882143,178.18042523719,65602065.734637
2023-09-11,180.07017489089,180.29984595755,177.33930532203,179.3600077769,58953051.950508
2023-09-12,179.49096057806,180.13061464528,174.81997489352,176.30074887589,90370191.205845
2023-09-13,176.51027335775,177.29901215245,173.98086963684,174.21054070349,84267927.161809
2023-09-14,174.00101622163,176.09928302795,173.57995259943,175.74067381861,60895756.40388
2023-09-15,176.48005348056,176.49516341916,173.81969695848,175.01036011982,109259460.22522
2023-09-18,176.48005348056,179.38015436169,176.16979607473,177.96989342609,67257572.131411
2023-09-19,177.51961725594,179.62997201314,177.13078816941,179.06989695586,51826940.926417
2023-09-20,179.26028218217,179.69544841372,175.40019653559,175.48984883792,58436180.227268
2023-09-21,174.54900332803,176.30074887589,173.85999012807,173.93050317485,63149115.991307
2023-09-22,174.6698828368,177.07941437819,174.05037535438,174.79076234556,56725384.062458
2023-09-25,174.20046741109,176.9706228203,174.15010094911,176.07913644316,46172739.920965
2023-09-26,174.81997489352,175.19873068765,171.65998306854,171.96016718197,64588944.14562
2023-09-27,172.61996783398,173.04002412694,169.04999300845,170.43104139609,66921807.034294
2023-09-28,169.33909650024,172.03068022875,167.62059281729,170.68891768146,56294418.710828
2023-09-29,172.02060693636,173.07024400414,170.34138909376,171.21071422763,51861082.693224
2023-10-02,171.22078752002,174.30019300582,170.92866204051,173.7491839117,52164534.621302
2023-10-03,172.25531464921,173.62931173218,170.81987048262,172.39936273049,49594612.198778
2023-10-04,171.08983471886,174.21054070349,170.9689552101,173.65953160937,53020285.61712
2023-10-05,173.78947708129,175.44955566834,172.68040758837,174.91063452509,48527917.261671
2023-10-06,173.79955037369,177.99004001089,173.1810502205,177.48939737875,57266674.812795
2023-10-09,176.80945014195,179.04975037107,175.80010624376,178.98931061668,42390771.871383
2023-10-10,178.09983889802,179.71962431547,177.95075417054,178.38994971905,43698018.745679
2023-10-11,178.19956449275,179.8495697874,177.59919626588,179.79920332541,47551097.607075
2023-10-12,180.07017489089,182.3406949972,179.03967707867,180.70982895811,56743118.085552
2023-10-13,181.41999607211,181.92869733816,178.14013206761,178.84929185236,51456081.04737
2023-10-16,176.74901038756,179.07493360206,176.51027335775,178.72136103892,52516983.439428
2023-10-17,176.64525547587,178.42016959625,174.80083563796,177.15093475421,57549349.025728
2023-10-18,175.5805084695,177.57502036413,175.11008571455,175.84039941334,54764374.769643
2023-10-19,176.03985060281,177.84095528341,175.18865739525,175.45962896073,59302862.10801
2023-10-20,175.30953690402,175.42034312038,172.64011441878,172.87985877783,64244027.125144
2023-10-23,170.90851545571,174.01108951403,169.92939143471,172.99973095736,55980108.366684
2023-10-24,173.05009741934,173.66859757252,171.45045858668,173.43993383511,43816643.317755
2023-10-25,171.8795808428,173.06017071174,170.64862451187,171.09990801126,57156961.924851
2023-10-26,170.37060164171,171.37793088142,165.66939607997,166.89128644774,70625257.557648
2023-10-27,166.9104257033,168.96034070611,166.83084669336,168.21995371492,58499128.861638
2023-10-30,169.02078046049,171.17042105804,168.87068840378,170.29001530253,51130954.974297
2023-10-31,169.34916979264,170.89844216332,167.89962301669,170.76950402063,44846016.792803
2023-11-01,170.99917508729,174.22967995904,170.11876933178,173.97079634444,56934905.43013
2023-11-02,175.52006871512,177.78051552903,175.45962896073,177.56998371793,77334751.07134
2023-11-03,174.23975325144,176.81952343434,173.34927420354,176.65029212207,79829245.324996
2023-11-06,176.38032788583,179.43052082368,176.21008924432,179.23006230497,63841309.737415
2023-11-07,179.17969584299,182.44142792118,178.97017136113,181.82091310951,70529965.972517
2023-11-08,182.3507682896,183.45077181937,181.59023471362,182.88868210361,49340281.251259
2023-11-09,182.95919515039,184.12064576378,181.81083981712,182.41120804398,53763539.133929
2023-11-10,183.9709474004,186.56543140485,183.52931169743,186.39944076478,66177921.75229
2023-11-13,185.82098853424,186.02923133723,184.21037632365,184.79989459685,43627518.64837
2023-11-14,187.70020378058,188.10964735941,186.29984638074,187.43964877587,60108377.562387
2023-11-15,187.84506833918,189.49994472046,187.77967808704,188.01005297537,53790498.345983
2023-11-16,189.56935898813,190.96066235306,188.64987144254,189.70919352734,54412914.434975
2023-11-17,190.25142961822,190.37919211088,188.57140313996,189.68907344975,50941403.964471
2023-11-20,189.88926822171,191.90429399174,189.87920818292,191.44958023835,46538613.784839
2023-11-21,191.40934008318,191.52000050989,189.73937364371,190.63974711559,38134484.16384
2023-11-22,191.48982039351,192.93041794852,190.82485182937,191.30974569914,39630010.206146
2023-11-24,190.87012200393,190.90030212031,189.25045575842,189.96974853205,24048343.649838
2023-11-27,189.91944833809,190.66992723197,188.89936040458,189.78967383767,40552608.040203
2023-11-28,189.77961379888,191.08037681468,189.4013563403,190.39931218847,38415418.468214
2023-11-29,190.90030212031,192.0904047094,188.96877467225,189.37117622393,43014223.796572
2023-11-30,189.83997403163,190.32084388589,188.18912166587,189.94962845446,48794365.523899
2023-12-01,190.33090392468,191.56024066506,189.23033568084,191.23932542759,45704822.765395
2023-12-04,189.97980857084,190.05022884238,187.45071481854,189.43153645668,43389518.572076
2023-12-05,190.21118946306,194.40018961603,190.18100934668,193.42034183769,66628397.152406
2023-12-06,194.44948380611,194.76033900478,192.1095187831,192.31977359385,41089736.187692
2023-12-07,193.62959064457,194.99976792803,193.5893504894,194.26940911174,47477654.89545
2023-12-08,194.19999484407,195.98967574516,193.66983079973,195.71000666675,53406357.680136
2023-12-11,193.1104926429,193.48975610536,191.41940012197,193.17990691057,60943698.397005
2023-12-12,193.08031252653,194.72009884962,191.72120128573,194.71003881082,52696899.183246
2023-12-13,195.08930227328,198.00067749968,194.84987335003,197.96043734451,70404182.791555
2023-12-14,198.02079757726,199.62034374519,196.16069640463,198.11033192251,66831571.319252
2023-12-15,197.52986768421,198.40006103972,197.00070964376,197.57010783938,128538400.96841
2023-12-18,196.09027613308,196.62949421233,194.39012957724,195.89008136112,55751860.564164
2023-12-19,196.16069640463,196.9504094498,195.89008136112,196.940349411,40714050.75763
2023-12-20,196.90010925584,197.68076826609,194.82975327245,194.82975327245,52242814.453111
2023-12-21,196.10033617187,197.08018395021,193.49981614415,194.68086469833,46482548.394669
2023-12-22,195.17984262241,195.41021751075,192.96965209981,193.59941052819,37149569.472665
2023-12-26,193.60947056698,193.89014564928,192.82981756061,193.05013241015,28919309.95656
2023-12-27,192.49079425332,193.49981614415,191.08943084959,193.15073279807,48087680.376157
2023-12-28,194.13963461132,194.66074462074,193.17085287565,193.57929045061,34049897.528568
2023-12-29,193.90020568807,194.40018961603,191.72522530125,192.53103440848,42672147.580847
2024-01-02,187.14891365478,188.44062263567,183.88543707066,185.63990783598,82488673.966384
2024-01-03,184.22043636244,185.88034276311,183.42971731339,184.25061647881,58414459.640957
2024-01-04,182.15108638293,183.08767599446,180.87849147574,181.90964545192,71983569.34548
2024-01-05,181.99012576226,182.75971872984,180.16925874091,181.1802926395,62379660.056669
2024-01-08,182.08569613078,185.59966768082,181.50020187309,185.56043352953,59144469.748459
2024-01-09,183.92064720644,185.15098995069,182.72953861347,185.1409299119,42841808.954456
2024-01-10,184.35021086285,186.39944076478,183.92064720644,186.1901919579,46792907.038861
2024-01-11,186.54028130787,187.05032527462,183.61985204656,185.58960764202,49128407.973386
2024-01-12,186.05941145361,186.74047607983,185.1892180981,185.9195769144,40477781.290966
2024-01-16,182.16114642172,184.2606765176,180.93281568522,183.62991208535,65603040.271254
2024-01-17,181.27083298863,182.93073938931,180.30003924521,182.67923841951,47317432.84926
2024-01-18,186.08959156999,189.13979533171,185.83104857303,188.62975136496,78005753.87705
2024-01-19,189.33093606876,191.94956416631,188.81988609813,191.56024066506,68902984.802929
2024-01-22,192.29965351627,195.33074320429,192.26041936498,193.89014564928,60133851.619227
2024-01-23,195.01888200174,195.75024682191,193.82978541653,195.17984262241,42355589.159369
2024-01-24,195.42027754954,196.38000525029,194.33982938328,194.49978400007,53631315.063183
2024-01-25,195.22008277758,196.26632681194,193.11250465066,194.1698147277,54822125.58069
2024-01-26,194.26940911174,194.76033900478,191.93950412752,192.42037398177,44594010.945373
2024-01-29,192.00992439906,192.20005913223,189.57941902692,191.73025532064,47145621.384539
2024-01-30,190.94054227547,191.80067559219,187.46982889224,188.03922708787,55859369.095926
2024-01-31,187.04026523583,187.09559544918,184.35021086285,184.39950505293,55467802.017364
2024-02-01,183.98603745858,186.9497248867,183.82004681852,186.86019054145,64885407.849622
2024-02-02,179.86041555,187.32999435304,179.2507771992,185.85116865062,102551679.10719
2024-02-05,188.1488815107,189.25045575842,185.84110861182,187.68108970687,69668819.82199
2024-02-06,186.86019054145,189.31081599117,186.76965019232,189.30075595238,43490758.738348
2024-02-07,190.63974711559,191.05120270218,188.61164329513,189.41141637909,53438954.969946
2024-02-08,189.38626628211,189.53414885236,187.35011443062,188.31990217016,40962045.825203
2024-02-09,188.64957956431,189.99088316895,187.99952455892,188.84951920276,45155215.050044
2024-02-12,188.41447466283,188.66967400034,186.78983951024,187.15053463688,41781933.017295
2024-02-13,185.77004688199,186.21011503093,183.51243699462,185.03961413249,56529528.801385
2024-02-14,185.31993151504,185.5309230933,182.43939411091,184.1494306166,54630516.559723
2024-02-15,183.54961170127,184.49003130722,181.35027567838,183.86007073785,65434495.319528
2024-02-16,183.42000258891,184.85072643386,181.66475360216,182.30978499855,49752464.750754
2024-02-20,181.79034382732,182.4293468929,179.99992957753,181.55925781303,53665552.926195
2024-02-21,181.9410520975,182.88950947786,180.65902707913,182.31983221656,41529673.138302
2024-02-22,183.47928117518,184.95421277939,182.45948854694,184.36946469107,52292207.589893
2024-02-23,185.00947247846,185.03961413249,182.23041197626,182.51977185501,45119676.854341
2024-02-26,182.24045919427,182.7599003655,180.64897986112,181.16038325795,40867420.165205
2024-02-27,181.10009994987,183.92236348953,179.56086615039,182.63029125314,54318850.186388
2024-02-28,182.509724637,183.12059549215,180.13054341169,181.41960148266,48953938.234242
2024-02-29,181.26989793428,182.57000794507,179.53072449635,180.74945204124,136682596.94565
2024-03-01,179.55081893238,180.52941796677,177.38061984172,179.66033360871,73563081.750124
2024-03-04,176.14983563521,176.89935809893,173.78974412412,175.09990135293,81510100.507183
2024-03-05,170.76050789342,172.03951874638,169.61914392722,170.12150482783,95132354.929499
2024-03-06,171.05991499018,171.2397601926,168.67972904307,169.12080191381,68587706.483178
2024-03-07,169.15094356785,170.73036623938,168.48983662264,169.00023529766,71765060.648373
2024-03-08,169.00023529766,173.70032388381,168.93995198959,170.73036623938,76267040.195809
2024-03-11,172.93974948028,174.38052054325,172.04956596439,172.75086178165,60139472.365425
2024-03-12,173.14973633674,174.02987263462,171.01068362192,173.22910935904,59825371.487337
2024-03-13,172.77095621768,173.18389687798,170.76050789342,171.12924079447,52488691.830364
2024-03-14,172.90960782625,174.30818057356,172.04956596439,173.00003278836,72913506.913387
2024-03-15,171.16942966652,172.62024794749,170.28426975963,172.62024794749,121752698.95634
2024-03-18,175.5701111559,177.71016859252,173.52047868139,173.72041831984,75604183.075376
2024-03-19,174.3403316712,176.60497461117,173.03017444239,176.07950510913,55215243.594889
2024-03-20,175.71981470429,178.6696779127,175.08985413492,178.6696779127,53423101.732539
2024-03-21,177.05006636911,177.49013451805,170.84088563751,171.36936930496,106181269.15273
2024-03-22,171.76020608564,173.05026887842,170.06122151976,172.27964725688,71160137.973006
2024-03-25,170.56458714218,171.94005128806,169.44934594281,170.85093285553,54288327.309346
2024-03-26,170.00093821169,171.41960539502,169.57895505517,169.70956888933,57388448.154925
2024-03-27,170.40985998479,173.60085642549,170.11145760982,173.30948710314,60273264.624969
2024-03-28,171.75015886763,172.23041588862,170.50932744311,171.4798887031,65672689.613418
2024-04-01,171.18952410254,171.24980741061,169.47446398784,170.03107986572,46240499.552347
2024-04-02,169.08061304176,169.33983126648,168.23061839792,168.83947980946,49329480.995967
2024-04-03,168.7892437194,170.68013014932,168.58026158475,169.64928558126,47691714.205214
2024-04-04,170.28929336864,171.92096157384,168.81938537344,168.81938537344,53704385.566187
2024-04-05,169.58900227318,170.38976554876,168.9499992076,169.57895505517,42104825.383722
2024-04-08,169.0303769517,169.20117965791,168.24066561593,168.45065247239,37425512.170607
2024-04-09,168.69881875729,170.08131595578,168.35018029227,169.66938001728,42451208.82994
2024-04-10,168.79929093742,169.09066025977,167.11035358955,167.77949830917,49709335.39898
2024-04-11,168.34013307425,175.45959175777,168.16028787183,175.03961804485,91070274.266967
2024-04-12,174.2599539271,178.35921887612,174.20971783704,176.5497149121,101670885.28881
2024-04-15,175.36012429945,176.6300926562,172.49968133134,172.69057847358,73531772.585774
2024-04-16,171.75015886763,173.76060719189,168.27080726997,169.38002013853,73711234.203686
2024-04-17,169.60909670921,170.64998849528,167.99953238364,167.99953238364,50901209.605884
2024-04-18,168.02967403767,168.63954017102,166.54971882446,167.04002306346,43122902.22723
2024-04-19,166.21012285565,166.40101999788,164.07508902803,164.93111200268,67767818.829708
2024-04-22,165.515860091,167.26005713793,164.77035651448,165.84038523279,48116442.721583
2024-04-23,165.35008099379,167.05007028147,164.92106478467,166.89936201129,49537760.541354
2024-04-24,166.53967160645,169.30064711623,166.21012285565,169.02032973369,48251834.428853
2024-04-25,169.5236953561,170.60979962323,168.15124537562,169.89041881355,50558328.621737
2024-04-26,169.88037159554,171.34023237273,169.18108522188,169.30064711623,44838353.208677
2024-04-29,173.36977041121,176.03027374087,173.10050496848,173.50038424537,68169418.555629
2024-04-30,173.32958153916,174.99038667659,170.00093821169,170.32948224069,65934775.097856
2024-05-01,169.57895505517,172.7056493006,169.1107546958,169.30064711623,50383146.795499
2024-05-02,172.50972854936,173.41498289227,170.89112172758,173.03017444239,94214914.898964
2024-05-03,186.64515957086,186.99982636669,182.66043290718,183.37981371686,163224108.20514
2024-05-06,182.35298803601,184.19966670667,180.42090801224,181.70996608322,78569666.65138
2024-05-07,183.45014424295,184.90096252392,181.32013402434,182.39920523886,77305770.517698
2024-05-08,182.85032532761,183.07035940208,181.4497431367,182.73980592948,45057086.394053
2024-05-09,182.55996072706,184.66083401343,182.10984536011,184.57040905132,48982971.1466
2024-05-10,184.89934774099,185.08998631312,182.12906827978,183.0491502305,50759495.112915
2024-05-13,185.43514246475,187.10072156856,184.62041340915,186.28097570843,72044808.178448
2024-05-14,187.51009281817,188.29973785112,186.29100931749,187.4298239457,52393618.976365
2024-05-15,187.91043381963,190.65061245367,187.36962229134,189.72049689389,70399987.26677
2024-05-16,190.4700074906,191.09510133498,189.66029523953,189.8409002026,52845229.15704
2024-05-17,189.50979110365,190.8101468377,189.1796853656,189.86999766887,41282924.973497
2024-05-20,189.32517269696,191.91986399964,189.0101173725,191.03991648516,44361274.928941
2024-05-21,191.09008453045,192.72957625071,190.91951317645,192.35030582828,42309400.087222
2024-05-22,192.26502015127,192.82288881496,190.27033867033,190.89944595833,34648546.49533
2024-05-23,190.9797148308,190.99978204892,186.62412513825,186.87998216926,51005923.888985
2024-05-24,188.82048216129,190.58037719025,188.04087073739,189.97936400761,36326974.456876
2024-05-28,191.51049275003,193.00048369531,189.09941649313,189.98939761667,52280050.668761
2024-05-29,189.61012719424,192.24695965497,189.50979110365,190.28940252754,53068015.393462
2024-05-30,190.75997879241,192.17973447427,190.63054523555,191.28975335073,49947940.671034
2024-05-31,191.44025748662,192.57004186667,189.9101321051,192.24996973768,75158276.105693
2024-06-03,192.90014760471,194.99014837172,192.51987382137,194.02993198477,50080538.023808
2024-06-04,194.63495861103,195.32025410977,193.0335946052,194.35000411375,47471444.940171
2024-06-05,195.40052298224,196.89954417567,194.86974506301,195.87009588621,54156784.144134
2024-06-06,195.68547747952,196.50020653512,194.1704025116,194.48044103152,41181752.006321
2024-06-07,194.65000902462,196.93967861191,194.14030168442,196.88951056661,53103911.749188
2024-06-10,196.89954417567,197.29988517713,192.14963364709,193.11988364311,97262076.312955
2024-06-11,193.64965820143,207.1599127995,193.62959098331,207.15088255135,172373295.57228
2024-06-12,207.36961522883,220.1995911327,206.90004232487,213.07071189621,198134292.28619
2024-06-13,214.74030444364,216.74903297728,211.59978480815,214.2396273516,97862728.577211
2024-06-14,213.8503233201,215.16974291137,211.29977989728,212.48976593169,70122747.04507
2024-06-17,213.36971344617,218.95040680484,212.71953557914,216.67077082661,93728299.005989
2024-06-18,217.58984941643,218.62933131495,213.0004766328,214.28979539689,79943253.24774
2024-06-20,213.93059219258,214.2396273516,208.85057592596,209.68035539514,86172450.501877
2024-06-21,210.38973155562,211.88975610996,207.11074811511,207.49001853754,246421352.02178
2024-06-24,207.719788185,212.70047172193,206.59000380494,208.14019640457,80727005.131402
2024-06-25,209.14957747592,211.38004876975,208.60976930854,209.06930860344,56713867.029154
2024-06-26,211.49944871756,214.86070775235,210.63956842119,213.24931013746,66213185.712855
2024-06-27,214.69013639835,215.73965190593,212.34929540486,214.09915682477,49772706.616205
2024-06-28,215.77075609401,216.06975764398,210.300432435,210.61950120307,82542717.692326
2024-07-01,212.09042829114,217.51058390486,211.91985693713,216.74903297728,60402928.440855
2024-07-02,216.15002651645,220.38019609576,215.09950764796,220.26982639611,58046177.259827
2024-07-03,219.99992231242,221.55011491205,219.03067567731,221.55011491205,37369800.616274
2024-07-05,221.65045100264,226.44952621561,221.65045100264,226.34015987686,60412407.582353
2024-07-08,227.08967047358,227.85021804026,223.24980828666,227.82011721308,59085860.980666
2024-07-09,227.92948355182,229.40041063989,226.37226742585,228.67999750944,48169821.761385
2024-07-10,229.3000745493,233.08073844276,229.249906504,232.98040235217,62627686.239224
2024-07-11,231.3890719554,232.38942277859,225.77025088231,227.57028034751,64710616.705909
2024-07-12,228.91980076596,232.64026300507,228.67999750944,230.5392252681,53046526.615223
2024-07-15,236.48012519198,237.23063914961,233.09077205182,234.40015803403,62631251.257533
2024-07-16,234.99916449486,236.27042276265,232.32922112424,234.82056625361,43234277.66072
2024-07-17,229.45057868518,231.45930721881,226.64016478773,228.87966632972,57345883.879985
2024-07-18,230.28035815437,230.43989253841,222.26952468159,224.17992384644,66034584.973136
2024-07-19,224.82006810441,226.79969917177,223.27489230931,224.31036076421,49151452.592524
2024-07-22,227.01040496201,227.77998277684,223.09027390262,223.96018780805,48201834.17069
2024-07-23,224.36554561403,226.9401696986,222.68090265301,225.00970331563,39960259.328281
2024-07-24,224.00032224428,224.80000088629,217.13031012152,218.54003219432,61777575.381828
2024-07-25,218.93033958672,220.85077236063,214.61990113494,217.49051668674,51391198.018885
2024-07-26,218.69956657836,219.48921161131,216.00955598962,217.96008959071,41601344.79444
2024-07-29,216.95973876752,219.2995764001,215.7506888759,218.24002728346,36311777.532309
2024-07-30,219.19021006135,220.32501124594,216.11992568927,218.79990266895,41643839.972146
2024-07-31,221.4397452124,223.81971728122,220.63003296133,222.07988947037,50036261.831923
2024-08-01,224.37056241856,224.47992875731,217.01994042187,218.36043059217,62500995.036436
2024-08-02,219.15007562512,225.5996795283,217.70924936423,219.8604551465,105568559.00618
2024-08-05,199.08988103327,213.50015036394,195.99952944307,209.26998078463,119548588.44264
2024-08-06,205.30068504085,209.98939055416,201.07051546153,207.23014806291,69660487.655384
2024-08-07,206.90004232487,213.63961752986,206.38933162376,209.81982256107,63516416.301107
2024-08-08,213.10984297154,214.19949291536,208.83050870784,213.30951179182,47161148.816247
2024-08-09,212.1004619002,216.77913380445,211.97002498243,216.24032899798,42201645.241121
2024-08-12,216.07050468803,219.5100581681,215.59947026622,217.52970919472,38028091.071087
2024-08-13,219.00995992027,221.89028529956,219.00995992027,221.26992294403,44155330.645094
2024-08-14,220.57038671761,223.02978771996,219.70047633861,221.71991114699,41960573.081433
2024-08-15,224.60023652628,225.34988279758,222.76019567855,224.71949843308,46414012.517905
2024-08-16,223.9197421169,226.82712692043,223.65015007549,226.0504212249,44340239.679271
2024-08-19,225.71969492874,225.99028917105,223.03980972894,225.8900690813,40687812.297405
2024-08-20,225.76980497361,227.16987962736,225.45010288732,226.51043143683,30299032.935479
2024-08-21,226.51945124491,227.9796579525,225.05022472924,226.40018933811,34765479.744058
2024-08-22,227.79024198288,228.33944807469,223.89969809896,224.53008246346,43695320.081174
2024-08-23,225.65856067399,228.22018616789,224.32964228396,226.84015553209,38677249.340304
2024-08-26,226.7599794603,227.28012172608,223.88967608998,227.17990163633,30602207.678957
2024-08-27,225.99530017554,228.84956833149,224.88987258564,228.02976799737,35934558.721111
2024-08-28,227.92052809955,229.85978683613,225.67960689284,226.49038741888,38052166.084451
2024-08-29,230.10031505152,232.91950617606,228.87963435842,229.78963277331,51906296.563918
2024-08-30,230.18951093139,230.39997311986,227.47955970467,228.99989846611,52990769.749641
2024-09-03,228.54991026315,228.99989846611,221.16970285428,222.77021768752,50190573.694018
2024-09-04,221.65977909314,221.78004320084,217.47959914985,220.850000768,43840195.225836
2024-09-05,221.62470206173,225.48016891424,221.52047316839,222.38036153841,36615397.265291
2024-09-06,223.94980814383,225.23964069885,219.76962820054,220.81993474107,48423010.918435
2024-09-09,220.81993474107,221.26992294403,216.7099088606,220.91013282184,67179964.786376
2024-09-10,218.91976183949,221.4803851325,216.72995287855,220.11037650567,51591032.427953
2024-09-11,221.45533011006,223.08991977381,217.89050151781,222.6599755888,44587071.427903
2024-09-12,222.49962344521,223.54992998574,219.81973824541,222.77021768752,37498224.253618
2024-09-13,223.57999601267,224.0400062246,221.9103293175,222.49962344521,36766618.442986
2024-09-16,216.53953470804,217.22002911741,213.91978156208,216.32005271149,59357426.391233
2024-09-17,215.74980040084,216.90032703112,214.50005588171,216.7900849324,45519338.603447
2024-09-18,217.54975321267,222.71008563367,217.5397312037,220.6896486244,59894927.406615
2024-09-19,224.99009267539,229.81969880023,224.6303025532,228.86961234944,66781314.175491
2024-09-20,229.97002893485,233.08988032863,227.61986783031,228.20014214994,318679887.24673
2024-09-23,227.34025377992,229.44988666907,225.80989300951,226.47034340093,54146022.157555
2024-09-24,228.64511934841,229.34966657932,225.72971693771,227.37031980685,43556067.56169
2024-09-25,224.92996062154,227.29014373505,224.01996220665,226.37012331119,42308714.857084
2024-09-26,227.30016574403,228.49980021828,225.41001485142,227.51964774057,36636706.366145
2024-09-27,228.45971218238,229.52004073189,227.30016574403,227.79024198288,34025966.337234
2024-09-30,230.04018299767,232.99968224786,229.65032684856,232.99968224786,54793390.366511
2024-10-01,229.52004073189,229.65032684856,223.74034815626,226.20977116759,63285047.100803
2024-10-02,225.8900690813,227.37031980685,223.01976571099,226.78002347825,32880604.161933
2024-10-03,225.14042281001,226.80507850068,223.32042598023,225.66958488386,34044157.300789
2024-10-04,227.9004840816,227.99970197045,224.13020430537,226.80006749619,37345097.270406
2024-10-07,224.50001643653,225.68962890181,221.33005499788,221.68984512006,39505353.767376
2024-10-08,224.29957625704,225.98026716208,223.2502719174,225.76980497361,31855692.886552
2024-10-09,225.22961868988,229.75054693831,224.8297405318,229.54008474984,33591090.454459
2024-10-10,227.78021997391,229.49999671394,227.16987962736,229.03998650201,28183543.909894
2024-10-11,229.29955653445,229.40979863317,227.34025377992,227.54971376749,31759187.285484
2024-10-14,228.70024039777,231.72989371078,228.60002030803,231.29994952577,39882084.621398
2024-10-15,233.61002259441,237.48954226847,232.37030008426,233.8495486089,64751366.881328
2024-10-16,231.59960759411,232.11974985989,229.83974281818,231.78000375566,34082239.485805
2024-10-17,233.42962643287,233.8495486089,230.52023722755,232.14981588682,32993809.009671
2024-10-18,236.17966569549,236.17966569549,234.0099007525,235.00007523918,46431471.09337
2024-10-21,234.44986694648,236.85013809589,234.44986694648,236.48032596473,36254469.630006
2024-10-22,233.88462564031,236.21975373139,232.59980408978,235.8599636092,38846577.666022
2024-10-23,234.08005481532,235.14439216842,227.76017595596,230.75976324205,52286978.721525
2024-10-24,229.98005094382,230.81989529589,228.40960213751,230.57034727243,31109502.175789
2024-10-25,229.74052492933,233.2201664453,229.57015077676,231.41019162449,38802303.10978
2024-10-28,233.32038653505,234.72948099687,232.5496940449,233.39956040595,36087133.918747
2024-10-29,233.09990233761,234.3245918343,232.32019003938,233.67015464826,35417246.272763
2024-10-30,232.60982609875,233.46971446877,229.55010675882,230.10031505152,47070906.761036
2024-10-31,229.33964457035,229.82972080921,225.36992681552,225.91011309925,64370085.043555
2024-11-01,220.9652538712,225.34988279758,220.26972644837,222.90952361227,65276740.587674
2024-11-04,220.99030889364,222.79026170547,219.71049834759,222.00954720635,44944467.835059
2024-11-05,221.7950762143,223.94980814383,221.13963682736,223.449709896,28111337.828076
2024-11-06,222.60986554393,226.06545423836,221.18974687223,222.72010764265,54561120.568518
2024-11-07,224.62529154871,227.87542905917,224.57017049935,227.47955970467,42137690.264675
2024-11-08,227.170495328,228.66013135573,226.40465422504,226.96026443699,38328823.187153
2024-11-11,225.00011165319,225.69988019041,221.50026786762,224.2302661523,42005601.639104
2024-11-12,224.54961688674,225.5897592475,223.35530520591,224.2302661523,40398298.837995
2024-11-13,224.01002426648,226.64992359788,222.75965101471,225.12024359091,48566216.367862
2024-11-14,225.02013364281,228.87036224674,225.00011165319,228.21964758409,44923940.980447
2024-11-15,226.39964872763,226.92022045775,224.27031013154,225.00011165319,47923695.80701
2024-11-18,225.25038652344,229.74031769573,225.17029856496,228.02042878737,44686019.570517
2024-11-19,226.98028642661,230.15977837827,226.65993459269,228.27971355295,36211773.842684
2024-11-20,228.06047276661,229.92952549764,225.8900890918,228.99950407979,35169565.730701
2024-11-21,228.88037324155,230.15477288086,225.70989118522,228.51997742839,42108326.694857
2024-11-22,228.06047276661,230.72039408763,228.06047276661,229.87046062826,38168251.732417
2024-11-25,231.46020660409,233.24516697871,229.74031769573,232.86975467333,90152831.674478
2024-11-26,233.33026043459,235.56971997359,233.33026043459,235.06016033776,45986188.059966
2024-11-27,234.46450614657,235.68985191131,233.80978708599,234.93001740523,33498438.103775
2024-11-29,234.80487997011,237.81018061207,233.96996300295,237.32965286119,28481376.26794
2024-12-02,237.26958689233,240.79045376701,237.1604670489,239.59013548929,48137102.170768
2024-12-03,239.81037737511,242.75961644613,238.90037794688,242.6504966027,38861016.051211
2024-12-04,242.86973738904,244.110099646,241.24995842879,243.00989131638,44383934.707084
2024-12-05,243.98996770828,244.53957132335,242.12992487258,243.03992430081,40033877.512319
2024-12-06,242.90477587088,244.62967027664,242.07986989853,242.83970440461,36870618.45555
2024-12-09,241.82959502828,247.23953662361,241.7495070698,246.7499989774,44649231.01883
2024-12-10,246.89015290474,248.2096020207,245.34045090815,247.77011934854,36914805.872325
2024-12-11,247.96032824993,250.80044747753,246.26046133119,246.48971311234,45205813.067443
2024-12-12,246.89015290474,248.74018474563,245.67982363221,247.96032824993,32777531.72664
2024-12-13,247.81516882518,249.2897883607,246.24043934157,248.12951406222,33155289.389267
2024-12-16,247.99036123436,251.38008407702,247.64998741082,251.03971025348,51694752.601715
2024-12-17,250.07965585121,253.82977450703,249.78032710639,253.48039078816,51356359.658326
2024-12-18,252.15994057272,254.28026927348,247.74008636411,248.05042720322,56774100.954708
2024-12-19,247.49982248867,251.99976465576,247.09537829834,249.7903381012,60882263.108475
2024-12-20,248.04041620841,255.00005980032,245.68983462702,254.49050016449,147495266.75661
2024-12-23,254.76980691969,255.64977336349,253.45035780373,255.27035666019,40858773.554793
2024-12-24,255.48959744653,258.20958473641,255.29037864981,258.1995737416,23234704.88344
2024-12-26,258.18956274679,260.09966055653,257.62994813691,259.02047531602,27262982.868333
2024-12-27,257.83016803311,258.7001234821,253.05992900614,255.58970739463,42355320.130268
2024-12-30,252.23001753639,253.50041277778,250.75039250347,252.19998455196,35557541.159089
2024-12-31,252.4402484274,253.28017089196,249.42994228804,250.42002967475,39480717.701021
2025-01-02,248.93039364702,249.09957945931,241.82058513296,243.84981378094,55740730.1263
2025-01-03,243.36027613473,244.18017660967,241.88966099714,243.36027613473,40244113.361997
2025-01-06,244.3103195422,247.3296355769,243.20010021777,245.00007708461,45045570.251374
2025-01-07,242.97985833195,245.54968069968,241.35006837689,242.21001283106,40855959.64863
2025-01-08,241.91969398157,243.71266315204,240.04964015107,242.69955047727,37628939.695754
2025-01-10,240.00959617183,240.15976109398,232.99989760586,236.85012620979,61710855.087338
2025-01-13,233.53048033079,234.66973154017,229.72029570611,234.40043577978,49630724.960889
2025-01-14,234.74981949865,236.12032468814,232.47231817938,233.28020546054,39435293.643909
2025-01-15,234.63469305834,238.96044391574,234.43046876421,237.87024658093,39831968.507433
2025-01-16,237.34967485081,238.01040050827,228.03043978218,228.25969156333,71759051.286532
2025-01-17,232.11492566466,232.29011807384,228.47993344915,229.97958047169,68488300.414971
2025-01-21,224.00001327167,224.42047505369,219.37993916686,222.639519077,98070428.427282
2025-01-22,219.79038995407,224.12014520939,219.79038995407,223.8298263599,64126499.132607
2025-01-23,224.73982578813,227.03034140066,222.30014635294,223.65963944813,60234759.02691
2025-01-24,224.77986976737,225.62980322674,221.41016891433,222.77967300433,54697906.690854
2025-01-27,224.02003526129,232.1499641465,223.97999128205,229.86044963345,94863417.474891
2025-01-28,230.84953592068,240.18979407841,230.81049304092,238.25967427904,75707568.966365
2025-01-29,234.1201279251,239.85542685175,234.01000698219,239.35988260866,45486099.897399
2025-01-30,238.66511956884,240.79045376701,237.20952092347,237.58993872625,55658278.779989
2025-01-31,247.19048274904,247.19048274904,233.4403813775,236.00019275042,101075127.81739
2025-02-03,229.9895914665,231.82961231257,225.69988019041,228.01041779256,73063300.289534
2025-02-04,227.249582187,233.13004053839,226.64992359788,232.79967770966,45067300.359533
2025-02-05,228.5299884232,232.66953477713,228.26970255814,232.47031598041,39664988.09922
2025-02-06,231.28501419491,233.79977609118,230.42506974073,233.22013949168,29925348.647743
2025-02-07,232.60045891295,233.99999598738,227.25959318181,227.62999998978,39707223.662021
2025-02-10,229.57,230.585,227.2,227.65,33115645
2025-02-11,228.2,235.23,228.13,232.62,53718362
2025-02-12,231.2,236.96,230.68,236.87,45243292
2025-02-13,236.91,242.339,235.57,241.53,53614054
2025-02-14,241.25,245.55,240.99,244.6,40896227
2025-02-18,243.91,245.18,241.84,244.47,48822491
2025-02-19,244.66,246.01,243.16,244.87,32204215
2025-02-20,244.94,246.78,244.29,245.83,32316907
2025-02-21,245.95,248.69,245.22,245.55,53197431
2025-02-24,244.925,248.86,244.42,247.172,51326396
2025-02-25,248,250,244.91,247.04,48013272
2025-02-26,244.33,244.98,239.13,240.36,44433564
2025-02-27,239.41,242.46,237.06,237.3,41153639
2025-02-28,236.95,242.09,230.2,241.84,56833360
2025-03-03,241.79,244.0272,236.112,238.03,47183985
2025-03-04,237.705,240.07,234.68,235.93,53798062
2025-03-05,235.42,236.55,229.23,235.74,47227643
2025-03-06,234.435,237.86,233.1581,235.33,45170419
2025-03-07,235.105,241.37,234.76,239.07,46273565
2025-03-10,235.54,236.16,224.22,227.48,72071197
2025-03-11,223.805,225.8399,217.45,220.84,76137410
2025-03-12,220.14,221.75,214.91,216.98,62547467
2025-03-13,215.95,216.8394,208.42,209.68,61368330
2025-03-14,211.25,213.95,209.58,213.49,60107582
2025-03-17,213.31,215.22,209.97,214,48073426
2025-03-18,214.16,215.15,211.49,212.69,42432426
2025-03-19,214.22,218.76,213.75,215.24,54385391
2025-03-20,213.99,217.4899,212.22,214.1,48862947
2025-03-21,211.56,218.84,211.28,218.27,94127768
2025-03-24,221,221.48,218.58,220.73,44299483
2025-03-25,220.77,224.1,220.08,223.75,34493583
2025-03-26,223.51,225.02,220.47,221.53,34532656
2025-03-27,221.39,224.99,220.5601,223.85,37094774
2025-03-28,221.67,223.81,217.68,217.9,39818617
2025-03-31,217.005,225.62,216.23,222.13,65299321
2025-04-01,219.805,223.68,218.9,223.19,36412740
2025-04-02,221.315,225.19,221.02,223.89,35905904
2025-04-03,205.54,207.49,201.25,203.19,103419006
2025-04-04,193.89,199.88,187.34,188.38,125910913
2025-04-07,177.2,194.15,174.62,181.46,160466286
2025-04-08,186.7,190.335,169.2101,172.42,120859491
2025-04-09,171.95,200.61,171.89,198.85,184395885
2025-04-10,189.065,194.7799,183,190.42,121879981
2025-04-11,186.1,199.54,186.06,198.15,87435915
2025-04-14,211.44,212.94,201.1621,202.52,101352911
2025-04-15,201.855,203.51,199.8,202.14,51343872
2025-04-16,198.36,200.7,192.37,194.27,59732423
2025-04-17,197.2,198.8335,194.42,196.98,52164675
2025-04-21,193.265,193.8,189.8112,193.16,46742537
2025-04-22,196.12,201.59,195.97,199.74,52976371
2025-04-23,206,208,202.799,204.6,52929165
2025-04-24,204.89,208.8299,202.94,208.37,47310989
2025-04-25,206.365,209.75,206.2,209.28,38222258
2025-04-28,210,211.5,207.46,210.14,38743074
2025-04-29,208.693,212.24,208.37,211.21,36827633
2025-04-30,209.3,213.58,206.6705,212.5,52286454
2025-05-01,209.08,214.56,208.9,213.32,57365675
2025-05-02,206.09,206.99,202.16,205.35,101010621
2025-05-05,203.1,204.1,198.21,198.89,69018452
2025-05-06,198.21,200.65,197.02,198.51,51216482
2025-05-07,199.17,199.44,193.25,196.25,68616943
2025-05-08,197.72,200.05,194.6796,197.49,50478872
2025-05-09,199,200.5399,197.535,198.53,36453923
2025-05-12,210.97,211.2679,206.75,210.79,63775814
2025-05-13,210.43,213.4,209,212.93,51909332
2025-05-14,212.43,213.94,210.5801,212.33,49325825
2025-05-15,210.95,212.96,209.54,211.45,45029473
2025-05-16,212.36,212.57,209.77,211.26,54737850
2025-05-19,207.91,209.48,204.26,208.78,46140527
2025-05-20,207.67,208.47,205.03,206.86,42496635
2025-05-21,205.17,207.04,200.71,202.09,59211774
2025-05-22,200.71,202.75,199.7,201.36,46742407
2025-05-23,193.665,197.7,193.46,195.27,78432918
2025-05-27,198.3,200.74,197.43,200.21,56288475
2025-05-28,200.59,202.73,199.9,200.42,45339678
2025-05-29,203.575,203.81,198.51,199.95,51477938
2025-05-30,199.37,201.96,196.78,200.85,70819942
2025-06-02,200.28,202.13,200.12,201.7,35423294
2025-06-03,201.35,203.77,200.955,203.27,46381567
2025-06-04,202.91,206.24,202.1,202.82,43603985
2025-06-05,203.5,204.75,200.15,200.63,55221235
2025-06-06,203,205.7,202.05,203.92,46607693
2025-06-09,204.39,206,200.02,201.45,72862557
2025-06-10,200.6,204.35,200.57,202.67,54672608
2025-06-11,203.5,204.5,198.41,198.78,60989857
2025-06-12,199.08,199.68,197.3601,199.2,43904635
2025-06-13,199.73,200.37,195.7,196.45,51447349
2025-06-16,197.3,198.685,196.5636,198.42,43020691
2025-06-17,197.2,198.39,195.21,195.64,38856152
2025-06-18,195.94,197.57,195.07,196.58,45394689
2025-06-20,198.235,201.7,196.855,201,96813542
2025-06-23,201.625,202.3,198.96,201.5,55814272
2025-06-24,202.59,203.44,200.2,200.3,54064033
2025-06-25,201.45,203.67,200.6201,201.56,39525730
2025-06-26,201.43,202.64,199.46,201,50799121
2025-06-27,201.89,203.22,200,201.08,73188571
2025-06-30,202.01,207.39,199.2607,205.17,91912816
2025-07-01,206.665,210.1865,206.1401,207.82,78788867
2025-07-02,208.91,213.34,208.14,212.44,67941811
2025-07-03,212.145,214.65,211.8101,213.55,34955836
2025-07-07,212.68,216.23,208.8,209.95,50228984
2025-07-08,210.1,211.43,208.45,210.01,42848928
2025-07-09,209.53,211.33,207.22,211.14,48749367
2025-07-10,210.505,213.48,210.03,212.41,44443635
2025-07-11,210.565,212.13,209.86,211.16,39765812
2025-07-14,209.925,210.91,207.54,208.62,38840111
2025-07-15,209.22,211.89,208.92,209.11,42296339
2025-07-16,210.295,212.4,208.64,210.16,47490532
2025-07-17,210.57,211.8,209.59,210.02,48068141
2025-07-18,210.87,211.79,209.7045,211.18,48974591
2025-07-21,212.1,215.78,211.63,212.48,51377434
2025-07-22,213.14,214.95,212.2301,214.4,46404072
2025-07-23,215,215.15,212.41,214.15,46989301
2025-07-24,213.9,215.69,213.53,213.76,46022620
2025-07-25,214.7,215.24,213.4,213.88,40268781
2025-07-28,214.03,214.845,213.06,214.05,37858017
2025-07-29,214.175,214.81,210.82,211.27,51411723
2025-07-30,211.895,212.39,207.72,209.05,45512514
2025-07-31,208.49,209.84,207.16,207.57,80698431
2025-08-01,210.865,213.58,201.5,202.38,104434473
2025-08-04,204.505,207.88,201.675,203.35,75109298
2025-08-05,203.4,205.34,202.16,202.92,44155079
2025-08-06,205.63,215.38,205.59,213.25,108483103
2025-08-07,218.875,220.85,216.58,220.03,90224834
2025-08-08,220.83,231,219.25,229.35,113853967
2025-08-11,227.92,229.56,224.76,227.18,61806132
2025-08-12,228.005,230.8,227.07,229.65,55672301
2025-08-13,231.07,235,230.43,233.33,69878546
2025-08-14,234.055,235.12,230.85,232.78,51916275
2025-08-15,234,234.28,229.335,231.59,56038657
2025-08-18,231.7,233.12,230.11,230.89,37476188
2025-08-19,231.275,232.87,229.35,230.56,39402564
2025-08-20,229.98,230.47,225.77,226.01,42263865
2025-08-21,226.27,226.52,223.7804,224.9,30621249
2025-08-22,226.17,229.09,225.41,227.76,42477811
2025-08-25,226.48,229.3,226.23,227.16,30983133
2025-08-26,226.87,229.49,224.69,229.31,54575107
2025-08-27,228.61,230.9,228.26,230.49,31259513
2025-08-28,230.82,233.41,229.335,232.56,38074700
2025-08-29,232.51,233.38,231.37,232.14,39418437
2025-09-02,229.25,230.85,226.97,229.72,44075638
2025-09-03,237.21,238.85,234.36,238.47,66427835
2025-09-04,238.45,239.8999,236.74,239.78,47549429
2025-09-05,239.995,241.32,238.4901,239.69,54870397
2025-09-08,239.3,240.15,236.34,237.88,48999495
2025-09-09,237,238.7805,233.36,234.35,66313918
2025-09-10,232.185,232.42,225.95,226.79,83440810
2025-09-11,226.875,230.45,226.65,230.03,50208578
2025-09-12,229.22,234.51,229.02,234.07,55824216
2025-09-15,237,238.19,235.03,236.7,42699524
2025-09-16,237.175,241.22,236.3235,238.15,63421099
2025-09-17,238.97,240.1,237.7301,238.99,46508017
2025-09-18,239.97,241.2,236.65,237.88,44249576
2025-09-19,241.225,246.3,240.2106,245.5,163741314
2025-09-22,248.3,256.64,248.12,256.08,105517416
2025-09-23,255.875,257.34,253.58,254.43,60275187
2025-09-24,255.22,255.74,251.04,252.31,42303710
2025-09-25,253.205,257.17,251.712,256.87,55202075
2025-09-26,254.095,257.6,253.78,255.46,46076258
2025-09-29,254.56,255,253.01,254.43,40127687
2025-09-30,254.855,255.919,253.11,254.63,37704259
2025-10-01,255.04,258.79,254.93,255.45,48713940
2025-10-02,256.575,258.18,254.15,257.13,42630239
2025-10-03,254.665,259.24,253.95,258.02,49155614
2025-10-06,257.99,259.07,255.05,256.69,44664118
2025-10-07,256.805,257.4,255.43,256.48,31955776
2025-10-08,256.52,258.52,256.11,258.06,36496895
2025-10-09,257.805,258,253.14,254.04,38322012
2025-10-10,254.94,256.38,244,245.27,61999098
2025-10-13,249.38,249.69,245.56,247.66,38142942
2025-10-14,246.6,248.845,244.7,247.77,35477986
2025-10-15,249.485,251.82,247.47,249.34,33893611
2025-10-16,248.25,249.04,245.13,247.45,39776974
2025-10-17,248.02,253.38,247.27,252.29,49146961
2025-10-20,255.885,264.375,255.63,262.24,90483029
2025-10-21,261.88,265.29,261.83,262.77,46695948
2025-10-22,262.65,262.85,255.43,258.45,45015254
2025-10-23,259.94,260.62,258.0101,259.58,32754941
2025-10-24,261.19,264.13,259.18,262.82,38253717
2025-10-27,264.88,269.12,264.6501,268.81,44888152
2025-10-28,268.985,269.89,268.15,269,41534759
2025-10-29,269.275,271.41,267.11,269.7,51086742
2025-10-30,271.99,274.14,268.48,271.4,69886534
2025-10-31,276.99,277.32,269.16,270.37,86167123
2025-11-03,270.42,270.85,266.25,269.05,50194583
2025-11-04,268.325,271.486,267.615,270.04,49274846
2025-11-05,268.61,271.7,266.93,270.14,43683072
2025-11-06,267.89,273.4,267.89,269.77,51204045
2025-11-07,269.795,272.29,266.77,268.47,48227365
2025-11-10,268.96,273.73,267.455,269.43,41312412
2025-11-11,269.81,275.91,269.8,275.25,46208318
2025-11-12,275,275.73,271.7,273.47,48397982
2025-11-13,274.11,276.699,272.09,272.95,49602794
2025-11-14,271.05,275.96,269.6,272.41,47431331
2025-11-17,268.815,270.49,265.73,267.46,45018260
2025-11-18,269.99,270.71,265.32,267.44,45677278
2025-11-19,265.525,272.21,265.5,268.5201,40223834
