Date,Open,High,Low,Close,Volume
1986-03-13,0.080115383100111,0.089818480233917,0.080115383100111,0.089818480233917,1149970687.1368
1986-03-14,0.089818480233917,0.089818480233917,0.089818480233917,0.089818480233917,343456864.87909
1986-03-17,0.089818480233917,0.089818480233917,0.089818480233917,0.089818480233917,148424719.22009
1986-03-18,0.089818480233917,0.089818480233917,0.089818480233917,0.089818480233917,75528414.697688
1986-03-19,0.089818480233917,0.089818480233917,0.089818480233917,0.089818480233917,53380257.950439
1986-03-20,0.089818480233917,0.089818480233917,0.080115383100111,0.089818480233917,65128408.030747
1986-03-21,0.089818480233917,0.089818480233917,0.080115383100111,0.080115383100111,66861742.739065
1986-03-24,0.080115383100111,0.080115383100111,0.080115383100111,0.080115383100111,72767922.726098
1986-03-25,0.080115383100111,0.080115383100111,0.080115383100111,0.080115383100111,35758030.455527
1986-03-26,0.080115383100111,0.089818480233917,0.080115383100111,0.080115383100111,25358030.120454
1986-03-27,0.080115383100111,0.089818480233917,0.080115383100111,0.089818480233917,18777780.80119
1986-03-31,0.089818480233917,0.089818480233917,0.080115383100111,0.089818480233917,14348152.142785
1986-04-01,0.089818480233917,0.089818480233917,0.080115383100111,0.080115383100111,12358026.13994
1986-04-02,0.080115383100111,0.089818480233917,0.080115383100111,0.089818480233917,30108648.886374
1986-04-03,0.089818480233917,0.089818480233917,0.089818480233917,0.089818480233917,25679015.479067
1986-04-04,0.089818480233917,0.089818480233917,0.089818480233917,0.089818480233917,29627168.869748
1986-04-07,0.089818480233917,0.089818480233917,0.080115383100111,0.080115383100111,18456795.442578
1986-04-08,0.080115383100111,0.089818480233917,0.080115383100111,0.089818480233917,11427163.930213
1986-04-09,0.089818480233917,0.089818480233917,0.089818480233917,0.089818480233917,13545682.018645
1986-04-10,0.089818480233917,0.089818480233917,0.089818480233917,0.089818480233917,15471605.251085
1986-04-11,0.089818480233917,0.089818480233917,0.089818480233917,0.089818480233917,19195065.962248
1986-04-14,0.089818480233917,0.089818480233917,0.089818480233917,0.089818480233917,13545682.018645
1986-04-15,0.089818480233917,0.089818480233917,0.089818480233917,0.089818480233917,10367904.885996
1986-04-16,0.089818480233917,0.089818480233917,0.089818480233917,0.089818480233917,35565441.931404
1986-04-17,0.089818480233917,0.089818480233917,0.089818480233917,0.089818480233917,24523463.755756
1986-04-18,0.089818480233917,0.089818480233917,0.089818480233917,0.089818480233917,24106180.177665
1986-04-21,0.089818480233917,0.089818480233917,0.089818480233917,0.089818480233917,25550624.976446
1986-04-22,0.089818480233917,0.089818480233917,0.089818480233917,0.089818480233917,17333333.627958
1986-04-23,0.089818480233917,0.089818480233917,0.089818480233917,0.089818480233917,17397537.981329
1986-04-24,0.089818480233917,0.10005259263375,0.089818480233917,0.10005259263375,69493839.459134
1986-04-25,0.10005259263375,0.10998339785762,0.10005259263375,0.10998339785762,95622241.088717
1986-04-28,0.10998339785762,0.10998339785762,0.10005259263375,0.10998339785762,32195065.985347
1986-04-29,0.10998339785762,0.10998339785762,0.10005259263375,0.10005259263375,33800006.233626
1986-04-30,0.10005259263375,0.10005259263375,0.10005259263375,0.10005259263375,34441983.282717
1986-05-01,0.10005259263375,0.10005259263375,0.10005259263375,0.10005259263375,60570384.12082
1986-05-02,0.10005259263375,0.10005259263375,0.10005259263375,0.10005259263375,22565435.576438
1986-05-05,0.10005259263375,0.10005259263375,0.10005259263375,0.10005259263375,3627164.866134
1986-05-06,0.10005259263375,0.10005259263375,0.10005259263375,0.10005259263375,10849384.111139
1986-05-07,0.10005259263375,0.10005259263375,0.10005259263375,0.10005259263375,5745677.4141816
1986-05-08,0.10005259263375,0.10005259263375,0.10005259263375,0.10005259263375,3948150.2247459
1986-05-09,0.10005259263375,0.10005259263375,0.10005259263375,0.10005259263375,6772841.8008059
1986-05-12,0.10005259263375,0.10005259263375,0.10005259263375,0.10005259263375,11683953.641773
1986-05-13,0.10005259263375,0.10005259263375,0.10005259263375,0.10005259263375,4269137.166325
1986-05-14,0.10005259263375,0.10005259263375,0.10005259263375,0.10005259263375,10367904.885996
1986-05-15,0.10005259263375,0.10005259263375,0.10005259263375,0.10005259263375,4237037.7598318
1986-05-16,0.10005259263375,0.10005259263375,0.10005259263375,0.10005259263375,13320990.922095
1986-05-19,0.10005259263375,0.10005259263375,0.10005259263375,0.10005259263375,12261732.669361
1986-05-20,0.10005259263375,0.10005259263375,0.10005259263375,0.10005259263375,69076559.838461
1986-05-21,0.10005259263375,0.10005259263375,0.10005259263375,0.10005259263375,9019757.5152096
1986-05-22,0.10005259263375,0.10005259263375,0.10005259263375,0.10005259263375,4911111.0494828
1986-05-23,0.10005259263375,0.10005259263375,0.10005259263375,0.10005259263375,4558023.1184436
1986-05-27,0.10005259263375,0.10005259263375,0.10005259263375,0.10005259263375,15471605.251085
1986-05-28,0.10005259263375,0.10005259263375,0.10005259263375,0.10005259263375,17301241.344817
1986-05-29,0.10005259263375,0.10998339785762,0.10005259263375,0.10998339785762,50908654.305418
1986-05-30,0.10998339785762,0.10998339785762,0.10998339785762,0.10998339785762,30172844.533426
1986-06-02,0.10998339785762,0.10998339785762,0.10998339785762,0.10998339785762,21987662.880716
1986-06-03,0.10998339785762,0.10998339785762,0.10005259263375,0.10998339785762,5585185.9221009
1986-06-04,0.10998339785762,0.10998339785762,0.10005259263375,0.10998339785762,5264198.9805219
1986-06-05,0.10998339785762,0.10998339785762,0.10005259263375,0.10998339785762,15279017.518446
1986-06-06,0.10998339785762,0.10998339785762,0.10998339785762,0.10998339785762,3819751.8072899
1986-06-09,0.10998339785762,0.10998339785762,0.10005259263375,0.10005259263375,14123458.671783
1986-06-10,0.10005259263375,0.10005259263375,0.10005259263375,0.10005259263375,3819751.8072899
1986-06-11,0.10005259263375,0.10005259263375,0.10005259263375,0.10005259263375,2567902.6559837
1986-06-12,0.10005259263375,0.10005259263375,0.10005259263375,0.10005259263375,15279017.518446
1986-06-13,0.10005259263375,0.10005259263375,0.10005259263375,0.10005259263375,8795064.835693
1986-06-16,0.10005259263375,0.10005259263375,0.10005259263375,0.10005259263375,10688891.036091
1986-06-17,0.10005259263375,0.10005259263375,0.10005259263375,0.10005259263375,14572840.0734
1986-06-18,0.10005259263375,0.10005259263375,0.10005259263375,0.10005259263375,4846915.4024308
1986-06-19,0.10005259263375,0.10005259263375,0.10005259263375,0.10005259263375,9437038.7188514
1986-06-20,0.10005259263375,0.10005259263375,0.10005259263375,0.10005259263375,4237037.7598318
1986-06-23,0.10005259263375,0.10005259263375,0.10005259263375,0.10005259263375,51486433.333008
1986-06-24,0.10005259263375,0.10005259263375,0.10005259263375,0.10005259263375,16241978.343184
1986-06-25,0.10005259263375,0.10005259263375,0.10005259263375,0.10005259263375,16980251.237304
1986-06-26,0.10005259263375,0.10005259263375,0.089818480233917,0.089818480233917,21345682.66569
1986-06-27,0.089818480233917,0.089818480233917,0.089818480233917,0.089818480233917,11587658.588227
1986-06-30,0.089818480233917,0.10005259263375,0.089818480233917,0.10005259263375,69493839.459134
1986-07-01,0.10005259263375,0.10005259263375,0.10005259263375,0.10005259263375,53027170.810883
1986-07-02,0.10005259263375,0.10005259263375,0.10005259263375,0.10005259263375,58644453.765028
1986-07-03,0.10005259263375,0.10005259263375,0.10005259263375,0.10005259263375,15760498.326556
1986-07-07,0.10005259263375,0.10005259263375,0.089818480233917,0.089818480233917,15664198.52411
1986-07-08,0.089818480233917,0.089818480233917,0.089818480233917,0.089818480233917,15888893.578078
1986-07-09,0.089818480233917,0.089818480233917,0.089818480233917,0.089818480233917,51422232.145571
1986-07-10,0.089818480233917,0.089818480233917,0.080115383100111,0.080115383100111,52256800.093237
1986-07-11,0.080115383100111,0.089818480233917,0.080115383100111,0.089818480233917,19387660.818239
1986-07-14,0.080115383100111,0.089818480233917,0.080115383100111,0.089818480233917,31874083.001185
1986-07-15,0.089818480233917,0.089818480233917,0.080115383100111,0.089818480233917,14701238.490857
1986-07-16,0.089818480233917,0.089818480233917,0.089818480233917,0.089818480233917,10432101.324531
1986-07-17,0.089818480233917,0.089818480233917,0.089818480233917,0.089818480233917,7735804.2085097
1986-07-18,0.089818480233917,0.089818480233917,0.089818480233917,0.089818480233917,13738273.708702
1986-07-21,0.089818480233917,0.089818480233917,0.089818480233917,0.089818480233917,3916052.4012199
1986-07-22,0.089818480233917,0.10005259263375,0.089818480233917,0.10005259263375,11716052.256782
1986-07-23,0.10005259263375,0.10005259263375,0.089818480233917,0.089818480233917,23175313.219037
1986-07-24,0.10005259263375,0.10005259263375,0.10005259263375,0.10005259263375,15760498.326556
1986-07-25,0.10005259263375,0.10005259263375,0.10005259263375,0.10005259263375,22790125.881504
1986-07-28,0.10005259263375,0.10005259263375,0.10005259263375,0.10005259263375,13160495.472596
1986-07-29,0.10005259263375,0.10005259263375,0.089818480233917,0.089818480233917,15664198.52411
1986-07-30,0.089818480233917,0.089818480233917,0.089818480233917,0.089818480233917,29434576.388207
1986-07-31,0.089818480233917,0.089818480233917,0.089818480233917,0.089818480233917,17429635.013371
1986-08-01,0.089818480233917,0.089818480233917,0.089818480233917,0.089818480233917,14380249.174827
1986-08-04,0.089818480233917,0.089818480233917,0.089818480233917,0.089818480233917,13866671.334674
1986-08-05,0.089818480233917,0.089818480233917,0.089818480233917,0.089818480233917,3145680.8920896
1986-08-06,0.089818480233917,0.089818480233917,0.080115383100111,0.089818480233917,20414820.455963
1986-08-07,0.089818480233917,0.089818480233917,0.080115383100111,0.089818480233917,4076543.101817
1986-08-08,0.089818480233917,0.089818480233917,0.089818480233917,0.089818480233917,4622222.7229135
1986-08-11,0.089818480233917,0.089818480233917,0.089818480233917,0.089818480233917,8859260.4827443
1986-08-12,0.089818480233917,0.089818480233917,0.089818480233917,0.089818480233917,11138273.229192
1986-08-13,0.089818480233917,0.089818480233917,0.089818480233917,0.089818480233917,7671605.3955237
1986-08-14,0.089818480233917,0.10005259263375,0.089818480233917,0.10005259263375,22437041.1164
1986-08-15,0.10005259263375,0.10005259263375,0.089818480233917,0.10005259263375,6804941.207299
1986-08-18,0.10005259263375,0.10005259263375,0.089818480233917,0.089818480233917,14251856.297756
1986-08-19,0.089818480233917,0.089818480233917,0.089818480233917,0.089818480233917,22725933.400387
1986-08-20,0.089818480233917,0.089818480233917,0.089818480233917,0.089818480233917,23143214.604027
1986-08-21,0.089818480233917,0.10005259263375,0.089818480233917,0.089818480233917,55209886.129335
1986-08-22,0.089818480233917,0.089818480233917,0.089818480233917,0.089818480233917,6419756.2442174
1986-08-25,0.089818480233917,0.089818480233917,0.089818480233917,0.089818480233917,2696295.5330548
1986-08-26,0.089818480233917,0.089818480233917,0.089818480233917,0.089818480233917,12101236.42838
1986-08-27,0.089818480233917,0.089818480233917,0.089818480233917,0.089818480233917,10624696.180523
1986-08-28,0.089818480233917,0.089818480233917,0.089818480233917,0.089818480233917,3819751.8072899
1986-08-29,0.089818480233917,0.089818480233917,0.089818480233917,0.089818480233917,28343217.146014
1986-09-02,0.089818480233917,0.089818480233917,0.089818480233917,0.089818480233917,5809876.2271677
1986-09-03,0.089818480233917,0.089818480233917,0.080115383100111,0.080115383100111,20414820.455963
1986-09-04,0.089818480233917,0.089818480233917,0.089818480233917,0.089818480233917,43943216.857137
1986-09-05,0.089818480233917,0.10005259263375,0.089818480233917,0.10005259263375,29370372.826319
1986-09-08,0.10005259263375,0.10005259263375,0.089818480233917,0.089818480233917,10720992.025552
1986-09-09,0.089818480233917,0.10005259263375,0.089818480233917,0.10005259263375,41824698.768705
1986-09-10,0.10005259263375,0.10005259263375,0.089818480233917,0.089818480233917,12133336.626357
1986-09-11,0.089818480233917,0.10005259263375,0.089818480233917,0.089818480233917,39738277.712315
1986-09-12,0.089818480233917,0.089818480233917,0.089818480233917,0.089818480233917,27251858.695304
1986-09-15,0.089818480233917,0.089818480233917,0.089818480233917,0.089818480233917,25069139.419435
1986-09-16,0.089818480233917,0.089818480233917,0.089818480233917,0.089818480233917,5777777.6121583
1986-09-17,0.089818480233917,0.089818480233917,0.089818480233917,0.089818480233917,8955559.4937078
1986-09-18,0.089818480233917,0.089818480233917,0.089818480233917,0.089818480233917,5970372.4681497
1986-09-19,0.089818480233917,0.089818480233917,0.089818480233917,0.089818480233917,2792591.3780834
1986-09-22,0.089818480233917,0.089818480233917,0.089818480233917,0.089818480233917,5007413.2263798
1986-09-23,0.089818480233917,0.089818480233917,0.089818480233917,0.089818480233917,6644442.5918665
1986-09-24,0.089818480233917,0.089818480233917,0.089818480233917,0.089818480233917,5328395.4190575
1986-09-25,0.089818480233917,0.089818480233917,0.089818480233917,0.089818480233917,5745677.4141816
1986-09-26,0.089818480233917,0.089818480233917,0.089818480233917,0.089818480233917,2600001.2709932
1986-09-29,0.089818480233917,0.089818480233917,0.089818480233917,0.089818480233917,6901237.0523277
1986-09-30,0.089818480233917,0.089818480233917,0.089818480233917,0.089818480233917,5777777.6121583
1986-10-01,0.089818480233917,0.089818480233917,0.089818480233917,0.089818480233917,36143214.627125
1986-10-02,0.089818480233917,0.089818480233917,0.089818480233917,0.089818480233917,25325933.088412
1986-10-03,0.089818480233917,0.089818480233917,0.089818480233917,0.089818480233917,16402471.418231
1986-10-06,0.089818480233917,0.10005259263375,0.089818480233917,0.10005259263375,95108665.623022
1986-10-07,0.10005259263375,0.10005259263375,0.10005259263375,0.10005259263375,66637052.433998
1986-10-08,0.10005259263375,0.10005259263375,0.10005259263375,0.10005259263375,133306201.90004
1986-10-09,0.10005259263375,0.10998339785762,0.10005259263375,0.10005259263375,103165456.77311
1986-10-10,0.10005259263375,0.10998339785762,0.10005259263375,0.10998339785762,85543231.652646
1986-10-13,0.10998339785762,0.10998339785762,0.10005259263375,0.10005259263375,30237043.346412
1986-10-14,0.10005259263375,0.10998339785762,0.10005259263375,0.10005259263375,14348152.142785
1986-10-15,0.10005259263375,0.10998339785762,0.10005259263375,0.10998339785762,70809897.712713
1986-10-16,0.10998339785762,0.10998339785762,0.10998339785762,0.10998339785762,24362969.097742
1986-10-17,0.10998339785762,0.10998339785762,0.10998339785762,0.10998339785762,138698800.88098
1986-10-20,0.10998339785762,0.10998339785762,0.10998339785762,0.10998339785762,48533344.922459
1986-10-21,0.10998339785762,0.11997705051435,0.10998339785762,0.11997705051435,125249406.79253
1986-10-22,0.11997705051435,0.11997705051435,0.11997705051435,0.11997705051435,60827176.20683
1986-10-23,0.11997705051435,0.11997705051435,0.11997705051435,0.11997705051435,78513599.348799
1986-10-24,0.11997705051435,0.11997705051435,0.10998339785762,0.11997705051435,112987682.03801
1986-10-27,0.11997705051435,0.11997705051435,0.11997705051435,0.11997705051435,140046945.87732
1986-10-28,0.11997705051435,0.13007063449289,0.11997705051435,0.11997705051435,158985216.58762
1986-10-29,0.11997705051435,0.11997705051435,0.11997705051435,0.11997705051435,59318532.595063
1986-10-30,0.11997705051435,0.11997705051435,0.11997705051435,0.11997705051435,49464208.715153
1986-10-31,0.11997705051435,0.11997705051435,0.11997705051435,0.11997705051435,71034582.477395
1986-11-03,0.11997705051435,0.11997705051435,0.11997705051435,0.11997705051435,47024703.685142
1986-11-04,0.11997705051435,0.13007063449289,0.11997705051435,0.13007063449289,60634586.09974
1986-11-05,0.13007063449289,0.13999233139315,0.13007063449289,0.13999233139315,50266682.796711
1986-11-06,0.13999233139315,0.13999233139315,0.13007063449289,0.13999233139315,80888902.399881
1986-11-07,0.13999233139315,0.13999233139315,0.13999233139315,0.13999233139315,49400012.276618
1986-11-10,0.13999233139315,0.13999233139315,0.13007063449289,0.13007063449289,31970377.263247
1986-11-11,0.13007063449289,0.13007063449289,0.13007063449289,0.13007063449289,13256793.692075
1986-11-12,0.13007063449289,0.13999233139315,0.13007063449289,0.13007063449289,38069142.608467
1986-11-13,0.13007063449289,0.13007063449289,0.13007063449289,0.13007063449289,33671614.148038
1986-11-14,0.13007063449289,0.13007063449289,0.13007063449289,0.13007063449289,20864201.066097
1986-11-17,0.13007063449289,0.13007063449289,0.13007063449289,0.13007063449289,27091363.245806
1986-11-18,0.13007063449289,0.13007063449289,0.13007063449289,0.13007063449289,66508655.599509
1986-11-19,0.13007063449289,0.13007063449289,0.13007063449289,0.13007063449289,54311124.117584
1986-11-20,0.13007063449289,0.13999233139315,0.13007063449289,0.13999233139315,109424719.94228
1986-11-21,0.13999233139315,0.14982021256032,0.13999233139315,0.14982021256032,101496323.25222
1986-11-24,0.14982021256032,0.15997729456625,0.13999233139315,0.15997729456625,193748193.1438
1986-11-25,0.15997729456625,0.15997729456625,0.15997729456625,0.15997729456625,106760519.06681
1986-11-26,0.15997729456625,0.15997729456625,0.15997729456625,0.15997729456625,43237049.701378
1986-11-28,0.15997729456625,0.15997729456625,0.14982021256032,0.14982021256032,46061741.277438
1986-12-01,0.14982021256032,0.15997729456625,0.14982021256032,0.14982021256032,44906186.388194
1986-12-02,0.14982021256032,0.15997729456625,0.14982021256032,0.14982021256032,32066674.691242
1986-12-03,0.14982021256032,0.14982021256032,0.14982021256032,0.14982021256032,39192597.299735
1986-12-04,0.14982021256032,0.14982021256032,0.14982021256032,0.14982021256032,47377787.658764
1986-12-05,0.14982021256032,0.14982021256032,0.14982021256032,0.14982021256032,119824721.86031
1986-12-08,0.14982021256032,0.14982021256032,0.14982021256032,0.14982021256032,25261734.275426
1986-12-09,0.14982021256032,0.14982021256032,0.14982021256032,0.14982021256032,17943212.853525
1986-12-10,0.14982021256032,0.14982021256032,0.14982021256032,0.14982021256032,30750623.561016
1986-12-11,0.14982021256032,0.14982021256032,0.14982021256032,0.14982021256032,12967904.574021
1986-12-12,0.14982021256032,0.14982021256032,0.14982021256032,0.14982021256032,28182720.113548
1986-12-15,0.14982021256032,0.14982021256032,0.13999233139315,0.13999233139315,56590135.281064
1986-12-16,0.13999233139315,0.14982021256032,0.13999233139315,0.13999233139315,86153104.546332
1986-12-17,0.13999233139315,0.14982021256032,0.13999233139315,0.14982021256032,26032105.784557
1986-12-18,0.14982021256032,0.14982021256032,0.14982021256032,0.14982021256032,14123458.671783
1986-12-19,0.14982021256032,0.14982021256032,0.14982021256032,0.14982021256032,63074084.797883
1986-12-22,0.14982021256032,0.14982021256032,0.14982021256032,0.14982021256032,20414820.455963
1986-12-23,0.14982021256032,0.14982021256032,0.14982021256032,0.14982021256032,26513588.967118
1986-12-24,0.14982021256032,0.14982021256032,0.14982021256032,0.14982021256032,7832099.2620552
1986-12-26,0.14982021256032,0.14982021256032,0.14982021256032,0.14982021256032,4140743.4977702
1986-12-29,0.14982021256032,0.14982021256032,0.14982021256032,0.14982021256032,46479024.064045
1986-12-30,0.14982021256032,0.14982021256032,0.14982021256032,0.14982021256032,28311117.73952
1986-12-31,0.14982021256032,0.14982021256032,0.14982021256032,0.14982021256032,26032105.784557
1987-01-02,0.14982021256032,0.14982021256032,0.14982021256032,0.14982021256032,14091363.222708
1987-01-05,0.14982021256032,0.15997729456625,0.14982021256032,0.15997729456625,54054329.657123
1987-01-06,0.15997729456625,0.15997729456625,0.15997729456625,0.15997729456625,44617294.895689
1987-01-07,0.15997729456625,0.16996001723466,0.15997729456625,0.16996001723466,67985201.387751
1987-01-08,0.16996001723466,0.18006765405533,0.16996001723466,0.16996001723466,68530881.80033
1987-01-09,0.16996001723466,0.18006765405533,0.16996001723466,0.18006765405533,71002485.445352
1987-01-12,0.18006765405533,0.1899592934877,0.18006765405533,0.1899592934877,143545713.11748
1987-01-13,0.1899592934877,0.1899592934877,0.18006765405533,0.1899592934877,85061745.304142
1987-01-14,0.1899592934877,0.1899592934877,0.18006765405533,0.1899592934877,77422237.73215
1987-01-15,0.1899592934877,0.19986524600003,0.1899592934877,0.19986524600003,130417309.13654
1987-01-16,0.19986524600003,0.19986524600003,0.1899592934877,0.1899592934877,72928416.592629
1987-01-19,0.1899592934877,0.19986524600003,0.1899592934877,0.19986524600003,98350639.985687
1987-01-20,0.19986524600003,0.21023832539426,0.19986524600003,0.19986524600003,106728415.70291
1987-01-21,0.19986524600003,0.2201429767175,0.19986524600003,0.21023832539426,120916081.1025
1987-01-22,0.21023832539426,0.22994613529202,0.19986524600003,0.22994613529202,129325953.06028
1987-01-23,0.22994613529202,0.23994317104037,0.21023832539426,0.21023832539426,354306242.65836
1987-01-26,0.21023832539426,0.2201429767175,0.19986524600003,0.21023832539426,129903736.0453
1987-01-27,0.21023832539426,0.22994613529202,0.21023832539426,0.2201429767175,127175337.93981
1987-01-28,0.2201429767175,0.22994613529202,0.2201429767175,0.2201429767175,85511127.497257
1987-01-29,0.2201429767175,0.22994613529202,0.21023832539426,0.21023832539426,88303728.373128
1987-01-30,0.21023832539426,0.22994613529202,0.21023832539426,0.22994613529202,116101264.31509
1987-02-02,0.22994613529202,0.22994613529202,0.22994613529202,0.22994613529202,52288902.665664
1987-02-03,0.22994613529202,0.22994613529202,0.2201429767175,0.2201429767175,66123471.427912
1987-02-04,0.2201429767175,0.22994613529202,0.2201429767175,0.2201429767175,35372848.65838
1987-02-05,0.2201429767175,0.22994613529202,0.2201429767175,0.2201429767175,47538279.150844
1987-02-06,0.2201429767175,0.2201429767175,0.21023832539426,0.21023832539426,50844456.283916
1987-02-09,0.21023832539426,0.21023832539426,0.21023832539426,0.21023832539426,151666703.08056
1987-02-10,0.21023832539426,0.21023832539426,0.21023832539426,0.21023832539426,49785196.448216
1987-02-11,0.21023832539426,0.2201429767175,0.21023832539426,0.2201429767175,67214831.461589
1987-02-12,0.2201429767175,0.23994317104037,0.2201429767175,0.23994317104037,207004994.7507
1987-02-13,0.23994317104037,0.23994317104037,0.22994613529202,0.23994317104037,91128415.200293
1987-02-17,0.23994317104037,0.23994317104037,0.22994613529202,0.23994317104037,78834579.958511
1987-02-18,0.23994317104037,0.23994317104037,0.2201429767175,0.2201429767175,143321023.60389
1987-02-19,0.2201429767175,0.2201429767175,0.21023832539426,0.21023832539426,354145759.8726
1987-02-20,0.21023832539426,0.21023832539426,0.21023832539426,0.21023832539426,97965456.605568
1987-02-23,0.21023832539426,0.22994613529202,0.21023832539426,0.22994613529202,140335843.70168
1987-02-24,0.22994613529202,0.23994317104037,0.22994613529202,0.23994317104037,134654350.8538
1987-02-25,0.23994317104037,0.23994317104037,0.22994613529202,0.22994613529202,72446927.869683
1987-02-26,0.22994613529202,0.24997143532679,0.22994613529202,0.23994317104037,161842014.69352
1987-02-27,0.23994317104037,0.23994317104037,0.23994317104037,0.23994317104037,41856799.758166
1987-03-02,0.23994317104037,0.23994317104037,0.22994613529202,0.22994613529202,88624714.523234
1987-03-03,0.22994613529202,0.22994613529202,0.22994613529202,0.22994613529202,90390143.097654
1987-03-04,0.22994613529202,0.24997143532679,0.22994613529202,0.24997143532679,109424719.94228
1987-03-05,0.24997143532679,0.26998502465979,0.24997143532679,0.26010639711827,142871631.91299
1987-03-06,0.26010639711827,0.26010639711827,0.24997143532679,0.26010639711827,70841989.204369
1987-03-09,0.26010639711827,0.26010639711827,0.24997143532679,0.24997143532679,42659265.133404
1987-03-10,0.24997143532679,0.26998502465979,0.24997143532679,0.26010639711827,82590143.242086
1987-03-11,0.26998502465979,0.26998502465979,0.26010639711827,0.26998502465979,48886430.479048
1987-03-12,0.26998502465979,0.26998502465979,0.26010639711827,0.26998502465979,79508657.205579
1987-03-13,0.26998502465979,0.26998502465979,0.24997143532679,0.26010639711827,117160517.81892
1987-03-16,0.26010639711827,0.26010639711827,0.24997143532679,0.26010639711827,98607432.863175
1987-03-17,0.26010639711827,0.26998502465979,0.26010639711827,0.26010639711827,60795078.383304
1987-03-18,0.26998502465979,0.28003020440432,0.26998502465979,0.28003020440432,133017312.78199
1987-03-19,0.28003020440432,0.28003020440432,0.26998502465979,0.28003020440432,70007427.588573
1987-03-20,0.28003020440432,0.28003020440432,0.28003020440432,0.28003020440432,42627165.726911
1987-03-23,0.28003020440432,0.29005066155622,0.28003020440432,0.28003020440432,75207422.215724
1987-03-24,0.26998502465979,0.28003020440432,0.26998502465979,0.28003020440432,77582736.347581
1987-03-25,0.28003020440432,0.28003020440432,0.28003020440432,0.28003020440432,37716055.468911
1987-03-26,0.28003020440432,0.28003020440432,0.28003020440432,0.28003020440432,37202483.960627
1987-03-27,0.28003020440432,0.29005066155622,0.28003020440432,0.29005066155622,134718544.1264
1987-03-30,0.29005066155622,0.30004249254823,0.28003020440432,0.30004249254823,207454369.82045
1987-03-31,0.30004249254823,0.31010198537271,0.30004249254823,0.30004249254823,139693853.98886
1987-04-01,0.30004249254823,0.31010198537271,0.28003020440432,0.28003020440432,289145757.38265
1987-04-02,0.29005066155622,0.30004249254823,0.29005066155622,0.30004249254823,178276576.81194
1987-04-03,0.30004249254823,0.31010198537271,0.30004249254823,0.31010198537271,173429665.36692
1987-04-06,0.31010198537271,0.31010198537271,0.30004249254823,0.31010198537271,110291381.75605
1987-04-07,0.31010198537271,0.31010198537271,0.29005066155622,0.29005066155622,82172855.706586
1987-04-08,0.29005066155622,0.30004249254823,0.29005066155622,0.30004249254823,118380270.72966
1987-04-09,0.30004249254823,0.30004249254823,0.29005066155622,0.30004249254823,79765449.291591
1987-04-10,0.30004249254823,0.30004249254823,0.30004249254823,0.30004249254823,48340752.440918
1987-04-13,0.30004249254823,0.30004249254823,0.29005066155622,0.29005066155622,56012360.210893
1987-04-14,0.29005066155622,0.30004249254823,0.28003020440432,0.29005066155622,97387681.535401
1987-04-15,0.30004249254823,0.30004249254823,0.30004249254823,0.30004249254823,106953112.33984
1987-04-16,0.30004249254823,0.31010198537271,0.30004249254823,0.31010198537271,209637089.88781
1987-04-20,0.31010198537271,0.31010198537271,0.30004249254823,0.30004249254823,111800021.4104
1987-04-21,0.30004249254823,0.31010198537271,0.29005066155622,0.30004249254823,126148175.13615
1987-04-22,0.30004249254823,0.31010198537271,0.30004249254823,0.31010198537271,83232119.499708
1987-04-23,0.31010198537271,0.31010198537271,0.30004249254823,0.31010198537271,53861739.550034
1987-04-24,0.31010198537271,0.31010198537271,0.30004249254823,0.31010198537271,60377794.805214
1987-04-27,0.31010198537271,0.31010198537271,0.30004249254823,0.31010198537271,59190134.96909
1987-04-28,0.31010198537271,0.32999846768796,0.31010198537271,0.32999846768796,123804969.1171
1987-04-29,0.32999846768796,0.33991873328023,0.31999362480509,0.31999362480509,94916076.30741
1987-04-30,0.31999362480509,0.32999846768796,0.31999362480509,0.31999362480509,98125951.263596
1987-05-01,0.31999362480509,0.32999846768796,0.31999362480509,0.32999846768796,42177785.90826
1987-05-04,0.32999846768796,0.33991873328023,0.32999846768796,0.32999846768796,38486429.352493
1987-05-05,0.32999846768796,0.36003251417285,0.32999846768796,0.36003251417285,123708670.10614
1987-05-06,0.36003251417285,0.36003251417285,0.35014087474047,0.35014087474047,171086464.09678
1987-05-07,0.35014087474047,0.37006338083744,0.35014087474047,0.37006338083744,322881569.5522
1987-05-08,0.37006338083744,0.40005839164975,0.37006338083744,0.38986357516032,167234606.55111
1987-05-11,0.38986357516032,0.38986357516032,0.37994591194622,0.37994591194622,141972862.77789
1987-05-12,0.37994591194622,0.38986357516032,0.36003251417285,0.37006338083744,165469166.89593
1987-05-13,0.37006338083744,0.37994591194622,0.37006338083744,0.37994591194622,81787671.534983
1987-05-14,0.37994591194622,0.38986357516032,0.37994591194622,0.37994591194622,66829646.498506
1987-05-15,0.37994591194622,0.37994591194622,0.37006338083744,0.37006338083744,93985209.348781
1987-05-18,0.37006338083744,0.37006338083744,0.35014087474047,0.36003251417285,192367952.69838
1987-05-19,0.36003251417285,0.36003251417285,0.35014087474047,0.35014087474047,87308665.767453
1987-05-20,0.35014087474047,0.35014087474047,0.32999846768796,0.33991873328023,254511169.74615
1987-05-21,0.33991873328023,0.35014087474047,0.33991873328023,0.35014087474047,104000023.92929
1987-05-22,0.35014087474047,0.35014087474047,0.33991873328023,0.33991873328023,72029649.040494
1987-05-26,0.33991873328023,0.33991873328023,0.33991873328023,0.33991873328023,52256800.093237
1987-05-27,0.33991873328023,0.35014087474047,0.33991873328023,0.33991873328023,54343223.524078
1987-05-28,0.33991873328023,0.36003251417285,0.33991873328023,0.36003251417285,121108675.9585
1987-05-29,0.36003251417285,0.37006338083744,0.36003251417285,0.36003251417285,89587672.182035
1987-06-01,0.36003251417285,0.36003251417285,0.35014087474047,0.35014087474047,33800006.233626
1987-06-02,0.35014087474047,0.36003251417285,0.35014087474047,0.35014087474047,57456805.801157
1987-06-03,0.35014087474047,0.36003251417285,0.35014087474047,0.35014087474047,24106180.177665
1987-06-04,0.35014087474047,0.35014087474047,0.35014087474047,0.35014087474047,22725933.400387
1987-06-05,0.35014087474047,0.35014087474047,0.32999846768796,0.33991873328023,66059274.197892
1987-06-08,0.33991873328023,0.33991873328023,0.32999846768796,0.33991873328023,124350649.52968
1987-06-09,0.33991873328023,0.33991873328023,0.33991873328023,0.33991873328023,28792602.505048
1987-06-10,0.33991873328023,0.33991873328023,0.31999362480509,0.31999362480509,196444495.80019
1987-06-11,0.32999846768796,0.32999846768796,0.30004249254823,0.30004249254823,299481538.32617
1987-06-12,0.30004249254823,0.31999362480509,0.30004249254823,0.31010198537271,218624736.91574
1987-06-15,0.31010198537271,0.31010198537271,0.30004249254823,0.31010198537271,139565472.19256
1987-06-16,0.31010198537271,0.31999362480509,0.31010198537271,0.31010198537271,81948166.984495
1987-06-17,0.31010198537271,0.31999362480509,0.31010198537271,0.31999362480509,79219767.296041
1987-06-18,0.31999362480509,0.32999846768796,0.31999362480509,0.32999846768796,62624704.187749
1987-06-19,0.32999846768796,0.32999846768796,0.31999362480509,0.32999846768796,45483958.292432
1987-06-22,0.32999846768796,0.32999846768796,0.31999362480509,0.31999362480509,97451872.433545
1987-06-23,0.31999362480509,0.31999362480509,0.31010198537271,0.31999362480509,112313610.33132
1987-06-24,0.31999362480509,0.32999846768796,0.31999362480509,0.32999846768796,92155576.420986
1987-06-25,0.32999846768796,0.32999846768796,0.31999362480509,0.32999846768796,49079025.33504
1987-06-26,0.32999846768796,0.32999846768796,0.31999362480509,0.32999846768796,24459264.151286
1987-06-29,0.32999846768796,0.32999846768796,0.31999362480509,0.31999362480509,28567909.82553
1987-06-30,0.32999846768796,0.32999846768796,0.31999362480509,0.31999362480509,42723463.94639
1987-07-01,0.31999362480509,0.31999362480509,0.31999362480509,0.31999362480509,24459264.151286
1987-07-02,0.31999362480509,0.31999362480509,0.31010198537271,0.31010198537271,63395074.905397
1987-07-06,0.31010198537271,0.31010198537271,0.30004249254823,0.30004249254823,72992609.073746
1987-07-07,0.30004249254823,0.30004249254823,0.28003020440432,0.28003020440432,219651905.25979
1987-07-08,0.28003020440432,0.30004249254823,0.28003020440432,0.29005066155622,215607456.81556
1987-07-09,0.29005066155622,0.31010198537271,0.29005066155622,0.30004249254823,103325953.80557
1987-07-10,0.30004249254823,0.30004249254823,0.29005066155622,0.30004249254823,84516072.014913
1987-07-13,0.30004249254823,0.31010198537271,0.30004249254823,0.31010198537271,53861739.550034
1987-07-14,0.31010198537271,0.32999846768796,0.31010198537271,0.32999846768796,170316094.1706
1987-07-15,0.32999846768796,0.32999846768796,0.31999362480509,0.31999362480509,107851880.68344
1987-07-16,0.31999362480509,0.31999362480509,0.31010198537271,0.31999362480509,81338290.133375
1987-07-17,0.31999362480509,0.31999362480509,0.31999362480509,0.31999362480509,57135816.485129
1987-07-20,0.31999362480509,0.31999362480509,0.31010198537271,0.31010198537271,46832107.246184
1987-07-21,0.31010198537271,0.31010198537271,0.31010198537271,0.31010198537271,40733341.109479
1987-07-22,0.31010198537271,0.31010198537271,0.31010198537271,0.31010198537271,59479024.878627
1987-07-23,0.31010198537271,0.31010198537271,0.29005066155622,0.30004249254823,165501281.34061
1987-07-24,0.31010198537271,0.31010198537271,0.30004249254823,0.31010198537271,64358038.896068
1987-07-27,0.31010198537271,0.31010198537271,0.30004249254823,0.31010198537271,46607417.732601
1987-07-28,0.31010198537271,0.31999362480509,0.31010198537271,0.31010198537271,42530869.090399
1987-07-29,0.31010198537271,0.31010198537271,0.30004249254823,0.31010198537271,30846920.197528
1987-07-30,0.31010198537271,0.31010198537271,0.30004249254823,0.30004249254823,61918531.491606
1987-07-31,0.30004249254823,0.30004249254823,0.29005066155622,0.29005066155622,208000050.23303
1987-08-03,0.29005066155622,0.29005066155622,0.28003020440432,0.29005066155622,129679039.40835
1987-08-04,0.29005066155622,0.29005066155622,0.29005066155622,0.29005066155622,150543246.80632
1987-08-05,0.29005066155622,0.31010198537271,0.29005066155622,0.30004249254823,235380305.76283
1987-08-06,0.30004249254823,0.31999362480509,0.30004249254823,0.31010198537271,170027201.09514
1987-08-07,0.31010198537271,0.32999846768796,0.31010198537271,0.31999362480509,190602513.04319
1987-08-10,0.31999362480509,0.31999362480509,0.31999362480509,0.31999362480509,62913596.471737
1987-08-11,0.31999362480509,0.32999846768796,0.31010198537271,0.31999362480509,76395080.468879
1987-08-12,0.31999362480509,0.31999362480509,0.31010198537271,0.31010198537271,47217297.749651
1987-08-13,0.31010198537271,0.32999846768796,0.31010198537271,0.31999362480509,89876558.134163
1987-08-14,0.31999362480509,0.31999362480509,0.31999362480509,0.31999362480509,56654331.7196
1987-08-17,0.31999362480509,0.31999362480509,0.31999362480509,0.31999362480509,37523462.195887
1987-08-18,0.31999362480509,0.31999362480509,0.31999362480509,0.31999362480509,52321001.280674
1987-08-19,0.31999362480509,0.31999362480509,0.31010198537271,0.31999362480509,54503714.224674
1987-08-20,0.31999362480509,0.32999846768796,0.31999362480509,0.32999846768796,91449410.056712
1987-08-21,0.32999846768796,0.33991873328023,0.32999846768796,0.32999846768796,76876562.06847
1987-08-24,0.32999846768796,0.35014087474047,0.32999846768796,0.35014087474047,108943232.01081
1987-08-25,0.35014087474047,0.36003251417285,0.35014087474047,0.36003251417285,207261776.54742
1987-08-26,0.36003251417285,0.37006338083744,0.36003251417285,0.36003251417285,127175337.93981
1987-08-27,0.36003251417285,0.36003251417285,0.36003251417285,0.36003251417285,80728418.031165
1987-08-28,0.36003251417285,0.37994591194622,0.36003251417285,0.37006338083744,127945712.61487
1987-08-31,0.37006338083744,0.37006338083744,0.36003251417285,0.37006338083744,93985209.348781
1987-09-01,0.37006338083744,0.37006338083744,0.35014087474047,0.35014087474047,104609904.73783
1987-09-02,0.35014087474047,0.36003251417285,0.35014087474047,0.36003251417285,87372863.788958
1987-09-03,0.36003251417285,0.37006338083744,0.35014087474047,0.36003251417285,79059280.552858
1987-09-04,0.36003251417285,0.36003251417285,0.35014087474047,0.35014087474047,53893837.373558
1987-09-08,0.35014087474047,0.35014087474047,0.33991873328023,0.35014087474047,107370391.96051
1987-09-09,0.35014087474047,0.36003251417285,0.35014087474047,0.35014087474047,67664216.029139
1987-09-10,0.35014087474047,0.36003251417285,0.35014087474047,0.36003251417285,64839522.078628
1987-09-11,0.36003251417285,0.36003251417285,0.36003251417285,0.36003251417285,45740751.169925
1987-09-14,0.36003251417285,0.37006338083744,0.36003251417285,0.37006338083744,105283974.86153
1987-09-15,0.37006338083744,0.37006338083744,0.36003251417285,0.37006338083744,43525937.236464
1987-09-16,0.37006338083744,0.37006338083744,0.36003251417285,0.36003251417285,64325941.072542
1987-09-17,0.36003251417285,0.37006338083744,0.35014087474047,0.36003251417285,77390143.866042
1987-09-18,0.36003251417285,0.36003251417285,0.36003251417285,0.36003251417285,35276552.813352
1987-09-21,0.32999846768796,0.36003251417285,0.32999846768796,0.32999846768796,95349405.63132
1987-09-22,0.32999846768796,0.36003251417285,0.32999846768796,0.36003251417285,91401254.6151
1987-09-23,0.36003251417285,0.37994591194622,0.36003251417285,0.37994591194622,120033360.87917
1987-09-24,0.37006338083744,0.38986357516032,0.37006338083744,0.37994591194622,132006202.84751
1987-09-25,0.37994591194622,0.41002680123821,0.37994591194622,0.38986357516032,91898782.751999
1987-09-28,0.38986357516032,0.41002680123821,0.37994591194622,0.40005839164975,106487679.65201
1987-09-29,0.40005839164975,0.41002680123821,0.40005839164975,0.40005839164975,63988906.010684
1987-09-30,0.40005839164975,0.4199457656414,0.40005839164975,0.41002680123821,95493846.628682
1987-10-01,0.41002680123821,0.4299662227933,0.41002680123821,0.4299662227933,141796335.82927
1987-10-02,0.4299662227933,0.44993947526462,0.4299662227933,0.44993947526462,146723487.08418
1987-10-05,0.4600835453797,0.49014361564632,0.4600835453797,0.49014361564632,205432145.20259
1987-10-06,0.49014361564632,0.49014361564632,0.4600835453797,0.4600835453797,226296353.39205
1987-10-07,0.4600835453797,0.46990101703417,0.44993947526462,0.44993947526462,140030893.79962
1987-10-08,0.4600835453797,0.4600835453797,0.4299662227933,0.44993947526462,108044472.37351
1987-10-09,0.44993947526462,0.46990101703417,0.44993947526462,0.44993947526462,104641997.02097
1987-10-12,0.44993947526462,0.44993947526462,0.4299662227933,0.44993947526462,130609905.5755
1987-10-13,0.44993947526462,0.4600835453797,0.44012330479924,0.4600835453797,107900025.83578
1987-10-14,0.4600835453797,0.46990101703417,0.44012330479924,0.44012330479924,127303733.98282
1987-10-15,0.44012330479924,0.44993947526462,0.44012330479924,0.44012330479924,143577806.98358
1987-10-16,0.44012330479924,0.4600835453797,0.40005839164975,0.40005839164975,234321042.76119
1987-10-19,0.37994591194622,0.40005839164975,0.28003020440432,0.28003020440432,163703741.48743
1987-10-20,0.29005066155622,0.31999362480509,0.26998502465979,0.30004249254823,361111198.90385
1987-10-21,0.31999362480509,0.37994591194622,0.31010198537271,0.35014087474047,292098816.50832
1987-10-22,0.35014087474047,0.36003251417285,0.31999362480509,0.32999846768796,248765488.37455
1987-10-23,0.32999846768796,0.32999846768796,0.30004249254823,0.30004249254823,125682747.19723
1987-10-26,0.29005066155622,0.30004249254823,0.22994613529202,0.23994317104037,165308668.28049
1987-10-27,0.24997143532679,0.26998502465979,0.23994317104037,0.26010639711827,261604993.73963
1987-10-28,0.24997143532679,0.26010639711827,0.23994317104037,0.26010639711827,166913615.65212
1987-10-29,0.26010639711827,0.30004249254823,0.26010639711827,0.30004249254823,186172882.01032
1987-10-30,0.31010198537271,0.32999846768796,0.30004249254823,0.31010198537271,187777824.63306
1987-11-02,0.31010198537271,0.31999362480509,0.30004249254823,0.31010198537271,94482736.694204
1987-11-03,0.31010198537271,0.31010198537271,0.26998502465979,0.30004249254823,129454352.26923
1987-11-04,0.29005066155622,0.31999362480509,0.29005066155622,0.30004249254823,106262983.01508
1987-11-05,0.31010198537271,0.31999362480509,0.30004249254823,0.31010198537271,90759282.314912
1987-11-06,0.31010198537271,0.31010198537271,0.29005066155622,0.30004249254823,83986439.722618
1987-11-09,0.29005066155622,0.30004249254823,0.28003020440432,0.29005066155622,96504959.729095
1987-11-10,0.29005066155622,0.30004249254823,0.28003020440432,0.29005066155622,101608661.67714
1987-11-11,0.30004249254823,0.31010198537271,0.29005066155622,0.31010198537271,60875325.31657
1987-11-12,0.31999362480509,0.31999362480509,0.31010198537271,0.31010198537271,110532125.72177
1987-11-13,0.31010198537271,0.31010198537271,0.30004249254823,0.30004249254823,65192604.469282
1987-11-16,0.30004249254823,0.31010198537271,0.30004249254823,0.30004249254823,66283969.25186
1987-11-17,0.29005066155622,0.30004249254823,0.28003020440432,0.29005066155622,77261742.282654
1987-11-18,0.30004249254823,0.30004249254823,0.28003020440432,0.30004249254823,99538299.03032
1987-11-19,0.30004249254823,0.30004249254823,0.29005066155622,0.29005066155622,83617302.879819
1987-11-20,0.28003020440432,0.30004249254823,0.28003020440432,0.30004249254823,91914830.872286
1987-11-23,0.29005066155622,0.30004249254823,0.29005066155622,0.30004249254823,49753095.458755
1987-11-24,0.30004249254823,0.31010198537271,0.28003020440432,0.30004249254823,80503717.43681
1987-11-25,0.30004249254823,0.30004249254823,0.29005066155622,0.29005066155622,35838278.180277
1987-11-27,0.29005066155622,0.29005066155622,0.28003020440432,0.28003020440432,20414820.455963
1987-11-30,0.28003020440432,0.28003020440432,0.24997143532679,0.28003020440432,182963007.84564
1987-12-01,0.28003020440432,0.29005066155622,0.26998502465979,0.26998502465979,81964214.313291
1987-12-02,0.26998502465979,0.28003020440432,0.26998502465979,0.26998502465979,76362974.730518
1987-12-03,0.28003020440432,0.28003020440432,0.24997143532679,0.24997143532679,142293856.84282
1987-12-04,0.24997143532679,0.26010639711827,0.24997143532679,0.26010639711827,135697570.48405
1987-12-07,0.26998502465979,0.26998502465979,0.26010639711827,0.26998502465979,73795082.363819
1987-12-08,0.26998502465979,0.30004249254823,0.26998502465979,0.30004249254823,125409905.40796
1987-12-09,0.29005066155622,0.30004249254823,0.29005066155622,0.29005066155622,93391377.452014
1987-12-10,0.28003020440432,0.31010198537271,0.28003020440432,0.30004249254823,184567938.59611
1987-12-11,0.30004249254823,0.30004249254823,0.29005066155622,0.30004249254823,80776559.226061
1987-12-14,0.30004249254823,0.31999362480509,0.30004249254823,0.31999362480509,106006198.05241
1987-12-15,0.31999362480509,0.31999362480509,0.31010198537271,0.31999362480509,125072866.38869
1987-12-16,0.31010198537271,0.33991873328023,0.31010198537271,0.33991873328023,117625951.29824
1987-12-17,0.33991873328023,0.33991873328023,0.31999362480509,0.31999362480509,104786448.3076
1987-12-18,0.32999846768796,0.32999846768796,0.31999362480509,0.31999362480509,58500011.976193
1987-12-21,0.32999846768796,0.32999846768796,0.31999362480509,0.31999362480509,57023473.311303
1987-12-22,0.31999362480509,0.32999846768796,0.31010198537271,0.32999846768796,46559269.414344
1987-12-23,0.32999846768796,0.32999846768796,0.32999846768796,0.32999846768796,67664216.029139
1987-12-24,0.32999846768796,0.32999846768796,0.32999846768796,0.32999846768796,14123458.671783
1987-12-28,0.32999846768796,0.32999846768796,0.31010198537271,0.31999362480509,56525941.216979
1987-12-29,0.31999362480509,0.33991873328023,0.31010198537271,0.33991873328023,88560514.127277
1987-12-30,0.33991873328023,0.35014087474047,0.33991873328023,0.35014087474047,78802488.466846
1987-12-31,0.33991873328023,0.35014087474047,0.32999846768796,0.33991873328023,68595082.196284
1988-01-04,0.33991873328023,0.35014087474047,0.33991873328023,0.35014087474047,122986447.70675
1988-01-05,0.36003251417285,0.36003251417285,0.35014087474047,0.36003251417285,173333375.06228
1988-01-06,0.36003251417285,0.37006338083744,0.36003251417285,0.36003251417285,135617311.67853
1988-01-07,0.36003251417285,0.37994591194622,0.36003251417285,0.37994591194622,101062985.22198
1988-01-08,0.37994591194622,0.37994591194622,0.35014087474047,0.35014087474047,162098797.28173
1988-01-11,0.35014087474047,0.36003251417285,0.33991873328023,0.36003251417285,160012384.93166
1988-01-12,0.36003251417285,0.36003251417285,0.33991873328023,0.35014087474047,187777824.63306
1988-01-13,0.35014087474047,0.36003251417285,0.33991873328023,0.35014087474047,107161752.94167
1988-01-14,0.36003251417285,0.36003251417285,0.35014087474047,0.35014087474047,45259273.527749
1988-01-15,0.37006338083744,0.37006338083744,0.36003251417285,0.36003251417285,102732117.95139
1988-01-18,0.36003251417285,0.36003251417285,0.35014087474047,0.36003251417285,33479022.457981
1988-01-19,0.35014087474047,0.36003251417285,0.35014087474047,0.36003251417285,52850627.241107
1988-01-20,0.35014087474047,0.36003251417285,0.32999846768796,0.33991873328023,232716096.97252
1988-01-21,0.33991873328023,0.35014087474047,0.33991873328023,0.33991873328023,139437072.19214
1988-01-22,0.35014087474047,0.35014087474047,0.32999846768796,0.33991873328023,83922240.909637
1988-01-25,0.33991873328023,0.35014087474047,0.33991873328023,0.35014087474047,84146934.380646
1988-01-26,0.33991873328023,0.35014087474047,0.33991873328023,0.33991873328023,48549391.459772
1988-01-27,0.33991873328023,0.35014087474047,0.33991873328023,0.35014087474047,111912366.95868
1988-01-28,0.35014087474047,0.35014087474047,0.35014087474047,0.35014087474047,32676552.333841
1988-01-29,0.35014087474047,0.36003251417285,0.33991873328023,0.35014087474047,74340765.15085
1988-02-01,0.35014087474047,0.36003251417285,0.33991873328023,0.33991873328023,54311124.117584
1988-02-02,0.33991873328023,0.35014087474047,0.33991873328023,0.35014087474047,67712361.972944
1988-02-03,0.35014087474047,0.35014087474047,0.32999846768796,0.32999846768796,84483968.651016
1988-02-04,0.32999846768796,0.32999846768796,0.31010198537271,0.31999362480509,127849408.06352
1988-02-05,0.31999362480509,0.32999846768796,0.31999362480509,0.31999362480509,104882734.65482
1988-02-08,0.31999362480509,0.32999846768796,0.31999362480509,0.31999362480509,81225943.002128
1988-02-09,0.32999846768796,0.32999846768796,0.31999362480509,0.32999846768796,55659269.905403
1988-02-10,0.32999846768796,0.33991873328023,0.32999846768796,0.32999846768796,85848166.516529
1988-02-11,0.33991873328023,0.33991873328023,0.32999846768796,0.33991873328023,77390143.866042
1988-02-12,0.33991873328023,0.35014087474047,0.33991873328023,0.33991873328023,89411136.527097
1988-02-16,0.33991873328023,0.36003251417285,0.33991873328023,0.36003251417285,75046929.140676
1988-02-17,0.36003251417285,0.37006338083744,0.36003251417285,0.36003251417285,112923481.64206
1988-02-18,0.36003251417285,0.37006338083744,0.36003251417285,0.36003251417285,93792616.075758
1988-02-19,0.36003251417285,0.37006338083744,0.36003251417285,0.37006338083744,59254336.948011
1988-02-22,0.37006338083744,0.37006338083744,0.36003251417285,0.37006338083744,58211124.441107
1988-02-23,0.37006338083744,0.37006338083744,0.37006338083744,0.37006338083744,102234591.39744
1988-02-24,0.37006338083744,0.37994591194622,0.37006338083744,0.37006338083744,88672861.258524
1988-02-25,0.37006338083744,0.37994591194622,0.36003251417285,0.36003251417285,68611127.942113
1988-02-26,0.36003251417285,0.37006338083744,0.36003251417285,0.36003251417285,33350626.414975
1988-02-29,0.36003251417285,0.37006338083744,0.36003251417285,0.37006338083744,43830875.266281
1988-03-01,0.37006338083744,0.37006338083744,0.36003251417285,0.37006338083744,48260503.133202
1988-03-02,0.37006338083744,0.37994591194622,0.37006338083744,0.37006338083744,75672856.486521
1988-03-03,0.37006338083744,0.37994591194622,0.37006338083744,0.37994591194622,93246938.037634
1988-03-04,0.37994591194622,0.37994591194622,0.37006338083744,0.37994591194622,76186440.658542
1988-03-07,0.37994591194622,0.38986357516032,0.37994591194622,0.38986357516032,86939532.090589
1988-03-08,0.38986357516032,0.40005839164975,0.38986357516032,0.40005839164975,107996321.6808
1988-03-09,0.40005839164975,0.40005839164975,0.38986357516032,0.40005839164975,91096323.708643
1988-03-10,0.40005839164975,0.41002680123821,0.38986357516032,0.38986357516032,109167924.69033
1988-03-11,0.38986357516032,0.38986357516032,0.37994591194622,0.38986357516032,93953105.193392
1988-03-14,0.38986357516032,0.40005839164975,0.37994591194622,0.40005839164975,51582728.386553
1988-03-15,0.40005839164975,0.40005839164975,0.38986357516032,0.38986357516032,48774079.390388
1988-03-16,0.38986357516032,0.40005839164975,0.38986357516032,0.40005839164975,60795078.383304
1988-03-17,0.41002680123821,0.41002680123821,0.40005839164975,0.40005839164975,139661761.70572
1988-03-18,0.40005839164975,0.40005839164975,0.36003251417285,0.36003251417285,189382752.2176
1988-03-21,0.36003251417285,0.37006338083744,0.35014087474047,0.37006338083744,221481535.81313
1988-03-22,0.37006338083744,0.37994591194622,0.37006338083744,0.37994591194622,129101263.54669
1988-03-23,0.37994591194622,0.38986357516032,0.37006338083744,0.37006338083744,168518556.69188
1988-03-24,0.37006338083744,0.37006338083744,0.35014087474047,0.35014087474047,178148195.01563
1988-03-25,0.35014087474047,0.36003251417285,0.35014087474047,0.35014087474047,52754332.979043
1988-03-28,0.35014087474047,0.36003251417285,0.33991873328023,0.35014087474047,74838285.372921
1988-03-29,0.36003251417285,0.36003251417285,0.35014087474047,0.35014087474047,89956809.024834
1988-03-30,0.35014087474047,0.36003251417285,0.33991873328023,0.33991873328023,112249407.56091
1988-03-31,0.33991873328023,0.35014087474047,0.33991873328023,0.35014087474047,56012360.210893
1988-04-04,0.35014087474047,0.35014087474047,0.33991873328023,0.33991873328023,53187667.843349
1988-04-05,0.35014087474047,0.35014087474047,0.33991873328023,0.35014087474047,46543222.877032
1988-04-06,0.35014087474047,0.36003251417285,0.35014087474047,0.36003251417285,83922240.909637
1988-04-07,0.36003251417285,0.37006338083744,0.36003251417285,0.36003251417285,83504961.288951
1988-04-08,0.36003251417285,0.36003251417285,0.36003251417285,0.36003251417285,64614834.939496
1988-04-11,0.36003251417285,0.36003251417285,0.36003251417285,0.36003251417285,45034576.09933
1988-04-12,0.36003251417285,0.36003251417285,0.33991873328023,0.35014087474047,58451865.240904
1988-04-13,0.35014087474047,0.36003251417285,0.35014087474047,0.36003251417285,47040753.388389
1988-04-14,0.35014087474047,0.35014087474047,0.32999846768796,0.32999846768796,122633362.94164
1988-04-15,0.32999846768796,0.33991873328023,0.32999846768796,0.33991873328023,127303733.98282
1988-04-18,0.33991873328023,0.33991873328023,0.32999846768796,0.33991873328023,53556803.894668
1988-04-19,0.33991873328023,0.36003251417285,0.33991873328023,0.33991873328023,84451873.201925
1988-04-20,0.33991873328023,0.33991873328023,0.32999846768796,0.33991873328023,72896310.854266
1988-04-21,0.33991873328023,0.35014087474047,0.32999846768796,0.33991873328023,71307425.058134
1988-04-22,0.33991873328023,0.35014087474047,0.33991873328023,0.33991873328023,37812352.105424
1988-04-25,0.33991873328023,0.35014087474047,0.33991873328023,0.33991873328023,26064205.19105
1988-04-26,0.35014087474047,0.35014087474047,0.33991873328023,0.35014087474047,51775321.659577
1988-04-27,0.35014087474047,0.35014087474047,0.33991873328023,0.35014087474047,53380257.950439
1988-04-28,0.35014087474047,0.35014087474047,0.33991873328023,0.35014087474047,31729638.046416
1988-04-29,0.33991873328023,0.33991873328023,0.33991873328023,0.33991873328023,72190142.11554
1988-05-02,0.33991873328023,0.33991873328023,0.32999846768796,0.33991873328023,54904949.682487
1988-05-03,0.33991873328023,0.36003251417285,0.33991873328023,0.35014087474047,69927175.114922
1988-05-04,0.35014087474047,0.36003251417285,0.35014087474047,0.36003251417285,83761743.085682
1988-05-05,0.35014087474047,0.36003251417285,0.35014087474047,0.36003251417285,27733337.920447
1988-05-06,0.35014087474047,0.36003251417285,0.35014087474047,0.36003251417285,49014821.773152
1988-05-09,0.36003251417285,0.36003251417285,0.35014087474047,0.36003251417285,38775319.26203
1988-05-10,0.36003251417285,0.36003251417285,0.35014087474047,0.36003251417285,52192604.446185
1988-05-11,0.35014087474047,0.35014087474047,0.33991873328023,0.35014087474047,66300018.163623
1988-05-12,0.35014087474047,0.35014087474047,0.35014087474047,0.35014087474047,29434576.388207
1988-05-13,0.35014087474047,0.36003251417285,0.35014087474047,0.35014087474047,19965436.679895
1988-05-16,0.35014087474047,0.37006338083744,0.35014087474047,0.36003251417285,66637052.433998
1988-05-17,0.37006338083744,0.37006338083744,0.36003251417285,0.36003251417285,78497552.020003
1988-05-18,0.36003251417285,0.36003251417285,0.35014087474047,0.35014087474047,90695081.918956
1988-05-19,0.35014087474047,0.36003251417285,0.35014087474047,0.36003251417285,64341993.150238
1988-05-20,0.36003251417285,0.36003251417285,0.35014087474047,0.35014087474047,47393838.153494
1988-05-23,0.35014087474047,0.35014087474047,0.33991873328023,0.33991873328023,55980256.055498
1988-05-24,0.33991873328023,0.35014087474047,0.33991873328023,0.35014087474047,61661744.154496
1988-05-25,0.35014087474047,0.36003251417285,0.35014087474047,0.35014087474047,59719768.052874
1988-05-26,0.35014087474047,0.36003251417285,0.35014087474047,0.35014087474047,48356801.35268
1988-05-27,0.35014087474047,0.35014087474047,0.35014087474047,0.35014087474047,36945687.917199
1988-05-31,0.35014087474047,0.36003251417285,0.33991873328023,0.36003251417285,49095073.455319
1988-06-01,0.36003251417285,0.37006338083744,0.36003251417285,0.37006338083744,106760519.06681
1988-06-02,0.37006338083744,0.37006338083744,0.37006338083744,0.37006338083744,70472857.11047
1988-06-03,0.37006338083744,0.37006338083744,0.37006338083744,0.37006338083744,38823463.622867
1988-06-06,0.37006338083744,0.37994591194622,0.37006338083744,0.37994591194622,91112366.288537
1988-06-07,0.37994591194622,0.38986357516032,0.37994591194622,0.37994591194622,91577797.3934
1988-06-08,0.37994591194622,0.38986357516032,0.37994591194622,0.38986357516032,73875326.922635
1988-06-09,0.38986357516032,0.38986357516032,0.37994591194622,0.37994591194622,77197552.96747
1988-06-10,0.37994591194622,0.38986357516032,0.37994591194622,0.38986357516032,50170382.202781
1988-06-13,0.38986357516032,0.38986357516032,0.38986357516032,0.38986357516032,34682722.499548
1988-06-14,0.38986357516032,0.40005839164975,0.38986357516032,0.38986357516032,67295080.769304
1988-06-15,0.38986357516032,0.40005839164975,0.38986357516032,0.40005839164975,56879025.190601
1988-06-16,0.38986357516032,0.40005839164975,0.38986357516032,0.40005839164975,82156807.586306
1988-06-17,0.40005839164975,0.40005839164975,0.38986357516032,0.38986357516032,46928411.006048
1988-06-20,0.38986357516032,0.38986357516032,0.38986357516032,0.38986357516032,31360497.246196
1988-06-21,0.38986357516032,0.40005839164975,0.38986357516032,0.40005839164975,44264207.756134
1988-06-22,0.41002680123821,0.4199457656414,0.40005839164975,0.4199457656414,141908674.25419
1988-06-23,0.4199457656414,0.4199457656414,0.41002680123821,0.41002680123821,45756801.664655
1988-06-24,0.41002680123821,0.41002680123821,0.41002680123821,0.41002680123821,31825928.351061
1988-06-27,0.41002680123821,0.41002680123821,0.40005839164975,0.40005839164975,26337042.231405
1988-06-28,0.40005839164975,0.41002680123821,0.40005839164975,0.41002680123821,35822230.851481
1988-06-29,0.41002680123821,0.41002680123821,0.41002680123821,0.41002680123821,55514828.116569
1988-06-30,0.41002680123821,0.4199457656414,0.41002680123821,0.4199457656414,35164211.222494
1988-07-01,0.4199457656414,0.4199457656414,0.4199457656414,0.4199457656414,47859273.215774
1988-07-05,0.4199457656414,0.4299662227933,0.4199457656414,0.4299662227933,53604951.42144
1988-07-06,0.4299662227933,0.44012330479924,0.4299662227933,0.4299662227933,99618544.38062
1988-07-07,0.4299662227933,0.4299662227933,0.4199457656414,0.4299662227933,76266689.174775
1988-07-08,0.4199457656414,0.4299662227933,0.4199457656414,0.4299662227933,44681492.125709
1988-07-11,0.4299662227933,0.4299662227933,0.4199457656414,0.4199457656414,73297554.226914
1988-07-12,0.4199457656414,0.4199457656414,0.40005839164975,0.41002680123821,100308664.20758
1988-07-13,0.41002680123821,0.4199457656414,0.41002680123821,0.4199457656414,64004952.547995
1988-07-14,0.4199457656414,0.4199457656414,0.41002680123821,0.4199457656414,38839516.492048
1988-07-15,0.4199457656414,0.4199457656414,0.41002680123821,0.4199457656414,35196301.922668
1988-07-18,0.4199457656414,0.4199457656414,0.4199457656414,0.4199457656414,22404944.875841
1988-07-19,0.4199457656414,0.4199457656414,0.41002680123821,0.41002680123821,40637050.013352
1988-07-20,0.41002680123821,0.41002680123821,0.40005839164975,0.40005839164975,123821013.27996
1988-07-21,0.40005839164975,0.40005839164975,0.37994591194622,0.37994591194622,143706209.35846
1988-07-22,0.37994591194622,0.38986357516032,0.37994591194622,0.37994591194622,76700015.332761
1988-07-25,0.38986357516032,0.38986357516032,0.37994591194622,0.37994591194622,58740751.984507
1988-07-26,0.36003251417285,0.37006338083744,0.35014087474047,0.36003251417285,255185247.7847
1988-07-27,0.36003251417285,0.37006338083744,0.36003251417285,0.36003251417285,75945697.484294
1988-07-28,0.36003251417285,0.36003251417285,0.36003251417285,0.36003251417285,64582735.533002
1988-07-29,0.36003251417285,0.37006338083744,0.36003251417285,0.37006338083744,66187668.657931
1988-08-01,0.37006338083744,0.37006338083744,0.36003251417285,0.36003251417285,57761746.205424
1988-08-02,0.36003251417285,0.37006338083744,0.35014087474047,0.36003251417285,72976560.953466
1988-08-03,0.36003251417285,0.36003251417285,0.35014087474047,0.35014087474047,102523479.72401
1988-08-04,0.35014087474047,0.35014087474047,0.35014087474047,0.35014087474047,59623469.041911
1988-08-05,0.35014087474047,0.35014087474047,0.31999362480509,0.32999846768796,224691409.18635
1988-08-08,0.32999846768796,0.32999846768796,0.32999846768796,0.32999846768796,165308668.28049
1988-08-09,0.32999846768796,0.32999846768796,0.31999362480509,0.31999362480509,154732127.54158
1988-08-10,0.31999362480509,0.31999362480509,0.31010198537271,0.31010198537271,126132129.39032
1988-08-11,0.31999362480509,0.31999362480509,0.31010198537271,0.31999362480509,137206206.97247
1988-08-12,0.31999362480509,0.32999846768796,0.31999362480509,0.31999362480509,64935817.132173
1988-08-15,0.31999362480509,0.32999846768796,0.31010198537271,0.31999362480509,45788898.696698
1988-08-16,0.31010198537271,0.32999846768796,0.31010198537271,0.32999846768796,101287679.48448
1988-08-17,0.32999846768796,0.33991873328023,0.31999362480509,0.32999846768796,65882732.211082
1988-08-18,0.32999846768796,0.32999846768796,0.32999846768796,0.32999846768796,35693834.016991
1988-08-19,0.32999846768796,0.32999846768796,0.31010198537271,0.31010198537271,75095079.041899
1988-08-22,0.31010198537271,0.31010198537271,0.30004249254823,0.30004249254823,122793855.2252
1988-08-23,0.30004249254823,0.31010198537271,0.30004249254823,0.31010198537271,98430888.501915
1988-08-24,0.31010198537271,0.31999362480509,0.31010198537271,0.31999362480509,114335833.36621
1988-08-25,0.31010198537271,0.31999362480509,0.31010198537271,0.31999362480509,80953105.170296
1988-08-26,0.31999362480509,0.31999362480509,0.31999362480509,0.31999362480509,27251858.695304
1988-08-29,0.31999362480509,0.32999846768796,0.31999362480509,0.31999362480509,39048154.719418
1988-08-30,0.31999362480509,0.32999846768796,0.31999362480509,0.31999362480509,23367907.283545
1988-08-31,0.31999362480509,0.31999362480509,0.31010198537271,0.31010198537271,80118536.431142
1988-09-01,0.31010198537271,0.31010198537271,0.30004249254823,0.30004249254823,91818542.9421
1988-09-02,0.31010198537271,0.31999362480509,0.31010198537271,0.31999362480509,128539535.01385
1988-09-06,0.31999362480509,0.32999846768796,0.31999362480509,0.31999362480509,75512359.454056
1988-09-07,0.32999846768796,0.32999846768796,0.31999362480509,0.31999362480509,80375326.934179
1988-09-08,0.31999362480509,0.32999846768796,0.31999362480509,0.31999362480509,77133350.197063
1988-09-09,0.31999362480509,0.33991873328023,0.31999362480509,0.33991873328023,123853112.68646
1988-09-12,0.32999846768796,0.33991873328023,0.32999846768796,0.32999846768796,48212355.60643
1988-09-13,0.32999846768796,0.33991873328023,0.32999846768796,0.33991873328023,45259273.527749
1988-09-14,0.33991873328023,0.33991873328023,0.32999846768796,0.33991873328023,88287673.129502
1988-09-15,0.33991873328023,0.33991873328023,0.31999362480509,0.32999846768796,81274095.277797
1988-09-16,0.32999846768796,0.32999846768796,0.31999362480509,0.31999362480509,54279023.128124
1988-09-19,0.32999846768796,0.32999846768796,0.31999362480509,0.31999362480509,49817298.22916
1988-09-20,0.31999362480509,0.32999846768796,0.31999362480509,0.32999846768796,59767917.954097
1988-09-21,0.32999846768796,0.33991873328023,0.32999846768796,0.32999846768796,17895064.535268
1988-09-22,0.33991873328023,0.33991873328023,0.32999846768796,0.33991873328023,66524708.468691
1988-09-23,0.33991873328023,0.33991873328023,0.32999846768796,0.32999846768796,39112353.532404
1988-09-26,0.32999846768796,0.33991873328023,0.31999362480509,0.32999846768796,55964209.518186
1988-09-27,0.31999362480509,0.32999846768796,0.31999362480509,0.31999362480509,39417293.936671
1988-09-28,0.32999846768796,0.32999846768796,0.31999362480509,0.32999846768796,28439510.616592
1988-09-29,0.32999846768796,0.32999846768796,0.32999846768796,0.32999846768796,62929643.800533
1988-09-30,0.32999846768796,0.32999846768796,0.31999362480509,0.32999846768796,41519764.696308
1988-10-03,0.31999362480509,0.31999362480509,0.31010198537271,0.31999362480509,45804949.191428
1988-10-04,0.31999362480509,0.31999362480509,0.31999362480509,0.31999362480509,32612354.312338
1988-10-05,0.31999362480509,0.31999362480509,0.31010198537271,0.31010198537271,74774084.976968
1988-10-06,0.31010198537271,0.31999362480509,0.31010198537271,0.31010198537271,37459269.71477
1988-10-07,0.31010198537271,0.31010198537271,0.30004249254823,0.31010198537271,231897586.64293
1988-10-10,0.31010198537271,0.31010198537271,0.30004249254823,0.31010198537271,118540767.76213
1988-10-11,0.31010198537271,0.31010198537271,0.31010198537271,0.31010198537271,73506195.620217
1988-10-12,0.31010198537271,0.31999362480509,0.31010198537271,0.31999362480509,153287693.82357
1988-10-13,0.31010198537271,0.32999846768796,0.31010198537271,0.31999362480509,91914830.872286
1988-10-14,0.31999362480509,0.32999846768796,0.31999362480509,0.31999362480509,63266682.028325
1988-10-17,0.31999362480509,0.32999846768796,0.31999362480509,0.31999362480509,28616055.769337
1988-10-18,0.31999362480509,0.32999846768796,0.31999362480509,0.32999846768796,41487662.123879
1988-10-19,0.32999846768796,0.32999846768796,0.32999846768796,0.32999846768796,89924711.201308
1988-10-20,0.32999846768796,0.33991873328023,0.32999846768796,0.32999846768796,81691376.481435
1988-10-21,0.32999846768796,0.32999846768796,0.32999846768796,0.32999846768796,27043215.719033
1988-10-24,0.32999846768796,0.32999846768796,0.31999362480509,0.31999362480509,31906182.407679
1988-10-25,0.31999362480509,0.32999846768796,0.31010198537271,0.31010198537271,83087672.961967
1988-10-26,0.31010198537271,0.31010198537271,0.30004249254823,0.31010198537271,175451887.61033
1988-10-27,0.31010198537271,0.31010198537271,0.30004249254823,0.31010198537271,127432126.0684
1988-10-28,0.31010198537271,0.31010198537271,0.30004249254823,0.31010198537271,51871618.29609
1988-10-31,0.31010198537271,0.31010198537271,0.30004249254823,0.31010198537271,46013589.793248
1988-11-01,0.31010198537271,0.31010198537271,0.30004249254823,0.30004249254823,59382727.450632
1988-11-02,0.30004249254823,0.30004249254823,0.29005066155622,0.29005066155622,247208703.56788
1988-11-03,0.29005066155622,0.30004249254823,0.29005066155622,0.29005066155622,131893855.71627
1988-11-04,0.29005066155622,0.30004249254823,0.29005066155622,0.29005066155622,118813605.59397
1988-11-07,0.29005066155622,0.29005066155622,0.29005066155622,0.29005066155622,61372855.827926
1988-11-08,0.29005066155622,0.31010198537271,0.29005066155622,0.30004249254823,63090135.292613
1988-11-09,0.30004249254823,0.31010198537271,0.30004249254823,0.31010198537271,139019795.7374
1988-11-10,0.31010198537271,0.31010198537271,0.31010198537271,0.31010198537271,87822238.858704
1988-11-11,0.30004249254823,0.31010198537271,0.30004249254823,0.30004249254823,61228407.707224
1988-11-14,0.30004249254823,0.30004249254823,0.30004249254823,0.30004249254823,38261735.881491
1988-11-15,0.30004249254823,0.30004249254823,0.29005066155622,0.29005066155622,104658048.30718
1988-11-16,0.29005066155622,0.29005066155622,0.28003020440432,0.29005066155622,221802525.12916
1988-11-17,0.29005066155622,0.29005066155622,0.29005066155622,0.29005066155622,73409896.609255
1988-11-18,0.29005066155622,0.29005066155622,0.29005066155622,0.29005066155622,38374080.638283
1988-11-21,0.29005066155622,0.29005066155622,0.28003020440432,0.29005066155622,52497539.310066
1988-11-22,0.29005066155622,0.29005066155622,0.28003020440432,0.29005066155622,33783959.696313
1988-11-23,0.29005066155622,0.29005066155622,0.29005066155622,0.29005066155622,63025940.437045
1988-11-25,0.29005066155622,0.29005066155622,0.29005066155622,0.29005066155622,12775314.466932
1988-11-28,0.29005066155622,0.30004249254823,0.29005066155622,0.29005066155622,65465447.841507
1988-11-29,0.29005066155622,0.30004249254823,0.29005066155622,0.30004249254823,24379016.426538
1988-11-30,0.29005066155622,0.30004249254823,0.29005066155622,0.29005066155622,39224700.663646
1988-12-01,0.30004249254823,0.31010198537271,0.29005066155622,0.31010198537271,91401254.6151
1988-12-02,0.30004249254823,0.31010198537271,0.30004249254823,0.31010198537271,101977799.31143
1988-12-05,0.31010198537271,0.31010198537271,0.30004249254823,0.31010198537271,78176560.329519
1988-12-06,0.31010198537271,0.31010198537271,0.31010198537271,0.31010198537271,49448159.803391
1988-12-07,0.31010198537271,0.31010198537271,0.31010198537271,0.31010198537271,34425935.953922
1988-12-08,0.31010198537271,0.31010198537271,0.30004249254823,0.31010198537271,44777788.762222
1988-12-09,0.30004249254823,0.31010198537271,0.30004249254823,0.31010198537271,24860497.234648
1988-12-12,0.30004249254823,0.31010198537271,0.30004249254823,0.30004249254823,43349391.292235
1988-12-13,0.29005066155622,0.30004249254823,0.29005066155622,0.30004249254823,43654329.322052
1988-12-14,0.30004249254823,0.30004249254823,0.30004249254823,0.30004249254823,31216056.248846
1988-12-15,0.31010198537271,0.31010198537271,0.30004249254823,0.31010198537271,25855562.214779
1988-12-16,0.30004249254823,0.31010198537271,0.30004249254823,0.31010198537271,57729644.42448
1988-12-19,0.31999362480509,0.31999362480509,0.31010198537271,0.31999362480509,93102489.916919
1988-12-20,0.31999362480509,0.32999846768796,0.31999362480509,0.31999362480509,102748175.56947
1988-12-21,0.31999362480509,0.32999846768796,0.31999362480509,0.32999846768796,51759273.539297
1988-12-22,0.32999846768796,0.32999846768796,0.31999362480509,0.31999362480509,83135821.280225
1988-12-23,0.31999362480509,0.31999362480509,0.31999362480509,0.31999362480509,19082718.831006
1988-12-27,0.31999362480509,0.32999846768796,0.31999362480509,0.31999362480509,34297542.285368
1988-12-28,0.31999362480509,0.32999846768796,0.31999362480509,0.32999846768796,23704943.92837
1988-12-29,0.31999362480509,0.32999846768796,0.31999362480509,0.32999846768796,42659265.133404
1988-12-30,0.32999846768796,0.33991873328023,0.32999846768796,0.32999846768796,71130878.322423
1989-01-03,0.32999846768796,0.32999846768796,0.32999846768796,0.32999846768796,57761746.205424
1989-01-04,0.32999846768796,0.33991873328023,0.32999846768796,0.33991873328023,60072852.81798
1989-01-05,0.33991873328023,0.33991873328023,0.32999846768796,0.32999846768796,52658033.968081
1989-01-06,0.32999846768796,0.32999846768796,0.32999846768796,0.32999846768796,65818538.146996
1989-01-09,0.32999846768796,0.32999846768796,0.31999362480509,0.32999846768796,51277792.731188
1989-01-10,0.32999846768796,0.32999846768796,0.31999362480509,0.31999362480509,60329644.112507
1989-01-11,0.31999362480509,0.32999846768796,0.31999362480509,0.32999846768796,53829642.51799
1989-01-12,0.32999846768796,0.32999846768796,0.32999846768796,0.32999846768796,60843222.744143
1989-01-13,0.32999846768796,0.32999846768796,0.32999846768796,0.32999846768796,39641984.241736
1989-01-16,0.32999846768796,0.33991873328023,0.32999846768796,0.32999846768796,30686427.913963
1989-01-17,0.32999846768796,0.32999846768796,0.31999362480509,0.31999362480509,46527169.216368
1989-01-18,0.31999362480509,0.31999362480509,0.31010198537271,0.31999362480509,70922236.929118
1989-01-19,0.32999846768796,0.32999846768796,0.32999846768796,0.32999846768796,93953105.193392
1989-01-20,0.32999846768796,0.33991873328023,0.32999846768796,0.33991873328023,68017295.253859
1989-01-23,0.33991873328023,0.33991873328023,0.32999846768796,0.32999846768796,58211124.441107
1989-01-24,0.32999846768796,0.32999846768796,0.32999846768796,0.32999846768796,62656803.594242
1989-01-25,0.32999846768796,0.32999846768796,0.32999846768796,0.32999846768796,54664205.716756
1989-01-26,0.32999846768796,0.33991873328023,0.32999846768796,0.33991873328023,97114838.954659
1989-01-27,0.33991873328023,0.35014087474047,0.32999846768796,0.35014087474047,185482752.68557
1989-01-30,0.35014087474047,0.37006338083744,0.33991873328023,0.36003251417285,122697558.5887
1989-01-31,0.37006338083744,0.37994591194622,0.36003251417285,0.37006338083744,139421022.4889
1989-02-01,0.37006338083744,0.37006338083744,0.37006338083744,0.37006338083744,146242018.14834
1989-02-02,0.37006338083744,0.38986357516032,0.37006338083744,0.37994591194622,200649423.07276
1989-02-03,0.37994591194622,0.38986357516032,0.37006338083744,0.37994591194622,101785204.45545
1989-02-06,0.37994591194622,0.37994591194622,0.37006338083744,0.37994591194622,97612364.717121
1989-02-07,0.37994591194622,0.38986357516032,0.37994591194622,0.38986357516032,141651888.50004
1989-02-08,0.38986357516032,0.40005839164975,0.37994591194622,0.38986357516032,148585216.25255
1989-02-09,0.38986357516032,0.40005839164975,0.37994591194622,0.40005839164975,221834622.9527
1989-02-10,0.38986357516032,0.40005839164975,0.37994591194622,0.38986357516032,143818546.20042
1989-02-13,0.37994591194622,0.38986357516032,0.37994591194622,0.37994591194622,104850638.41427
1989-02-14,0.38986357516032,0.38986357516032,0.37006338083744,0.37994591194622,70167918.289169
1989-02-15,0.37994591194622,0.38986357516032,0.37994591194622,0.38986357516032,91321006.890356
1989-02-16,0.38986357516032,0.40005839164975,0.37994591194622,0.38986357516032,68418536.252055
1989-02-17,0.38986357516032,0.38986357516032,0.38986357516032,0.38986357516032,33093835.911932
1989-02-21,0.38986357516032,0.38986357516032,0.37994591194622,0.37994591194622,37619761.20685
1989-02-22,0.37994591194622,0.37994591194622,0.37006338083744,0.37006338083744,106455584.20294
1989-02-23,0.37994591194622,0.37994591194622,0.37006338083744,0.37994591194622,84644462.517552
1989-02-24,0.37994591194622,0.37994591194622,0.37006338083744,0.37006338083744,84724714.199715
1989-02-27,0.37006338083744,0.37994591194622,0.36003251417285,0.37006338083744,76667921.466653
1989-02-28,0.37006338083744,0.37994591194622,0.37006338083744,0.37006338083744,48421000.957152
1989-03-01,0.37006338083744,0.37994591194622,0.37006338083744,0.37006338083744,66749398.773757
1989-03-02,0.37006338083744,0.37994591194622,0.37006338083744,0.37994591194622,102876567.65505
1989-03-03,0.37994591194622,0.38986357516032,0.37994591194622,0.37994591194622,76844461.870496
1989-03-06,0.37994591194622,0.38986357516032,0.37994591194622,0.38986357516032,63122237.865041
1989-03-07,0.37006338083744,0.37006338083744,0.32999846768796,0.32999846768796,879024899.07685
1989-03-08,0.32999846768796,0.33991873328023,0.32999846768796,0.32999846768796,282661791.24468
1989-03-09,0.32999846768796,0.32999846768796,0.31999362480509,0.31999362480509,137430894.90308
1989-03-10,0.31999362480509,0.32999846768796,0.31999362480509,0.31999362480509,74565449.915532
1989-03-13,0.31999362480509,0.32999846768796,0.31999362480509,0.32999846768796,67102485.913313
1989-03-14,0.32999846768796,0.32999846768796,0.32999846768796,0.32999846768796,71018539.897499
1989-03-15,0.32999846768796,0.32999846768796,0.31010198537271,0.31010198537271,116903728.10736
1989-03-16,0.31999362480509,0.31999362480509,0.31010198537271,0.31999362480509,114672864.47066
1989-03-17,0.31010198537271,0.31010198537271,0.29005066155622,0.29005066155622,273706239.66581
1989-03-20,0.29005066155622,0.29005066155622,0.29005066155622,0.29005066155622,266371663.79177
1989-03-21,0.29005066155622,0.31010198537271,0.29005066155622,0.31010198537271,250177841.68168
1989-03-22,0.31010198537271,0.31010198537271,0.30004249254823,0.31010198537271,186156832.30708
1989-03-23,0.30004249254823,0.31010198537271,0.30004249254823,0.31010198537271,97869159.96906
1989-03-27,0.31010198537271,0.31999362480509,0.31010198537271,0.31010198537271,84195078.741477
1989-03-28,0.31010198537271,0.31010198537271,0.31010198537271,0.31010198537271,78914834.806616
1989-03-29,0.31010198537271,0.31010198537271,0.31010198537271,0.31010198537271,33446919.094071
1989-03-30,0.31010198537271,0.31010198537271,0.31010198537271,0.31010198537271,52096308.601157
1989-03-31,0.31010198537271,0.31010198537271,0.31010198537271,0.31010198537271,33141985.021671
1989-04-03,0.31010198537271,0.31999362480509,0.31010198537271,0.31010198537271,39064207.588598
1989-04-04,0.31010198537271,0.31010198537271,0.31010198537271,0.31010198537271,27893834.952912
1989-04-05,0.31010198537271,0.31010198537271,0.31010198537271,0.31010198537271,21891361.495302
1989-04-06,0.31010198537271,0.31999362480509,0.31010198537271,0.31999362480509,57601247.589992
1989-04-07,0.31999362480509,0.31999362480509,0.31999362480509,0.31999362480509,32820994.122676
1989-04-10,0.31999362480509,0.32999846768796,0.31999362480509,0.31999362480509,31954325.977033
1989-04-11,0.31999362480509,0.31999362480509,0.31010198537271,0.31999362480509,32018526.372985
1989-04-12,0.31999362480509,0.31999362480509,0.30004249254823,0.30004249254823,79155578.772325
1989-04-13,0.30004249254823,0.31010198537271,0.30004249254823,0.30004249254823,103518546.28711
1989-04-14,0.31010198537271,0.31999362480509,0.31010198537271,0.31999362480509,69798780.654884
1989-04-17,0.31999362480509,0.32999846768796,0.31999362480509,0.31999362480509,57553100.854703
1989-04-18,0.32999846768796,0.32999846768796,0.31999362480509,0.32999846768796,77277791.194417
1989-04-19,0.33991873328023,0.35014087474047,0.33991873328023,0.33991873328023,188323501.87971
1989-04-20,0.33991873328023,0.35014087474047,0.33991873328023,0.35014087474047,154700029.71805
1989-04-21,0.35014087474047,0.35014087474047,0.33991873328023,0.33991873328023,64855569.407424
1989-04-24,0.33991873328023,0.35014087474047,0.33991873328023,0.33991873328023,32692599.662637
1989-04-25,0.35014087474047,0.35014087474047,0.33991873328023,0.33991873328023,27749389.206662
1989-04-26,0.33991873328023,0.33991873328023,0.32999846768796,0.33991873328023,49608653.669922
1989-04-27,0.33991873328023,0.33991873328023,0.33991873328023,0.33991873328023,38550624.208061
1989-04-28,0.33991873328023,0.35014087474047,0.32999846768796,0.35014087474047,77775328.829128
1989-05-01,0.35014087474047,0.35014087474047,0.33991873328023,0.33991873328023,37603713.086571
1989-05-02,0.33991873328023,0.33991873328023,0.32999846768796,0.33991873328023,38309882.61678
1989-05-03,0.33991873328023,0.33991873328023,0.33991873328023,0.33991873328023,32162970.536271
1989-05-04,0.33991873328023,0.33991873328023,0.32999846768796,0.32999846768796,41712358.760814
1989-05-05,0.32999846768796,0.32999846768796,0.31999362480509,0.31999362480509,39930872.568307
1989-05-08,0.31999362480509,0.32999846768796,0.31999362480509,0.31999362480509,54616062.938884
1989-05-09,0.31999362480509,0.32999846768796,0.31999362480509,0.32999846768796,60843222.744143
1989-05-10,0.32999846768796,0.33991873328023,0.32999846768796,0.33991873328023,65481494.378819
1989-05-11,0.33991873328023,0.33991873328023,0.32999846768796,0.33991873328023,38341983.60624
1989-05-12,0.33991873328023,0.33991873328023,0.32999846768796,0.33991873328023,79235825.705609
1989-05-15,0.33991873328023,0.33991873328023,0.33991873328023,0.33991873328023,83296309.606368
1989-05-16,0.33991873328023,0.35014087474047,0.33991873328023,0.35014087474047,92990142.785688
1989-05-17,0.35014087474047,0.36003251417285,0.35014087474047,0.36003251417285,100100023.60577
1989-05-18,0.36003251417285,0.37006338083744,0.36003251417285,0.36003251417285,58596310.195673
1989-05-19,0.36003251417285,0.37006338083744,0.36003251417285,0.36003251417285,69734585.799315
1989-05-22,0.36003251417285,0.37006338083744,0.36003251417285,0.37006338083744,82782734.140665
1989-05-23,0.36003251417285,0.37006338083744,0.35014087474047,0.35014087474047,108718542.49723
1989-05-24,0.35014087474047,0.36003251417285,0.35014087474047,0.36003251417285,77309892.975363
1989-05-25,0.36003251417285,0.36003251417285,0.36003251417285,0.36003251417285,37716055.468911
1989-05-26,0.36003251417285,0.37006338083744,0.36003251417285,0.37006338083744,42225937.392451
1989-05-30,0.37006338083744,0.37006338083744,0.36003251417285,0.37006338083744,71227175.750419
1989-05-31,0.37006338083744,0.37994591194622,0.37006338083744,0.37994591194622,90245698.142889
1989-06-01,0.37994591194622,0.37994591194622,0.37006338083744,0.37006338083744,69991375.510876
1989-06-02,0.37006338083744,0.37994591194622,0.36003251417285,0.36003251417285,60233348.267478
1989-06-05,0.36003251417285,0.36003251417285,0.35014087474047,0.35014087474047,68450631.701131
1989-06-06,0.35014087474047,0.37006338083744,0.35014087474047,0.36003251417285,60072852.81798
1989-06-07,0.37006338083744,0.37006338083744,0.37006338083744,0.37006338083744,50074087.94072
1989-06-08,0.37006338083744,0.37994591194622,0.37006338083744,0.37006338083744,32564205.202599
1989-06-09,0.37006338083744,0.37006338083744,0.37006338083744,0.37006338083744,40283957.333412
1989-06-12,0.37006338083744,0.37994591194622,0.37006338083744,0.37006338083744,57601247.589992
1989-06-13,0.36003251417285,0.36003251417285,0.36003251417285,0.36003251417285,45211121.252076
1989-06-14,0.36003251417285,0.36003251417285,0.35014087474047,0.36003251417285,52722232.781067
1989-06-15,0.36003251417285,0.36003251417285,0.35014087474047,0.35014087474047,58082727.606618
1989-06-16,0.35014087474047,0.36003251417285,0.35014087474047,0.35014087474047,52786433.177021
1989-06-19,0.36003251417285,0.36003251417285,0.35014087474047,0.35014087474047,30269141.169939
1989-06-20,0.35014087474047,0.35014087474047,0.33991873328023,0.33991873328023,51053096.094253
1989-06-21,0.32999846768796,0.35014087474047,0.32999846768796,0.33991873328023,89716072.97394
1989-06-22,0.33991873328023,0.35014087474047,0.33991873328023,0.35014087474047,40203710.400146
1989-06-23,0.35014087474047,0.35014087474047,0.33991873328023,0.35014087474047,37379022.781504
1989-06-26,0.33991873328023,0.35014087474047,0.33991873328023,0.33991873328023,33703709.597112
1989-06-27,0.33991873328023,0.33991873328023,0.32999846768796,0.33991873328023,40011121.084539
1989-06-28,0.33991873328023,0.33991873328023,0.31999362480509,0.32999846768796,64037051.954489
1989-06-29,0.32999846768796,0.32999846768796,0.31999362480509,0.31999362480509,86040762.163996
1989-06-30,0.31999362480509,0.32999846768796,0.31999362480509,0.32999846768796,74950628.546746
1989-07-03,0.32999846768796,0.33991873328023,0.32999846768796,0.33991873328023,16370375.177672
1989-07-05,0.33991873328023,0.35014087474047,0.33991873328023,0.33991873328023,29579022.925942
1989-07-06,0.35014087474047,0.35014087474047,0.32999846768796,0.32999846768796,105637064.37554
1989-07-07,0.32999846768796,0.33991873328023,0.32999846768796,0.32999846768796,46206181.483306
1989-07-10,0.32999846768796,0.33991873328023,0.32999846768796,0.33991873328023,30381485.92673
1989-07-11,0.33991873328023,0.35014087474047,0.32999846768796,0.32999846768796,48469147.692441
1989-07-12,0.32999846768796,0.32999846768796,0.31999362480509,0.32999846768796,58130878.299325
1989-07-13,0.32999846768796,0.32999846768796,0.32999846768796,0.32999846768796,37234576.243768
1989-07-14,0.32999846768796,0.32999846768796,0.31999362480509,0.32999846768796,47666679.942751
1989-07-17,0.32999846768796,0.32999846768796,0.32999846768796,0.32999846768796,34875314.981089
1989-07-18,0.32999846768796,0.33991873328023,0.32999846768796,0.32999846768796,47907416.785129
1989-07-19,0.33991873328023,0.33991873328023,0.32999846768796,0.33991873328023,33174080.470747
1989-07-20,0.33991873328023,0.33991873328023,0.32999846768796,0.32999846768796,49624704.164652
1989-07-21,0.32999846768796,0.35014087474047,0.32999846768796,0.33991873328023,111190150.89115
1989-07-24,0.33991873328023,0.35014087474047,0.33991873328023,0.33991873328023,42755564.144367
1989-07-25,0.33991873328023,0.36003251417285,0.31999362480509,0.31999362480509,363374142.15996
1989-07-26,0.32999846768796,0.32999846768796,0.31999362480509,0.32999846768796,137800031.74588
1989-07-27,0.32999846768796,0.33991873328023,0.32999846768796,0.32999846768796,50780262.219831
1989-07-28,0.33991873328023,0.33991873328023,0.32999846768796,0.33991873328023,32564205.202599
1989-07-31,0.33991873328023,0.33991873328023,0.32999846768796,0.33991873328023,37154325.353085
1989-08-01,0.33991873328023,0.33991873328023,0.33991873328023,0.33991873328023,69253104.199721
1989-08-02,0.33991873328023,0.33991873328023,0.33991873328023,0.33991873328023,31617294.872592
1989-08-03,0.33991873328023,0.33991873328023,0.33991873328023,0.33991873328023,30750623.561016
1989-08-04,0.33991873328023,0.36003251417285,0.33991873328023,0.36003251417285,198530910.52471
1989-08-07,0.36003251417285,0.36003251417285,0.36003251417285,0.36003251417285,104288911.46437
1989-08-08,0.36003251417285,0.37006338083744,0.36003251417285,0.37006338083744,123211136.42885
1989-08-09,0.37006338083744,0.37006338083744,0.37006338083744,0.37006338083744,126806201.097
1989-08-10,0.37006338083744,0.37006338083744,0.36003251417285,0.36003251417285,53877790.836247
1989-08-11,0.37006338083744,0.37006338083744,0.36003251417285,0.36003251417285,68514834.471534
1989-08-14,0.36003251417285,0.36003251417285,0.36003251417285,0.36003251417285,76892603.065404
1989-08-15,0.36003251417285,0.36003251417285,0.35014087474047,0.36003251417285,19901238.658393
1989-08-16,0.36003251417285,0.36003251417285,0.35014087474047,0.35014087474047,52016060.084924
1989-08-17,0.35014087474047,0.35014087474047,0.33991873328023,0.35014087474047,44537050.336875
1989-08-18,0.35014087474047,0.36003251417285,0.35014087474047,0.36003251417285,27765437.326941
1989-08-21,0.36003251417285,0.36003251417285,0.35014087474047,0.35014087474047,35774076.201356
1989-08-22,0.35014087474047,0.37006338083744,0.35014087474047,0.36003251417285,72190142.11554
1989-08-23,0.37006338083744,0.37006338083744,0.36003251417285,0.37006338083744,51374087.784733
1989-08-24,0.37006338083744,0.37994591194622,0.36003251417285,0.37006338083744,103390143.91223
1989-08-25,0.37006338083744,0.37006338083744,0.36003251417285,0.37006338083744,94900025.021195
1989-08-28,0.37006338083744,0.37006338083744,0.36003251417285,0.37006338083744,31809883.396716
1989-08-29,0.37006338083744,0.37006338083744,0.36003251417285,0.36003251417285,60650630.262602
1989-08-30,0.37006338083744,0.37006338083744,0.36003251417285,0.37006338083744,45002478.275805
1989-08-31,0.37006338083744,0.37006338083744,0.37006338083744,0.37006338083744,15824693.182125
1989-09-01,0.37006338083744,0.37994591194622,0.37006338083744,0.37006338083744,49496306.538679
1989-09-05,0.37006338083744,0.37994591194622,0.37006338083744,0.37006338083744,104032117.79541
1989-09-06,0.37006338083744,0.37006338083744,0.37006338083744,0.37006338083744,47233342.703995
1989-09-07,0.37006338083744,0.37006338083744,0.36003251417285,0.36003251417285,46703711.203178
1989-09-08,0.36003251417285,0.37006338083744,0.36003251417285,0.37006338083744,44344455.480884
1989-09-11,0.37006338083744,0.37006338083744,0.36003251417285,0.37006338083744,31103712.283538
1989-09-12,0.37006338083744,0.37994591194622,0.37006338083744,0.37994591194622,75560513.312697
1989-09-13,0.37994591194622,0.40005839164975,0.37994591194622,0.38986357516032,201756833.60117
1989-09-14,0.38986357516032,0.40005839164975,0.38986357516032,0.40005839164975,87116070.911471
1989-09-15,0.40005839164975,0.40005839164975,0.38986357516032,0.38986357516032,99361753.877584
1989-09-18,0.38986357516032,0.40005839164975,0.38986357516032,0.40005839164975,43590130.509065
1989-09-19,0.40005839164975,0.40005839164975,0.38986357516032,0.38986357516032,54840752.452467
1989-09-20,0.38986357516032,0.41002680123821,0.38986357516032,0.41002680123821,80391378.220394
1989-09-21,0.41002680123821,0.4199457656414,0.40005839164975,0.41002680123821,99586437.85078
1989-09-22,0.41002680123821,0.41002680123821,0.40005839164975,0.41002680123821,48982729.49001
1989-09-25,0.41002680123821,0.4199457656414,0.41002680123821,0.4199457656414,77951873.190388
1989-09-26,0.4199457656414,0.4199457656414,0.41002680123821,0.4199457656414,44569148.1604
1989-09-27,0.41002680123821,0.4199457656414,0.41002680123821,0.4199457656414,77165447.229106
1989-09-28,0.41002680123821,0.4199457656414,0.41002680123821,0.4199457656414,46174084.451263
1989-09-29,0.4199457656414,0.4299662227933,0.4199457656414,0.4299662227933,71692607.646766
1989-10-02,0.4299662227933,0.44012330479924,0.4199457656414,0.4299662227933,56204954.275401
1989-10-03,0.44012330479924,0.44012330479924,0.4299662227933,0.4299662227933,76812358.506585
1989-10-04,0.4299662227933,0.46990101703417,0.4299662227933,0.46990101703417,289803776.22017
1989-10-05,0.46990101703417,0.5099151838093,0.46990101703417,0.49014361564632,317376608.40183
1989-10-06,0.49993506351907,0.49993506351907,0.49014361564632,0.49993506351907,97644461.749157
1989-10-09,0.49993506351907,0.5099151838093,0.49014361564632,0.5099151838093,65240755.953474
1989-10-10,0.5099151838093,0.52009959078605,0.49993506351907,0.5099151838093,76122242.637039
1989-10-11,0.49993506351907,0.49993506351907,0.49014361564632,0.49993506351907,118588909.74852
1989-10-12,0.49993506351907,0.49993506351907,0.49014361564632,0.49014361564632,65625940.916554
1989-10-13,0.4798811373244,0.49014361564632,0.44993947526462,0.4600835453797,114400025.84733
1989-10-16,0.44012330479924,0.4798811373244,0.4299662227933,0.46990101703417,282051903.3128
1989-10-17,0.46990101703417,0.5099151838093,0.4600835453797,0.49014361564632,197503743.76364
1989-10-18,0.49014361564632,0.49993506351907,0.49014361564632,0.49993506351907,150222253.53287
1989-10-19,0.49993506351907,0.5399856635886,0.49993506351907,0.52996650762579,199975360.0724
1989-10-20,0.52009959078605,0.52996650762579,0.5099151838093,0.52996650762579,104256815.22382
1989-10-23,0.52996650762579,0.52996650762579,0.5099151838093,0.52009959078605,67888904.751238
1989-10-24,0.5099151838093,0.5099151838093,0.49014361564632,0.49993506351907,175082749.97604
1989-10-25,0.5099151838093,0.52009959078605,0.49014361564632,0.49993506351907,79669152.655075
1989-10-26,0.49014361564632,0.49993506351907,0.4798811373244,0.4798811373244,150976573.75579
1989-10-27,0.4798811373244,0.49014361564632,0.4798811373244,0.4798811373244,108156815.54734
1989-10-30,0.49014361564632,0.49993506351907,0.49014361564632,0.49993506351907,51181488.17984
1989-10-31,0.49993506351907,0.5099151838093,0.49993506351907,0.5099151838093,63041989.348808
1989-11-01,0.5099151838093,0.52009959078605,0.5099151838093,0.5099151838093,83200016.927279
1989-11-02,0.49993506351907,0.49993506351907,0.46990101703417,0.4798811373244,251943263.92423
1989-11-03,0.4798811373244,0.49014361564632,0.4798811373244,0.49014361564632,110066689.07654
1989-11-06,0.49014361564632,0.49993506351907,0.4798811373244,0.4798811373244,98109893.645504
1989-11-07,0.4798811373244,0.5099151838093,0.4798811373244,0.49993506351907,146611153.40818
1989-11-08,0.5099151838093,0.52996650762579,0.5099151838093,0.52009959078605,118685219.84025
1989-11-09,0.52009959078605,0.52996650762579,0.5099151838093,0.52009959078605,124302494.87956
1989-11-10,0.52009959078605,0.52996650762579,0.52009959078605,0.52996650762579,65946928.649617
1989-11-13,0.52996650762579,0.5500061207405,0.52009959078605,0.5500061207405,199397567.58959
1989-11-14,0.5500061207405,0.55977284602062,0.5399856635886,0.5399856635886,106150640.63272
1989-11-15,0.5399856635886,0.55977284602062,0.5399856635886,0.5500061207405,105316070.31061
1989-11-16,0.5500061207405,0.55977284602062,0.5399856635886,0.5500061207405,75849400.056299
1989-11-17,0.5500061207405,0.5500061207405,0.5399856635886,0.5399856635886,35276552.813352
1989-11-20,0.5399856635886,0.5399856635886,0.52996650762579,0.5399856635886,63459269.760965
1989-11-21,0.5399856635886,0.5500061207405,0.5399856635886,0.5500061207405,74806192.298297
1989-11-22,0.5500061207405,0.5500061207405,0.5500061207405,0.5500061207405,42611122.355533
1989-11-24,0.5500061207405,0.5500061207405,0.5500061207405,0.5500061207405,20029632.326947
1989-11-27,0.5500061207405,0.5500061207405,0.52996650762579,0.5399856635886,41551860.145383
1989-11-28,0.5399856635886,0.5500061207405,0.5399856635886,0.5399856635886,63154332.522632
1989-11-29,0.5500061207405,0.5500061207405,0.52996650762579,0.52996650762579,95734592.968865
1989-11-30,0.52009959078605,0.5399856635886,0.52009959078605,0.5399856635886,123949407.74
1989-12-01,0.5399856635886,0.5500061207405,0.52996650762579,0.52996650762579,58034580.079845
1989-12-04,0.52996650762579,0.5399856635886,0.52996650762579,0.5399856635886,45179027.385966
1989-12-05,0.5399856635886,0.5399856635886,0.5399856635886,0.5399856635886,49095073.455319
1989-12-06,0.5399856635886,0.5399856635886,0.52996650762579,0.52996650762579,63956801.063805
1989-12-07,0.52009959078605,0.5399856635886,0.52009959078605,0.52996650762579,44970378.077828
1989-12-08,0.52996650762579,0.5399856635886,0.52009959078605,0.52996650762579,119953114.73739
1989-12-11,0.52996650762579,0.52996650762579,0.5099151838093,0.52009959078605,115218544.09175
1989-12-12,0.52009959078605,0.52009959078605,0.49993506351907,0.5099151838093,104353111.86033
1989-12-13,0.49993506351907,0.5099151838093,0.49014361564632,0.49993506351907,106760519.06681
1989-12-14,0.49014361564632,0.49993506351907,0.49014361564632,0.49014361564632,68562973.291989
1989-12-15,0.49014361564632,0.49014361564632,0.46990101703417,0.4798811373244,119439533.73129
1989-12-18,0.4798811373244,0.49014361564632,0.4798811373244,0.49014361564632,87421008.941281
1989-12-19,0.49014361564632,0.49993506351907,0.4798811373244,0.49993506351907,78545697.963802
1989-12-20,0.5099151838093,0.52009959078605,0.49993506351907,0.52009959078605,123724719.80938
1989-12-21,0.52009959078605,0.52009959078605,0.5099151838093,0.52009959078605,61324704.343737
1989-12-22,0.52009959078605,0.5399856635886,0.52009959078605,0.52996650762579,61180261.763419
1989-12-26,0.5399856635886,0.5399856635886,0.52996650762579,0.52996650762579,26545685.99916
1989-12-27,0.5399856635886,0.5399856635886,0.52996650762579,0.5399856635886,69991375.510876
1989-12-28,0.52009959078605,0.52996650762579,0.52009959078605,0.52996650762579,137190157.26921
1989-12-29,0.52996650762579,0.5500061207405,0.52996650762579,0.5399856635886,86522240.597663
1990-01-02,0.5399856635886,0.5500061207405,0.5399856635886,0.5500061207405,59109891.993243
1990-01-03,0.55977284602062,0.55977284602062,0.5500061207405,0.55977284602062,126806201.097
1990-01-04,0.55977284602062,0.56984014597962,0.5500061207405,0.56984014597962,140143252.01163
1990-01-05,0.56984014597962,0.56984014597962,0.55977284602062,0.55977284602062,77534584.071913
1990-01-08,0.55977284602062,0.56984014597962,0.5500061207405,0.56984014597962,65738288.047796
1990-01-09,0.56984014597962,0.56984014597962,0.55977284602062,0.56984014597962,78353105.482263
1990-01-10,0.55977284602062,0.56984014597962,0.5500061207405,0.5500061207405,115651877.37309
1990-01-11,0.5500061207405,0.55977284602062,0.52996650762579,0.5399856635886,106744470.15505
1990-01-12,0.52996650762579,0.5399856635886,0.52009959078605,0.5399856635886,165966704.53062
1990-01-15,0.52996650762579,0.5399856635886,0.52996650762579,0.5399856635886,69622237.085105
1990-01-16,0.52996650762579,0.55977284602062,0.52996650762579,0.5500061207405,89266687.614905
1990-01-17,0.5500061207405,0.55977284602062,0.5399856635886,0.5500061207405,108766687.64955
1990-01-18,0.55977284602062,0.58982771153089,0.55977284602062,0.58982771153089,325850689.46187
1990-01-19,0.58982771153089,0.60022941708501,0.58011303381422,0.58982771153089,110628416.81792
1990-01-22,0.58982771153089,0.58982771153089,0.55977284602062,0.56984014597962,186895106.78416
1990-01-23,0.56984014597962,0.56984014597962,0.55977284602062,0.55977284602062,155309919.23291
1990-01-24,0.5500061207405,0.56984014597962,0.5399856635886,0.56984014597962,201002512.58677
1990-01-25,0.56984014597962,0.58011303381422,0.55977284602062,0.56984014597962,125666695.91101
1990-01-26,0.55977284602062,0.56984014597962,0.55977284602062,0.56984014597962,75881494.713891
1990-01-29,0.56984014597962,0.56984014597962,0.55977284602062,0.56984014597962,61388901.573755
1990-01-30,0.56984014597962,0.58011303381422,0.55977284602062,0.56984014597962,81482733.50518
1990-01-31,0.56984014597962,0.58011303381422,0.56984014597962,0.58011303381422,125875338.09579
1990-02-01,0.58011303381422,0.58982771153089,0.58011303381422,0.58011303381422,99409897.446939
1990-02-02,0.58011303381422,0.58982771153089,0.58011303381422,0.58011303381422,79572856.01856
1990-02-05,0.58011303381422,0.58982771153089,0.58011303381422,0.58982771153089,66572855.20398
1990-02-06,0.58982771153089,0.58982771153089,0.56984014597962,0.58982771153089,91353105.505359
1990-02-07,0.58011303381422,0.58982771153089,0.58011303381422,0.58011303381422,149516080.83673
1990-02-08,0.58011303381422,0.58982771153089,0.58011303381422,0.58982771153089,106134592.51245
1990-02-09,0.58982771153089,0.58982771153089,0.58982771153089,0.58982771153089,69525943.614528
1990-02-12,0.58982771153089,0.58982771153089,0.58982771153089,0.58982771153089,62512359.430958
1990-02-13,0.58982771153089,0.58982771153089,0.58982771153089,0.58982771153089,65481494.378819
1990-02-14,0.58982771153089,0.58982771153089,0.58982771153089,0.58982771153089,39979018.512112
1990-02-15,0.58982771153089,0.60984130086388,0.58982771153089,0.60022941708501,99746938.049179
1990-02-16,0.60984130086388,0.61974725337621,0.60984130086388,0.60984130086388,78995080.156909
1990-02-20,0.60984130086388,0.63028428259528,0.60022941708501,0.61974725337621,147846944.9414
1990-02-21,0.61974725337621,0.61974725337621,0.60022941708501,0.60022941708501,115186449.43416
1990-02-22,0.60022941708501,0.60984130086388,0.60022941708501,0.60022941708501,67776561.577415
1990-02-23,0.60022941708501,0.60984130086388,0.58982771153089,0.60984130086388,63362975.498903
1990-02-26,0.60984130086388,0.61974725337621,0.60984130086388,0.61974725337621,77149399.90031
1990-02-27,0.61974725337621,0.61974725337621,0.60984130086388,0.60984130086388,69124705.782266
1990-02-28,0.60984130086388,0.61974725337621,0.60984130086388,0.61974725337621,43814822.3971
1990-03-01,0.60984130086388,0.63028428259528,0.60984130086388,0.61974725337621,85671624.529713
1990-03-02,0.61974725337621,0.64979301056288,0.61974725337621,0.64979301056288,111687679.81955
1990-03-05,0.64006401976626,0.66002816391398,0.64006401976626,0.66002816391398,84179032.204157
1990-03-06,0.64979301056288,0.64979301056288,0.64006401976626,0.64979301056288,76491377.105391
1990-03-07,0.64979301056288,0.66002816391398,0.64006401976626,0.64006401976626,53059271.008861
1990-03-08,0.64006401976626,0.67013449954556,0.63028428259528,0.66002816391398,99169159.813069
1990-03-09,0.66002816391398,0.67013449954556,0.66002816391398,0.66002816391398,84419775.378413
1990-03-12,0.66002816391398,0.68024213636623,0.66002816391398,0.67013449954556,76764213.354263
1990-03-13,0.68024213636623,0.68024213636623,0.66002816391398,0.66002816391398,94964214.336379
1990-03-14,0.67013449954556,0.68024213636623,0.66002816391398,0.67013449954556,145969166.06979
1990-03-15,0.67013449954556,0.699949946264,0.67013449954556,0.69022485903464,91032117.772294
1990-03-16,0.699949946264,0.71991409041172,0.699949946264,0.70993136774331,132519781.47914
1990-03-19,0.70993136774331,0.73052398621961,0.699949946264,0.73052398621961,90470390.822406
1990-03-20,0.73052398621961,0.73052398621961,0.699949946264,0.699949946264,102700025.66824
1990-03-21,0.699949946264,0.71991409041172,0.699949946264,0.70993136774331,77839520.518756
1990-03-22,0.70993136774331,0.70993136774331,0.69022485903464,0.69022485903464,103004961.32361
1990-03-23,0.699949946264,0.70993136774331,0.68024213636623,0.69022485903464,59735816.964637
1990-03-26,0.69022485903464,0.699949946264,0.69022485903464,0.69022485903464,62335816.652664
1990-03-27,0.69022485903464,0.699949946264,0.69022485903464,0.699949946264,58532111.382686
1990-03-28,0.699949946264,0.699949946264,0.68024213636623,0.69022485903464,110933359.59663
1990-03-29,0.69022485903464,0.699949946264,0.69022485903464,0.69022485903464,72206193.401753
1990-03-30,0.69022485903464,0.69022485903464,0.68024213636623,0.69022485903464,40893836.558978
1990-04-02,0.68024213636623,0.699949946264,0.68024213636623,0.69022485903464,82541990.174933
1990-04-03,0.699949946264,0.71991409041172,0.699949946264,0.71991409041172,94338298.862777
1990-04-04,0.71991409041172,0.73987693337036,0.71991409041172,0.73052398621961,88769150.771678
1990-04-05,0.73052398621961,0.73052398621961,0.70993136774331,0.70993136774331,73971622.767664
1990-04-06,0.70993136774331,0.71991409041172,0.70993136774331,0.70993136774331,81225943.002128
1990-04-09,0.70993136774331,0.71991409041172,0.70993136774331,0.70993136774331,34746918.938083
1990-04-10,0.70993136774331,0.73987693337036,0.70993136774331,0.73987693337036,50362974.684322
1990-04-11,0.73987693337036,0.74973083831924,0.73987693337036,0.74973083831924,78433350.04108
1990-04-12,0.75996599167034,0.75996599167034,0.74973083831924,0.74973083831924,53781498.948636
1990-04-16,0.75996599167034,0.77007102611284,0.74973083831924,0.75996599167034,43991367.549844
1990-04-17,0.75996599167034,0.78978273957786,0.73987693337036,0.77007102611284,74429031.395353
1990-04-18,0.77007102611284,0.77007102611284,0.73052398621961,0.75996599167034,108999407.55514
1990-04-19,0.74973083831924,0.75996599167034,0.73987693337036,0.73987693337036,64646928.01412
1990-04-20,0.74973083831924,0.74973083831924,0.73052398621961,0.73987693337036,49777167.639175
1990-04-23,0.73052398621961,0.73987693337036,0.70993136774331,0.73987693337036,72310510.932471
1990-04-24,0.73987693337036,0.73987693337036,0.699949946264,0.71991409041172,53404333.296793
1990-04-25,0.73052398621961,0.73052398621961,0.70993136774331,0.71991409041172,60040753.411486
1990-04-26,0.73052398621961,0.73052398621961,0.70993136774331,0.70993136774331,51598776.506832
1990-04-27,0.70993136774331,0.70993136774331,0.69022485903464,0.699949946264,63667915.111686
1990-04-30,0.699949946264,0.71991409041172,0.69022485903464,0.71991409041172,57344457.086948
1990-05-01,0.73052398621961,0.73052398621961,0.70993136774331,0.70993136774331,58483963.855913
1990-05-02,0.70993136774331,0.73052398621961,0.70993136774331,0.73052398621961,37074082.377237
1990-05-03,0.73052398621961,0.73987693337036,0.73052398621961,0.73987693337036,51149391.147797
1990-05-04,0.73987693337036,0.77007102611284,0.73987693337036,0.77007102611284,53291987.748518
1990-05-07,0.77007102611284,0.82010434885078,0.77007102611284,0.79963664452674,108501879.41824
1990-05-08,0.78017866293351,0.78978273957786,0.78017866293351,0.78017866293351,56646307.659461
1990-05-09,0.78017866293351,0.78978273957786,0.77007102611284,0.78017866293351,39192597.299735
1990-05-10,0.78978273957786,0.80987309906693,0.78017866293351,0.79963664452674,54391371.05085
1990-05-11,0.80987309906693,0.82010434885078,0.78978273957786,0.82010434885078,54800630.568802
1990-05-14,0.83008707151918,0.83008707151918,0.82010434885078,0.82010434885078,52641988.222252
1990-05-15,0.82010434885078,0.82010434885078,0.79963664452674,0.80987309906693,60321620.84385
1990-05-16,0.79963664452674,0.80987309906693,0.78978273957786,0.80987309906693,42972233.555229
1990-05-17,0.80987309906693,0.80987309906693,0.79963664452674,0.80987309906693,46511119.513121
1990-05-18,0.80987309906693,0.85977890527444,0.79963664452674,0.8499210967583,113485207.80047
1990-05-21,0.85977890527444,0.90020685017894,0.85977890527444,0.87999417891577,177875342.1456
1990-05-22,0.87999417891577,0.90020685017894,0.85977890527444,0.88959695437104,158752510.92874
1990-05-23,0.90020685017894,0.95036638825823,0.90020685017894,0.95036638825823,157356208.90782
1990-05-24,0.96022289558528,0.98018443735483,0.95036638825823,0.95036638825823,163446942.27807
1990-05-25,0.93002489927554,0.95036638825823,0.92004477898531,0.93002489927554,116679038.59378
1990-05-29,0.93002489927554,0.9401338372853,0.92004477898531,0.9401338372853,68522854.574258
1990-05-30,0.95036638825823,0.95036638825823,0.93002489927554,0.9401338372853,72527175.594432
1990-05-31,0.93002489927554,0.9401338372853,0.90020685017894,0.90980962563421,77390143.866042
1990-06-01,0.90980962563421,0.9401338372853,0.90980962563421,0.9401338372853,76980880.390674
1990-06-04,0.93002489927554,0.96022289558528,0.92004477898531,0.95036638825823,65938905.380961
1990-06-05,0.96022289558528,0.96982436985146,0.90980962563421,0.90980962563421,89451256.036305
1990-06-06,0.90980962563421,0.93002489927554,0.90020685017894,0.90980962563421,96175950.310341
1990-06-07,0.90980962563421,0.92004477898531,0.87999417891577,0.90020685017894,100445085.8937
1990-06-08,0.90020685017894,0.92004477898531,0.88959695437104,0.92004477898531,71074701.986609
1990-06-11,0.90980962563421,0.9401338372853,0.90980962563421,0.93002489927554,64911743.368787
1990-06-12,0.9401338372853,0.95036638825823,0.93002489927554,0.95036638825823,52000011.173161
1990-06-13,0.95036638825823,0.96982436985146,0.9401338372853,0.95036638825823,89459278.513485
1990-06-14,0.95036638825823,0.96022289558528,0.93002489927554,0.9401338372853,64871621.485121
1990-06-15,0.93002489927554,0.96022289558528,0.93002489927554,0.95036638825823,57456805.801157
1990-06-18,0.9401338372853,0.95036638825823,0.93002489927554,0.93002489927554,58837052.578436
1990-06-19,0.93002489927554,0.9401338372853,0.92004477898531,0.93002489927554,46495073.767292
1990-06-20,0.9401338372853,0.96982436985146,0.93002489927554,0.96982436985146,44095689.829463
1990-06-21,0.96982436985146,0.96982436985146,0.95036638825823,0.96022289558528,38237662.118106
1990-06-22,0.96022289558528,0.96982436985146,0.9401338372853,0.9401338372853,37932724.088289
1990-06-25,0.9401338372853,0.95036638825823,0.93002489927554,0.93002489927554,76884584.545642
1990-06-26,0.9401338372853,0.9401338372853,0.93002489927554,0.93002489927554,55948157.440488
1990-06-27,0.93002489927554,0.95036638825823,0.93002489927554,0.95036638825823,39858651.278148
1990-06-28,0.95036638825823,0.96022289558528,0.95036638825823,0.95036638825823,33495068.995293
1990-06-29,0.95036638825823,0.95036638825823,0.9401338372853,0.95036638825823,38959883.726013
1990-07-02,0.95036638825823,0.95036638825823,0.92004477898531,0.92004477898531,39537661.170635
1990-07-03,0.90980962563421,0.92004477898531,0.88959695437104,0.90020685017894,88335819.864793
1990-07-05,0.88959695437104,0.90020685017894,0.87999417891577,0.90020685017894,68940134.986414
1990-07-06,0.90020685017894,0.92004477898531,0.88959695437104,0.90980962563421,46591369.612321
1990-07-09,0.92004477898531,0.93002489927554,0.90980962563421,0.93002489927554,41591985.194982
1990-07-10,0.93002489927554,0.93002489927554,0.92004477898531,0.92004477898531,33101857.597621
1990-07-11,0.92004477898531,0.9401338372853,0.90980962563421,0.9401338372853,32235191.034946
1990-07-12,0.9401338372853,0.96982436985146,0.9401338372853,0.96982436985146,99241385.852125
1990-07-13,0.96982436985146,1.0001459791244,0.96982436985146,0.98018443735483,104353111.86033
1990-07-16,0.98018443735483,1.0100024864514,0.98018443735483,0.99016716002324,54311124.117584
1990-07-17,0.99016716002324,0.99016716002324,0.96022289558528,0.96982436985146,60714825.909654
1990-07-18,0.96022289558528,0.96982436985146,0.9401338372853,0.95036638825823,46647540.407749
1990-07-19,0.9401338372853,0.96022289558528,0.92004477898531,0.96022289558528,70368535.622334
1990-07-20,0.96022289558528,0.98018443735483,0.90980962563421,0.90980962563421,97772865.706996
1990-07-23,0.90980962563421,0.92004477898531,0.88959695437104,0.90020685017894,82702488.790365
1990-07-24,0.90020685017894,0.90020685017894,0.83008707151918,0.87026258574098,152806207.47508
1990-07-25,0.87026258574098,0.88959695437104,0.85977890527444,0.88959695437104,67038284.725876
1990-07-26,0.88959695437104,0.92004477898531,0.82010434885078,0.85977890527444,338064292.0171
1990-07-27,0.8499210967583,0.87026258574098,0.84006719180941,0.85977890527444,56862972.32142
1990-07-30,0.8499210967583,0.85977890527444,0.82010434885078,0.8499210967583,98029648.295203
1990-07-31,0.8499210967583,0.85977890527444,0.82010434885078,0.83008707151918,47153098.145181
1990-08-01,0.83008707151918,0.84006719180941,0.78978273957786,0.83008707151918,123845087.83484
1990-08-02,0.82010434885078,0.83008707151918,0.79963664452674,0.82010434885078,102282737.34125
1990-08-03,0.82010434885078,0.82010434885078,0.74973083831924,0.78978273957786,130601881.51535
1990-08-06,0.77007102611284,0.77007102611284,0.73052398621961,0.74973083831924,126148175.13615
1990-08-07,0.75996599167034,0.78017866293351,0.74973083831924,0.75996599167034,101496323.25222
1990-08-08,0.78017866293351,0.79963664452674,0.77007102611284,0.78978273957786,96143848.529396
1990-08-09,0.79963664452674,0.82010434885078,0.78978273957786,0.80987309906693,85880265.13154
1990-08-10,0.80987309906693,0.82010434885078,0.78017866293351,0.79963664452674,81571007.664516
1990-08-13,0.78978273957786,0.82010434885078,0.78978273957786,0.80987309906693,60121003.510686
1990-08-14,0.80987309906693,0.82010434885078,0.78978273957786,0.79963664452674,37571616.054527
1990-08-15,0.80987309906693,0.82010434885078,0.79963664452674,0.79963664452674,57296307.185725
1990-08-16,0.79963664452674,0.79963664452674,0.77007102611284,0.77007102611284,59438902.994962
1990-08-17,0.75996599167034,0.77007102611284,0.74973083831924,0.74973083831924,106134592.51245
1990-08-20,0.74973083831924,0.74973083831924,0.69022485903464,0.69022485903464,126613604.65805
1990-08-21,0.68024213636623,0.68024213636623,0.63028428259528,0.68024213636623,184624114.93192
1990-08-22,0.69022485903464,0.69022485903464,0.67013449954556,0.67013449954556,88311751.641792
1990-08-23,0.64979301056288,0.67013449954556,0.64006401976626,0.64006401976626,119752495.82125
1990-08-24,0.64979301056288,0.71991409041172,0.64979301056288,0.70993136774331,106375336.47818
1990-08-27,0.73987693337036,0.75996599167034,0.73987693337036,0.75996599167034,122729654.03777
1990-08-28,0.74973083831924,0.78978273957786,0.74973083831924,0.78017866293351,88969779.185613
1990-08-29,0.78017866293351,0.78978273957786,0.74973083831924,0.74973083831924,86883353.380322
1990-08-30,0.75996599167034,0.78017866293351,0.74973083831924,0.74973083831924,72872241.048299
1990-08-31,0.74973083831924,0.77007102611284,0.73987693337036,0.77007102611284,45403711.359166
1990-09-04,0.75996599167034,0.78017866293351,0.75996599167034,0.78017866293351,52802476.548398
1990-09-05,0.78017866293351,0.78978273957786,0.73052398621961,0.73987693337036,60939519.380656
1990-09-06,0.71991409041172,0.73052398621961,0.699949946264,0.71991409041172,128860517.20652
1990-09-07,0.70993136774331,0.73987693337036,0.699949946264,0.71991409041172,59856189.738987
1990-09-10,0.73052398621961,0.74973083831924,0.69022485903464,0.69022485903464,82750636.317146
1990-09-11,0.699949946264,0.699949946264,0.68024213636623,0.69022485903464,87902488.166424
1990-09-12,0.699949946264,0.71991409041172,0.69022485903464,0.70993136774331,83609276.445228
1990-09-13,0.71991409041172,0.73052398621961,0.70993136774331,0.71991409041172,55579024.555105
1990-09-14,0.70993136774331,0.74973083831924,0.699949946264,0.73987693337036,75424087.669167
1990-09-17,0.73987693337036,0.77007102611284,0.73987693337036,0.75996599167034,78457422.221499
1990-09-18,0.75996599167034,0.78017866293351,0.73987693337036,0.77007102611284,67583966.721423
1990-09-19,0.78978273957786,0.78978273957786,0.77007102611284,0.77007102611284,58732727.924366
1990-09-20,0.77007102611284,0.77007102611284,0.73987693337036,0.73987693337036,58451865.240904
1990-09-21,0.73987693337036,0.75996599167034,0.73052398621961,0.74973083831924,89042001.26725
1990-09-24,0.73987693337036,0.74973083831924,0.71991409041172,0.73052398621961,90767304.000609
1990-09-25,0.73987693337036,0.74973083831924,0.73052398621961,0.74973083831924,59414830.814543
1990-09-26,0.74973083831924,0.75996599167034,0.73987693337036,0.74973083831924,43766677.244778
1990-09-27,0.75996599167034,0.77007102611284,0.73052398621961,0.73987693337036,73257422.845445
1990-09-28,0.73052398621961,0.78978273957786,0.71991409041172,0.78978273957786,109208047.36548
1990-10-01,0.80987309906693,0.84006719180941,0.79963664452674,0.84006719180941,146699422.81862
1990-10-02,0.8499210967583,0.8499210967583,0.82010434885078,0.82010434885078,93030271.001217
1990-10-03,0.82010434885078,0.84006719180941,0.80987309906693,0.82010434885078,64197544.238052
1990-10-04,0.80987309906693,0.82010434885078,0.79963664452674,0.79963664452674,77229647.625062
1990-10-05,0.78978273957786,0.82010434885078,0.78017866293351,0.80987309906693,91505578.477683
1990-10-08,0.82010434885078,0.83008707151918,0.79963664452674,0.82010434885078,43108652.86689
1990-10-09,0.80987309906693,0.82010434885078,0.78017866293351,0.78978273957786,73979646.03632
1990-10-10,0.77007102611284,0.78017866293351,0.73987693337036,0.73987693337036,128836448.98352
1990-10-11,0.73987693337036,0.74973083831924,0.70993136774331,0.71991409041172,93415456.755779
1990-10-12,0.73052398621961,0.73052398621961,0.67013449954556,0.70993136774331,121766695.58748
1990-10-15,0.71991409041172,0.71991409041172,0.69022485903464,0.699949946264,145262990.9992
1990-10-16,0.70993136774331,0.71991409041172,0.67013449954556,0.68024213636623,335351939.65745
1990-10-17,0.68024213636623,0.70993136774331,0.67013449954556,0.699949946264,151377808.42212
1990-10-18,0.70993136774331,0.77007102611284,0.70993136774331,0.75996599167034,137912383.62603
1990-10-19,0.77007102611284,0.78978273957786,0.74973083831924,0.77007102611284,189848192.02878
1990-10-22,0.77007102611284,0.80987309906693,0.77007102611284,0.79963664452674,89491375.54552
1990-10-23,0.78978273957786,0.82010434885078,0.78978273957786,0.79963664452674,80118536.431142
1990-10-24,0.78978273957786,0.82010434885078,0.78978273957786,0.80987309906693,61003719.776609
1990-10-25,0.82010434885078,0.83008707151918,0.79963664452674,0.80987309906693,57400630.256827
1990-10-26,0.78978273957786,0.79963664452674,0.78978273957786,0.78978273957786,65898779.539878
1990-10-29,0.78978273957786,0.79963664452674,0.77007102611284,0.78017866293351,75656805.991792
1990-10-30,0.78017866293351,0.79963664452674,0.77007102611284,0.79963664452674,58588283.761081
1990-10-31,0.79963664452674,0.80987309906693,0.78978273957786,0.78978273957786,68209886.943916
1990-11-01,0.78978273957786,0.79963664452674,0.78017866293351,0.78978273957786,55105568.598617
1990-11-02,0.78978273957786,0.82010434885078,0.78978273957786,0.80987309906693,83328416.136215
1990-11-05,0.80987309906693,0.82010434885078,0.80987309906693,0.82010434885078,56509887.556316
1990-11-06,0.82010434885078,0.83008707151918,0.78978273957786,0.79963664452674,65995076.967873
1990-11-07,0.78978273957786,0.80987309906693,0.78978273957786,0.78978273957786,70328407.4068
1990-11-08,0.78978273957786,0.80987309906693,0.78978273957786,0.78978273957786,48445071.554603
1990-11-09,0.80987309906693,0.82010434885078,0.79963664452674,0.80987309906693,48308655.408875
1990-11-12,0.82010434885078,0.85977890527444,0.82010434885078,0.85977890527444,97700639.66794
1990-11-13,0.85977890527444,0.87026258574098,0.84006719180941,0.85977890527444,75408038.757404
1990-11-14,0.8499210967583,0.87026258574098,0.8499210967583,0.87026258574098,66564832.726806
1990-11-15,0.85977890527444,0.85977890527444,0.84006719180941,0.8499210967583,70360508.39626
1990-11-16,0.84006719180941,0.85977890527444,0.84006719180941,0.8499210967583,74758041.605589
1990-11-19,0.8499210967583,0.87026258574098,0.8499210967583,0.87026258574098,50772234.993756
1990-11-20,0.85977890527444,0.87999417891577,0.8499210967583,0.8499210967583,76756192.460058
1990-11-21,0.8499210967583,0.85977890527444,0.83008707151918,0.85977890527444,67696311.478215
1990-11-23,0.85977890527444,0.87999417891577,0.8499210967583,0.85977890527444,24587660.985775
1990-11-26,0.8499210967583,0.87999417891577,0.84006719180941,0.87999417891577,53027170.810883
1990-11-27,0.87999417891577,0.90020685017894,0.87026258574098,0.90020685017894,70681496.129322
1990-11-28,0.90020685017894,0.90980962563421,0.87999417891577,0.87999417891577,86514218.911974
1990-11-29,0.87999417891577,0.88959695437104,0.87026258574098,0.88959695437104,73409896.609255
1990-11-30,0.88959695437104,0.93002489927554,0.87999417891577,0.90020685017894,80431501.687035
1990-12-03,0.90980962563421,0.93002489927554,0.90980962563421,0.92004477898531,76058039.866636
1990-12-04,0.92004477898531,0.9401338372853,0.90980962563421,0.93002489927554,60795078.383304
1990-12-05,0.93002489927554,0.9401338372853,0.93002489927554,0.9401338372853,76491377.105391
1990-12-06,0.95036638825823,0.96022289558528,0.92004477898531,0.93002489927554,120595090.20351
1990-12-07,0.93002489927554,0.9401338372853,0.90020685017894,0.93002489927554,91304961.936004
1990-12-10,0.90980962563421,0.9401338372853,0.90980962563421,0.92004477898531,61886433.66808
1990-12-11,0.90980962563421,0.93002489927554,0.90020685017894,0.90020685017894,68843839.141385
1990-12-12,0.88959695437104,0.90980962563421,0.87999417891577,0.90020685017894,79757425.231443
1990-12-13,0.90980962563421,0.92004477898531,0.88959695437104,0.90980962563421,56517911.616455
1990-12-14,0.90980962563421,0.93002489927554,0.90020685017894,0.92004477898531,54206804.212416
1990-12-17,0.90980962563421,0.93002489927554,0.90020685017894,0.92004477898531,30413587.707674
1990-12-18,0.93002489927554,0.9401338372853,0.93002489927554,0.9401338372853,57817912.251952
1990-12-19,0.9401338372853,0.9401338372853,0.93002489927554,0.93002489927554,38189513.008366
1990-12-20,0.93002489927554,0.95036638825823,0.92004477898531,0.9401338372853,52377172.076102
1990-12-21,0.9401338372853,0.95036638825823,0.9401338372853,0.9401338372853,37306799.116895
1990-12-24,0.9401338372853,0.9401338372853,0.93002489927554,0.9401338372853,15102470.782734
1990-12-26,0.9401338372853,0.9401338372853,0.93002489927554,0.93002489927554,18071608.89653
1990-12-27,0.93002489927554,0.9401338372853,0.93002489927554,0.93002489927554,25221614.766212
1990-12-28,0.93002489927554,0.9401338372853,0.93002489927554,0.93002489927554,22589510.131308
1990-12-31,0.93002489927554,0.9401338372853,0.93002489927554,0.9401338372853,26417289.956155
1991-01-02,0.93002489927554,0.9401338372853,0.93002489927554,0.93002489927554,42474699.877937
1991-01-03,0.93002489927554,0.95036638825823,0.93002489927554,0.9401338372853,58877172.879135
1991-01-04,0.93002489927554,0.95036638825823,0.93002489927554,0.95036638825823,65184583.575078
1991-01-07,0.9401338372853,0.96982436985146,0.93002489927554,0.93002489927554,97580273.225449
1991-01-08,0.93002489927554,0.9401338372853,0.90980962563421,0.92004477898531,85198169.36471
1991-01-09,0.92004477898531,0.9401338372853,0.92004477898531,0.92004477898531,128868544.43259
1991-01-10,0.93002489927554,0.98018443735483,0.93002489927554,0.98018443735483,138080897.59528
1991-01-11,0.98018443735483,0.98018443735483,0.96022289558528,0.96982436985146,69108656.870504
1991-01-14,0.96022289558528,0.96982436985146,0.9401338372853,0.96022289558528,65377174.473651
1991-01-15,0.96022289558528,0.99016716002324,0.96022289558528,0.98018443735483,92998166.84582
1991-01-16,0.98018443735483,1.0299627270319,0.98018443735483,1.0194764441872,155943855.6007
1991-01-17,1.0695110681142,1.0695110681142,1.0400729662307,1.0500556888991,182256830.40059
1991-01-18,1.0299627270319,1.0695110681142,1.0194764441872,1.0604131540243,114833356.75421
1991-01-21,1.0500556888991,1.1196706061935,1.0500556888991,1.1196706061935,172209921.95398
1991-01-22,1.1196706061935,1.1302818031905,1.0899761700601,1.1100678307382,126741998.32661
1991-01-23,1.1003388399416,1.1196706061935,1.1003388399416,1.1100678307382,85912366.120994
1991-01-24,1.1100678307382,1.1302818031905,1.1100678307382,1.1302818031905,95943231.987717
1991-01-25,1.1302818031905,1.1302818031905,1.1100678307382,1.1196706061935,96841999.539859
1991-01-28,1.1100678307382,1.1699524560469,1.1100678307382,1.1499922154664,145993249.33099
1991-01-29,1.1499922154664,1.1799364799044,1.1196706061935,1.1499922154664,163816079.91235
1991-01-30,1.1499922154664,1.2000242370153,1.140009492798,1.2000242370153,165605598.87132
1991-01-31,1.2000242370153,1.240456085487,1.2000242370153,1.2198634670107,124182126.85411
1991-02-01,1.2295898554292,1.2599127658912,1.2101292714578,1.240456085487,131380279.45908
1991-02-04,1.249932645601,1.2599127658912,1.2198634670107,1.240456085487,98342611.968121
1991-02-05,1.240456085487,1.2701466180532,1.2198634670107,1.2599127658912,98904344.458409
1991-02-06,1.2599127658912,1.3300234362273,1.249932645601,1.3199262089194,118532744.49347
1991-02-07,1.3199262089194,1.360250058697,1.2701466180532,1.2798873195516,148753746.05148
1991-02-08,1.2798873195516,1.3104535523727,1.2701466180532,1.299589924693,82734581.864997
1991-02-11,1.299589924693,1.299589924693,1.2701466180532,1.299589924693,169786463.46128
1991-02-12,1.2901003526882,1.3104535523727,1.2798873195516,1.2901003526882,107225949.38019
1991-02-13,1.2798873195516,1.3199262089194,1.2701466180532,1.3104535523727,106431500.94175
1991-02-14,1.3104535523727,1.3104535523727,1.2295898554292,1.2599127658912,149018560.61466
1991-02-15,1.2599127658912,1.299589924693,1.2599127658912,1.2901003526882,128675950.36809
1991-02-19,1.2701466180532,1.2901003526882,1.2599127658912,1.2798873195516,74188287.429624
1991-02-20,1.2701466180532,1.299589924693,1.2599127658912,1.2798873195516,58572238.806737
1991-02-21,1.2798873195516,1.2901003526882,1.249932645601,1.249932645601,76098166.499203
1991-02-22,1.240456085487,1.299589924693,1.240456085487,1.2701466180532,117409287.42775
1991-02-25,1.2901003526882,1.299589924693,1.2599127658912,1.2798873195516,98663598.909702
1991-02-26,1.2599127658912,1.2798873195516,1.249932645601,1.2701466180532,61902483.371326
1991-02-27,1.2701466180532,1.3199262089194,1.2599127658912,1.3104535523727,97716690.954147
1991-02-28,1.3199262089194,1.3199262089194,1.2901003526882,1.2901003526882,61308657.806424
1991-03-01,1.2798873195516,1.3199262089194,1.2701466180532,1.3199262089194,86626558.128375
1991-03-04,1.3199262089194,1.3402637943348,1.299589924693,1.3300234362273,52409275.440013
1991-03-05,1.3402637943348,1.3999233139315,1.3300234362273,1.3901774076768,85101869.562268
1991-03-06,1.3999233139315,1.410254755275,1.3300234362273,1.3402637943348,112666687.1816
1991-03-07,1.299589924693,1.3402637943348,1.2901003526882,1.299589924693,184335231.35426
1991-03-08,1.299589924693,1.3199262089194,1.2701466180532,1.2798873195516,150125948.19005
1991-03-11,1.2701466180532,1.2798873195516,1.2198634670107,1.240456085487,179408065.06114
1991-03-12,1.2198634670107,1.2295898554292,1.1899179013837,1.1899179013837,170396333.98052
1991-03-13,1.2000242370153,1.2599127658912,1.2000242370153,1.249932645601,122898171.96444
1991-03-14,1.2599127658912,1.2599127658912,1.2101292714578,1.2198634670107,111695707.04561
1991-03-15,1.2198634670107,1.2295898554292,1.2000242370153,1.2000242370153,85743848.194318
1991-03-18,1.2000242370153,1.240456085487,1.2000242370153,1.240456085487,73803104.840992
1991-03-19,1.2198634670107,1.2599127658912,1.2101292714578,1.2295898554292,103101256.37715
1991-03-20,1.2295898554292,1.2599127658912,1.2295898554292,1.2295898554292,92749409.900721
1991-03-21,1.240456085487,1.2599127658912,1.1699524560469,1.1799364799044,132840768.42072
1991-03-22,1.1799364799044,1.1899179013837,1.1598474216044,1.1699524560469,106648178.26743
1991-03-25,1.1699524560469,1.2295898554292,1.1699524560469,1.2198634670107,66677171.943213
1991-03-26,1.2295898554292,1.3104535523727,1.2295898554292,1.3104535523727,100228417.27432
1991-03-27,1.3104535523727,1.360250058697,1.3104535523727,1.3402637943348,102467304.97116
1991-03-28,1.3402637943348,1.3496193438637,1.3199262089194,1.3199262089194,33984573.863543
1991-04-01,1.3199262089194,1.3402637943348,1.299589924693,1.3300234362273,65987052.907734
1991-04-02,1.3402637943348,1.3999233139315,1.3300234362273,1.3999233139315,107282119.38413
1991-04-03,1.410254755275,1.4498239153827,1.410254755275,1.4200006615298,102290768.52473
1991-04-04,1.4200006615298,1.4498239153827,1.410254755275,1.4200006615298,82309277.392703
1991-04-05,1.4200006615298,1.4200006615298,1.360250058697,1.3702171670963,121389537.85048
1991-04-08,1.3702171670963,1.410254755275,1.360250058697,1.3901774076768,51855568.592844
1991-04-09,1.3901774076768,1.410254755275,1.3702171670963,1.3702171670963,67728406.92729
1991-04-10,1.3702171670963,1.3702171670963,1.3104535523727,1.3402637943348,82854960.179736
1991-04-11,1.3496193438637,1.3901774076768,1.3496193438637,1.3797939187699,53428411.017597
1991-04-12,1.360250058697,1.3702171670963,1.2901003526882,1.3402637943348,196974112.26282
1991-04-15,1.3199262089194,1.4200006615298,1.3104535523727,1.4200006615298,98992617.034785
1991-04-16,1.4200006615298,1.42998078182,1.3702171670963,1.3999233139315,90646935.183666
1991-04-17,1.4200006615298,1.4600382497084,1.3797939187699,1.3901774076768,143088308.4472
1991-04-18,1.3901774076768,1.3999233139315,1.3496193438637,1.3702171670963,98174097.207387
1991-04-19,1.3199262089194,1.360250058697,1.3104535523727,1.3402637943348,107651257.01842
1991-04-22,1.3199262089194,1.3199262089194,1.2701466180532,1.2701466180532,155711146.77588
1991-04-23,1.2701466180532,1.2798873195516,1.249932645601,1.2701466180532,115812365.69924
1991-04-24,1.2599127658912,1.3104535523727,1.249932645601,1.2798873195516,91537673.926758
1991-04-25,1.2798873195516,1.2901003526882,1.249932645601,1.2599127658912,73233353.039478
1991-04-26,1.249932645601,1.2701466180532,1.2295898554292,1.2599127658912,98495088.10638
1991-04-29,1.2599127658912,1.2599127658912,1.2198634670107,1.2198634670107,79420392.544041
1991-04-30,1.2198634670107,1.240456085487,1.2000242370153,1.2295898554292,128371014.71272
1991-05-01,1.2295898554292,1.2599127658912,1.2101292714578,1.2599127658912,124414839.63635
1991-05-02,1.2599127658912,1.2798873195516,1.249932645601,1.249932645601,74549398.629318
1991-05-03,1.249932645601,1.2599127658912,1.240456085487,1.2599127658912,25687042.705141
1991-05-06,1.249932645601,1.2901003526882,1.249932645601,1.2798873195516,49881490.710278
1991-05-07,1.2901003526882,1.2901003526882,1.2599127658912,1.2599127658912,56734579.444349
1991-05-08,1.2599127658912,1.2901003526882,1.249932645601,1.2798873195516,64189520.177914
1991-05-09,1.2901003526882,1.3199262089194,1.2798873195516,1.3199262089194,85037672.332239
1991-05-10,1.3199262089194,1.3300234362273,1.2701466180532,1.2798873195516,58034580.079845
1991-05-13,1.2901003526882,1.2901003526882,1.2599127658912,1.2901003526882,76619768.399495
1991-05-14,1.2798873195516,1.2901003526882,1.2599127658912,1.2599127658912,65553717.251946
1991-05-15,1.249932645601,1.249932645601,1.2000242370153,1.2198634670107,123893241.69347
1991-05-16,1.240456085487,1.249932645601,1.2295898554292,1.240456085487,78288904.294823
1991-05-17,1.2295898554292,1.240456085487,1.2198634670107,1.240456085487,49945687.940297
1991-05-20,1.240456085487,1.249932645601,1.2198634670107,1.240456085487,73490142.751037
1991-05-21,1.240456085487,1.2901003526882,1.240456085487,1.2701466180532,93142618.132463
1991-05-22,1.2798873195516,1.3300234362273,1.2701466180532,1.3300234362273,98952493.568143
1991-05-23,1.3300234362273,1.3702171670963,1.3300234362273,1.360250058697,75512359.454056
1991-05-24,1.3702171670963,1.3999233139315,1.360250058697,1.3702171670963,75712975.995736
1991-05-28,1.3797939187699,1.3901774076768,1.3702171670963,1.3797939187699,48974703.846905
1991-05-29,1.3901774076768,1.3999233139315,1.3702171670963,1.3702171670963,71556192.292522
1991-05-30,1.3702171670963,1.3901774076768,1.360250058697,1.3702171670963,68916063.597479
1991-05-31,1.3797939187699,1.3797939187699,1.3496193438637,1.3702171670963,91152488.963687
1991-06-03,1.360250058697,1.3999233139315,1.360250058697,1.3999233139315,52329024.54933
1991-06-04,1.3999233139315,1.410254755275,1.3797939187699,1.410254755275,39048154.719418
1991-06-05,1.3999233139315,1.4200006615298,1.3999233139315,1.3999233139315,46125935.341524
1991-06-06,1.410254755275,1.410254755275,1.3797939187699,1.3797939187699,36424080.476522
1991-06-07,1.3702171670963,1.3702171670963,1.360250058697,1.3702171670963,57938284.234817
1991-06-10,1.3702171670963,1.3797939187699,1.3702171670963,1.3797939187699,32877168.875521
1991-06-11,1.3797939187699,1.410254755275,1.3797939187699,1.3797939187699,46639517.139095
1991-06-12,1.3797939187699,1.3999233139315,1.3702171670963,1.3797939187699,56919146.282783
1991-06-13,1.3797939187699,1.3999233139315,1.3797939187699,1.3797939187699,42354331.061005
1991-06-14,1.3901774076768,1.4200006615298,1.3797939187699,1.410254755275,51671002.545892
1991-06-17,1.4200006615298,1.42998078182,1.3999233139315,1.410254755275,32788895.507666
1991-06-18,1.410254755275,1.410254755275,1.3702171670963,1.3901774076768,52216679.792538
1991-06-19,1.3702171670963,1.3702171670963,1.2798873195516,1.2901003526882,175026572.05726
1991-06-20,1.2599127658912,1.2701466180532,1.2295898554292,1.2599127658912,209532772.35707
1991-06-21,1.2599127658912,1.2798873195516,1.2599127658912,1.2701466180532,75432111.729307
1991-06-24,1.2599127658912,1.2599127658912,1.2198634670107,1.2198634670107,88825328.690461
1991-06-25,1.240456085487,1.249932645601,1.2198634670107,1.2295898554292,108365458.52361
1991-06-26,1.2295898554292,1.2599127658912,1.2198634670107,1.2599127658912,107707432.56276
1991-06-27,1.2701466180532,1.2798873195516,1.249932645601,1.2701466180532,62983143.339011
1991-06-28,1.2701466180532,1.2901003526882,1.2198634670107,1.2701466180532,68573679.689849
1991-07-01,1.2901003526882,1.3402637943348,1.2701466180532,1.3300234362273,80680263.38103
1991-07-02,1.3300234362273,1.3496193438637,1.2701466180532,1.2701466180532,48950628.50055
1991-07-03,1.2101292714578,1.2198634670107,1.1499922154664,1.2000242370153,213579885.72639
1991-07-05,1.1899179013837,1.1899179013837,1.1499922154664,1.1499922154664,87779439.386225
1991-07-08,1.140009492798,1.2599127658912,1.1302818031905,1.249932645601,121691797.49999
1991-07-09,1.2599127658912,1.2901003526882,1.240456085487,1.2701466180532,85762566.780072
1991-07-10,1.2798873195516,1.2901003526882,1.2198634670107,1.2198634670107,75020186.494789
1991-07-11,1.2295898554292,1.249932645601,1.2198634670107,1.240456085487,57007420.442123
1991-07-12,1.249932645601,1.2798873195516,1.2295898554292,1.2701466180532,39203299.740178
1991-07-15,1.2901003526882,1.3104535523727,1.2798873195516,1.3104535523727,40974083.492243
1991-07-16,1.3104535523727,1.3104535523727,1.2599127658912,1.2599127658912,47629229.316036
1991-07-17,1.2295898554292,1.2701466180532,1.2198634670107,1.2701466180532,45168321.77959
1991-07-18,1.2701466180532,1.2901003526882,1.249932645601,1.249932645601,28594658.803286
1991-07-19,1.2599127658912,1.2701466180532,1.2295898554292,1.2701466180532,27241158.629312
1991-07-22,1.249932645601,1.2901003526882,1.240456085487,1.2599127658912,39160505.016594
1991-07-23,1.2701466180532,1.2798873195516,1.240456085487,1.240456085487,39674085.231197
1991-07-24,1.249932645601,1.2599127658912,1.2198634670107,1.2198634670107,60543635.143065
1991-07-25,1.249932645601,1.2701466180532,1.2295898554292,1.2295898554292,100544056.16162
1991-07-26,1.249932645601,1.3402637943348,1.249932645601,1.3300234362273,166394689.75768
1991-07-29,1.3300234362273,1.3300234362273,1.2901003526882,1.3104535523727,152100032.40448
1991-07-30,1.3199262089194,1.360250058697,1.299589924693,1.360250058697,86976974.010977
1991-07-31,1.360250058697,1.3797939187699,1.360250058697,1.3702171670963,124414839.63635
1991-08-01,1.3797939187699,1.3797939187699,1.360250058697,1.3702171670963,60121003.510686
1991-08-02,1.3797939187699,1.3999233139315,1.3702171670963,1.3702171670963,90689733.073186
1991-08-05,1.3702171670963,1.3702171670963,1.3402637943348,1.3496193438637,31488896.455136
1991-08-06,1.3496193438637,1.3999233139315,1.3496193438637,1.3901774076768,59179434.111615
1991-08-07,1.3999233139315,1.42998078182,1.3901774076768,1.4200006615298,77165447.229106
1991-08-08,1.4200006615298,1.4802457162152,1.4200006615298,1.4802457162152,102373689.8809
1991-08-09,1.4697711440723,1.5301723414481,1.4600382497084,1.5100689700682,127956407.93197
1991-08-12,1.4898615035614,1.5698325847918,1.4898615035614,1.5501195701377,63416472.662931
1991-08-13,1.5698325847918,1.5698325847918,1.5402695687561,1.5402695687561,105321421.53083
1991-08-14,1.5501195701377,1.5601257142097,1.5301723414481,1.5402695687561,74683140.352161
1991-08-15,1.5402695687561,1.5601257142097,1.5100689700682,1.5201661973762,50667912.714138
1991-08-16,1.5100689700682,1.5402695687561,1.4999587308694,1.5301723414481,58039932.883035
1991-08-19,1.4498239153827,1.5201661973762,1.4398177713107,1.4999587308694,95210313.479752
1991-08-20,1.5100689700682,1.5301723414481,1.4999587308694,1.4999587308694,63892605.416753
1991-08-21,1.5301723414481,1.5798127050821,1.5301723414481,1.5698325847918,81600431.856641
1991-08-22,1.5698325847918,1.5900660750804,1.5601257142097,1.5698325847918,48624291.921717
1991-08-23,1.5698325847918,1.6197461981339,1.5698325847918,1.5900660750804,48105361.278375
1991-08-26,1.5798127050821,1.5900660750804,1.5601257142097,1.5900660750804,49191365.342929
1991-08-27,1.5798127050821,1.5900660750804,1.5698325847918,1.5798127050821,38122637.398043
1991-08-28,1.5798127050821,1.6197461981339,1.5798127050821,1.6001633023884,46318528.614547
1991-08-29,1.6103776367141,1.6197461981339,1.5900660750804,1.6001633023884,31178611.954001
1991-08-30,1.6001633023884,1.6103776367141,1.5798127050821,1.5900660750804,24555558.413348
1991-09-03,1.5900660750804,1.5900660750804,1.5402695687561,1.5501195701377,37330871.297313
1991-09-04,1.5601257142097,1.5601257142097,1.5100689700682,1.5402695687561,42873262.495831
1991-09-05,1.5501195701377,1.5501195701377,1.4999587308694,1.4999587308694,65155164.923338
1991-09-06,1.5100689700682,1.5402695687561,1.4999587308694,1.5100689700682,56606184.984311
1991-09-09,1.5100689700682,1.5201661973762,1.4999587308694,1.5100689700682,35570793.151625
1991-09-10,1.5301723414481,1.5402695687561,1.4999587308694,1.4999587308694,73490142.751037
1991-09-11,1.4999587308694,1.5402695687561,1.4999587308694,1.5301723414481,71366274.233867
1991-09-12,1.5501195701377,1.6001633023884,1.5501195701377,1.6001633023884,59971205.752729
1991-09-13,1.6001633023884,1.6001633023884,1.5402695687561,1.5501195701377,57242812.396149
1991-09-16,1.5501195701377,1.5601257142097,1.5402695687561,1.5501195701377,24170375.824717
1991-09-17,1.5501195701377,1.5798127050821,1.5301723414481,1.5798127050821,26042807.433516
1991-09-18,1.5698325847918,1.6001633023884,1.5698325847918,1.5798127050821,30028402.744593
1991-09-19,1.5900660750804,1.6297133065332,1.5798127050821,1.6103776367141,57248161.24192
1991-09-20,1.6197461981339,1.6297133065332,1.6103776367141,1.6197461981339,33789308.542085
1991-09-23,1.6103776367141,1.6197461981339,1.5798127050821,1.5900660750804,55472028.644084
1991-09-24,1.5900660750804,1.6500769157304,1.5900660750804,1.6500769157304,53080674.306778
1991-09-25,1.6500769157304,1.6500769157304,1.6197461981339,1.6403570332574,28717702.834586
1991-09-26,1.6403570332574,1.6797570387839,1.6297133065332,1.6702973941281,53497959.467837
1991-09-27,1.6702973941281,1.6702973941281,1.6403570332574,1.6500769157304,37084781.651746
1991-09-30,1.6500769157304,1.6702973941281,1.6297133065332,1.6597967982034,30873667.592316
1991-10-01,1.6597967982034,1.6702973941281,1.6500769157304,1.6597967982034,21875314.957991
1991-10-02,1.6500769157304,1.6895940282746,1.6103776367141,1.6297133065332,74918537.846572
1991-10-03,1.6197461981339,1.6500769157304,1.6103776367141,1.6403570332574,38598775.692251
1991-10-04,1.6500769157304,1.6597967982034,1.6403570332574,1.6500769157304,29488071.969266
1991-10-07,1.6297133065332,1.6597967982034,1.6197461981339,1.6500769157304,30301245.325332
1991-10-08,1.6500769157304,1.6702973941281,1.6500769157304,1.6702973941281,42027994.482172
1991-10-09,1.6702973941281,1.7096973996546,1.6702973941281,1.6702973941281,67910304.091739
1991-10-10,1.6895940282746,1.6895940282746,1.6500769157304,1.6797570387839,46864209.027128
1991-10-11,1.7002247431079,1.7002247431079,1.6403570332574,1.6797570387839,77930472.266919
1991-10-14,1.6797570387839,1.7200548647798,1.6797570387839,1.7200548647798,56424291.777278
1991-10-15,1.7200548647798,1.7200548647798,1.7002247431079,1.7096973996546,64481088.467753
1991-10-16,1.7096973996546,1.7096973996546,1.6797570387839,1.7002247431079,111676978.17058
1991-10-17,1.7002247431079,1.7002247431079,1.6500769157304,1.6702973941281,106509082.94992
1991-10-18,1.6797570387839,1.7096973996546,1.6797570387839,1.6797570387839,42177785.90826
1991-10-21,1.6797570387839,1.7096973996546,1.6797570387839,1.7002247431079,31991775.812263
1991-10-22,1.7096973996546,1.7299178780522,1.7096973996546,1.7096973996546,36218114.297586
1991-10-23,1.7200548647798,1.7200548647798,1.6797570387839,1.6895940282746,40931283.228275
1991-10-24,1.6895940282746,1.6895940282746,1.6702973941281,1.6895940282746,30028402.744593
1991-10-25,1.6895940282746,1.7002247431079,1.6702973941281,1.6702973941281,31296301.599145
1991-10-28,1.6702973941281,1.6895940282746,1.6403570332574,1.6895940282746,42300833.105495
1991-10-29,1.6895940282746,1.7002247431079,1.6797570387839,1.7002247431079,40706592.923208
1991-10-30,1.7002247431079,1.7695911332868,1.7002247431079,1.7695911332868,73104950.664604
1991-10-31,1.7695911332868,1.779948598412,1.7403794383043,1.7501253445591,45799600.345656
1991-11-01,1.7501253445591,1.7501253445591,1.7200548647798,1.7299178780522,38224286.837744
1991-11-04,1.7200548647798,1.7299178780522,1.7002247431079,1.7002247431079,32141572.778737
1991-11-05,1.7096973996546,1.7695911332868,1.7002247431079,1.7501253445591,57665443.237044
1991-11-06,1.7598452270321,1.7902149803012,1.7403794383043,1.779948598412,42696715.760119
1991-11-07,1.7902149803012,1.7902149803012,1.7695911332868,1.7695911332868,23287660.350279
1991-11-08,1.779948598412,1.8100190781913,1.779948598412,1.779948598412,40674496.682649
1991-11-11,1.7902149803012,1.8302135328073,1.7902149803012,1.8202724481896,45211121.252076
1991-11-12,1.8398553439351,1.8797628132052,1.8302135328073,1.8702771447677,89202488.801917
1991-11-13,1.8600497985511,1.899592934877,1.8494320956087,1.8899901594218,64111946.084565
1991-11-14,1.899592934877,1.899592934877,1.8494320956087,1.8600497985511,49453509.440645
1991-11-15,1.8494320956087,1.8797628132052,1.7695911332868,1.779948598412,79792198.269347
1991-11-18,1.779948598412,1.8302135328073,1.779948598412,1.8202724481896,80728418.031165
1991-11-19,1.8000389579011,1.8202724481896,1.7598452270321,1.8000389579011,80220184.28788
1991-11-20,1.8100190781913,1.8202724481896,1.7902149803012,1.8000389579011,40615649.089884
1991-11-21,1.8000389579011,1.8202724481896,1.7902149803012,1.8202724481896,39631285.758712
1991-11-22,1.8100190781913,1.8202724481896,1.779948598412,1.7902149803012,42466678.983731
1991-11-25,1.7902149803012,1.8100190781913,1.779948598412,1.7902149803012,37587664.966291
1991-11-26,1.8000389579011,1.8000389579011,1.7299178780522,1.7695911332868,65545698.73219
1991-11-27,1.7598452270321,1.7902149803012,1.7598452270321,1.779948598412,16728809.580031
1991-11-29,1.7695911332868,1.8302135328073,1.7695911332868,1.8202724481896,22875723.243507
1991-12-02,1.8000389579011,1.899592934877,1.7902149803012,1.8899901594218,62250216.91621
1991-12-03,1.8899901594218,1.9200736510919,1.8600497985511,1.899592934877,72441585.35578
1991-12-04,1.899592934877,1.9306783421435,1.8702771447677,1.9099504000022,40455151.265935
1991-12-05,1.899592934877,1.9099504000022,1.8797628132052,1.899592934877,27744038.777924
1991-12-06,1.899592934877,1.9703385854872,1.8899901594218,1.9497537741454,57488903.624683
1991-12-09,1.9306783421435,1.9397606419643,1.8899901594218,1.9099504000022,64331288.335346
1991-12-10,1.9099504000022,1.9099504000022,1.8702771447677,1.899592934877,51550628.98006
1991-12-11,1.9099504000022,1.9200736510919,1.8600497985511,1.8797628132052,43616880.278304
1991-12-12,1.8899901594218,1.9306783421435,1.8797628132052,1.9099504000022,41214821.917589
1991-12-13,1.9099504000022,1.9200736510919,1.899592934877,1.9099504000022,29193834.005442
1991-12-16,1.9099504000022,1.9099504000022,1.8797628132052,1.9099504000022,30344037.674466
1991-12-17,1.9099504000022,1.9306783421435,1.8702771447677,1.899592934877,30627578.738232
1991-12-18,1.9099504000022,1.9306783421435,1.8899901594218,1.9200736510919,37405768.593325
1991-12-19,1.9099504000022,1.9306783421435,1.8899901594218,1.9200736510919,42482724.729561
1991-12-20,1.9397606419643,1.9602283462884,1.9099504000022,1.9306783421435,39406593.870678
1991-12-23,1.9306783421435,1.9999016015229,1.9200736510919,1.9999016015229,51395487.125234
1991-12-24,1.9999016015229,2.0101549715213,1.980448824686,1.9892838985805,26743628.117955
1991-12-26,1.9892838985805,2.0200049729029,1.980448824686,2.0200049729029,27112764.960757
1991-12-27,2.0200049729029,2.0797685876265,2.0101549715213,2.0597953351552,40856389.889681
1991-12-30,2.0703089429707,2.0797685876265,2.0502055715908,2.0703089429707,39593834.340515
1991-12-31,2.0703089429707,2.0899959338431,2.0301282239926,2.0797685876265,45152272.076343
1992-01-02,2.0703089429707,2.1398835234034,2.0502055715908,2.1297862960954,82772030.908738
1992-01-03,2.1297862960954,2.1398835234034,2.0899959338431,2.1098000317332,42627165.726911
1992-01-06,2.1203266514396,2.2004538753604,2.1001191849328,2.1798300283461,70280264.628928
1992-01-07,2.1798300283461,2.2498209892863,2.1601300255828,2.2403483327396,71735409.493701
1992-01-08,2.2200107473242,2.3499084537875,2.2200107473242,2.3195387005184,101159281.8585
1992-01-09,2.3195387005184,2.4102836273817,2.3195387005184,2.380343266511,98468334.379721
1992-01-10,2.3698426705863,2.3899200181845,2.3195387005184,2.34042278535,72045697.160772
1992-01-13,2.3195387005184,2.4102836273817,2.2901448390639,2.380343266511,58853101.490199
1992-01-14,2.380343266511,2.3998220671296,2.3601097762224,2.3998220671296,49046925.137062
1992-01-15,2.4102836273817,2.4902547086121,2.3998220671296,2.4600801337059,72773265.239999
1992-01-16,2.4499568826162,2.4702944680317,2.380343266511,2.3899200181845,65492196.027778
1992-01-17,2.3899200181845,2.4201466406541,2.3098448418272,2.3601097762224,94766281.71539
1992-01-20,2.380343266511,2.380343266511,2.2901448390639,2.2901448390639,65604543.15902
1992-01-21,2.2901448390639,2.3002420663719,2.1697328010381,2.2298737605967,133766290.491
1992-01-22,2.2403483327396,2.3499084537875,2.2200107473242,2.3499084537875,62560509.332181
1992-01-23,2.3499084537875,2.4201466406541,2.3098448418272,2.34042278535,84248573.531054
1992-01-24,2.3299221894254,2.3499084537875,2.3195387005184,2.3299221894254,42081491.646199
1992-01-27,2.3299221894254,2.3499084537875,2.2498209892863,2.2498209892863,51529234.388461
1992-01-28,2.2598141214674,2.2797873739387,2.1697328010381,2.2598141214674,106482324.47437
1992-01-29,2.2901448390639,2.3499084537875,2.2797873739387,2.3299221894254,108493851.40068
1992-01-30,2.3299221894254,2.3299221894254,2.2701585747017,2.3098448418272,46725113.709613
1992-01-31,2.3098448418272,2.3098448418272,2.2403483327396,2.2498209892863,55669973.137329
1992-02-03,2.209653282199,2.3499084537875,2.2004538753604,2.34042278535,89459278.513485
1992-02-04,2.34042278535,2.3601097762224,2.2901448390639,2.3299221894254,65133762.416903
1992-02-05,2.3299221894254,2.3998220671296,2.3098448418272,2.380343266511,79369567.428447
1992-02-06,2.3601097762224,2.4102836273817,2.3499084537875,2.3601097762224,69499192.262322
1992-02-07,2.3601097762224,2.380343266511,2.3195387005184,2.3499084537875,40679841.571002
1992-02-10,2.3499084537875,2.3601097762224,2.2797873739387,2.3299221894254,46109889.595695
1992-02-11,2.3195387005184,2.3299221894254,2.2701585747017,2.2901448390639,45783553.808346
1992-02-12,2.2200107473242,2.3698426705863,2.2200107473242,2.3499084537875,92888495.720427
1992-02-13,2.3499084537875,2.3601097762224,2.2701585747017,2.2901448390639,108509902.6869
1992-02-14,2.2901448390639,2.2901448390639,2.209653282199,2.2200107473242,92096727.245251
1992-02-18,2.2298737605967,2.2901448390639,2.209653282199,2.209653282199,82135409.037296
1992-02-19,2.209653282199,2.209653282199,2.1203266514396,2.150019786384,162023903.94315
1992-02-20,2.1697328010381,2.2298737605967,2.1601300255828,2.2004538753604,82836231.304701
1992-02-21,2.1905778501971,2.2200107473242,2.1297862960954,2.1398835234034,101555168.47054
1992-02-24,2.1398835234034,2.1798300283461,2.1098000317332,2.150019786384,65813185.343808
1992-02-25,2.150019786384,2.1798300283461,2.1203266514396,2.1601300255828,63962155.449961
1992-02-26,2.1697328010381,2.2797873739387,2.1697328010381,2.2797873739387,112201263.20007
1992-02-27,2.2901448390639,2.34042278535,2.2901448390639,2.3299221894254,88694255.058639
1992-02-28,2.34042278535,2.3601097762224,2.2901448390639,2.3098448418272,64951865.252453
1992-03-02,2.3098448418272,2.3499084537875,2.2797873739387,2.3002420663719,38871614.315574
1992-03-03,2.3098448418272,2.34042278535,2.2901448390639,2.3002420663719,30911117.427547
1992-03-04,2.3002420663719,2.3195387005184,2.2797873739387,2.2901448390639,36876141.049925
1992-03-05,2.2901448390639,2.3002420663719,2.2298737605967,2.2701585747017,62068327.666596
1992-03-06,2.2598141214674,2.2797873739387,2.1798300283461,2.209653282199,68953509.475292
1992-03-09,2.2200107473242,2.2498209892863,2.209653282199,2.2200107473242,33912351.781901
1992-03-10,2.2298737605967,2.2901448390639,2.2298737605967,2.2797873739387,50689308.888704
1992-03-11,2.2901448390639,2.3002420663719,2.2298737605967,2.2498209892863,44060919.166019
1992-03-12,2.2498209892863,2.2701585747017,2.2200107473242,2.2598141214674,55755569.707849
1992-03-13,2.2901448390639,2.3002420663719,2.2498209892863,2.2598141214674,40974083.492243
1992-03-16,2.2598141214674,2.3195387005184,2.2498209892863,2.3195387005184,61447751.540971
1992-03-17,2.34042278535,2.4102836273817,2.3299221894254,2.3899200181845,105294674.92754
1992-03-18,2.3998220671296,2.4102836273817,2.3601097762224,2.3601097762224,77160097.591852
1992-03-19,2.3698426705863,2.4300096539266,2.3601097762224,2.380343266511,124356001.54139
1992-03-20,2.380343266511,2.4102836273817,2.380343266511,2.3998220671296,39872022.601091
1992-03-23,2.3998220671296,2.4201466406541,2.3899200181845,2.3998220671296,42177785.90826
1992-03-24,2.4102836273817,2.4300096539266,2.3601097762224,2.380343266511,78272856.174543
1992-03-25,2.380343266511,2.4201466406541,2.3698426705863,2.3998220671296,40947335.305971
1992-03-26,2.4102836273817,2.4102836273817,2.3195387005184,2.34042278535,67321823.415191
1992-03-27,2.3299221894254,2.34042278535,2.2298737605967,2.2701585747017,100276571.13296
1992-03-30,2.2701585747017,2.2797873739387,2.2403483327396,2.2403483327396,45376963.964377
1992-03-31,2.2498209892863,2.2797873739387,2.2004538753604,2.2200107473242,96633353.397646
1992-04-01,2.1905778501971,2.2598141214674,2.1905778501971,2.2498209892863,82702488.790365
1992-04-02,2.2498209892863,2.2701585747017,2.1798300283461,2.1905778501971,63437875.169365
1992-04-03,2.2004538753604,2.2298737605967,2.1798300283461,2.2004538753604,66353511.370232
1992-04-06,2.2004538753604,2.2701585747017,2.2004538753604,2.2701585747017,44718940.377973
1992-04-07,2.2797873739387,2.2901448390639,2.1601300255828,2.1697328010381,81092197.321872
1992-04-08,2.1601300255828,2.2004538753604,2.1203266514396,2.1905778501971,117460111.75186
1992-04-09,2.209653282199,2.2498209892863,2.1798300283461,2.2403483327396,78026771.277878
1992-04-10,2.2701585747017,2.2797873739387,2.1297862960954,2.1697328010381,140929663.72621
1992-04-13,2.1798300283461,2.209653282199,2.1398835234034,2.2004538753604,50769562.945322
1992-04-14,2.209653282199,2.2498209892863,2.1798300283461,2.1905778501971,81145695.277384
1992-04-15,2.4102836273817,2.4201466406541,2.3601097762224,2.4102836273817,248883182.76859
1992-04-16,2.4102836273817,2.4102836273817,2.3698426705863,2.3899200181845,73998367.788001
1992-04-20,2.3299221894254,2.34042278535,2.1601300255828,2.209653282199,252018154.88837
1992-04-21,2.209653282199,2.2200107473242,2.1601300255828,2.1697328010381,110612366.32319
1992-04-22,2.1798300283461,2.2200107473242,2.1398835234034,2.2004538753604,68867920.028123
1992-04-23,2.2200107473242,2.2200107473242,2.1001191849328,2.1601300255828,128544888.6085
1992-04-24,2.1697328010381,2.1798300283461,2.0899959338431,2.1001191849328,100747345.54322
1992-04-27,2.1001191849328,2.1798300283461,2.1001191849328,2.1203266514396,110992207.18939
1992-04-28,2.1297862960954,2.1398835234034,1.9999016015229,2.0399522015925,222770832.42522
1992-04-29,2.0502055715908,2.0797685876265,2.0200049729029,2.0797685876265,153036255.33221
1992-04-30,2.0899959338431,2.1098000317332,2.0502055715908,2.0597953351552,106851464.4831
1992-05-01,2.0703089429707,2.1297862960954,2.0597953351552,2.1297862960954,69194255.815473
1992-05-04,2.1203266514396,2.1697328010381,2.1001191849328,2.1297862960954,82386843.571216
1992-05-05,2.1297862960954,2.2004538753604,2.1203266514396,2.1798300283461,66032523.63717
1992-05-06,2.1905778501971,2.1905778501971,2.1601300255828,2.1697328010381,55744870.433341
1992-05-07,2.1697328010381,2.1798300283461,2.1398835234034,2.150019786384,45227171.746806
1992-05-08,2.1697328010381,2.1905778501971,2.1203266514396,2.1398835234034,66674496.728844
1992-05-11,2.1398835234034,2.150019786384,2.1203266514396,2.1297862960954,45821001.269125
1992-05-12,2.1398835234034,2.150019786384,2.1098000317332,2.1398835234034,55621824.819072
1992-05-13,2.1297862960954,2.1398835234034,2.0703089429707,2.1098000317332,71687255.635061
1992-05-14,2.1098000317332,2.1098000317332,2.0399522015925,2.0703089429707,80589319.547704
1992-05-15,2.0597953351552,2.0797685876265,2.0502055715908,2.0597953351552,45489311.095619
1992-05-18,2.0703089429707,2.1203266514396,2.0703089429707,2.1098000317332,41824698.768705
1992-05-19,2.1203266514396,2.1398835234034,2.1203266514396,2.1398835234034,57109067.507374
1992-05-20,2.1398835234034,2.1905778501971,2.1398835234034,2.1798300283461,65534993.917296
1992-05-21,2.1905778501971,2.1905778501971,2.150019786384,2.1798300283461,54129232.49352
1992-05-22,2.1905778501971,2.1905778501971,2.150019786384,2.1601300255828,41204125.017531
1992-05-26,2.1697328010381,2.1905778501971,2.150019786384,2.1601300255828,42595071.860802
1992-05-27,2.1601300255828,2.1697328010381,2.1398835234034,2.150019786384,34736222.038025
1992-05-28,2.1398835234034,2.2298737605967,2.1398835234034,2.2200107473242,69884374.05947
1992-05-29,2.2403483327396,2.2901448390639,2.2298737605967,2.2598141214674,100217720.37426
1992-06-01,2.2498209892863,2.3195387005184,2.2403483327396,2.3195387005184,76379035.514534
1992-06-02,2.3195387005184,2.3299221894254,2.2901448390639,2.3002420663719,47463385.020766
1992-06-03,2.2901448390639,2.3195387005184,2.2901448390639,2.3002420663719,31419344.047478
1992-06-04,2.3002420663719,2.3098448418272,2.2901448390639,2.2901448390639,46537874.031261
1992-06-05,2.2901448390639,2.3002420663719,2.2598141214674,2.2598141214674,45628411.162035
1992-06-08,2.2598141214674,2.2598141214674,2.209653282199,2.209653282199,44836638.729437
1992-06-09,2.2200107473242,2.2200107473242,2.1297862960954,2.150019786384,94295498.598821
1992-06-10,2.150019786384,2.1601300255828,2.0899959338431,2.1001191849328,72955161.612965
1992-06-11,2.1001191849328,2.150019786384,2.0101549715213,2.0200049729029,145707025.13801
1992-06-12,2.0597953351552,2.1098000317332,2.0399522015925,2.1001191849328,153838718.33302
1992-06-15,2.1001191849328,2.1905778501971,2.1001191849328,2.1203266514396,61233758.135962
1992-06-16,2.1203266514396,2.1398835234034,2.0301282239926,2.0399522015925,63947886.584682
1992-06-17,2.0301282239926,2.0502055715908,1.9999016015229,2.0301282239926,78053519.46415
1992-06-18,2.0502055715908,2.1001191849328,1.9892838985805,2.0301282239926,59468326.395602
1992-06-19,2.0597953351552,2.0797685876265,2.0399522015925,2.0597953351552,48048295.315062
1992-06-22,2.0502055715908,2.0899959338431,1.9999016015229,2.0797685876265,60274360.570127
1992-06-23,2.1001191849328,2.1203266514396,2.0399522015925,2.0597953351552,63997817.323872
1992-06-24,2.0703089429707,2.0703089429707,2.0101549715213,2.0301282239926,38001380.536579
1992-06-25,2.0301282239926,2.0301282239926,1.8600497985511,1.9602283462884,184279053.43548
1992-06-26,1.9497537741454,1.9602283462884,1.8398553439351,1.8702771447677,157130622.64339
1992-06-29,1.9200736510919,2.0399522015925,1.9099504000022,2.0301282239926,101382193.70005
1992-06-30,2.0399522015925,2.0502055715908,1.9497537741454,1.9602283462884,82529510.853946
1992-07-01,1.9703385854872,2.0399522015925,1.9497537741454,2.0200049729029,50305913.469909
1992-07-02,2.0399522015925,2.0502055715908,1.9306783421435,1.9602283462884,89790969.478462
1992-07-06,1.9602283462884,1.9703385854872,1.899592934877,1.9497537741454,40373121.911735
1992-07-07,1.9602283462884,1.9602283462884,1.8899901594218,1.9099504000022,60627447.709682
1992-07-08,1.9099504000022,1.9306783421435,1.8398553439351,1.9200736510919,104117721.48927
1992-07-09,1.9306783421435,1.980448824686,1.9099504000022,1.9306783421435,68181363.460063
1992-07-10,1.9397606419643,1.9602283462884,1.899592934877,1.9497537741454,32216468.491781
1992-07-13,1.9602283462884,1.9999016015229,1.9200736510919,1.9602283462884,39135534.502356
1992-07-14,1.980448824686,1.9999016015229,1.9703385854872,1.9892838985805,45826348.531929
1992-07-15,2.0101549715213,2.0502055715908,1.9892838985805,1.9999016015229,89355846.652851
1992-07-16,1.9892838985805,2.0301282239926,1.980448824686,2.0301282239926,47135266.021
1992-07-17,2.0101549715213,2.0200049729029,1.9602283462884,1.9703385854872,66722649.004518
1992-07-20,1.9497537741454,1.9703385854872,1.9200736510919,1.9397606419643,54286159.935215
1992-07-21,1.9602283462884,2.0399522015925,1.9497537741454,2.0101549715213,51165446.391429
1992-07-22,2.0101549715213,2.0101549715213,1.9497537741454,1.9602283462884,65766817.863519
1992-07-23,1.9602283462884,2.0301282239926,1.9306783421435,1.9892838985805,76280949.333735
1992-07-24,1.9892838985805,2.0703089429707,1.9892838985805,2.0399522015925,84993983.232255
1992-07-27,2.0399522015925,2.0597953351552,2.0301282239926,2.0502055715908,34006865.205995
1992-07-28,2.0597953351552,2.0899959338431,2.0399522015925,2.0703089429707,50559135.96515
1992-07-29,2.0899959338431,2.1001191849328,2.0200049729029,2.0703089429707,161913343.98174
1992-07-30,2.0597953351552,2.0899959338431,2.0502055715908,2.0502055715908,35704534.082983
1992-07-31,2.0597953351552,2.0597953351552,2.0301282239926,2.0399522015925,39356667.088906
1992-08-03,2.0399522015925,2.0797685876265,2.0200049729029,2.0703089429707,35126755.055395
1992-08-04,2.0703089429707,2.0899959338431,2.0597953351552,2.0703089429707,35030461.584816
1992-08-05,2.0703089429707,2.0703089429707,1.9999016015229,2.0200049729029,67040071.895712
1992-08-06,1.9999016015229,2.0200049729029,1.9703385854872,1.9999016015229,4130041.848811
1992-08-07,1.9999016015229,2.0703089429707,1.980448824686,1.980448824686,61308657.806424
1992-08-10,1.9892838985805,2.0301282239926,1.980448824686,1.9892838985805,46885609.950595
1992-08-11,1.9999016015229,2.0200049729029,1.9602283462884,1.9999016015229,37266676.441745
1992-08-12,2.0101549715213,2.0301282239926,1.980448824686,1.9892838985805,33928406.234049
1992-08-13,1.9999016015229,2.0101549715213,1.980448824686,1.9892838985805,31460365.84793
1992-08-14,1.9892838985805,2.0101549715213,1.980448824686,1.9892838985805,37830187.39554
1992-08-17,1.980448824686,1.9892838985805,1.9497537741454,1.9497537741454,70570938.542366
1992-08-18,1.9306783421435,1.980448824686,1.9099504000022,1.9497537741454,73909204.00116
1992-08-19,1.9497537741454,1.980448824686,1.9306783421435,1.9397606419643,30575865.578107
1992-08-20,1.9497537741454,1.980448824686,1.9306783421435,1.9703385854872,40719076.201619
1992-08-21,1.980448824686,1.9892838985805,1.9306783421435,1.9602283462884,58747887.208629
1992-08-24,1.9497537741454,1.9602283462884,1.9306783421435,1.9306783421435,47702347.357047
1992-08-25,1.9306783421435,1.980448824686,1.9200736510919,1.9703385854872,41375320.533022
1992-08-26,1.9703385854872,2.0301282239926,1.9703385854872,2.0101549715213,55744870.433341
1992-08-27,2.0200049729029,2.0703089429707,2.0200049729029,2.0597953351552,98111679.232376
1992-08-28,2.0597953351552,2.0899959338431,2.0597953351552,2.0899959338431,55134991.999259
1992-08-31,2.0797685876265,2.1001191849328,2.0597953351552,2.0899959338431,28589307.583064
1992-09-01,2.0703089429707,2.0899959338431,2.0502055715908,2.0899959338431,34356382.75478
1992-09-02,2.0899959338431,2.1203266514396,2.0703089429707,2.1098000317332,69051593.281639
1992-09-03,2.1203266514396,2.1697328010381,2.1203266514396,2.150019786384,95065861.401633
1992-09-04,2.1398835234034,2.1398835234034,2.1203266514396,2.1297862960954,31859814.92739
1992-09-08,2.1297862960954,2.1601300255828,2.1098000317332,2.150019786384,55031565.679008
1992-09-09,2.150019786384,2.2004538753604,2.1398835234034,2.1905778501971,67967370.055053
1992-09-10,2.1905778501971,2.2200107473242,2.1697328010381,2.2200107473242,59407693.215969
1992-09-11,2.2004538753604,2.2200107473242,2.1905778501971,2.209653282199,34324284.931255
1992-09-14,2.2403483327396,2.3002420663719,2.2403483327396,2.2901448390639,105993713.19104
1992-09-15,2.2901448390639,2.2901448390639,2.2403483327396,2.2797873739387,49724565.643033
1992-09-16,2.2403483327396,2.2901448390639,2.2298737605967,2.2498209892863,39798912.474916
1992-09-17,2.2598141214674,2.2901448390639,2.2498209892863,2.2701585747017,26292462.712436
1992-09-18,2.2797873739387,2.2901448390639,2.2004538753604,2.2403483327396,79893847.709036
1992-09-21,2.209653282199,2.2298737605967,2.1905778501971,2.2200107473242,35454878.804063
1992-09-22,2.2200107473242,2.2200107473242,2.1697328010381,2.1798300283461,34302887.965204
1992-09-23,2.1798300283461,2.2403483327396,2.1697328010381,2.2200107473242,41967361.302538
1992-09-24,2.2200107473242,2.2598141214674,2.2200107473242,2.2498209892863,41186296.059285
1992-09-25,2.2498209892863,2.2498209892863,2.1297862960954,2.209653282199,46607417.732601
1992-09-28,2.1398835234034,2.1905778501971,2.1398835234034,2.1601300255828,58908379.492194
1992-09-29,2.1601300255828,2.2200107473242,2.1601300255828,2.209653282199,43903988.558389
1992-09-30,2.2403483327396,2.2598141214674,2.209653282199,2.2598141214674,66697684.822148
1992-10-01,2.2403483327396,2.2701585747017,2.2298737605967,2.2298737605967,53280396.472058
1992-10-02,2.2200107473242,2.2403483327396,2.1905778501971,2.209653282199,41018664.59418
1992-10-05,2.2004538753604,2.2901448390639,2.1203266514396,2.2901448390639,79519360.437499
1992-10-06,2.3098448418272,2.34042278535,2.2797873739387,2.3098448418272,82829102.412445
1992-10-07,2.3098448418272,2.3601097762224,2.2701585747017,2.2701585747017,64814557.104775
1992-10-08,2.3098448418272,2.3698426705863,2.2901448390639,2.34042278535,66351728.157814
1992-10-09,2.34042278535,2.34042278535,2.2901448390639,2.3098448418272,44784920.820409
1992-10-12,2.3299221894254,2.3601097762224,2.3195387005184,2.3499084537875,38675456.992164
1992-10-13,2.380343266511,2.3899200181845,2.3299221894254,2.3601097762224,96567375.329655
1992-10-14,2.3698426705863,2.380343266511,2.3299221894254,2.34042278535,52891639.543756
1992-10-15,2.3299221894254,2.380343266511,2.3195387005184,2.3698426705863,40059267.819828
1992-10-16,2.380343266511,2.3998220671296,2.3499084537875,2.3899200181845,53102070.481345
1992-10-19,2.380343266511,2.4702944680317,2.380343266511,2.4600801337059,92818954.393545
1992-10-20,2.4702944680317,2.5203121765006,2.4402239882523,2.4600801337059,93789048.859433
1992-10-21,2.4702944680317,2.5203121765006,2.4600801337059,2.5203121765006,67314696.105903
1992-10-22,2.5203121765006,2.5299279638467,2.4702944680317,2.5203121765006,54806871.416522
1992-10-23,2.5299279638467,2.5299279638467,2.4702944680317,2.4796630294514,51276008.727286
1992-10-26,2.4796630294514,2.5299279638467,2.4600801337059,2.5203121765006,44717157.165555
1992-10-27,2.5203121765006,2.5299279638467,2.4499568826162,2.4702944680317,54742671.812054
1992-10-28,2.4702944680317,2.4902547086121,2.4499568826162,2.4796630294514,40316059.114355
1992-10-29,2.4902547086121,2.5203121765006,2.4796630294514,2.5203121765006,36528405.130592
1992-10-30,2.5203121765006,2.5203121765006,2.4796630294514,2.4902547086121,27861734.754936
1992-11-02,2.4997143532679,2.5203121765006,2.4600801337059,2.5099677232662,34652409.471408
1992-11-03,2.5099677232662,2.5203121765006,2.4600801337059,2.4702944680317,39306732.392297
1992-11-04,2.4702944680317,2.5203121765006,2.4702944680317,2.4796630294514,26367360.799932
1992-11-05,2.4997143532679,2.5898607331515,2.4702944680317,2.5800757912242,100711678.92041
1992-11-06,2.5699655520254,2.6097819380594,2.559998443626,2.6001661507133,68159958.579177
1992-11-09,2.6001661507133,2.6001661507133,2.5396608582106,2.5800757912242,61073265.060914
1992-11-10,2.5800757912242,2.6097819380594,2.5699655520254,2.6001661507133,43144316.323768
1992-11-11,2.6001661507133,2.6599557892186,2.5898607331515,2.6302626542743,67707007.586789
1992-11-12,2.6302626542743,2.6394880848946,2.5800757912242,2.6198921772582,52338831.821889
1992-11-13,2.6198921772582,2.6302626542743,2.5898607331515,2.6097819380594,28767632.782294
1992-11-16,2.6097819380594,2.6198921772582,2.5898607331515,2.6001661507133,21524010.23937
1992-11-17,2.6001661507133,2.6394880848946,2.4997143532679,2.5203121765006,63138285.193837
1992-11-18,2.5396608582106,2.5898607331515,2.5203121765006,2.5800757912242,37084781.651746
1992-11-19,2.5898607331515,2.6599557892186,2.5898607331515,2.6394880848946,52224703.852678
1992-11-20,2.6394880848946,2.6599557892186,2.6302626542743,2.6599557892186,45822779.732641
1992-11-23,2.5299279638467,2.5699655520254,2.4499568826162,2.4796630294514,345379234.35044
1992-11-24,2.559998443626,2.6001661507133,2.4997143532679,2.5699655520254,162180830.59336
1992-11-25,2.5800757912242,2.5898607331515,2.5299279638467,2.559998443626,59240065.708281
1992-11-27,2.5699655520254,2.5898607331515,2.5502655492621,2.5699655520254,19608785.489954
1992-11-30,2.5898607331515,2.6097819380594,2.5699655520254,2.6097819380594,39288901.851083
1992-12-01,2.6001661507133,2.6198921772582,2.5800757912242,2.6097819380594,37441436.007622
1992-12-02,2.6097819380594,2.6198921772582,2.5396608582106,2.5396608582106,55595074.258351
1992-12-03,2.5396608582106,2.5898607331515,2.5396608582106,2.5699655520254,29031556.135009
1992-12-04,2.5699655520254,2.5898607331515,2.559998443626,2.5699655520254,26246097.606598
1992-12-07,2.5800757912242,2.6198921772582,2.5502655492621,2.6198921772582,51739657.411216
1992-12-08,2.6302626542743,2.6394880848946,2.5699655520254,2.5898607331515,29990952.90936
1992-12-09,2.5699655520254,2.6097819380594,2.559998443626,2.5800757912242,29031556.135009
1992-12-10,2.5203121765006,2.5699655520254,2.4796630294514,2.4997143532679,99524031.748017
1992-12-11,2.4796630294514,2.4997143532679,2.3998220671296,2.4201466406541,125869982.91815
1992-12-14,2.4300096539266,2.4702944680317,2.4300096539266,2.4402239882523,57160783.833433
1992-12-15,2.4499568826162,2.4600801337059,2.3998220671296,2.4201466406541,50477107.402433
1992-12-16,2.4300096539266,2.4702944680317,2.3899200181845,2.4402239882523,82244193.701112
1992-12-17,2.4499568826162,2.5299279638467,2.4402239882523,2.5203121765006,57799192.083238
1992-12-18,2.4997143532679,2.5299279638467,2.4796630294514,2.5203121765006,82907568.507744
1992-12-21,2.5203121765006,2.5800757912242,2.4997143532679,2.5396608582106,72364896.141032
1992-12-22,2.5502655492621,2.5699655520254,2.4402239882523,2.4600801337059,63448576.818324
1992-12-23,2.4702944680317,2.4702944680317,2.4102836273817,2.4499568826162,66843915.363785
1992-12-24,2.4499568826162,2.4499568826162,2.4102836273817,2.4499568826162,36471335.20986
1992-12-28,2.4499568826162,2.4600801337059,2.4102836273817,2.4499568826162,50969282.736151
1992-12-29,2.4499568826162,2.4499568826162,2.4201466406541,2.4300096539266,66911676.64419
1992-12-30,2.4300096539266,2.4402239882523,2.3899200181845,2.4102836273817,56686433.500544
1992-12-31,2.4102836273817,2.4201466406541,2.3899200181845,2.3899200181845,34384922.068306
1993-01-04,2.380343266511,2.3998220671296,2.3698426705863,2.3899200181845,80967368.49518
1993-01-05,2.380343266511,2.4300096539266,2.380343266511,2.4300096539266,79722655.359474
1993-01-06,2.4402239882523,2.4997143532679,2.4300096539266,2.4997143532679,97455436.483935
1993-01-07,2.4997143532679,2.5203121765006,2.4402239882523,2.4499568826162,65477929.536951
1993-01-08,2.4499568826162,2.4702944680317,2.4201466406541,2.4402239882523,49014821.773152
1993-01-11,2.4499568826162,2.4997143532679,2.4201466406541,2.4997143532679,65032113.768686
1993-01-12,2.4997143532679,2.559998443626,2.4902547086121,2.5203121765006,94880406.518663
1993-01-13,2.5099677232662,2.5898607331515,2.4702944680317,2.559998443626,93282595.954125
1993-01-14,2.5898607331515,2.6394880848946,2.5396608582106,2.559998443626,135153661.41162
1993-01-15,2.4499568826162,2.5502655492621,2.4402239882523,2.5203121765006,202800047.69104
1993-01-18,2.5099677232662,2.5203121765006,2.4702944680317,2.4997143532679,56408243.656999
1993-01-19,2.4997143532679,2.4997143532679,2.4702944680317,2.4796630294514,59026076.260691
1993-01-20,2.4796630294514,2.4997143532679,2.4600801337059,2.4796630294514,53462288.887607
1993-01-21,2.4600801337059,2.5203121765006,2.4300096539266,2.5099677232662,81766272.985973
1993-01-22,2.5203121765006,2.5299279638467,2.4902547086121,2.5099677232662,54710577.154461
1993-01-25,2.4997143532679,2.5299279638467,2.4600801337059,2.4796630294514,55291921.023921
1993-01-26,2.4796630294514,2.5203121765006,2.4499568826162,2.4702944680317,47195898.409149
1993-01-27,2.4499568826162,2.4600801337059,2.3998220671296,2.4201466406541,71544600.224579
1993-01-28,2.4201466406541,2.4402239882523,2.380343266511,2.4402239882523,85853518.528235
1993-01-29,2.4499568826162,2.4702944680317,2.3998220671296,2.4300096539266,43939652.806752
1993-02-01,2.4201466406541,2.4702944680317,2.3998220671296,2.4499568826162,47762976.579263
1993-02-02,2.4499568826162,2.5099677232662,2.4499568826162,2.4997143532679,78431568.411626
1993-02-03,2.5099677232662,2.5299279638467,2.4702944680317,2.4796630294514,79943777.656747
1993-02-04,2.4600801337059,2.4600801337059,2.3698426705863,2.380343266511,138441998.50569
1993-02-05,2.380343266511,2.5099677232662,2.3098448418272,2.4997143532679,197514448.57853
1993-02-08,2.4796630294514,2.4997143532679,2.380343266511,2.3998220671296,103279584.74231
1993-02-09,2.4300096539266,2.4499568826162,2.34042278535,2.3499084537875,71944045.346622
1993-02-10,2.3698426705863,2.4201466406541,2.3601097762224,2.3998220671296,43682866.261126
1993-02-11,2.4201466406541,2.4300096539266,2.380343266511,2.3899200181845,35258721.480654
1993-02-12,2.3899200181845,2.3899200181845,2.3299221894254,2.34042278535,38732519.789544
1993-02-16,2.3195387005184,2.3499084537875,2.2403483327396,2.2498209892863,101624713.75485
1993-02-17,2.2701585747017,2.2797873739387,2.1697328010381,2.2498209892863,135877663.85751
1993-02-18,2.2797873739387,2.3195387005184,2.2200107473242,2.2901448390639,154423630.21027
1993-02-19,2.3002420663719,2.3002420663719,2.2298737605967,2.2403483327396,108215663.93159
1993-02-22,2.2403483327396,2.2701585747017,2.150019786384,2.150019786384,84990416.015945
1993-02-23,2.1905778501971,2.2598141214674,2.150019786384,2.2298737605967,118112782.53508
1993-02-24,2.2200107473242,2.3601097762224,2.209653282199,2.3499084537875,86431295.972845
1993-02-25,2.3098448418272,2.380343266511,2.3098448418272,2.3698426705863,67771204.816807
1993-02-26,2.3601097762224,2.380343266511,2.3299221894254,2.34042278535,33250760.979177
1993-03-01,2.3499084537875,2.3499084537875,2.2797873739387,2.2901448390639,29459537.404643
1993-03-02,2.2901448390639,2.380343266511,2.2797873739387,2.3698426705863,42776965.067834
1993-03-03,2.380343266511,2.3998220671296,2.34042278535,2.380343266511,47203026.50992
1993-03-04,2.380343266511,2.380343266511,2.2901448390639,2.3499084537875,63148983.676862
1993-03-05,2.34042278535,2.380343266511,2.3098448418272,2.3195387005184,39816741.433163
1993-03-08,2.3195387005184,2.3698426705863,2.3002420663719,2.34042278535,53522920.484273
1993-03-09,2.3601097762224,2.380343266511,2.3499084537875,2.3601097762224,46043903.612872
1993-03-10,2.3698426705863,2.3998220671296,2.34042278535,2.380343266511,29637866.561289
1993-03-11,2.3899200181845,2.4600801337059,2.380343266511,2.4300096539266,64397271.152233
1993-03-12,2.4102836273817,2.4997143532679,2.3899200181845,2.4997143532679,82008799.372626
1993-03-15,2.4997143532679,2.4997143532679,2.4402239882523,2.4600801337059,39395896.97062
1993-03-16,2.4702944680317,2.4902547086121,2.4402239882523,2.4600801337059,40497953.112871
1993-03-17,2.4300096539266,2.4499568826162,2.3899200181845,2.3899200181845,44185744.035287
1993-03-18,2.3998220671296,2.4300096539266,2.380343266511,2.3899200181845,38347337.200913
1993-03-19,2.3998220671296,2.3998220671296,2.3601097762224,2.3601097762224,50605498.696537
1993-03-22,2.3299221894254,2.3601097762224,2.3098448418272,2.34042278535,37987110.088332
1993-03-23,2.34042278535,2.380343266511,2.3299221894254,2.3299221894254,38350899.668331
1993-03-24,2.3299221894254,2.4300096539266,2.3299221894254,2.4201466406541,56369012.192317
1993-03-25,2.4300096539266,2.4702944680317,2.4201466406541,2.4499568826162,48854331.864038
1993-03-26,2.4702944680317,2.4702944680317,2.4102836273817,2.4300096539266,31631558.197486
1993-03-29,2.4300096539266,2.4796630294514,2.4300096539266,2.4402239882523,53790407.887374
1993-03-30,2.4796630294514,2.559998443626,2.4499568826162,2.5502655492621,156902368.28794
1993-03-31,2.559998443626,2.6394880848946,2.5396608582106,2.5898607331515,200239281.84215
1993-04-01,2.5898607331515,2.6599557892186,2.5898607331515,2.6097819380594,111914151.75406
1993-04-02,2.5699655520254,2.5800757912242,2.5203121765006,2.5203121765006,81641448.908191
1993-04-05,2.4902547086121,2.5898607331515,2.4702944680317,2.5699655520254,68195625.20199
1993-04-06,2.5699655520254,2.6097819380594,2.4997143532679,2.5203121765006,62079027.732588
1993-04-07,2.5203121765006,2.5396608582106,2.4997143532679,2.5299279638467,43932519.957079
1993-04-08,2.5203121765006,2.5299279638467,2.4702944680317,2.4997143532679,44788491.994147
1993-04-12,2.4902547086121,2.559998443626,2.4796630294514,2.5299279638467,54585745.161842
1993-04-13,2.5299279638467,2.5898607331515,2.4902547086121,2.4902547086121,59446928.638069
1993-04-14,2.4997143532679,2.5299279638467,2.4600801337059,2.4997143532679,43012355.438894
1993-04-15,2.4702944680317,2.5203121765006,2.4102836273817,2.4402239882523,121654350.03921
1993-04-16,2.4499568826162,2.4600801337059,2.3998220671296,2.4402239882523,55281220.166445
1993-04-19,2.4402239882523,2.4499568826162,2.380343266511,2.4402239882523,50905083.923164
1993-04-20,2.4300096539266,2.4499568826162,2.380343266511,2.4300096539266,51279572.777672
1993-04-21,2.4300096539266,2.4300096539266,2.3601097762224,2.380343266511,103126223.72547
1993-04-22,2.3698426705863,2.380343266511,2.3195387005184,2.3299221894254,89020599.552313
1993-04-23,2.3299221894254,2.3299221894254,2.2598141214674,2.2797873739387,99524031.748017
1993-04-26,2.2901448390639,2.3098448418272,2.2403483327396,2.2498209892863,72864216.196675
1993-04-27,2.2598141214674,2.3195387005184,2.2498209892863,2.3098448418272,64875184.744024
1993-04-28,2.3299221894254,2.4102836273817,2.3195387005184,2.4102836273817,61715238.944072
1993-04-29,2.3998220671296,2.3998220671296,2.3601097762224,2.3998220671296,55348982.238333
1993-04-30,2.380343266511,2.4300096539266,2.380343266511,2.3998220671296,52189039.604315
1993-05-03,2.3998220671296,2.4402239882523,2.380343266511,2.4102836273817,42459542.176641
1993-05-04,2.4300096539266,2.4796630294514,2.4300096539266,2.4702944680317,55352550.246136
1993-05-05,2.4702944680317,2.5203121765006,2.4499568826162,2.4997143532679,57809887.400329
1993-05-06,2.4997143532679,2.5203121765006,2.4300096539266,2.4499568826162,52656251.547147
1993-05-07,2.4499568826162,2.4600801337059,2.4300096539266,2.4402239882523,35440610.730268
1993-05-10,2.4796630294514,2.5203121765006,2.4702944680317,2.4997143532679,77004961.277415
1993-05-11,2.4702944680317,2.4902547086121,2.4499568826162,2.4600801337059,42598643.03454
1993-05-12,2.4499568826162,2.4702944680317,2.3998220671296,2.4201466406541,53801111.910784
1993-05-13,2.3998220671296,2.4102836273817,2.3698426705863,2.3998220671296,48715234.172074
1993-05-14,2.4102836273817,2.4300096539266,2.380343266511,2.3998220671296,54742671.812054
1993-05-17,2.3998220671296,2.4300096539266,2.3899200181845,2.4300096539266,30943214.459589
1993-05-18,2.4300096539266,2.4902547086121,2.4300096539266,2.4796630294514,93828281.907086
1993-05-19,2.5396608582106,2.6097819380594,2.5099677232662,2.5898607331515,201751491.87874
1993-05-20,2.5898607331515,2.6698838619454,2.5800757912242,2.6394880848946,167466432.8718
1993-05-21,2.6198921772582,2.6394880848946,2.5800757912242,2.5898607331515,84148719.176019
1993-05-24,2.5898607331515,2.6394880848946,2.5800757912242,2.5800757912242,71612359.922017
1993-05-25,2.5699655520254,2.5800757912242,2.5203121765006,2.559998443626,40922366.374701
1993-05-26,2.5699655520254,2.6698838619454,2.559998443626,2.6698838619454,97505375.929443
1993-05-27,2.6599557892186,2.6800461487077,2.6097819380594,2.6394880848946,105940215.23552
1993-05-28,2.6198921772582,2.6302626542743,2.5699655520254,2.6001661507133,39160505.016594
1993-06-01,2.6097819380594,2.7498809669576,2.6001661507133,2.6998502465979,192913633.90244
1993-06-02,2.6800461487077,2.7298166312503,2.6698838619454,2.6800461487077,78809614.984659
1993-06-03,2.6800461487077,2.6902734949243,2.6503400018725,2.6503400018725,26677648.467001
1993-06-04,2.6394880848946,2.6503400018725,2.6198921772582,2.6394880848946,36392874.654947
1993-06-07,2.6394880848946,2.6800461487077,2.6097819380594,2.6097819380594,58804951.588976
1993-06-08,2.6097819380594,2.6097819380594,2.5396608582106,2.5898607331515,53644185.260572
1993-06-09,2.6001661507133,2.6097819380594,2.5396608582106,2.5502655492621,69636506.741868
1993-06-10,2.559998443626,2.5898607331515,2.5099677232662,2.559998443626,63020591.591274
1993-06-11,2.5699655520254,2.5898607331515,2.4997143532679,2.5099677232662,75278749.129481
1993-06-14,2.5502655492621,2.5898607331515,2.5299279638467,2.5898607331515,45127306.311006
1993-06-15,2.6097819380594,2.6097819380594,2.5699655520254,2.5898607331515,47195898.409149
1993-06-16,2.6001661507133,2.6097819380594,2.4997143532679,2.559998443626,74636783.952642
1993-06-17,2.5699655520254,2.5699655520254,2.5396608582106,2.5502655492621,31299870.398431
1993-06-18,2.5396608582106,2.559998443626,2.4402239882523,2.4499568826162,84605228.678407
1993-06-21,2.4902547086121,2.4997143532679,2.4402239882523,2.4796630294514,75902893.262908
1993-06-22,2.4997143532679,2.5203121765006,2.4499568826162,2.4702944680317,45765716.935261
1993-06-23,2.4702944680317,2.4997143532679,2.4600801337059,2.4796630294514,36924283.827797
1993-06-24,2.4702944680317,2.5099677232662,2.4499568826162,2.4796630294514,39880944.203568
1993-06-25,2.4796630294514,2.4997143532679,2.4300096539266,2.4796630294514,50694665.649311
1993-06-28,2.4902547086121,2.5299279638467,2.4796630294514,2.5299279638467,58205777.178303
1993-06-29,2.5299279638467,2.5699655520254,2.4796630294514,2.4997143532679,47213728.15888
1993-06-30,2.4997143532679,2.5299279638467,2.4499568826162,2.4702944680317,62885063.49008
1993-07-01,2.4702944680317,2.4796630294514,2.4300096539266,2.4402239882523,64539932.894584
1993-07-02,2.4499568826162,2.4499568826162,2.4300096539266,2.4499568826162,28314683.372874
1993-07-06,2.4300096539266,2.4600801337059,2.3899200181845,2.4102836273817,53187667.843349
1993-07-07,2.3002420663719,2.3601097762224,2.2797873739387,2.34042278535,203481249.08147
1993-07-08,2.3601097762224,2.3998220671296,2.3601097762224,2.380343266511,78135542.486486
1993-07-09,2.380343266511,2.380343266511,2.34042278535,2.3698426705863,55727035.143225
1993-07-12,2.380343266511,2.380343266511,2.34042278535,2.3499084537875,29580803.76391
1993-07-13,2.3601097762224,2.3601097762224,2.3098448418272,2.3195387005184,40654878.971599
1993-07-14,2.3299221894254,2.3998220671296,2.3098448418272,2.3601097762224,48472713.325793
1993-07-15,2.3601097762224,2.3601097762224,2.3195387005184,2.34042278535,38375867.016635
1993-07-16,2.3299221894254,2.3299221894254,2.2598141214674,2.2701585747017,96093024.205293
1993-07-19,2.2298737605967,2.2498209892863,2.1905778501971,2.209653282199,136459007.72697
1993-07-20,2.2200107473242,2.2598141214674,2.1905778501971,2.2598141214674,83392608.617334
1993-07-21,2.2004538753604,2.2200107473242,2.150019786384,2.2200107473242,199461772.73444
1993-07-22,2.2598141214674,2.2901448390639,2.150019786384,2.1798300283461,164488384.23629
1993-07-23,2.1601300255828,2.1905778501971,2.150019786384,2.1798300283461,103418680.05983
1993-07-26,2.1905778501971,2.2200107473242,2.1798300283461,2.1905778501971,73338559.406212
1993-07-27,2.2004538753604,2.209653282199,2.1203266514396,2.1203266514396,125074646.43517
1993-07-28,2.1297862960954,2.2298737605967,2.1001191849328,2.1905778501971,126454899.54432
1993-07-29,2.1905778501971,2.2598141214674,2.1697328010381,2.2200107473242,107591521.38113
1993-07-30,2.0502055715908,2.0797685876265,2.0200049729029,2.0703089429707,320916383.98721
1993-08-02,2.1001191849328,2.1203266514396,2.0301282239926,2.0399522015925,165183856.86644
1993-08-03,2.0502055715908,2.0502055715908,2.0200049729029,2.0502055715908,94887532.244985
1993-08-04,2.0502055715908,2.0703089429707,2.0101549715213,2.0502055715908,105230476.90603
1993-08-05,2.0597953351552,2.1001191849328,2.0502055715908,2.1001191849328,75688902.23235
1993-08-06,2.1001191849328,2.1297862960954,2.0399522015925,2.0502055715908,79979440.322148
1993-08-09,2.0502055715908,2.0703089429707,2.0301282239926,2.0502055715908,78995080.156909
1993-08-10,2.0502055715908,2.0502055715908,1.9703385854872,1.9892838985805,214023921.44817
1993-08-11,1.9999016015229,2.0502055715908,1.9892838985805,2.0301282239926,106967374.08176
1993-08-12,2.0301282239926,2.0899959338431,2.0301282239926,2.0703089429707,86228003.425329
1993-08-13,2.0703089429707,2.1203266514396,2.0502055715908,2.1098000317332,68990960.893489
1993-08-16,2.1203266514396,2.1905778501971,2.1203266514396,2.1798300283461,87437055.478593
1993-08-17,2.1905778501971,2.2004538753604,2.1297862960954,2.1697328010381,60488352.392169
1993-08-18,2.1798300283461,2.2200107473242,2.1398835234034,2.1697328010381,73573951.360238
1993-08-19,2.1697328010381,2.1798300283461,2.0703089429707,2.0797685876265,127885078.64375
1993-08-20,2.0597953351552,2.150019786384,2.0502055715908,2.1398835234034,82122927.341842
1993-08-23,2.1203266514396,2.1905778501971,2.1203266514396,2.1601300255828,66283969.25186
1993-08-24,2.1398835234034,2.1601300255828,2.1203266514396,2.1297862960954,43932519.957079
1993-08-25,2.1001191849328,2.1297862960954,2.0399522015925,2.0797685876265,76680396.830228
1993-08-26,2.0597953351552,2.0703089429707,1.9999016015229,2.0200049729029,151862862.77842
1993-08-27,2.0301282239926,2.0301282239926,1.9999016015229,2.0200049729029,75524847.481367
1993-08-30,2.0301282239926,2.0502055715908,2.0101549715213,2.0399522015925,60199466.44005
1993-08-31,2.0703089429707,2.1203266514396,2.0597953351552,2.1098000317332,103675472.14584
1993-09-01,2.1098000317332,2.1697328010381,2.1001191849328,2.150019786384,95889738.781107
1993-09-02,2.1697328010381,2.2004538753604,2.1297862960954,2.150019786384,61854338.219004
1993-09-03,2.1398835234034,2.150019786384,2.1098000317332,2.1203266514396,29869692.881962
1993-09-07,2.1203266514396,2.1398835234034,2.0797685876265,2.1001191849328,43087252.734904
1993-09-08,2.0703089429707,2.1001191849328,2.0502055715908,2.0899959338431,61051865.720414
1993-09-09,2.1001191849328,2.1398835234034,2.0899959338431,2.1398835234034,33275728.327481
1993-09-10,2.1601300255828,2.1905778501971,2.1398835234034,2.1905778501971,63017023.583471
1993-09-13,2.2004538753604,2.2004538753604,2.1398835234034,2.1398835234034,37316606.389452
1993-09-14,2.1297862960954,2.1398835234034,2.0797685876265,2.1098000317332,64372306.178379
1993-09-15,2.1203266514396,2.150019786384,2.0899959338431,2.1398835234034,67350361.145749
1993-09-16,2.150019786384,2.1697328010381,2.1203266514396,2.1297862960954,28578607.517072
1993-09-17,2.1203266514396,2.1398835234034,2.1098000317332,2.1297862960954,28182720.113548
1993-09-20,2.1398835234034,2.1798300283461,2.1001191849328,2.1203266514396,38664757.717655
1993-09-21,2.1203266514396,2.1697328010381,2.1001191849328,2.1297862960954,64472168.448244
1993-09-22,2.1297862960954,2.1905778501971,2.1098000317332,2.1697328010381,80304002.394877
1993-09-23,2.1697328010381,2.2200107473242,2.150019786384,2.209653282199,80485885.312626
1993-09-24,2.2004538753604,2.2598141214674,2.2004538753604,2.2403483327396,101959968.77022
1993-09-27,2.2901448390639,2.3098448418272,2.2797873739387,2.3098448418272,81887532.221889
1993-09-28,2.3098448418272,2.3601097762224,2.3098448418272,2.3601097762224,93635687.842579
1993-09-29,2.3499084537875,2.3601097762224,2.2598141214674,2.3299221894254,97555302.711211
1993-09-30,2.3195387005184,2.3299221894254,2.3098448418272,2.3098448418272,42798364.408335
1993-10-01,2.3098448418272,2.3299221894254,2.3002420663719,2.3002420663719,51322371.458674
1993-10-04,2.3098448418272,2.3601097762224,2.3098448418272,2.3195387005184,45145136.852221
1993-10-05,2.3195387005184,2.380343266511,2.3098448418272,2.3299221894254,96888361.479761
1993-10-06,2.3299221894254,2.3998220671296,2.3299221894254,2.380343266511,86178073.477618
1993-10-07,2.380343266511,2.3998220671296,2.3499084537875,2.3601097762224,46361329.67
1993-10-08,2.3601097762224,2.380343266511,2.3098448418272,2.3698426705863,42448846.068067
1993-10-11,2.3698426705863,2.380343266511,2.3098448418272,2.3601097762224,40633478.048131
1993-10-12,2.3601097762224,2.3899200181845,2.3098448418272,2.3601097762224,88378621.711731
1993-10-13,2.3499084537875,2.3601097762224,2.2797873739387,2.3299221894254,69558041.438054
1993-10-14,2.3499084537875,2.3601097762224,2.3002420663719,2.3002420663719,70503164.598225
1993-10-15,2.3098448418272,2.3299221894254,2.2498209892863,2.2598141214674,140906478.00735
1993-10-18,2.2701585747017,2.3299221894254,2.2598141214674,2.3299221894254,75510577.824604
1993-10-19,2.3002420663719,2.3601097762224,2.2298737605967,2.2498209892863,101860103.33441
1993-10-20,2.2598141214674,2.2901448390639,2.2200107473242,2.2701585747017,90935823.510237
1993-10-21,2.209653282199,2.2403483327396,2.1905778501971,2.2298737605967,141705375.37479
1993-10-22,2.2200107473242,2.2598141214674,2.2200107473242,2.2498209892863,53080674.306778
1993-10-25,2.2598141214674,2.2797873739387,2.2200107473242,2.2598141214674,54114963.62824
1993-10-26,2.2598141214674,2.2598141214674,2.2200107473242,2.2298737605967,74611815.812854
1993-10-27,2.2298737605967,2.2598141214674,2.2298737605967,2.2403483327396,50783826.270217
1993-10-28,2.2403483327396,2.2598141214674,2.209653282199,2.2200107473242,62424979.64802
1993-10-29,2.2298737605967,2.2498209892863,2.2200107473242,2.2498209892863,44406867.124034
1993-11-01,2.2498209892863,2.2901448390639,2.2403483327396,2.2701585747017,33618118.566979
1993-11-02,2.2797873739387,2.2901448390639,2.2298737605967,2.2498209892863,47281494.979669
1993-11-03,2.2403483327396,2.2598141214674,2.1798300283461,2.2004538753604,63302343.110753
1993-11-04,2.209653282199,2.2200107473242,2.1398835234034,2.1398835234034,70414008.726221
1993-11-05,2.1398835234034,2.2200107473242,2.1297862960954,2.209653282199,62895759.598655
1993-11-08,2.2200107473242,2.2298737605967,2.1798300283461,2.2004538753604,32120175.021203
1993-11-09,2.2200107473242,2.2403483327396,2.1905778501971,2.1905778501971,40480121.780173
1993-11-10,2.2403483327396,2.2901448390639,2.2200107473242,2.2797873739387,63726761.912968
1993-11-11,2.2797873739387,2.3098448418272,2.2701585747017,2.2901448390639,34727304.392967
1993-11-12,2.2901448390639,2.3098448418272,2.2901448390639,2.3002420663719,38272436.738966
1993-11-15,2.3002420663719,2.3002420663719,2.2598141214674,2.2598141214674,32594523.771124
1993-11-16,2.2701585747017,2.3195387005184,2.2598141214674,2.3098448418272,53123469.030362
1993-11-17,2.3195387005184,2.3299221894254,2.2598141214674,2.2598141214674,80489454.903395
1993-11-18,2.2598141214674,2.2901448390639,2.2403483327396,2.2498209892863,53986566.002268
1993-11-19,2.2403483327396,2.2498209892863,2.2298737605967,2.2498209892863,42801927.667237
1993-11-22,2.2403483327396,2.2403483327396,2.1398835234034,2.1601300255828,89559139.991859
1993-11-23,2.1798300283461,2.2004538753604,2.1697328010381,2.1697328010381,109510314.92982
1993-11-24,2.1697328010381,2.2403483327396,2.1697328010381,2.209653282199,36186015.682578
1993-11-26,2.2200107473242,2.2200107473242,2.209653282199,2.2200107473242,7136625.8404196
1993-11-29,2.2200107473242,2.2403483327396,2.2200107473242,2.2298737605967,35782999.386799
1993-11-30,2.2004538753604,2.2598141214674,2.1905778501971,2.2403483327396,49210983.053979
1993-12-01,2.2598141214674,2.3098448418272,2.2598141214674,2.2901448390639,65631292.928259
1993-12-02,2.3002420663719,2.3299221894254,2.2901448390639,2.3195387005184,57884787.862274
1993-12-03,2.3499084537875,2.4300096539266,2.34042278535,2.3998220671296,127617584.90878
1993-12-06,2.380343266511,2.3998220671296,2.3601097762224,2.380343266511,66134169.910937
1993-12-07,2.380343266511,2.4102836273817,2.380343266511,2.3998220671296,36535534.022846
1993-12-08,2.3299221894254,2.3499084537875,2.3098448418272,2.34042278535,118030752.3894
1993-12-09,2.34042278535,2.34042278535,2.2598141214674,2.2701585747017,68505912.077577
1993-12-10,2.2797873739387,2.3098448418272,2.2598141214674,2.3002420663719,22198087.486438
1993-12-13,2.2901448390639,2.3002420663719,2.2598141214674,2.2797873739387,22415644.15035
1993-12-14,2.2701585747017,2.2901448390639,2.2200107473242,2.2403483327396,52845277.603851
1993-12-15,2.2403483327396,2.2701585747017,2.2403483327396,2.2403483327396,39253232.062336
1993-12-16,2.2403483327396,2.2701585747017,2.2403483327396,2.2403483327396,32448292.438003
1993-12-17,2.2598141214674,2.2598141214674,2.2403483327396,2.2598141214674,29102887.797669
1993-12-20,2.2701585747017,2.3002420663719,2.2598141214674,2.3002420663719,39524285.098791
1993-12-21,2.3002420663719,2.3098448418272,2.2901448390639,2.3098448418272,34559683.217149
1993-12-22,2.3098448418272,2.3098448418272,2.2701585747017,2.2701585747017,26938002.228947
1993-12-23,2.2701585747017,2.3098448418272,2.2598141214674,2.2701585747017,35465580.453022
1993-12-27,2.2598141214674,2.2797873739387,2.2403483327396,2.2598141214674,27348151.374399
1993-12-28,2.2598141214674,2.3299221894254,2.2598141214674,2.3195387005184,30957484.116353
1993-12-29,2.3195387005184,2.34042278535,2.2598141214674,2.2901448390639,54600010.069703
1993-12-30,2.2901448390639,2.3098448418272,2.2598141214674,2.2797873739387,28229088.38532
1993-12-31,2.2701585747017,2.2901448390639,2.2498209892863,2.2598141214674,25629086.322843
1994-01-03,2.2598141214674,2.2598141214674,2.2200107473242,2.2498209892863,40843906.611271
1994-01-04,2.2498209892863,2.2598141214674,2.2200107473242,2.2598141214674,50491368.352878
1994-01-05,2.2498209892863,2.3098448418272,2.2403483327396,2.3098448418272,60156667.759049
1994-01-06,2.3195387005184,2.380343266511,2.3098448418272,2.3698426705863,91399471.402687
1994-01-07,2.3601097762224,2.3998220671296,2.3299221894254,2.3899200181845,78945153.375126
1994-01-10,2.380343266511,2.4300096539266,2.380343266511,2.3998220671296,82682870.287833
1994-01-11,2.380343266511,2.4102836273817,2.3698426705863,2.3899200181845,39410159.504031
1994-01-12,2.380343266511,2.3998220671296,2.3499084537875,2.3998220671296,44010982.094959
1994-01-13,2.380343266511,2.3998220671296,2.3601097762224,2.3899200181845,45423327.487248
1994-01-14,2.3998220671296,2.4102836273817,2.380343266511,2.3998220671296,50395073.299331
1994-01-17,2.3899200181845,2.4102836273817,2.3698426705863,2.380343266511,34277925.365801
1994-01-18,2.3899200181845,2.3998220671296,2.3601097762224,2.3698426705863,48690273.155637
1994-01-19,2.3499084537875,2.3601097762224,2.3098448418272,2.3299221894254,85332799.923569
1994-01-20,2.3299221894254,2.4201466406541,2.3299221894254,2.4201466406541,161613757.96362
1994-01-21,2.4201466406541,2.4402239882523,2.380343266511,2.4201466406541,110426913.02318
1994-01-24,2.4102836273817,2.4402239882523,2.380343266511,2.3899200181845,42769834.592613
1994-01-25,2.3899200181845,2.3899200181845,2.3601097762224,2.3899200181845,78420866.762666
1994-01-26,2.380343266511,2.380343266511,2.3601097762224,2.3601097762224,56272716.34729
1994-01-27,2.3601097762224,2.380343266511,2.3299221894254,2.3601097762224,56986020.310138
1994-01-28,2.3698426705863,2.3998220671296,2.3601097762224,2.380343266511,46671616.545587
1994-01-31,2.3899200181845,2.4102836273817,2.380343266511,2.3899200181845,69732797.837996
1994-02-01,2.380343266511,2.3998220671296,2.3698426705863,2.3899200181845,49043359.503709
1994-02-02,2.380343266511,2.3998220671296,2.3601097762224,2.3601097762224,45612356.709886
1994-02-03,2.3601097762224,2.3698426705863,2.34042278535,2.3698426705863,35433480.255046
1994-02-04,2.3601097762224,2.3698426705863,2.2797873739387,2.2797873739387,87176702.508134
1994-02-07,2.2403483327396,2.2797873739387,2.2298737605967,2.2598141214674,132464503.47715
1994-02-08,2.2598141214674,2.2598141214674,2.1905778501971,2.209653282199,167042015.65255
1994-02-09,2.2004538753604,2.2498209892863,2.1905778501971,2.2298737605967,109877661.43687
1994-02-10,2.2403483327396,2.2598141214674,2.2200107473242,2.2298737605967,74251591.866208
1994-02-11,2.2200107473242,2.2298737605967,2.1905778501971,2.209653282199,59903443.680841
1994-02-14,2.2200107473242,2.2298737605967,2.209653282199,2.2200107473242,61601112.55783
1994-02-15,2.2403483327396,2.2498209892863,2.2200107473242,2.2403483327396,32184371.459738
1994-02-16,2.2498209892863,2.2498209892863,2.209653282199,2.209653282199,48740206.269279
1994-02-17,2.2200107473242,2.2298737605967,2.1905778501971,2.2004538753604,94755575.317528
1994-02-18,2.2004538753604,2.2598141214674,2.2004538753604,2.2403483327396,88567646.976945
1994-02-22,2.2403483327396,2.2498209892863,2.2004538753604,2.2298737605967,70478209.913658
1994-02-23,2.2403483327396,2.3002420663719,2.1905778501971,2.2701585747017,155436526.52311
1994-02-24,2.2403483327396,2.2598141214674,2.2200107473242,2.2403483327396,92009353.794178
1994-02-25,2.2498209892863,2.2797873739387,2.2403483327396,2.2701585747017,59065308.516855
1994-02-28,2.2797873739387,2.3299221894254,2.2701585747017,2.3098448418272,61850767.045267
1994-03-01,2.3299221894254,2.3299221894254,2.3098448418272,2.3299221894254,53576415.273849
1994-03-02,2.2901448390639,2.3299221894254,2.2701585747017,2.3195387005184,76345149.729688
1994-03-03,2.3299221894254,2.3299221894254,2.2598141214674,2.2701585747017,35180257.759805
1994-03-04,2.2701585747017,2.2901448390639,2.2598141214674,2.2701585747017,28649939.179732
1994-03-07,2.2797873739387,2.3098448418272,2.2598141214674,2.2797873739387,34038965.403971
1994-03-08,2.2797873739387,2.2797873739387,2.2403483327396,2.2701585747017,27555010.346768
1994-03-09,2.2797873739387,2.2901448390639,2.2403483327396,2.2701585747017,41264756.614199
1994-03-10,2.2901448390639,2.3098448418272,2.2598141214674,2.2701585747017,51925116.2516
1994-03-11,2.2701585747017,2.3098448418272,2.2598141214674,2.2901448390639,38850217.349523
1994-03-14,2.3098448418272,2.3601097762224,2.3098448418272,2.3499084537875,77129782.980745
1994-03-15,2.3601097762224,2.3899200181845,2.34042278535,2.380343266511,70142954.106799
1994-03-16,2.380343266511,2.3899200181845,2.3698426705863,2.380343266511,46015376.1716
1994-03-17,2.380343266511,2.3899200181845,2.3698426705863,2.3698426705863,34541847.927033
1994-03-18,2.3698426705863,2.380343266511,2.34042278535,2.380343266511,41079298.565297
1994-03-21,2.380343266511,2.3899200181845,2.3299221894254,2.3299221894254,72532527.606136
1994-03-22,2.3098448418272,2.3998220671296,2.3098448418272,2.380343266511,99220870.59875
1994-03-23,2.3899200181845,2.4499568826162,2.380343266511,2.4201466406541,129778904.05267
1994-03-24,2.3998220671296,2.4499568826162,2.380343266511,2.4499568826162,67057904.019893
1994-03-25,2.4402239882523,2.4997143532679,2.4402239882523,2.4499568826162,113740215.09109
1994-03-28,2.4499568826162,2.4702944680317,2.3499084537875,2.4201466406541,131965184.21299
1994-03-29,2.4300096539266,2.4300096539266,2.3098448418272,2.3098448418272,87312224.277457
1994-03-30,2.3195387005184,2.380343266511,2.3098448418272,2.34042278535,96809894.592963
1994-03-31,2.34042278535,2.3998220671296,2.3098448418272,2.380343266511,80578615.5243
1994-04-04,2.3098448418272,2.3998220671296,2.3002420663719,2.3698426705863,82472446.4736
1994-04-05,2.3899200181845,2.4600801337059,2.380343266511,2.4600801337059,113547623.40104
1994-04-06,2.4499568826162,2.4997143532679,2.4499568826162,2.4997143532679,90033487.950294
1994-04-07,2.4997143532679,2.5299279638467,2.4902547086121,2.5203121765006,85407704.342937
1994-04-08,2.5203121765006,2.5203121765006,2.4300096539266,2.4402239882523,132307576.03546
1994-04-11,2.4402239882523,2.4499568826162,2.4102836273817,2.4402239882523,45027444.832625
1994-04-12,2.4300096539266,2.4300096539266,2.3601097762224,2.380343266511,94702079.736474
1994-04-13,2.380343266511,2.3998220671296,2.3299221894254,2.380343266511,77621968.603751
1994-04-14,2.3698426705863,2.3899200181845,2.3499084537875,2.3601097762224,59168736.420073
1994-04-15,2.34042278535,2.3899200181845,2.34042278535,2.380343266511,39278199.410641
1994-04-18,2.380343266511,2.3998220671296,2.3098448418272,2.3299221894254,86941312.928559
1994-04-19,2.4402239882523,2.5099677232662,2.3998220671296,2.4702944680317,324636288.56283
1994-04-20,2.4796630294514,2.5099677232662,2.4402239882523,2.5099677232662,116728968.54148
1994-04-21,2.5099677232662,2.5699655520254,2.4997143532679,2.5699655520254,158243379.64311
1994-04-22,2.5800757912242,2.6001661507133,2.5396608582106,2.5699655520254,73627456.4391
1994-04-25,2.5800757912242,2.6394880848946,2.5699655520254,2.6302626542743,159095775.75755
1994-04-26,2.6503400018725,2.6698838619454,2.6394880848946,2.6599557892186,126158878.36808
1994-04-28,2.6698838619454,2.6698838619454,2.5699655520254,2.5800757912242,157576448.70093
1994-04-29,2.5800757912242,2.6198921772582,2.559998443626,2.5898607331515,63309478.334876
1994-05-02,2.6001661507133,2.6800461487077,2.5800757912242,2.6800461487077,88339388.664078
1994-05-03,2.6698838619454,2.6800461487077,2.6097819380594,2.6198921772582,46732247.350769
1994-05-04,2.6302626542743,2.6698838619454,2.6001661507133,2.6698838619454,76780264.640477
1994-05-05,2.6698838619454,2.6998502465979,2.6394880848946,2.6503400018725,62831563.160119
1994-05-06,2.6097819380594,2.6394880848946,2.5502655492621,2.5898607331515,107445297.17136
1994-05-09,2.5699655520254,2.6302626542743,2.5699655520254,2.5898607331515,53052134.993253
1994-05-10,2.6097819380594,2.6503400018725,2.6001661507133,2.6394880848946,72785750.101377
1994-05-11,2.6394880848946,2.6394880848946,2.6001661507133,2.6198921772582,64012086.980635
1994-05-12,2.6198921772582,2.6698838619454,2.6097819380594,2.6503400018725,65756120.963462
1994-05-13,2.7298166312503,2.7298166312503,2.6503400018725,2.7099865095784,200528163.04536
1994-05-16,2.6998502465979,2.7099865095784,2.6599557892186,2.6599557892186,63120451.486689
1994-05-17,2.6599557892186,2.6698838619454,2.6198921772582,2.6503400018725,136491119.00571
1994-05-18,2.6698838619454,2.7298166312503,2.6599557892186,2.7200967487773,108058737.28137
1994-05-19,2.7298166312503,2.7801986726633,2.7200967487773,2.7597439802301,99919911.236695
1994-05-20,2.7498809669576,2.7801986726633,2.7298166312503,2.7401610844846,87091102.771676
1994-05-23,2.7498809669576,2.8599485517491,2.7200967487773,2.8398712041509,83531702.351878
1994-05-24,2.8696944580038,2.9100963791266,2.8199109635704,2.8696944580038,94896455.430427
1994-05-25,2.8599485517491,2.9605304681031,2.8199109635704,2.9400497518882,95854072.949787
1994-05-26,2.9605304681031,2.9605304681031,2.8696944580038,2.9202326421072,71660509.82324
1994-05-27,2.9001292707273,2.9605304681031,2.8696944580038,2.9400497518882,52989722.55862
1994-05-31,2.9297963818899,3.0199037261009,2.9100963791266,3.010170831737,84705094.905684
1994-06-01,3.0000605925382,3.0000605925382,2.9400497518882,2.9701202316675,112306472.73275
1994-06-02,2.9898332463216,2.9898332463216,2.9202326421072,2.9297963818899,67196999.337406
1994-06-03,2.9400497518882,3.0000605925382,2.9297963818899,2.9701202316675,96788498.418404
1994-06-06,2.9495354203257,3.0600584212973,2.9001292707273,3.0600584212973,852070849.5191
1994-06-07,3.0301310723175,3.0398639666814,3.0000605925382,3.010170831737,185204577.8802
1994-06-08,3.010170831737,3.010170831737,2.9001292707273,2.9202326421072,227182621.8361
1994-06-09,2.9100963791266,2.9495354203257,2.9001292707273,2.9297963818899,88446386.949553
1994-06-10,2.9297963818899,2.9701202316675,2.9100963791266,2.9495354203257,59880262.710889
1994-06-13,2.9495354203257,2.9898332463216,2.9100963791266,2.9701202316675,63115106.598335
1994-06-14,2.9798531260314,3.0398639666814,2.9701202316675,3.0000605925382,66036090.853489
1994-06-15,3.010170831737,3.0600584212973,2.9898332463216,3.0398639666814,65602756.780669
1994-06-16,3.0398639666814,3.0398639666814,3.0000605925382,3.0000605925382,54031151.853105
1994-06-17,3.0000605925382,3.010170831737,2.9701202316675,2.9701202316675,53077101.550074
1994-06-20,2.9400497518882,3.0000605925382,2.9400497518882,3.0000605925382,50899733.494427
1994-06-21,2.9202326421072,2.9898332463216,2.9202326421072,2.9495354203257,96959694.725384
1994-06-22,2.9605304681031,2.9701202316675,2.8696944580038,2.8897718056021,92423063.032604
1994-06-23,2.8897718056021,2.9297963818899,2.8003020440432,2.8096445816813,95827319.223113
1994-06-24,2.8003020440432,2.8199109635704,2.7597439802301,2.7801986726633,90784249.663215
1994-06-27,2.7904650545524,2.9202326421072,2.7701404810279,2.9100963791266,84885207.27476
1994-06-28,2.9202326421072,2.9605304681031,2.8096445816813,2.8799998755656,110804962.76214
1994-06-29,2.8799998755656,2.9100963791266,2.8503587881847,2.8799998755656,59555701.429639
1994-06-30,2.9001292707273,2.9202326421072,2.8599485517491,2.9001292707273,45503577.586448
1994-07-01,2.9001292707273,2.9001292707273,2.8003020440432,2.8199109635704,74253375.078626
1994-07-05,2.8199109635704,2.8599485517491,2.7498809669576,2.7498809669576,45061325.86857
1994-07-06,2.7200967487773,2.7498809669576,2.6800461487077,2.7099865095784,99477660.310303
1994-07-07,2.7200967487773,2.8305026427311,2.6902734949243,2.8199109635704,99937741.777911
1994-07-08,2.8003020440432,2.8503587881847,2.7498809669576,2.7801986726633,54551862.542931
1994-07-11,2.7801986726633,2.7801986726633,2.6800461487077,2.7099865095784,95188915.72221
1994-07-12,2.7099865095784,2.7099865095784,2.6302626542743,2.6902734949243,93345014.72062
1994-07-13,2.7099865095784,2.7801986726633,2.6800461487077,2.7801986726633,92458735.987285
1994-07-14,2.7701404810279,2.7801986726633,2.7099865095784,2.7298166312503,90775324.894798
1994-07-15,2.7298166312503,2.7701404810279,2.6902734949243,2.7298166312503,50733896.32251
1994-07-18,2.8897718056021,2.9001292707273,2.7801986726633,2.8305026427311,167737489.07418
1994-07-19,2.8398712041509,2.8398712041509,2.7801986726633,2.8096445816813,78158728.996819
1994-07-20,2.8003020440432,2.8003020440432,2.6800461487077,2.7099865095784,125502634.03668
1994-07-21,2.7298166312503,2.7401610844846,2.6599557892186,2.6800461487077,95561618.98985
1994-07-22,2.7200967487773,2.8503587881847,2.6503400018725,2.8398712041509,170432003.76926
1994-07-25,2.8398712041509,2.9001292707273,2.8199109635704,2.8696944580038,57414007.120156
1994-07-26,2.8696944580038,2.8696944580038,2.7904650545524,2.8199109635704,60529372.609654
1994-07-27,2.8199109635704,2.8199109635704,2.7801986726633,2.7801986726633,32646237.722733
1994-07-28,2.7801986726633,2.8199109635704,2.7597439802301,2.7801986726633,44469283.516085
1994-07-29,2.8003020440432,2.9001292707273,2.7801986726633,2.8897718056021,74745560.701629
1994-08-01,2.9001292707273,3.010170831737,2.8897718056021,2.9898332463216,93548304.893709
1994-08-02,3.010170831737,3.0600584212973,2.9495354203257,2.9605304681031,106159559.86075
1994-08-03,3.010170831737,3.0301310723175,2.9798531260314,2.9898332463216,65502896.885254
1994-08-04,3.0000605925382,3.010170831737,2.9605304681031,2.9605304681031,44795619.303435
1994-08-05,2.9495354203257,2.9701202316675,2.9297963818899,2.9400497518882,34779019.927543
1994-08-08,2.9400497518882,2.9701202316675,2.9202326421072,2.9701202316675,38493561.41068
1994-08-09,2.9701202316675,3.0199037261009,2.9605304681031,3.0000605925382,44802748.987173
1994-08-10,3.0000605925382,3.0502604674791,2.9898332463216,3.0398639666814,54218392.322941
1994-08-11,3.0199037261009,3.1395350506751,3.0199037261009,3.1001480570394,90755713.515635
1994-08-12,3.1102192605657,3.1200822738382,3.0801617926773,3.1001480570394,42450627.697518
1994-08-15,3.1102192605657,3.1102192605657,3.0502604674791,3.0502604674791,40250083.42082
1994-08-16,3.0801617926773,3.0898816751503,3.0301310723175,3.0801617926773,63282732.523055
1994-08-17,3.1102192605657,3.1498014325642,3.0898816751503,3.1297110730752,88929650.178593
1994-08-18,3.1297110730752,3.1602499809255,3.1102192605657,3.1102192605657,68295489.054822
1994-08-19,3.1297110730752,3.1395350506751,3.070181672387,3.0801617926773,83324850.502865
1994-08-22,3.0801617926773,3.0801617926773,3.0600584212973,3.0600584212973,70032392.562426
1994-08-23,3.0600584212973,3.1602499809255,3.0600584212973,3.1102192605657,65048165.054899
1994-08-24,3.1102192605657,3.1395350506751,3.1102192605657,3.1297110730752,39283548.256411
1994-08-25,3.1297110730752,3.1800020312522,3.1297110730752,3.1498014325642,61494119.02126
1994-08-26,3.1602499809255,3.2397396221941,3.1498014325642,3.1899431158698,67944184.3362
1994-08-29,3.2199095005222,3.259842993574,3.2001834739773,3.2001834739773,63111537.799048
1994-08-30,3.2001834739773,3.2798032341545,3.1800020312522,3.2702004586992,44415783.186124
1994-08-31,3.2702004586992,3.3199709412418,3.2397396221941,3.259842993574,67951318.76884
1994-09-01,3.2001834739773,3.2001834739773,3.1297110730752,3.1498014325642,128805240.78749
1994-09-02,3.1699828752893,3.1699828752893,3.1297110730752,3.1395350506751,52344188.582494
1994-09-06,3.1297110730752,3.1498014325642,3.1200822738382,3.1395350506751,32104124.526472
1994-09-07,3.1498014325642,3.2397396221941,3.1498014325642,3.1899431158698,48581490.866264
1994-09-08,3.2001834739773,3.2500970873193,3.2001834739773,3.2500970873193,31627994.938584
1994-09-09,3.1498014325642,3.2500970873193,3.1297110730752,3.1899431158698,67764080.673455
1994-09-12,3.2001834739773,3.2001834739773,3.1297110730752,3.1498014325642,40389170.032014
1994-09-13,3.1602499809255,3.2500970873193,3.1602499809255,3.2302799775383,45845964.660011
1994-09-14,3.2397396221941,3.259842993574,3.2199095005222,3.2302799775383,33400555.5712
1994-09-15,3.2302799775383,3.2702004586992,3.2199095005222,3.2702004586992,45294932.235727
1994-09-16,3.2500970873193,3.259842993574,3.1800020312522,3.1899431158698,58983278.371172
1994-09-19,3.2001834739773,3.2097862494325,3.1800020312522,3.1899431158698,53888489.319271
1994-09-20,3.1899431158698,3.2001834739773,3.1395350506751,3.1395350506751,44890134.310495
1994-09-21,3.1602499809255,3.2199095005222,3.0801617926773,3.2097862494325,92449815.176287
1994-09-22,3.2097862494325,3.2199095005222,3.1800020312522,3.2001834739773,49396445.060298
1994-09-23,3.1899431158698,3.2199095005222,3.1395350506751,3.1395350506751,53911671.872191
1994-09-26,3.1395350506751,3.1395350506751,3.1001480570394,3.1200822738382,33348840.828107
1994-09-27,3.1102192605657,3.1699828752893,3.0801617926773,3.1699828752893,56379709.88386
1994-09-28,3.1800020312522,3.2199095005222,3.1699828752893,3.2001834739773,37175726.276552
1994-09-29,3.1899431158698,3.2097862494325,3.1602499809255,3.1699828752893,30210295.16014
1994-09-30,3.1699828752893,3.2199095005222,3.1498014325642,3.1498014325642,38572021.174111
1994-10-03,3.1498014325642,3.1602499809255,3.1102192605657,3.1297110730752,32136218.392582
1994-10-04,3.1395350506751,3.1498014325642,3.0801617926773,3.0801617926773,47504401.280834
1994-10-05,3.0801617926773,3.1297110730752,3.0398639666814,3.1102192605657,56825528.818057
1994-10-06,3.1102192605657,3.1297110730752,3.0398639666814,3.0600584212973,45462561.326381
1994-10-07,3.0600584212973,3.0801617926773,3.0199037261009,3.0502604674791,57419356.75741
1994-10-10,3.0502604674791,3.1102192605657,3.0502604674791,3.070181672387,44002067.615836
1994-10-11,3.0898816751503,3.1800020312522,3.0898816751503,3.1297110730752,62071889.34253
1994-10-12,3.1297110730752,3.1699828752893,3.1297110730752,3.1498014325642,31109061.920792
1994-10-13,3.1800020312522,3.2397396221941,3.1800020312522,3.2097862494325,70253511.693755
1994-10-14,3.2097862494325,3.2199095005222,3.0898816751503,3.1395350506751,111318544.55971
1994-10-17,3.1395350506751,3.1498014325642,3.0801617926773,3.0898816751503,34729088.396869
1994-10-18,3.1001480570394,3.1800020312522,3.0898816751503,3.1800020312522,58721136.647907
1994-10-19,3.1800020312522,3.2500970873193,3.1498014325642,3.2302799775383,66301803.750492
1994-10-20,3.2702004586992,3.3600215413113,3.2500970873193,3.3400352769491,152199903.38066
1994-10-21,3.3199709412418,3.3400352769491,3.2702004586992,3.3300941923315,74784792.957796
1994-10-24,3.3400352769491,3.3400352769491,3.2702004586992,3.3003750336054,63691096.081638
1994-10-25,3.2900305803711,3.3500544329119,3.2702004586992,3.3500544329119,49910025.274901
1994-10-26,3.3600215413113,3.4296351574166,3.3500544329119,3.4199152749436,109117993.95114
1994-10-27,3.4296351574166,3.459978886904,3.4100392497802,3.459978886904,45961875.841639
1994-10-28,3.459978886904,3.5001465939912,3.440252860359,3.4801733415199,65105226.269311
1994-10-31,3.4902705688279,3.5697602100965,3.4801733415199,3.5300739429711,66797543.926079
1994-11-01,3.5198596086453,3.5300739429711,3.4801733415199,3.5198596086453,44162560.690885
1994-11-02,3.5198596086453,3.5999477968936,3.5001465939912,3.5300739429711,68441718.013492
1994-11-03,3.5300739429711,3.5496568387166,3.5001465939912,3.5099705715911,70708248.273012
1994-11-04,3.5099705715911,3.5403012891877,3.440252860359,3.4499857547229,52324565.33106
1994-11-07,3.4499857547229,3.4801733415199,3.4100392497802,3.4700761142119,52488627.996877
1994-11-08,3.4700761142119,3.5799745444222,3.459978886904,3.5697602100965,48290820.118761
1994-11-09,3.5999477968936,3.6195306926391,3.5403012891877,3.5697602100965,67102485.913313
1994-11-10,3.5601574346412,3.6104483928182,3.5601574346412,3.5697602100965,27517566.051922
1994-11-11,3.4902705688279,3.5198596086453,3.4100392497802,3.4902705688279,148121569.15159
1994-11-14,3.5198596086453,3.6195306926391,3.5198596086453,3.6195306926391,54539382.430454
1994-11-15,3.6195306926391,3.6499915291442,3.5999477968936,3.6195306926391,58562429.951212
1994-11-16,3.6302785144901,3.6397511710367,3.6195306926391,3.6195306926391,33655565.236276
1994-11-17,3.6195306926391,3.6302785144901,3.5799745444222,3.5999477968936,37038412.58849
1994-11-18,3.5999477968936,3.6302785144901,3.5900977955119,3.5999477968936,28637455.901321
1994-11-21,3.6195306926391,3.6302785144901,3.5496568387166,3.5601574346412,39633065.805196
1994-11-22,3.5496568387166,3.5799745444222,3.4700761142119,3.4801733415199,62813727.870004
1994-11-23,3.459978886904,3.4801733415199,3.4199152749436,3.4499857547229,97530336.945884
1994-11-25,3.459978886904,3.5001465939912,3.459978886904,3.4902705688279,14002197.852901
1994-11-28,3.5001465939912,3.5601574346412,3.4902705688279,3.5496568387166,48426346.636987
1994-11-29,3.5697602100965,3.6104483928182,3.5601574346412,3.5999477968936,41988761.434523
1994-11-30,3.5999477968936,3.5999477968936,3.5198596086453,3.5300739429711,45623055.192911
1994-12-01,3.5099705715911,3.5601574346412,3.5001465939912,3.5099705715911,48032246.403299
1994-12-02,3.5198596086453,3.5496568387166,3.4801733415199,3.5496568387166,42035126.540361
1994-12-05,3.5496568387166,3.5999477968936,3.5403012891877,3.5496568387166,42538008.271939
1994-12-06,3.5496568387166,3.5999477968936,3.5300739429711,3.5496568387166,43278064.378478
1994-12-07,3.5601574346412,3.5799745444222,3.5300739429711,3.5300739429711,40952684.151743
1994-12-08,3.5403012891877,3.5697602100965,3.4902705688279,3.5001465939912,46737594.613573
1994-12-09,3.5001465939912,3.5496568387166,3.4902705688279,3.5403012891877,89115111.393424
1994-12-12,3.5403012891877,3.5601574346412,3.459978886904,3.5403012891877,72794662.997533
1994-12-13,3.5496568387166,3.5601574346412,3.4902705688279,3.5198596086453,33680524.669744
1994-12-14,3.5001465939912,3.5697602100965,3.5001465939912,3.5496568387166,37494933.963131
1994-12-15,3.5496568387166,3.5999477968936,3.5300739429711,3.5601574346412,32159404.111435
1994-12-16,3.5697602100965,3.5999477968936,3.5403012891877,3.5496568387166,60208379.336207
1994-12-19,3.5496568387166,3.5697602100965,3.5001465939912,3.5099705715911,35116055.780886
1994-12-20,3.5099705715911,3.5198596086453,3.2900305803711,3.3600215413113,282487039.59364
1994-12-21,3.3801249126912,3.459978886904,3.3698455189112,3.4499857547229,77343776.385754
1994-12-22,3.4499857547229,3.4801733415199,3.3801249126912,3.3999420224722,63924702.448796
1994-12-23,3.3999420224722,3.440252860359,3.3903132232352,3.4100392497802,21718386.724813
1994-12-27,3.4199152749436,3.459978886904,3.3999420224722,3.4100392497802,22922089.14083
1994-12-28,3.4100392497802,3.4199152749436,3.3600215413113,3.4199152749436,38966127.739668
1994-12-29,3.4100392497802,3.4700761142119,3.3999420224722,3.4700761142119,26131970.428872
1994-12-30,3.4700761142119,3.4700761142119,3.4296351574166,3.4296351574166,23055835.612573
1995-01-03,3.4499857547229,3.4499857547229,3.3698455189112,3.3801249126912,44075183.282396
1995-01-04,3.3801249126912,3.4100392497802,3.3400352769491,3.3999420224722,57522786.243595
1995-01-05,3.4100392497802,3.4199152749436,3.3300941923315,3.3400352769491,44385473.323917
1995-01-06,3.3600215413113,3.4296351574166,3.3500544329119,3.3999420224722,52028545.737784
1995-01-09,3.4100392497802,3.4199152749436,3.3500544329119,3.3801249126912,51268870.337229
1995-01-10,3.3999420224722,3.4499857547229,3.3903132232352,3.4199152749436,47015785.248601
1995-01-11,3.4296351574166,3.459978886904,3.4100392497802,3.440252860359,35121410.16704
1995-01-12,3.4296351574166,3.4801733415199,3.4199152749436,3.4296351574166,30089030.383841
1995-01-13,3.4801733415199,3.5300739429711,3.4700761142119,3.5198596086453,46038554.767101
1995-01-16,3.5496568387166,3.6195306926391,3.5300739429711,3.5999477968936,83198242.421179
1995-01-17,3.6302785144901,3.6499915291442,3.6104483928182,3.6195306926391,82401121.142814
1995-01-18,3.6397511710367,3.6598545424167,3.5999477968936,3.6499915291442,56288762.093118
1995-01-19,3.6195306926391,3.6499915291442,3.5601574346412,3.5601574346412,74795486.691919
1995-01-20,3.5300739429711,3.5601574346412,3.4296351574166,3.459978886904,91825673.417316
1995-01-23,3.4199152749436,3.5300739429711,3.3903132232352,3.5198596086453,60010440.383346
1995-01-24,3.5300739429711,3.5403012891877,3.4801733415199,3.4801733415199,40947335.305971
1995-01-25,3.459978886904,3.4902705688279,3.4199152749436,3.459978886904,58467916.527118
1995-01-26,3.4100392497802,3.4199152749436,3.3500544329119,3.3600215413113,90095901.967902
1995-01-27,3.3698455189112,3.3801249126912,3.3500544329119,3.3600215413113,65062426.796826
1995-01-30,3.3698455189112,3.3698455189112,3.3003750336054,3.3099778090607,61483418.955268
1995-01-31,3.3199709412418,3.3500544329119,3.2702004586992,3.3300941923315,66811811.999875
1995-02-01,3.3300941923315,3.4100392497802,3.3099778090607,3.3199709412418,74346110.830687
1995-02-02,3.2900305803711,3.3300941923315,3.2702004586992,3.3099778090607,51616607.839529
1995-02-03,3.3400352769491,3.3903132232352,3.3199709412418,3.3698455189112,67243358.902859
1995-02-06,3.3698455189112,3.4296351574166,3.3698455189112,3.4100392497802,53883139.682017
1995-02-07,3.4100392497802,3.4296351574166,3.3999420224722,3.4199152749436,36949255.925003
1995-02-08,3.4296351574166,3.4801733415199,3.4199152749436,3.4700761142119,54780120.064317
1995-02-09,3.4801733415199,3.5001465939912,3.459978886904,3.4700761142119,47254744.418947
1995-02-10,3.4801733415199,3.5099705715911,3.4499857547229,3.4801733415199,55573678.875268
1995-02-13,3.4801733415199,3.5198596086453,3.459978886904,3.4801733415199,42530869.090399
1995-02-14,3.4801733415199,3.4902705688279,3.4499857547229,3.4700761142119,34686290.507352
1995-02-15,3.3698455189112,3.440252860359,3.3400352769491,3.4100392497802,163839263.25677
1995-02-16,3.4100392497802,3.4296351574166,3.3801249126912,3.4100392497802,63243499.475406
1995-02-17,3.4100392497802,3.4100392497802,3.3801249126912,3.3903132232352,42156386.567759
1995-02-21,3.3903132232352,3.4100392497802,3.3400352769491,3.3500544329119,61736639.076057
1995-02-22,3.3500544329119,3.4801733415199,3.3400352769491,3.4499857547229,67878210.225631
1995-02-23,3.4296351574166,3.4801733415199,3.4199152749436,3.459978886904,66804677.567234
1995-02-24,3.440252860359,3.4700761142119,3.4296351574166,3.4296351574166,38092327.535837
1995-02-27,3.440252860359,3.4801733415199,3.4296351574166,3.459978886904,31866946.985578
1995-02-28,3.4700761142119,3.5496568387166,3.459978886904,3.5300739429711,58562429.951212
1995-03-01,3.5403012891877,3.5900977955119,3.5198596086453,3.5496568387166,57991786.939229
1995-03-02,3.5496568387166,3.5697602100965,3.5403012891877,3.5697602100965,29020856.860501
1995-03-03,3.5697602100965,3.5799745444222,3.5403012891877,3.5697602100965,35415648.130865
1995-03-06,3.5496568387166,3.6104483928182,3.5300739429711,3.6104483928182,50329094.439861
1995-03-07,3.6104483928182,3.7001393565217,3.5999477968936,3.6598545424167,102259559.53723
1995-03-08,3.6896517724879,3.8498671846569,3.6896517724879,3.8397569454581,156142701.5937
1995-03-09,3.8397569454581,3.8600815189826,3.749935862846,3.8097905608056,64909067.362934
1995-03-10,3.8097905608056,3.8600815189826,3.7300797173924,3.8397569454581,49401796.28052
1995-03-13,3.8498671846569,3.9097479063983,3.8304013959292,3.8698274252374,38507830.275961
1995-03-14,3.8903211533431,4.0401270528235,3.8800417595631,4.0198024792989,87651048.092118
1995-03-15,4.0198024792989,4.0301599444241,3.9499026015947,3.9499026015947,63856946.708775
1995-03-16,3.9299423610143,3.9499026015947,3.900145130943,3.9299423610143,52952277.47229
1995-03-17,3.9499026015947,4.0198024792989,3.9199882645057,3.9199882645057,66726214.637871
1995-03-20,3.9299423610143,4.0099264541356,3.9299423610143,3.989979225446,42099326.144831
1995-03-21,3.9998032030459,4.0099264541356,3.9499026015947,3.9499026015947,83337328.240893
1995-03-22,3.9499026015947,3.9798689862471,3.9199882645057,3.9798689862471,58473262.998437
1995-03-23,3.9998032030459,4.1100139186368,3.9998032030459,4.0803207836925,117345981.4082
1995-03-24,4.1100139186368,4.1601617460144,4.1001509053644,4.1399282557258,73206601.687271
1995-03-27,4.0803207836925,4.1399282557258,4.0697030807501,4.0900406661655,67995903.828194
1995-03-28,4.0900406661655,4.1502076495058,4.0900406661655,4.1298310284178,53055703.001058
1995-03-29,4.1298310284178,4.1502076495058,4.0401270528235,4.0500030779868,73295760.725209
1995-03-30,4.0697030807501,4.0803207836925,3.9499026015947,4.0401270528235,83603039.554927
1995-03-31,4.0198024792989,4.0401270528235,3.9499026015947,3.989979225446,70305231.185749
1995-04-03,3.9798689862471,3.9998032030459,3.900145130943,3.9299423610143,73133485.229227
1995-04-04,3.9403258499212,4.0099264541356,3.9097479063983,3.9199882645057,74328271.583154
1995-04-05,3.9199882645057,3.9600518764661,3.8600815189826,3.9600518764661,73327862.506153
1995-04-06,3.9600518764661,3.9701491037741,3.8903211533431,3.9299423610143,39470788.726247
1995-04-07,3.9403258499212,3.9701491037741,3.900145130943,3.900145130943,48091094.787547
1995-04-10,3.900145130943,3.9998032030459,3.8903211533431,3.9798689862471,48114273.383048
1995-04-11,4.0198024792989,4.0500030779868,3.989979225446,4.0401270528235,48620723.913913
1995-04-12,4.0401270528235,4.1100139186368,3.9701491037741,4.0198024792989,45061325.86857
1995-04-13,4.0198024792989,4.0697030807501,3.989979225446,4.0697030807501,36572980.692144
1995-04-17,4.2303869209901,4.3796333091634,4.2303869209901,4.339947042038,209437360.59917
1995-04-18,4.339947042038,4.350044269346,4.260119091607,4.3001566797857,84269979.20341
1995-04-19,4.3001566797857,4.3200908965844,4.2303869209901,4.270216318915,65939796.591428
1995-04-20,4.2899163216782,4.3097464433501,4.1502076495058,4.2198082537203,93525123.923754
1995-04-21,4.2398986132093,4.2500088524082,4.200108250957,4.2101794544833,59689451.067316
1995-04-24,4.2303869209901,4.3601675204357,4.2101794544833,4.3601675204357,75888631.520981
1995-04-25,4.350044269346,4.4900392031173,4.350044269346,4.4900392031173,77317028.199482
1995-04-26,4.4699618555191,4.5000323352984,4.4398653519581,4.4699618555191,49380396.940019
1995-04-27,4.4699618555191,4.5099994436978,4.2798060824794,4.4097037889427,143602785.41266
1995-04-28,4.420425587012,4.6102040152168,4.4097037889427,4.5800034165289,102653654.23054
1995-05-01,4.58999654871,4.7002983475369,4.5800034165289,4.6102040152168,73058591.099151
1995-05-02,4.6102040152168,4.6102040152168,4.4598516163203,4.4598516163203,87044736.082872
1995-05-03,4.5000323352984,4.5400959472588,4.5000323352984,4.5400959472588,68618255.251401
1995-05-04,4.5696459514037,4.6699806418313,4.5400959472588,4.5696459514037,74144599.912605
1995-05-05,4.5605246159103,4.5800034165289,4.4799679995911,4.4900392031173,48713457.291523
1995-05-08,4.4799679995911,4.5099994436978,4.4398653519581,4.4799679995911,49027308.217496
1995-05-09,4.4900392031173,4.5099994436978,4.4398653519581,4.4799679995911,40958031.414547
1995-05-10,4.4900392031173,4.5099994436978,4.420425587012,4.4398653519581,43119352.932882
1995-05-11,4.4398653519581,4.5696459514037,4.429781136541,4.5605246159103,43103302.438152
1995-05-12,4.5605246159103,4.6102040152168,4.5099994436978,4.5303630528949,40337454.497438
1995-05-15,4.519888480752,4.5998335382007,4.4799679995911,4.5605246159103,39267500.136132
1995-05-16,4.5696459514037,4.7698859398605,4.5696459514037,4.7600619622606,96640490.996224
1995-05-17,4.780399547676,4.8698302735623,4.7698859398605,4.8199556958928,74133895.097712
1995-05-18,4.7997222056043,4.8597200343634,4.7503160560059,4.7503160560059,65007147.211865
1995-05-19,4.7200113621911,4.7902235252759,4.7097579921927,4.7902235252759,50366539.526192
1995-05-22,4.7902235252759,4.9098938855227,4.7097579921927,4.8900767757417,101849409.6003
1995-05-23,4.9098938855227,4.9600677366819,4.8199556958928,4.9600677366819,61875735.976538
1995-05-24,4.9998320751525,5.0200525535502,4.8799665365428,4.9098938855227,76552010.285025
1995-05-25,4.9297109953037,5.0099683381331,4.8900767757417,4.9998320751525,48415645.779511
1995-05-26,4.9998320751525,4.9998320751525,4.8799665365428,4.9098938855227,58997543.279034
1995-05-30,4.9297109953037,4.9600677366819,4.6296567920537,4.6499943774691,111022518.63456
1995-05-31,4.6699806418313,4.7503160560059,4.5400959472588,4.7503160560059,133473830.19921
1995-06-01,4.7698859398605,4.7997222056043,4.7002983475369,4.7200113621911,68158172.200825
1995-06-02,4.7002983475369,4.7200113621911,4.6296567920537,4.6596231767061,61920317.869958
1995-06-05,4.6296567920537,4.7902235252759,4.5800034165289,4.7503160560059,62250216.91621
1995-06-06,4.7600619622606,4.8199556958928,4.6596231767061,4.6596231767061,54653512.774115
1995-06-07,4.6499943774691,4.7503160560059,4.6102040152168,4.7097579921927,71988631.197458
1995-06-08,4.7200113621911,4.7503160560059,4.6899408824118,4.7200113621911,32678333.963292
1995-06-09,4.7002983475369,4.8199556958928,4.6296567920537,4.7600619622606,90516751.970832
1995-06-12,4.7503160560059,4.7503160560059,4.6699806418313,4.7002983475369,51081632.241843
1995-06-13,4.7200113621911,4.7503160560059,4.6798176313221,4.7002983475369,42008375.188156
1995-06-14,4.6798176313221,4.7200113621911,4.640651839831,4.7002983475369,48032246.403299
1995-06-15,4.7097579921927,4.7698859398605,4.7002983475369,4.7600619622606,48941712.43846
1995-06-16,4.7698859398605,4.9098938855227,4.7600619622606,4.8799665365428,102848034.6734
1995-06-19,4.8900767757417,5.039518342278,4.8698302735623,5.039518342278,88029108.120359
1995-06-20,5.069705929075,5.1198667683434,5.0301758046399,5.1198667683434,63161464.580821
1995-06-21,5.1499632719044,5.1801508587015,5.04997990253,5.0803366439083,63778477.447543
1995-06-22,5.0803366439083,5.1600474873215,5.0803366439083,5.1499632719044,51598776.506832
1995-06-23,5.0900955620539,5.169910500594,5.0605065222364,5.1101598977612,51666538.57872
1995-06-26,5.0996593018366,5.1101598977612,5.0200525535502,5.0301758046399,45749666.440532
1995-06-27,5.0200525535502,5.0803366439083,4.8597200343634,4.8698302735623,73565039.255564
1995-06-28,4.8597200343634,4.9898519548623,4.7600619622606,4.9297109953037,119575067.37288
1995-06-29,4.9297109953037,5.0301758046399,4.9297109953037,5.0099683381331,64245693.347792
1995-06-30,5.0301758046399,5.0996593018366,5.0301758046399,5.069705929075,59452275.900873
1995-07-03,5.0996593018366,5.1101598977612,5.069705929075,5.0996593018366,18683269.751547
1995-07-05,5.1402303775405,5.1600474873215,5.069705929075,5.0900955620539,54107833.944502
1995-07-06,5.0803366439083,5.2203315776796,5.069705929075,5.2003583252083,52461879.019122
1995-07-07,5.2095837558286,5.3598060358165,5.2003583252083,5.3598060358165,74338975.606563
1995-07-10,5.3801436212319,5.5903897537607,5.3702936198503,5.5398255458756,124808944.61894
1995-07-11,5.5498447018385,5.5600590361642,5.4100839821026,5.4100839821026,87187397.825224
1995-07-12,5.4297969967567,5.6099596376153,5.4297969967567,5.599992529216,105519368.39854
1995-07-13,5.6099596376153,5.6900868615361,5.4999441003873,5.6099596376153,94525534.583723
1995-07-14,5.5099112087867,5.809744209892,5.4999441003873,5.809744209892,100203457.04936
1995-07-17,6.0403149159454,6.129901784522,5.9695432415535,6.1100586509593,173679330.93513
1995-07-18,5.9999780542769,6.0104916620924,5.68047107419,5.7099299950989,322797729.28366
1995-07-19,5.4398942240647,5.5398255458756,4.9600677366819,5.2999253140751,340038335.86588
1995-07-20,5.3399889260355,5.4603879521705,5.270115072113,5.3900066345044,198218834.89633
1995-07-21,5.270115072113,5.3801436212319,5.1499632719044,5.1600474873215,188644482.48942
1995-07-24,5.1900008600831,5.2597185713152,5.169910500594,5.2499986888422,105670942.24556
1995-07-25,5.3598060358165,5.469964703844,5.3299827819635,5.3999737429038,121955717.68677
1995-07-26,5.469964703844,5.4999441003873,5.3197814595287,5.3801436212319,86343918.564369
1995-07-27,5.4100839821026,5.469964703844,5.3999737429038,5.4100839821026,58977927.942434
1995-07-28,5.3801436212319,5.3801436212319,5.1600474873215,5.1900008600831,176619936.06727
1995-07-31,5.2203315776796,5.2399144734251,5.04997990253,5.0803366439083,113053660.89747
1995-08-01,5.0900955620539,5.0996593018366,4.9297109953037,5.0200525535502,185174256.14574
1995-08-02,5.0996593018366,5.1900008600831,4.9297109953037,4.9898519548623,144672734.23359
1995-08-03,4.9297109953037,5.1198667683434,4.9098938855227,5.1101598977612,126540496.90633
1995-08-04,5.1198667683434,5.2597185713152,5.1198667683434,5.2597185713152,86606058.70466
1995-08-07,5.2999253140751,5.3598060358165,5.1499632719044,5.2499986888422,71635541.683451
1995-08-08,5.280212299421,5.3197814595287,5.2399144734251,5.2399144734251,48943496.442362
1995-08-09,5.4797236219896,5.4999441003873,5.3801436212319,5.4100839821026,160921855.71572
1995-08-10,5.4398942240647,5.4501736178447,5.2597185713152,5.280212299421,80116754.010206
1995-08-11,5.3099054343653,5.4200641023929,5.169910500594,5.4100839821026,108328009.47986
1995-08-14,5.4297969967567,5.5700521683453,5.3702936198503,5.5398255458756,99051464.627544
1995-08-15,5.5700521683453,5.5700521683453,5.4297969967567,5.5201515668941,70513871.787569
1995-08-16,5.5201515668941,5.5398255458756,5.4501736178447,5.5398255458756,42484509.524946
1995-08-17,5.5398255458756,5.650283487393,5.5298714493671,5.5600590361642,83105503.503184
1995-08-18,5.5903897537607,5.5903897537607,5.4398942240647,5.4501736178447,86379582.021245
1995-08-21,5.469964703844,5.5099112087867,5.2899582056757,5.2999253140751,123146948.69663
1995-08-22,5.3299827819635,5.5700521683453,5.2899582056757,5.5700521683453,105123480.20352
1995-08-23,5.6099596376153,5.6401732481941,5.469964703844,5.4901851822417,123924445.1406
1995-08-24,5.4999441003873,5.4999441003873,5.3598060358165,5.3900066345044,106188087.30202
1995-08-25,5.3999737429038,5.4297969967567,5.2899582056757,5.2899582056757,81907153.098872
1995-08-28,5.2899582056757,5.2899582056757,5.039518342278,5.04997990253,125522246.99882
1995-08-29,5.04997990253,5.1499632719044,4.8799665365428,5.1499632719044,182706208.63627
1995-08-30,5.2095837558286,5.2597185713152,5.1297297816159,5.2299083293532,88605096.812185
1995-08-31,5.2399144734251,5.270115072113,5.1297297816159,5.1900008600831,43204943.963017
1995-09-01,5.1499632719044,5.1600474873215,5.0099683381331,5.0301758046399,89455715.254578
1995-09-05,5.0996593018366,5.3299827819635,5.0605065222364,5.3299827819635,102596593.01613
1995-09-06,5.3399889260355,5.4100839821026,5.2203315776796,5.2399144734251,111750093.04566
1995-09-07,5.2899582056757,5.4200641023929,5.2299083293532,5.3099054343653,104691930.1346
1995-09-08,5.2597185713152,5.3598060358165,5.2299083293532,5.3598060358165,71796040.298885
1995-09-11,5.3498129036354,5.4901851822417,5.3299827819635,5.469964703844,86274368.531158
1995-09-12,5.4797236219896,5.4797236219896,5.3598060358165,5.3999737429038,79305370.198425
1995-09-13,5.3900066345044,5.4398942240647,5.3299827819635,5.3900066345044,68218808.546393
1995-09-14,5.3900066345044,5.4100839821026,5.3099054343653,5.3197814595287,60441988.869298
1995-09-15,5.3099054343653,5.3498129036354,5.1900008600831,5.2399144734251,98432674.088779
1995-09-18,5.2299083293532,5.2399144734251,5.0996593018366,5.1600474873215,85627039.470354
1995-09-19,5.1600474873215,5.2999253140751,5.1297297816159,5.2299083293532,64655844.076211
1995-09-20,5.2399144734251,5.3099054343653,5.1900008600831,5.2203315776796,49767361.949585
1995-09-21,5.1198667683434,5.2203315776796,5.0803366439083,5.0803366439083,93439528.144723
1995-09-22,5.039518342278,5.0900955620539,4.9898519548623,5.0301758046399,111341728.6956
1995-09-25,5.0803366439083,5.0803366439083,4.9600677366819,5.0605065222364,64507833.488091
1995-09-26,5.069705929075,5.1499632719044,4.939587020467,4.9504519493358,85316752.594773
1995-09-27,4.9297109953037,4.9800149653715,4.6798176313221,4.9702820710076,156879182.56909
1995-09-28,4.9898519548623,5.1297297816159,4.9800149653715,5.1297297816159,117595639.85306
1995-09-29,5.1402303775405,5.2003583252083,5.04997990253,5.0803366439083,106057913.58698
1995-10-02,5.0803366439083,5.0996593018366,4.939587020467,4.9504519493358,75489181.650038
1995-10-03,4.939587020467,4.9998320751525,4.8900767757417,4.9800149653715,89983558.794074
1995-10-04,4.939587020467,4.939587020467,4.7902235252759,4.8304432799266,81889320.183204
1995-10-05,4.8199556958928,4.9098938855227,4.7698859398605,4.9098938855227,112891383.02704
1995-10-06,4.9098938855227,4.9898519548623,4.7902235252759,4.8199556958928,85391648.30782
1995-10-09,4.7600619622606,4.8101967777472,4.640651839831,4.6596231767061,121055165.33925
1995-10-10,4.5605246159103,4.7200113621911,4.5099994436978,4.7002983475369,175701549.22111
1995-10-11,4.8199556958928,4.8999137652324,4.7698859398605,4.8597200343634,119266558.9608
1995-10-12,4.8799665365428,4.939587020467,4.8597200343634,4.9098938855227,87715246.113623
1995-10-13,4.9600677366819,4.9800149653715,4.8199556958928,4.8399940078185,76507424.434187
1995-10-16,4.8101967777472,4.8999137652324,4.7902235252759,4.8597200343634,68061881.896181
1995-10-17,4.8900767757417,5.1297297816159,4.8597200343634,5.1101598977612,137245439.22863
1995-10-18,5.5099112087867,5.5298714493671,5.3197814595287,5.3598060358165,328042335.08912
1995-10-19,5.3399889260355,5.4398942240647,5.3099054343653,5.4297969967567,106817582.65567
1995-10-20,5.4100839821026,5.4297969967567,5.3197814595287,5.3598060358165,89145422.047127
1995-10-23,5.3299827819635,5.4501736178447,5.2999253140751,5.3999737429038,104180135.50687
1995-10-24,5.3999737429038,5.4999441003873,5.3999737429038,5.469964703844,76548436.736837
1995-10-25,5.469964703844,5.4797236219896,5.3801436212319,5.3801436212319,67107834.759083
1995-10-26,5.3702936198503,5.4999441003873,5.3498129036354,5.4999441003873,92330336.778348
1995-10-27,5.469964703844,5.6199527697964,5.4603879521705,5.6099596376153,145651743.1786
1995-10-30,5.5700521683453,5.7999983036373,5.5201515668941,5.7600778224764,139834734.89325
1995-10-31,5.7804284197827,5.7999983036373,5.5903897537607,5.6099596376153,102491384.27494
1995-11-01,5.6099596376153,5.6598602390665,5.5099112087867,5.5201515668941,81159966.517105
1995-11-02,5.5298714493671,5.6299328900867,5.5099112087867,5.6099596376153,70777791.974351
1995-11-03,5.6099596376153,5.6099596376153,5.5398255458756,5.579420729765,45289584.18144
1995-11-06,5.4398942240647,5.5398255458756,5.4297969967567,5.4603879521705,97778209.803872
1995-11-07,5.4100839821026,5.4603879521705,5.2095837558286,5.2203315776796,129199342.60415
1995-11-08,5.2597185713152,5.3598060358165,5.2399144734251,5.3399889260355,79444465.515944
1995-11-09,5.4100839821026,5.5498447018385,5.3801436212319,5.5498447018385,111247216.85446
1995-11-10,5.5201515668941,5.5498447018385,5.4200641023929,5.4297969967567,67785473.682088
1995-11-13,5.4200641023929,5.4501736178447,5.3900066345044,5.3999737429038,65761470.600715
1995-11-14,5.3801436212319,5.3801436212319,5.2597185713152,5.270115072113,84323470.035577
1995-11-15,5.2899582056757,5.3099054343653,5.1499632719044,5.270115072113,121135416.22993
1995-11-16,5.0803366439083,5.1499632719044,5.0301758046399,5.039518342278,217476320.41656
1995-11-17,5.04997990253,5.0803366439083,4.8999137652324,4.8999137652324,160274530.61235
1995-11-20,4.9600677366819,5.0099683381331,4.8101967777472,4.8199556958928,128502085.9701
1995-11-21,4.8199556958928,4.9800149653715,4.7200113621911,4.9297109953037,145072194.39382
1995-11-22,4.9600677366819,5.0200525535502,4.8900767757417,4.8999137652324,72923065.372407
1995-11-24,4.9098938855227,4.9504519493358,4.8999137652324,4.9297109953037,16734160.008769
1995-11-27,4.9702820710076,5.0200525535502,4.8900767757417,4.8900767757417,88161066.630791
1995-11-28,4.8799665365428,5.1297297816159,4.8500131637813,5.1297297816159,96449681.727097
1995-11-29,5.1499632719044,5.1900008600831,4.9998320751525,5.0301758046399,101498105.67316
1995-11-30,5.0200525535502,5.0301758046399,4.8698302735623,4.8900767757417,104222926.27304
1995-12-01,4.8900767757417,4.9297109953037,4.8199556958928,4.8399940078185,107135007.12983
1995-12-04,4.8304432799266,5.0301758046399,4.780399547676,4.9297109953037,145377120.55138
1995-12-05,4.9297109953037,4.939587020467,4.7698859398605,4.8199556958928,116500713.39453
1995-12-06,4.8304432799266,5.0996593018366,4.8199556958928,5.0803366439083,161911550.48004
1995-12-07,5.1101598977612,5.1600474873215,4.9800149653715,5.0803366439083,148096608.13515
1995-12-08,5.1900008600831,5.3099054343653,5.169910500594,5.2999253140751,163883855.43946
1995-12-11,5.2999253140751,5.3099054343653,5.2203315776796,5.2203315776796,69017710.662728
1995-12-12,5.2203315776796,5.2203315776796,5.1101598977612,5.1198667683434,49863658.586097
1995-12-13,5.1101598977612,5.169910500594,5.0803366439083,5.1499632719044,44110846.739276
1995-12-14,5.169910500594,5.2399144734251,4.9702820710076,4.9800149653715,103454342.72522
1995-12-15,4.9998320751525,5.0301758046399,4.8900767757417,4.9600677366819,128696462.45553
1995-12-18,4.9600677366819,4.9898519548623,4.7902235252759,4.8799665365428,110853112.66335
1995-12-19,4.8999137652324,5.0996593018366,4.8999137652324,5.0996593018366,94001254.303126
1995-12-20,5.1101598977612,5.1198667683434,4.8799665365428,4.8900767757417,94714559.848945
1995-12-21,4.9205115884651,5.04997990253,4.8999137652324,5.04997990253,67534032.816298
1995-12-22,5.04997990253,5.0996593018366,4.9998320751525,5.0803366439083,40187664.654317
1995-12-26,5.0605065222364,5.1198667683434,5.039518342278,5.0605065222364,38682588.258869
1995-12-27,5.069705929075,5.0803366439083,4.9600677366819,4.9800149653715,45182585.895967
1995-12-28,4.9504519493358,4.9600677366819,4.8900767757417,4.8999137652324,55479161.493756
1995-12-29,4.8900767757417,4.9800149653715,4.8399940078185,4.9205115884651,58337734.897243
1996-01-02,4.9297109953037,5.0301758046399,4.8999137652324,5.0301758046399,64397271.152233
1996-01-03,4.9998320751525,5.04997990253,4.8597200343634,4.8698302735623,70057352.787379
1996-01-04,4.8900767757417,4.9098938855227,4.7600619622606,4.8999137652324,114077254.11036
1996-01-05,4.8399940078185,4.9098938855227,4.8304432799266,4.8399940078185,69194255.815473
1996-01-08,4.8500131637813,4.9098938855227,4.8304432799266,4.8399940078185,12680798.668387
1996-01-09,4.8199556958928,4.8199556958928,4.4799679995911,4.5000323352984,197746274.10772
1996-01-10,4.5099994436978,4.6699806418313,4.5099994436978,4.6200540165984,202368496.83064
1996-01-11,4.6798176313221,4.8698302735623,4.6596231767061,4.8597200343634,129975066.91646
1996-01-12,4.8500131637813,4.8698302735623,4.7002983475369,4.8101967777472,89769566.972033
1996-01-15,4.8199556958928,4.8199556958928,4.58999654871,4.6296567920537,94259829.601558
1996-01-16,4.6899408824118,4.8500131637813,4.6699806418313,4.8399940078185,135981104.42446
1996-01-17,4.7503160560059,4.9098938855227,4.7503160560059,4.7600619622606,159466704.51909
1996-01-18,4.7902235252759,4.9800149653715,4.7698859398605,4.9098938855227,135228558.70764
1996-01-19,5.0605065222364,5.2299083293532,5.0301758046399,5.1499632719044,253491134.25178
1996-01-22,5.1402303775405,5.2003583252083,5.0996593018366,5.1600474873215,92109216.855535
1996-01-23,5.1198667683434,5.1499632719044,4.9998320751525,5.0200525535502,74087537.115225
1996-01-24,5.039518342278,5.1900008600831,5.0200525535502,5.1198667683434,102780271.81002
1996-01-25,5.1198667683434,5.1402303775405,4.9898519548623,5.0099683381331,66740478.754248
1996-01-26,4.9998320751525,5.0996593018366,4.9898519548623,5.0803366439083,56709616.844946
1996-01-29,5.0900955620539,5.1198667683434,5.0099683381331,5.069705929075,44121546.805268
1996-01-30,5.0996593018366,5.1198667683434,5.0803366439083,5.0900955620539,50288073.430893
1996-01-31,5.0900955620539,5.1900008600831,5.04997990253,5.1900008600831,76651869.388956
1996-02-01,5.169910500594,5.2899582056757,5.1600474873215,5.280212299421,87588632.49155
1996-02-02,5.270115072113,5.280212299421,5.169910500594,5.2203315776796,49804812.576299
1996-02-05,5.2003583252083,5.4501736178447,5.2003583252083,5.4501736178447,140967104.85512
1996-02-06,5.4100839821026,5.469964703844,5.3598060358165,5.4100839821026,109401534.22342
1996-02-07,5.3801436212319,5.4501736178447,5.3498129036354,5.4297969967567,73063937.570471
1996-02-08,5.4200641023929,5.579420729765,5.3598060358165,5.5398255458756,115828421.73435
1996-02-09,5.5398255458756,5.6199527697964,5.5201515668941,5.6099596376153,136901262.61078
1996-02-12,5.5903897537607,5.6701136090648,5.5600590361642,5.579420729765,97833497.30366
1996-02-13,5.4797236219896,5.6199527697964,5.469964703844,5.5903897537607,127630074.51907
1996-02-14,5.6099596376153,5.6099596376153,5.5201515668941,5.5398255458756,89400431.712194
1996-02-15,5.5201515668941,5.5600590361642,5.4797236219896,5.5201515668941,58173676.188843
1996-02-16,5.5398255458756,5.5700521683453,5.4901851822417,5.4901851822417,69331570.29502
1996-02-20,5.4501736178447,5.5201515668941,5.4297969967567,5.4797236219896,71533896.992652
1996-02-21,5.4797236219896,5.6099596376153,5.469964703844,5.599992529216,89214975.246265
1996-02-22,5.6099596376153,5.7499675832775,5.6099596376153,5.7499675832775,118699479.20773
1996-02-23,5.7499675832775,5.809744209892,5.7099299950989,5.7999983036373,114396463.3799
1996-02-26,5.7804284197827,5.7900051714562,5.6401732481941,5.6401732481941,70991781.421941
1996-02-27,5.650283487393,5.650283487393,5.5903897537607,5.6099596376153,67940615.536914
1996-02-28,5.650283487393,5.7198840916074,5.599992529216,5.6099596376153,66929509.559854
1996-02-29,5.5498447018385,5.6099596376153,5.5298714493671,5.5298714493671,68793024.31508
1996-03-01,5.5201515668941,5.5298714493671,5.3099054343653,5.3598060358165,175710462.90876
1996-03-04,5.3801436212319,5.4603879521705,5.3598060358165,5.3999737429038,80876424.661854
1996-03-05,5.3801436212319,5.5099112087867,5.3702936198503,5.4999441003873,63940753.735009
1996-03-06,5.5099112087867,5.5398255458756,5.4398942240647,5.4398942240647,49325109.440222
1996-03-07,5.4501736178447,5.469964703844,5.4200641023929,5.4603879521705,49364348.028257
1996-03-08,5.3598060358165,5.469964703844,5.3099054343653,5.3299827819635,120955312.56719
1996-03-11,5.3299827819635,5.4200641023929,5.3299827819635,5.4100839821026,83135821.280225
1996-03-12,5.3999737429038,5.4200641023929,5.3099054343653,5.3702936198503,85694807.082628
1996-03-13,5.5099112087867,5.6598602390665,5.4797236219896,5.6598602390665,174660128.63294
1996-03-14,5.6701136090648,5.7099299950989,5.5903897537607,5.5903897537607,67585750.725324
1996-03-15,5.6099596376153,5.7804284197827,5.5903897537607,5.7402346889136,135663679.9503
1996-03-18,5.7402346889136,5.940331546571,5.7402346889136,5.8999426373391,133156408.0995
1996-03-19,5.9695432415535,5.9999780542769,5.8699762526867,5.9900369696593,103085209.83983
1996-03-20,5.9600705850068,5.9800438374782,5.8203489009436,5.8699762526867,103589873.20088
1996-03-21,5.8500420358879,5.8500420358879,5.6401732481941,5.650283487393,73909204.00116
1996-03-22,5.6701136090648,5.6900868615361,5.5903897537607,5.6701136090648,53549668.670545
1996-03-25,5.6900868615361,5.7402346889136,5.5398255458756,5.599992529216,70638698.239804
1996-03-26,5.5700521683453,5.7697716811677,5.5398255458756,5.7600778224764,89050912.580443
1996-03-27,5.7900051714562,5.8300687834166,5.6701136090648,5.7499675832775,58769285.757647
1996-03-28,5.7099299950989,5.7999983036373,5.6701136090648,5.7297601167707,61249808.630692
1996-03-29,5.7402346889136,5.8396455350901,5.7297601167707,5.7804284197827,59637736.324224
1996-04-01,5.7804284197827,5.7999983036373,5.7297601167707,5.7600778224764,35322914.753255
1996-04-02,5.7600778224764,5.8900536002849,5.7499675832775,5.8699762526867,60627447.709682
1996-04-03,5.8396455350901,5.8999426373391,5.7999983036373,5.8596187875615,51349122.019396
1996-04-04,5.8699762526867,5.8806069675199,5.7999983036373,5.8500420358879,32278880.926414
1996-04-08,5.7499675832775,5.8300687834166,5.7099299950989,5.8203489009436,82201392.645657
1996-04-09,5.8300687834166,5.8300687834166,5.6900868615361,5.6998067440092,74610033.39192
1996-04-10,5.6900868615361,5.7804284197827,5.68047107419,5.6998067440092,57856254.880617
1996-04-11,5.6900868615361,5.7402346889136,5.5903897537607,5.6701136090648,69620457.038622
1996-04-12,5.6701136090648,5.6998067440092,5.6401732481941,5.6701136090648,37601929.08267
1996-04-15,5.6598602390665,5.809744209892,5.6598602390665,5.7999983036373,55841163.903919
1996-04-16,5.8500420358879,5.9196426401023,5.8300687834166,5.8999426373391,89293439.758588
1996-04-17,5.8999426373391,5.940331546571,5.8500420358879,5.940331546571,69804127.126203
1996-04-18,5.940331546571,6.129901784522,5.9196426401023,6.1100586509593,149302095.34655
1996-04-19,6.2603980379649,6.2900911729093,6.1397387740127,6.1500962391379,188906621.83822
1996-04-22,6.2001269594977,6.3598349079231,6.1797893740823,6.3201876764703,103383016.60295
1996-04-23,6.3201876764703,6.349841775742,6.249923465822,6.3201876764703,63683960.857516
1996-04-24,6.3400177981421,6.3400177981421,6.2396440720419,6.249923465822,77183280.144774
1996-04-25,6.249923465822,6.38004237443,6.1797893740823,6.3201876764703,71214694.054975
1996-04-26,6.3201876764703,6.3897752687938,6.2998110553823,6.3598349079231,60515104.535858
1996-04-29,6.3598349079231,6.3598349079231,6.2800850288373,6.3201876764703,38192191.388669
1996-04-30,6.3201876764703,6.349841775742,6.2698706945116,6.349841775742,31699321.852342
1996-05-01,6.3299856302885,6.4596361108255,6.3201876764703,6.4596361108255,72461201.483863
1996-05-02,6.4596361108255,6.4596361108255,6.230197439277,6.2603980379649,97344883.645882
1996-05-03,6.3102726156344,6.4200799626086,6.1797893740823,6.2198529860427,83925804.96002
1996-05-06,6.2198529860427,6.2998110553823,6.1500962391379,6.2698706945116,84541032.239878
1996-05-07,6.2603980379649,6.3598349079231,6.2603980379649,6.3400177981421,52791785.188726
1996-05-08,6.3299856302885,6.4101258661001,6.2103673176051,6.4101258661001,86768338.949544
1996-05-09,6.4101258661001,6.4596361108255,6.349841775742,6.3598349079231,53248296.274082
1996-05-10,6.4101258661001,6.4596361108255,6.4000026150104,6.44005321508,48943496.442362
1996-05-13,6.450046347261,6.6702465762983,6.450046347261,6.650182240591,106557224.14483
1996-05-14,6.6899726028433,6.7300362148037,6.6298186313938,6.6702465762983,85632390.690584
1996-05-15,6.6702465762983,6.719912963714,6.5796838159072,6.6002816391398,62774496.405322
1996-05-16,6.4999599606031,6.5796838159072,6.4799867081317,6.570068028561,74777653.776255
1996-05-17,6.6095851411053,6.6201117608117,6.5296400836565,6.56007489638,39445822.960909
1996-05-20,6.5796838159072,6.6095851411053,6.5402447747081,6.5498605620542,42862561.638355
1996-05-21,6.5498605620542,6.5498605620542,6.4596361108255,6.4596361108255,46937319.944786
1996-05-22,6.450046347261,6.5796838159072,6.4298258688634,6.5498605620542,50874771.686507
1996-05-23,6.5498605620542,6.6797452566267,6.5498605620542,6.650182240591,57929369.755693
1996-05-24,6.650182240591,6.6702465762983,6.6298186313938,6.650182240591,29472025.431953
1996-05-28,6.6598760992823,6.6797452566267,6.570068028561,6.5796838159072,48344318.074271
1996-05-29,6.5796838159072,6.6298186313938,6.5402447747081,6.570068028561,37414684.655415
1996-05-30,6.5796838159072,6.6298186313938,6.5402447747081,6.6298186313938,37698222.553248
1996-05-31,6.650182240591,6.6899726028433,6.6201117608117,6.6598760992823,44870519.76538
1996-06-03,6.6598760992823,6.7003040441868,6.6201117608117,6.6400589895013,35313998.691165
1996-06-04,6.650182240591,6.6702465762983,6.520154415219,6.6095851411053,73395625.369525
1996-06-05,6.6201117608117,6.7994936882186,6.6095851411053,6.7800669351635,56805913.481458
1996-06-06,6.829837417706,6.9003488542807,6.719912963714,6.719912963714,98231160.796265
1996-06-07,6.6002816391398,6.7994936882186,6.6002816391398,6.7994936882186,78238973.555636
1996-06-10,6.7900340435628,6.7994936882186,6.7300362148037,6.7599765756744,51067361.793598
1996-06-11,6.7699436840738,6.9095612730101,6.7599765756744,6.8499147653042,72734032.192351
1996-06-12,6.8899653653738,7.0302075250714,6.8802584947916,7.0098959634377,99021142.893084
1996-06-13,7.0197459648194,7.0600437908153,6.9397358479163,6.990052829875,69745280.324923
1996-06-14,6.9996295815486,7.0098959634377,6.8899653653738,6.9003488542807,62351862.398493
1996-06-17,6.9003488542807,7.0098959634377,6.8601551234117,6.990052829875,64085201.855712
1996-06-18,6.9805541495466,6.9805541495466,6.8399216331231,6.8601551234117,83128690.013525
1996-06-19,6.8698750058847,6.9003488542807,6.810488735996,6.829837417706,81817992.477959
1996-06-20,6.8399216331231,6.8698750058847,6.6702465762983,6.829837417706,113938157.20988
1996-06-21,6.8601551234117,6.9594618744613,6.810488735996,6.9500022298055,63313047.134164
1996-06-24,6.9500022298055,7.0197459648194,6.9003488542807,6.9594618744613,53612082.688145
1996-06-25,6.9703398152209,6.9703398152209,6.810488735996,6.8399216331231,45858448.729905
1996-06-26,6.829837417706,6.8399216331231,6.6702465762983,6.7599765756744,79642406.843254
1996-06-27,6.7599765756744,6.7900340435628,6.6702465762983,6.7300362148037,86468745.01661
1996-06-28,6.7599765756744,6.7900340435628,6.6797452566267,6.7401204302208,57956121.899384
1996-07-01,6.7401204302208,6.8698750058847,6.7401204302208,6.8601551234117,53344590.536144
1996-07-02,6.8601551234117,6.8802584947916,6.7994936882186,6.8197141666163,42964209.495088
1996-07-03,6.8197141666163,6.8899653653738,6.7599765756744,6.7900340435628,49310848.489779
1996-07-05,6.7401204302208,6.7401204302208,6.6400589895013,6.6400589895013,39378057.723087
1996-07-08,6.650182240591,6.7699436840738,6.6201117608117,6.7499834434933,71812089.210648
1996-07-09,6.7800669351635,6.810488735996,6.7300362148037,6.7300362148037,39645551.458057
1996-07-10,6.7300362148037,6.7300362148037,6.6201117608117,6.7003040441868,86912773.615028
1996-07-11,6.6298186313938,6.6400589895013,6.38004237443,6.4200799626086,157055727.72182
1996-07-12,6.4596361108255,6.4596361108255,6.2001269594977,6.2998110553823,155454352.31541
1996-07-15,6.2998110553823,6.38004237443,6.1599592524104,6.2001269594977,124641321.86015
1996-07-16,6.1797893740823,6.4799867081317,6.0299314270385,6.4702538137679,202958749.63883
1996-07-17,6.6002816391398,6.6201117608117,6.4799867081317,6.570068028561,140663953.20366
1996-07-18,6.5796838159072,6.7300362148037,6.4999599606031,6.719912963714,109824167.43876
1996-07-19,6.6002816391398,6.8197141666163,6.6002816391398,6.7800669351635,110571360.35238
1996-07-22,6.7900340435628,6.810488735996,6.6095851411053,6.719912963714,161023487.74279
1996-07-23,6.7300362148037,6.7300362148037,6.1797893740823,6.2900911729093,287193055.09609
1996-07-24,6.1397387740127,6.4902010424575,6.1397387740127,6.4298258688634,214243265.28192
1996-07-25,6.4999599606031,6.6598760992823,6.4596361108255,6.650182240591,112479445.92026
1996-07-26,6.7003040441868,6.7003040441868,6.6298186313938,6.6797452566267,66096726.407574
1996-07-29,6.6899726028433,6.719912963714,6.5498605620542,6.5498605620542,63248849.11266
1996-07-30,6.6095851411053,6.6598760992823,6.510057187911,6.650182240591,74647479.269733
1996-07-31,6.6702465762983,6.710193081241,6.6002816391398,6.6095851411053,62770931.563452
1996-08-01,6.6095851411053,6.7800669351635,6.5796838159072,6.7599765756744,107024440.04508
1996-08-02,6.8499147653042,6.9500022298055,6.7599765756744,6.9206474040235,121807713.43051
1996-08-05,6.9301460843519,6.9397358479163,6.7994936882186,6.829837417706,61379987.886115
1996-08-06,6.8197141666163,6.9594618744613,6.7800669351635,6.9500022298055,75107559.154375
1996-08-07,6.9703398152209,7.0197459648194,6.8899653653738,6.9996295815486,85586032.708101
1996-08-08,6.9594618744613,7.0600437908153,6.9397358479163,7.0197459648194,60607833.164568
1996-08-09,6.9996295815486,7.0400575264531,6.9500022298055,6.9805541495466,49389313.002109
1996-08-12,6.9703398152209,7.0698937921969,6.9500022298055,7.0197459648194,73768328.637164
1996-08-13,7.0098959634377,7.0600437908153,6.9206474040235,6.9301460843519,80814008.269802
1996-08-14,6.9500022298055,7.0197459648194,6.9397358479163,6.9996295815486,57991786.939229
1996-08-15,6.9996295815486,7.0501677656519,6.9703398152209,7.0197459648194,39629504.920745
1996-08-16,7.0197459648194,7.0197459648194,6.9397358479163,6.9703398152209,53050358.904188
1996-08-19,6.9500022298055,6.9594618744613,6.8601551234117,6.9301460843519,48071481.033915
1996-08-20,6.9397358479163,6.9594618744613,6.9095612730101,6.9206474040235,28619622.194172
1996-08-21,6.8698750058847,6.9301460843519,6.829837417706,6.9301460843519,54997681.47713
1996-08-22,6.9594618744613,7.0197459648194,6.9301460843519,7.0098959634377,55990962.453359
1996-08-23,6.9996295815486,7.0098959634377,6.9095612730101,6.9095612730101,49046925.137062
1996-08-26,6.9206474040235,6.9397358479163,6.8802584947916,6.8899653653738,35602889.392185
1996-08-27,6.9003488542807,6.9996295815486,6.9003488542807,6.9996295815486,31249940.450725
1996-08-28,7.0098959634377,7.0501677656519,6.9996295815486,7.0400575264531,35743766.339149
1996-08-29,7.0197459648194,7.0197459648194,6.9301460843519,6.9594618744613,38097675.590124
1996-08-30,6.9703398152209,6.9703398152209,6.8698750058847,6.8698750058847,31305219.244203
1996-09-03,6.8399216331231,6.9206474040235,6.7599765756744,6.9206474040235,54082865.804714
1996-09-04,6.9206474040235,6.9301460843519,6.8899653653738,6.9206474040235,30233479.296026
1996-09-05,6.8802584947916,6.8802584947916,6.810488735996,6.810488735996,44997127.055583
1996-09-06,6.8399216331231,6.8802584947916,6.8197141666163,6.8698750058847,46723331.288679
1996-09-09,6.8698750058847,7.0098959634377,6.8601551234117,6.9996295815486,46528952.428785
1996-09-10,6.9996295815486,7.0197459648194,6.9301460843519,6.9703398152209,43360092.941195
1996-09-11,6.9500022298055,7.0400575264531,6.9301460843519,7.0197459648194,40555016.701734
1996-09-12,7.0400575264531,7.2601536603635,7.0197459648194,7.2098887259682,106933493.8373
1996-09-13,7.2697564358187,7.3703253402818,7.2299660735664,7.3502610045745,89316618.3541
1996-09-16,7.3502610045745,7.4702826858745,7.3502610045745,7.3703253402818,69558041.438054
1996-09-17,7.4503094334032,7.54987642227,7.4203690725325,7.5099559411091,84286030.489633
1996-09-18,7.5099559411091,7.7297528015297,7.4702826858745,7.6501850889159,95905782.152484
1996-09-19,7.6501850889159,7.7502725534172,7.6098742510291,7.7199288239298,84607015.848247
1996-09-20,7.679995330878,7.7702197821068,7.6197632880833,7.7502725534172,116859150.96283
1996-09-23,7.7199288239298,7.7502725534172,7.6403350875343,7.7199288239298,51698639.568181
1996-09-24,7.7102089414568,7.759732198073,7.6299776224091,7.679995330878,80826495.505642
1996-09-25,7.7102089414568,7.7297528015297,7.590161236375,7.6098742510291,49114686.417468
1996-09-26,7.6098742510291,7.6299776224091,7.3899342598091,7.4000054633353,103211825.04488
1996-09-27,7.4297246220614,7.5799469020493,7.3602281129739,7.5398572663072,109640489.43635
1996-09-30,7.4897354627114,7.5597394355425,7.3899342598091,7.4000054633353,99834323.372501
1996-10-01,7.3899342598091,7.5099559411091,7.3397604086498,7.4096472744632,77042400.031875
1996-10-02,7.4503094334032,7.6098742510291,7.4203690725325,7.5597394355425,76635823.643127
1996-10-03,7.5597394355425,7.5799469020493,7.4897354627114,7.5099559411091,64971484.54647
1996-10-04,7.54987642227,7.6599179832798,7.5297860627809,7.6501850889159,50339793.71437
1996-10-07,7.6501850889159,7.7502725534172,7.6197632880833,7.7102089414568,47292192.671211
1996-10-08,7.7199288239298,7.7199288239298,7.5702270195763,7.590161236375,54016886.153761
1996-10-09,7.6299776224091,7.6299776224091,7.4702826858745,7.5398572663072,72395215.501041
1996-10-10,7.5000799159457,7.6299776224091,7.4802497942739,7.5000799159457,57665443.237044
1996-10-11,7.54987642227,7.6998514763316,7.5297860627809,7.6901185819677,40706592.923208
1996-10-14,7.6998514763316,7.7502725534172,7.6501850889159,7.6599179832798,40225109.740647
1996-10-15,7.7799396645798,7.8001471310866,7.6998514763316,7.7903231534867,68217025.333973
1996-10-16,7.7799396645798,7.7903231534867,7.679995330878,7.7402664093452,40599600.969605
1996-10-17,7.7502725534172,7.7903231534867,7.600167380447,7.600167380447,54721278.011938
1996-10-18,7.5099559411091,7.5702270195763,7.4897354627114,7.5597394355425,77623754.190615
1996-10-21,7.5597394355425,7.6299776224091,7.4897354627114,7.5099559411091,79579991.242686
1996-10-22,7.4702826858745,7.4802497942739,7.3602281129739,7.4297246220614,126841864.55388
1996-10-23,7.4397307661333,7.5597394355425,7.3899342598091,7.5398572663072,75168193.125492
1996-10-24,7.5597394355425,7.6998514763316,7.5099559411091,7.6599179832798,90743231.028698
1996-10-25,7.6599179832798,7.7297528015297,7.6299776224091,7.6501850889159,59165171.578203
1996-10-28,7.6695077468442,7.7199288239298,7.6403350875343,7.6599179832798,57109067.507374
1996-10-29,7.679995330878,7.6998514763316,7.5597394355425,7.590161236375,74403168.879166
1996-10-30,7.590161236375,7.679995330878,7.5597394355425,7.6403350875343,67459137.103254
1996-10-31,7.6501850889159,7.6998514763316,7.6299776224091,7.6998514763316,41270101.502551
1996-11-01,7.6998514763316,7.7799396645798,7.6501850889159,7.6998514763316,63006321.934511
1996-11-04,7.6998514763316,7.759732198073,7.6695077468442,7.7402664093452,40130601.856938
1996-11-05,7.7702197821068,7.9300578494408,7.759732198073,7.9300578494408,96315934.463866
1996-11-06,7.9300578494408,8.0997068824839,7.9100845969695,8.0997068824839,79621008.294236
1996-11-07,8.1202006105896,8.1898142266949,8.0297159215437,8.0498453167053,85532524.463292
1996-11-08,8.0400733866688,8.0498453167053,7.9300578494408,8.0498453167053,75086161.396841
1996-11-11,8.0400733866688,8.1202006105896,8.0200220628524,8.0498453167053,43014139.442795
1996-11-12,8.0802801294287,8.1804716890569,7.9300578494408,7.9500180900213,90452558.69823
1996-11-13,8.0498453167053,8.1699710931322,8.0297159215437,8.1299204930627,100765182.41629
1996-11-14,8.1502580784781,8.3898330130071,8.1502580784781,8.3898330130071,128138304.30492
1996-11-15,8.449947948784,8.4602013187823,8.2600524135615,8.3597495213369,115958601.78125
1996-11-18,8.3803343326787,8.5103751699415,8.3301865053012,8.4298575892949,109877661.43687
1996-11-19,8.4401239711841,8.7401521506524,8.4298575892949,8.7401521506524,116736102.97412
1996-11-20,8.7496638428716,8.8596923919905,8.589695656629,8.589695656629,138044335.80458
1996-11-21,8.6596866175692,8.6700440826944,8.4101705984225,8.4298575892949,145690973.8518
1996-11-22,8.449947948784,8.5500224013944,8.3803343326787,8.4401239711841,105239391.38515
1996-11-25,8.4701424033999,8.6096819209911,8.4401239711841,8.6096819209911,83734999.648312
1996-11-26,8.6401167337146,8.7098214330558,8.5396649362692,8.6202866120427,120636106.46358
1996-11-27,8.6401167337146,8.7300419114535,8.6202866120427,8.7201138387267,49537322.798747
1996-11-29,8.7201138387267,8.8097917905394,8.7201138387267,8.7999417891577,19116603.032884
1996-12-02,8.8299992570462,8.8497122717003,8.7098214330558,8.8497122717003,71890552.931495
1996-12-03,8.8802902152232,8.9400408180559,8.6700440826944,8.6700440826944,86447344.093133
1996-12-04,8.6999844435651,8.7098214330558,8.5298019229967,8.589695656629,114287681.88202
1996-12-05,8.5999230028455,8.7098214330558,8.519678671907,8.5799757741559,83535269.568203
1996-12-06,8.3597495213369,8.6596866175692,8.3099790387944,8.5700867371017,122865184.51342
1996-12-09,8.7899616688675,9.1801102044377,8.7496638428716,9.1697137036399,105567511.96789
1996-12-10,9.4604774168153,9.4800473006699,9.1697137036399,9.1801102044377,140126306.34902
1996-12-11,9.0800357518273,9.3801029669681,8.9901886454335,9.3499153801711,126565463.46315
1996-12-12,9.5300780210297,9.5600313937913,9.0800357518273,9.0800357518273,87238225.31527
1996-12-13,9.1003733372427,9.1998102072009,8.8901272047139,8.9701112978352,83068951.210286
1996-12-16,9.0000906943785,9.0598282853205,8.5799757741559,8.6096819209911,72314968.567775
1996-12-17,8.589695656629,8.9901886454335,8.5700867371017,8.9598579278369,76841784.281676
1996-12-18,9.1303136981134,9.2795470743959,8.9701112978352,9.2701655010853,68875051.294829
1996-12-19,9.4198022459844,9.5500382616102,9.3101250179188,9.5199677818309,105446255.10642
1996-12-20,9.5895683860453,9.6004203030232,9.3499153801711,9.3801029669681,100770528.09613
1996-12-23,9.4302768181274,9.5097404356143,9.2900216465388,9.3894715283879,41118526.072561
1996-12-24,9.4302768181274,9.5500382616102,9.3203393522445,9.5199677818309,18107273.144892
1996-12-26,9.5600313937913,9.6594292280769,9.5500382616102,9.5895683860453,31101927.488152
1996-12-27,9.5895683860453,9.620159341459,9.4198022459844,9.4495734522739,21264541.356024
1996-12-30,9.5799786224809,9.6004203030232,9.3601297144968,9.3601297144968,30403778.85215
1996-12-31,9.4198022459844,9.4495734522739,9.2499840583602,9.2701655010853,38303646.517961
1997-01-02,9.3203393522445,9.3203393522445,9.0598282853205,9.1501568316761,60721069.131826
1997-01-03,9.21990056669,9.5097404356143,9.1998102072009,9.490040432851,49186018.871609
1997-01-06,9.490040432851,9.5600313937913,9.3203393522445,9.4604774168153,62356325.574181
1997-01-07,9.4800473006699,9.5500382616102,9.3499153801711,9.5300780210297,41105153.958134
1997-01-08,9.5300780210297,9.5600313937913,9.3203393522445,9.3499153801711,56388625.945949
1997-01-09,9.3894715283879,9.3894715283879,9.21990056669,9.2401340569785,53234031.36622
1997-01-10,9.1998102072009,9.4604774168153,9.1501568316761,9.4495734522739,74180264.160968
1997-01-13,9.5500382616102,9.5895683860453,9.3601297144968,9.3894715283879,56130055.396423
1997-01-14,9.4495734522739,9.7200906632699,9.4495734522739,9.5799786224809,71027447.253271
1997-01-15,9.6004203030232,9.6702030737096,9.4604774168153,9.490040432851,59135748.177564
1997-01-16,9.5300780210297,9.7698871695942,9.5300780210297,9.6503599401469,65410167.465063
1997-01-17,9.6004203030232,9.8395007856995,9.5895683860453,9.7698871695942,72856190.553568
1997-01-20,9.7604015011567,10.419922201327,9.7200906632699,10.179865826836,162969040.55853
1997-01-21,10.160152812182,10.659614242874,10.050020167936,10.650753145198,127717447.17865
1997-01-22,10.669945684217,11.050647587023,10.611053866181,10.919617846054,144039680.36993
1997-01-23,11.008944476814,11.189744700324,10.599967735168,10.630558690582,117080272.46862
1997-01-24,10.669945684217,10.961320956263,10.579864363788,10.760417361372,100105377.20044
1997-01-27,10.820193987987,10.919617846054,10.708786178437,10.780520732752,59364003.3245
1997-01-28,11.029282062229,11.081693958616,10.630558690582,10.719976404577,72062640.448936
1997-01-29,10.84987411104,10.919617846054,10.740470132683,10.911173128886,54538487.26257
1997-01-30,11.018924597104,11.359679994967,10.989869044812,11.340591551074,89093713.635906
1997-01-31,11.428551933293,11.579138546225,11.309128798972,11.438883374636,96425610.338169
1997-02-03,11.511411654294,11.598604334952,11.340591551074,11.481093948589,67769423.187357
1997-02-04,11.481093948589,11.579138546225,11.271381303585,11.571695744652,62931430.970368
1997-02-05,11.571695744652,11.607062064012,10.859867243222,11.029282062229,122710037.90969
1997-02-06,11.018924597104,11.029282062229,10.770397481663,10.890809519689,113819577.14576
1997-02-07,11.029282062229,11.271381303585,10.940228681178,11.25860362676,69600840.910539
1997-02-10,11.29942192839,11.379913485255,10.950820360339,10.961320956263,74456673.958028
1997-02-11,11.018924597104,11.060874933239,10.669945684217,11.050647587023,99009552.408103
1997-02-12,11.029282062229,11.2209602265,10.940228681178,11.199087237963,80248710.146179
1997-02-13,11.271381303585,11.340591551074,11.149824219164,11.2209602265,64968808.540617
1997-02-14,11.149824219164,11.271381303585,10.950820360339,10.979017127834,63969286.716666
1997-02-18,10.950820360339,10.979017127834,10.790630971951,10.919617846054,58564213.16363
1997-02-19,10.919617846054,11.008944476814,10.820193987987,10.940228681178,62841371.224161
1997-02-20,10.859867243222,10.940228681178,10.669945684217,10.679847733162,84031025.573468
1997-02-21,10.640890131925,10.698649915456,10.539202204848,10.650753145198,68133215.933289
1997-02-24,10.570014362406,11.239788432575,10.539202204848,11.230289752247,76456600.901562
1997-02-25,11.2209602265,11.331392144235,11.088915558044,11.161573956611,71265519.170568
1997-02-26,11.161573956611,11.25860362676,11.029282062229,11.239788432575,54444865.840426
1997-02-27,11.239788432575,11.239788432575,10.770397481663,10.780520732752,63115106.598335
1997-02-28,10.780520732752,11.029282062229,10.698649915456,10.940228681178,87393369.544544
1997-03-03,10.880204828637,11.230289752247,10.839659776715,11.161573956611,60045211.04679
1997-03-04,11.12860182517,11.230289752247,11.060874933239,11.119142180514,71242336.617649
1997-03-05,11.161573956611,11.331392144235,11.12860182517,11.309128798972,51707554.838787
1997-03-06,11.29942192839,11.309128798972,10.961320956263,10.961320956263,63549327.132723
1997-03-07,11.029282062229,11.161573956611,10.820193987987,10.84987411104,51304534.585591
1997-03-10,10.890809519689,11.230289752247,10.760417361372,11.2209602265,51266201.454728
1997-03-11,11.17092950614,11.279058319193,11.029282062229,11.029282062229,53027170.810883
1997-03-12,10.961320956263,11.161573956611,10.961320956263,11.081693958616,48186502.588042
1997-03-13,11.018924597104,11.230289752247,10.989869044812,11.17092950614,50717845.036295
1997-03-14,11.189744700324,11.239788432575,11.088915558044,11.099559284768,68351663.016184
1997-03-17,11.050647587023,11.29942192839,10.989869044812,11.271381303585,93575057.828883
1997-03-18,11.288674106539,11.309128798972,11.088915558044,11.17092950614,65771273.124372
1997-03-19,10.961320956263,11.018924597104,10.650753145198,10.84987411104,124338158.33644
1997-03-20,10.839659776715,10.961320956263,10.698649915456,10.770397481663,90735209.343009
1997-03-21,10.820193987987,10.890809519689,10.419922201327,10.539202204848,95660586.883316
1997-03-24,10.440637131577,10.490030269285,9.8301452361706,10.109874865896,207605055.62294
1997-03-25,10.160152812182,10.249726668868,9.9701141461602,10.130095344294,99976089.946962
1997-03-26,10.179865826836,10.611053866181,10.160152812182,10.570014362406,90579168.362876
1997-03-27,10.669945684217,10.780520732752,10.209806187707,10.510016533647,104676774.80775
1997-03-31,10.440637131577,10.599967735168,10.230390999049,10.280330636172,104572448.57073
1997-04-01,10.109874865896,10.510016533647,10.069837277717,10.46048026514,96609276.468332
1997-04-02,10.419922201327,10.500426770083,10.209806187707,10.319730641699,70585200.284294
1997-04-03,10.209806187707,10.698649915456,10.160152812182,10.669945684217,102819502.48323
1997-04-04,10.510016533647,10.84987411104,10.510016533647,10.560047254007,105841247.34206
1997-04-07,10.719976404577,10.950820360339,10.650753145198,10.750190015156,85274843.541275
1997-04-08,10.839659776715,11.018924597104,10.708786178437,11.018924597104,59448712.64197
1997-04-09,11.119142180514,11.12860182517,10.961320956263,10.989869044812,82211199.126734
1997-04-10,10.961320956263,10.961320956263,10.708786178437,10.84987411104,75692474.19757
1997-04-11,10.708786178437,10.911173128886,10.650753145198,10.650753145198,66909893.431771
1997-04-14,10.630558690582,10.919617846054,10.470720623248,10.919617846054,65877383.365311
1997-04-15,10.979017127834,11.099559284768,10.750190015156,10.890809519689,94111818.221952
1997-04-16,10.839659776715,11.050647587023,10.790630971951,11.018924597104,47602481.921248
1997-04-17,11.050647587023,11.2209602265,10.940228681178,11.008944476814,79935752.805124
1997-04-18,11.662896087696,12.069725867349,11.550993826293,12.069725867349,258310415.00637
1997-04-21,12.002038011092,12.549851628222,11.898307217149,12.069725867349,173528640.38372
1997-04-22,12.069725867349,12.429829946922,12.060903805346,12.41212076346,91726704.732374
1997-04-23,12.41212076346,12.978229099141,12.383065211168,12.91003377914,114590832.74199
1997-04-24,13.084236973984,13.219560638936,12.65094100832,12.796322864907,131697694.43543
1997-04-25,12.733059051542,12.941392436114,12.701466180532,12.743247362086,65274638.572384
1997-04-28,12.760813414748,12.901003526882,12.520783064039,12.879664025871,74923887.483826
1997-04-29,13.156322849353,13.357226444244,13.074217818021,13.347207288281,82424295.780892
1997-04-30,13.300234362273,13.750055429331,13.28279842852,13.6286544876,100536032.10146
1997-05-01,13.680441813226,13.81836785635,13.367115481298,13.569320265275,80609820.554395
1997-05-02,13.680441813226,13.849856632233,13.338229083587,13.538091727209,107209904.42585
1997-05-05,13.421765422913,13.538091727209,12.947729226963,13.478627385975,123784456.23817
1997-05-06,13.391447717208,13.431784578876,13.051316890106,13.156322849353,83334657.775411
1997-05-07,13.051316890106,13.347207288281,12.91003377914,12.947729226963,78611679.989211
1997-05-08,12.931594482296,13.252350603906,12.91003377914,13.051316890106,60000634.693755
1997-05-09,13.230880983985,13.291776633214,12.978229099141,13.094256129947,65080260.503974
1997-05-12,13.176751518004,13.291776633214,13.123272646566,13.252350603906,47898503.097489
1997-05-13,13.28279842852,13.367115481298,13.115985987684,13.208110174979,55519284.960389
1997-05-14,13.28279842852,13.300234362273,12.969407037138,12.997200436016,67702552.325936
1997-05-15,13.007063449289,13.219560638936,12.997200436016,13.138626677782,46656455.678357
1997-05-16,13.051316890106,13.123272646566,12.879664025871,12.947729226963,66776146.960028
1997-05-19,13.018657044046,13.138626677782,12.91003377914,12.91003377914,50858722.774744
1997-05-20,12.997200436016,13.367115481298,12.931594482296,13.357226444244,72307834.926619
1997-05-21,13.52768221452,13.789221220822,13.431784578876,13.498795816809,85396109.900537
1997-05-22,13.569320265275,13.63893388138,13.431784578876,13.52768221452,37510089.289977
1997-05-23,13.611218553846,13.789221220822,13.557999920226,13.778030994682,32215575.698347
1997-05-27,13.769052789988,14.293301872769,13.72116903162,14.19883554512,76943431.346925
1997-05-28,14.270531063763,14.270531063763,14.006780036015,14.120243724321,58225390.931935
1997-05-29,14.270531063763,14.471694896471,14.018100381064,14.120243724321,56965514.554554
1997-05-30,13.176751518004,14.090056137524,13.176751518004,13.910622162553,92883150.832082
1997-06-02,14.018100381064,14.081208051738,13.809389651656,13.952390332217,43399324.405877
1997-06-03,13.839967595179,13.849856632233,13.52768221452,13.538091727209,46805363.017329
1997-06-04,13.52768221452,13.711019756749,13.262369759868,13.367115481298,60897613.493087
1997-06-05,13.488516423029,13.6286544876,13.401336754262,13.518964247643,40003090.692532
1997-06-06,13.611218553846,13.942241057345,13.569320265275,13.910622162553,40083344.749149
1997-06-09,14.006780036015,14.149650597666,13.740036273368,14.029290607204,53720865.769002
1997-06-10,14.029290607204,14.249191562751,13.880304456848,13.999233139315,59221343.165116
1997-06-11,13.999233139315,14.293301872769,13.860005907105,14.237871217702,54675800.950632
1997-06-12,14.219914808315,14.369551553214,14.06234080999,14.237871217702,49724565.643033
1997-06-13,14.219914808315,14.590233222213,14.188686270249,14.535973637323,55856324.771149
1997-06-16,14.535973637323,14.729460454423,14.449965038733,14.729460454423,45264621.582036
1997-06-17,14.750669836527,15.128405028215,14.679885150244,15.047731304879,59283760.348652
1997-06-18,14.942725345632,14.970831029891,14.590233222213,14.60168368617,62032664.209717
1997-06-19,14.399348783285,14.662188978673,14.359142040525,14.496937964741,73023816.478288
1997-06-20,14.50825830979,14.729460454423,14.409628177065,14.568763602293,71598094.222672
1997-06-23,14.568763602293,14.750669836527,14.359142040525,14.359142040525,39816741.433163
1997-06-24,14.51853770357,14.81768107446,14.399348783285,14.808702869766,43822849.623173
1997-06-25,14.8999162247,14.942725345632,14.55874444633,14.63447365114,55254471.188689
1997-06-26,14.590233222213,14.669865994281,14.341185631137,14.380611660445,41585744.347261
1997-06-27,14.477810485176,14.580344185159,14.270531063763,14.301109007286,42573671.728818
1997-06-30,14.341185631137,14.439945882771,14.149650597666,14.170599741952,42671753.9522
1997-07-01,14.17827675756,14.226290634836,13.81836785635,14.006780036015,66178750.221389
1997-07-02,14.090056137524,14.409628177065,13.910622162553,14.399348783285,59335470.342843
1997-07-03,14.590233222213,14.590233222213,14.409628177065,14.526995432629,32058646.673685
1997-07-07,14.652430060527,14.781377898958,14.50825830979,14.51853770357,43823740.833641
1997-07-08,14.50825830979,14.729460454423,14.461415502691,14.719311179552,40131493.067405
1997-07-09,14.858148055037,14.868297329908,14.51853770357,14.662188978673,53794867.105644
1997-07-10,14.64475304492,14.719311179552,14.449965038733,14.568763602293,48795485.062757
1997-07-11,14.613004031219,14.697711440723,14.399348783285,14.547293982372,42457758.964224
1997-07-14,14.669865994281,15.249805969947,14.64475304492,15.249805969947,64001382.957225
1997-07-15,15.481157389452,15.621425572931,15.321891845316,15.526308650739,84151388.850002
1997-07-16,15.971315318178,16.769985179214,15.699496918096,16.64975530766,123956543.75561
1997-07-17,16.878634467901,16.904788368532,16.432326611376,16.769985179214,146749346.43444
1997-07-18,16.255625133486,16.533559122273,15.699496918096,15.762734707679,177130833.15266
1997-07-21,15.798127050821,15.809577514778,14.998286119608,15.249805969947,141795435.121
1997-07-22,15.350908361935,16.240271102271,15.340889205972,16.16089856802,112996597.30861
1997-07-23,16.286853671552,16.470451451598,15.809577514778,15.858762462232,106501054.93237
1997-07-24,15.516289494776,15.740094017582,15.210640178456,15.481157389452,158103393.11514
1997-07-25,15.526308650739,15.951146887344,15.39254641269,15.526308650739,100652833.70209
1997-07-28,15.621425572931,15.62897246963,15.219358145332,15.371206911678,62864558.52598
1997-07-29,15.340889205972,15.709516074059,15.271405708776,15.68700550287,88117376.739316
1997-07-30,15.788107894858,15.932019407778,15.657858867341,15.828444756526,87295287.321149
1997-07-31,15.932019407778,15.940867493564,15.798127050821,15.858762462232,47079094.434088
1997-08-01,15.858762462232,15.900660750804,15.61127629806,15.769110534201,65660717.120383
1997-08-04,15.731506169613,15.932019407778,15.637560317599,15.878930893066,51617503.007415
1997-08-05,15.951146887344,16.191086154817,15.932019407778,16.069555094177,66129711.48415
1997-08-06,16.069555094177,16.221403860523,15.951146887344,16.092586141001,48382658.328486
1997-08-07,16.191086154817,16.191086154817,15.932019407778,16.137997640105,48980945.486109
1997-08-08,16.023102643804,16.051078209155,15.699496918096,15.699496918096,74468262.068554
1997-08-11,15.699496918096,15.731506169613,15.29157413961,15.506140219904,81022655.994983
1997-08-12,15.62897246963,15.666967190944,15.228466468935,15.249805969947,67861264.563017
1997-08-13,15.48883440506,15.506140219904,15.106935408295,15.261126314996,74374641.437894
1997-08-14,15.249805969947,15.340889205972,15.038753100185,15.282726053825,51158313.541757
1997-08-15,15.201661973762,15.249805969947,14.888335641834,14.8999162247,56928951.972374
1997-08-18,14.92138584462,15.007264324301,14.690164544024,15.007264324301,77983968.639464
1997-08-19,15.106935408295,15.590977748317,15.099388511596,15.569247890579,101438359.74657
1997-08-20,15.590977748317,15.779129690164,15.371206911678,15.762734707679,57324842.541833
1997-08-21,15.878930893066,15.971315318178,15.42052197804,15.462029909886,71789799.451163
1997-08-22,15.167700938615,15.42052197804,15.038753100185,15.39254641269,80427040.885794
1997-08-25,15.462029909886,15.590977748317,15.210640178456,15.311482332627,43307488.570603
1997-08-26,15.249805969947,15.350908361935,15.106935408295,15.138814540904,38259063.041573
1997-08-27,15.167700938615,15.179021283664,14.92138584462,15.088328404364,55026211.292852
1997-08-28,14.970831029891,14.998286119608,14.801155973066,14.808702869766,48640340.041996
1997-08-29,14.808702869766,15.007264324301,14.781377898958,14.829131538417,42193835.611507
1997-09-02,14.932706189669,15.42052197804,14.92138584462,15.39254641269,55852755.971861
1997-09-03,15.443162668138,15.580698354537,15.271405708776,15.321891845316,47783479.960396
1997-09-04,15.249805969947,15.526308650739,15.219358145332,15.499894512291,49570311.83274
1997-09-05,15.601257142097,15.666967190944,15.282726053825,15.402695687561,53941988.85775
1997-09-08,15.452010753924,15.675815276729,15.452010753924,15.621425572931,47274358.172579
1997-09-09,15.621425572931,15.731506169613,15.516289494776,15.64770959247,43986016.329623
1997-09-10,15.580698354537,15.601257142097,15.150004767044,15.150004767044,59398779.528329
1997-09-11,15.138814540904,15.412975081341,14.8999162247,15.340889205972,68855431.209329
1997-09-12,15.350908361935,15.516289494776,15.210640178456,15.469576806586,54139927.810611
1997-09-15,15.210640178456,15.39254641269,14.652430060527,14.662188978673,143779328.98244
1997-09-16,14.781377898958,15.371206911678,14.690164544024,15.29157413961,114283224.24671
1997-09-17,15.321891845316,15.340889205972,14.868297329908,14.942725345632,68666407.527075
1997-09-18,15.056449271755,15.150004767044,14.740390442746,14.829131538417,68073471.589674
1997-09-19,14.829131538417,15.167700938615,14.801155973066,15.158722733921,86304687.099683
1997-09-22,15.138814540904,15.238615743806,14.942725345632,14.954175809589,48205225.131207
1997-09-23,14.980720066945,15.201661973762,14.932706189669,15.201661973762,44521890.261128
1997-09-24,15.210640178456,15.261126314996,14.81768107446,14.84943008816,66917024.698477
1997-09-25,14.8999162247,15.038753100185,14.808702869766,14.888335641834,43770243.669613
1997-09-26,14.989307914914,14.998286119608,14.762250419393,14.963154014283,40850147.458992
1997-09-29,14.970831029891,15.106935408295,14.8999162247,15.078179129493,30656114.885823
1997-09-30,15.078179129493,15.219358145332,14.829131538417,14.839280813289,48920313.889443
1997-10-01,14.858148055037,15.078179129493,14.729460454423,15.007264324301,68506807.245461
1997-10-02,14.998286119608,15.099388511596,14.888335641834,14.942725345632,32133547.927113
1997-10-03,15.128405028215,15.282726053825,14.963154014283,15.128405028215,67189864.113284
1997-10-06,15.238615743806,15.282726053825,15.056449271755,15.150004767044,46561946.21168
1997-10-07,15.138814540904,15.443162668138,15.099388511596,15.321891845316,60796860.012755
1997-10-08,15.321891845316,15.601257142097,15.282726053825,15.590977748317,79351736.095746
1997-10-09,15.526308650739,15.657858867341,15.48883440506,15.580698354537,38644248.796138
1997-10-10,15.506140219904,15.558317902256,15.282726053825,15.311482332627,27744933.154324
1997-10-13,15.371206911678,15.462029909886,15.321891845316,15.340889205972,21233337.117415
1997-10-14,15.383698326904,15.412975081341,15.179021283664,15.331911001278,37182861.500677
1997-10-15,15.219358145332,15.249805969947,15.128405028215,15.219358145332,50157898.132888
1997-10-16,15.271405708776,15.321891845316,14.829131538417,15.016112410087,52748092.131323
1997-10-17,14.932706189669,15.099388511596,14.624454495177,14.829131538417,97767510.529356
1997-10-20,14.92138584462,15.167700938615,14.301109007286,14.868297329908,171698111.49656
1997-10-21,15.271405708776,15.621425572931,15.179021283664,15.526308650739,128932746.41152
1997-10-22,15.516289494776,15.526308650739,15.179021283664,15.219358145332,62163733.09264
1997-10-23,14.801155973066,15.39254641269,14.801155973066,15.210640178456,74020662.296388
1997-10-24,15.350908361935,15.39254641269,14.942725345632,15.179021283664,78051734.66877
1997-10-27,15.128405028215,15.282726053825,14.429926726808,14.449965038733,107882192.92012
1997-10-28,14.829131538417,15.138814540904,13.849856632233,14.963154014283,178390719.81934
1997-10-29,14.998286119608,15.150004767044,14.590233222213,14.679885150244,95329791.87769
1997-10-30,14.51853770357,14.729460454423,14.409628177065,14.429926726808,80355706.848687
1997-10-31,14.690164544024,14.750669836527,14.535973637323,14.580344185159,52170310.729282
1997-11-03,14.762250419393,15.056449271755,14.729460454423,15.038753100185,75470455.149455
1997-11-04,15.027562874044,15.128405028215,14.942725345632,15.056449271755,54762287.148653
1997-11-05,15.078179129493,15.099388511596,14.858148055037,14.980720066945,47382247.668518
1997-11-06,14.942725345632,14.970831029891,14.781377898958,14.808702869766,44878543.825521
1997-11-07,14.590233222213,14.801155973066,14.568763602293,14.762250419393,70916888.083348
1997-11-10,14.762250419393,14.858148055037,14.547293982372,14.60168368617,40975868.287628
1997-11-11,14.63447365114,14.740390442746,14.50825830979,14.652430060527,41253165.337738
1997-11-12,14.590233222213,14.690164544024,14.471694896471,14.486658570961,51028131.911882
1997-11-13,14.590233222213,14.762250419393,14.486658570961,14.762250419393,66977657.086627
1997-11-14,14.762250419393,15.007264324301,14.729460454423,14.954175809589,52008037.607751
1997-11-17,15.078179129493,15.228466468935,14.970831029891,15.128405028215,66977657.086627
1997-11-18,15.128405028215,15.201661973762,14.998286119608,15.027562874044,40884919.705403
1997-11-19,14.989307914914,15.150004767044,14.963154014283,15.150004767044,35354124.532248
1997-11-20,15.167700938615,15.383698326904,15.128405028215,15.350908361935,59829437.595298
1997-11-21,15.462029909886,15.481157389452,15.29157413961,15.462029909886,76034862.854101
1997-11-24,15.383698326904,15.48883440506,15.201661973762,15.201661973762,43560712.648809
1997-11-25,15.238615743806,15.621425572931,15.219358145332,15.590977748317,62930536.593966
1997-11-26,15.590977748317,15.911981095853,15.506140219904,15.878930893066,70275806.993625
1997-11-28,15.838724150306,15.951146887344,15.828444756526,15.868911737104,19384984.020903
1997-12-01,15.921740013998,16.149448104062,15.878930893066,16.127978484142,54619626.197786
1997-12-02,16.102605296963,16.245475858615,15.932019407778,15.951146887344,55913385.985561
1997-12-03,15.890381357024,16.265904527266,15.809577514778,16.22908087613,64322377.022155
1997-12-04,16.22908087613,16.35906966583,15.951146887344,15.993956008276,69804127.126203
1997-12-05,15.940867493564,16.22908087613,15.940867493564,16.051078209155,53649531.731893
1997-12-08,16.092586141001,16.441434934979,16.051078209155,16.391989749708,55674435.521535
1997-12-09,16.255625133486,16.295831876246,16.092586141001,16.191086154817,57713591.5553
1997-12-10,15.951146887344,16.069555094177,15.809577514778,15.951146887344,74043836.142987
1997-12-11,15.740094017582,15.809577514778,15.580698354537,15.601257142097,78229166.283075
1997-12-12,15.452010753924,15.526308650739,15.249805969947,15.340889205972,60528479.024736
1997-12-15,15.301723414481,15.371206911678,14.92138584462,15.271405708776,93962024.421415
1997-12-16,15.238615743806,15.740094017582,15.138814540904,15.601257142097,72892745.220914
1997-12-17,15.68700550287,15.740094017582,15.201661973762,15.210640178456,57367638.056899
1997-12-18,15.078179129493,15.106935408295,14.624454495177,14.679885150244,110088086.83406
1997-12-19,14.439945882771,14.60168368617,14.160580585989,14.429926726808,153879730.63567
1997-12-22,14.477810485176,14.580344185159,14.120243724321,14.237871217702,65828344.628071
1997-12-23,14.249191562751,14.380611660445,13.789221220822,13.829818320308,74891785.702882
1997-12-24,13.880304456848,13.890453731719,13.230880983985,13.338229083587,98537880.455521
1997-12-26,13.32951111671,13.538091727209,13.320663030925,13.538091727209,36098635.108155
1997-12-29,13.72116903162,14.219914808315,13.699569292791,14.170599741952,75582798.323281
1997-12-30,14.17827675756,14.690164544024,14.160580585989,14.613004031219,86783487.944522
1997-12-31,14.690164544024,14.750669836527,14.471694896471,14.496937964741,51432931.420081
1998-01-02,14.535973637323,14.750669836527,14.51853770357,14.707860715594,44300764.797931
1998-01-05,14.719311179552,14.989307914914,14.341185631137,14.624454495177,89584113.672031
1998-01-06,14.547293982372,14.92138584462,14.496937964741,14.707860715594,75604203.204166
1998-01-07,14.568763602293,14.707860715594,14.301109007286,14.526995432629,68536231.437585
1998-01-08,14.429926726808,14.81768107446,14.301109007286,14.64475304492,86509759.693708
1998-01-09,14.590233222213,14.750669836527,14.120243724321,14.237871217702,97560656.305892
1998-01-12,13.978544232847,14.580344185159,13.952390332217,14.51853770357,87372863.788958
1998-01-13,14.51853770357,14.829131538417,14.369551553214,14.81768107446,74613601.399723
1998-01-14,14.81768107446,14.858148055037,14.496937964741,14.707860715594,61048300.087061
1998-01-15,14.624454495177,14.92138584462,14.568763602293,14.839280813289,56420728.518378
1998-01-16,14.84943008816,15.179021283664,14.839280813289,15.167700938615,81298169.041192
1998-01-20,15.038753100185,15.481157389452,15.027562874044,15.462029909886,72396104.337057
1998-01-21,15.39254641269,15.526308650739,15.210640178456,15.371206911678,95368128.174493
1998-01-22,15.201661973762,15.68700550287,15.179021283664,15.54959993538,177367120.27458
1998-01-23,15.558317902256,15.637560317599,15.331911001278,15.506140219904,70563797.777858
1998-01-26,15.68700550287,15.911981095853,15.526308650739,15.900660750804,82785410.146526
1998-01-27,15.971315318178,16.35906966583,15.878930893066,16.275923683229,108713188.90257
1998-01-28,16.402269143488,16.769985179214,16.318993041979,16.714034048512,88480265.611042
1998-01-29,16.702973941281,16.838948200776,16.542407208058,16.628155568831,81998092.974779
1998-01-30,16.671355046489,16.820601434662,16.561274449807,16.731730220083,55806390.866024
1998-02-02,17.023717050999,17.402623312866,16.878634467901,17.368662277719,109668128.8331
1998-02-03,17.402623312866,17.510101531376,17.249993833069,17.481085014756,68404272.135679
1998-02-04,17.481085014756,17.717380952788,17.391302967817,17.589734303444,69035541.995426
1998-02-05,17.728571178929,17.798184795034,17.359814191934,17.430468759308,74690277.159251
1998-02-06,17.430468759308,17.751472106844,17.402623312866,17.728571178929,55805501.238524
1998-02-09,17.798184795034,17.81822310696,17.448164930879,17.630201284021,60944869.017909
1998-02-10,17.639179488715,17.891870409232,17.581016336567,17.857519017359,53608517.054793
1998-02-11,17.870010432586,17.952375701734,17.62005200915,17.828632619648,85217781.53538
1998-02-12,17.728571178929,17.828632619648,17.550438393044,17.798184795034,85438912.538959
1998-02-13,17.789336709249,17.798184795034,17.647897455592,17.658046730463,47037185.380585
1998-02-17,17.781919931458,17.781919931458,17.261184059209,17.309458174302,95486717.736426
1998-02-18,17.341987901454,17.499952256505,17.23867348802,17.341987901454,85383625.830647
1998-02-19,17.438275893824,17.499952256505,17.299178780522,17.368662277719,82223682.405147
1998-02-20,17.438275893824,17.468333361713,17.149932392349,17.402623312866,95953038.468786
1998-02-23,18.149505848276,18.317489359288,17.798184795034,18.309942462589,134640529.17671
1998-02-24,18.704072636763,19.051620241655,18.369016447097,18.42106401054,131852399.39135
1998-02-25,18.725542256683,19.070487483403,18.630555453399,19.051620241655,105819398.43892
1998-02-26,19.176664512827,19.219603752668,18.941539644972,19.176664512827,68419425.879556
1998-02-27,19.188114976784,19.294031768391,18.969515210323,19.007249693819,52976799.21536
1998-03-02,19.264104419412,19.264104419412,18.630555453399,18.692622172805,55831353.465427
1998-03-03,18.529713299228,18.969515210323,18.518262835271,18.950257611849,56566948.770729
1998-03-04,18.486774059387,18.797628132052,18.299532949901,18.460229802031,79704813.737493
1998-03-05,17.781919931458,18.271817622367,17.781919931458,17.960052717342,102822624.0943
1998-03-06,18.009237664796,18.560161123842,17.999088389925,18.560161123842,57292744.718306
1998-03-09,18.506812371313,18.506812371313,17.828632619648,17.847629980305,58241441.426666
1998-03-10,18.211442448773,18.279624756884,17.933248222169,18.279624756884,52836363.124728
1998-03-11,18.389445115749,18.389445115749,17.891870409232,18.101491970999,44401963.092013
1998-03-12,18.506812371313,18.529713299228,18.129337417441,18.369016447097,53455598.477234
1998-03-13,18.486774059387,18.622227843248,18.299532949901,18.479357281597,36269831.41513
1998-03-16,18.486774059387,18.560161123842,18.250478121355,18.389445115749,31184403.23907
1998-03-17,18.317489359288,18.317489359288,17.870010432586,18.026933836367,60009548.381396
1998-03-18,17.960052717342,18.348067302811,17.92192787712,18.336356601037,37769108.610672
1998-03-19,18.279624756884,18.460229802031,18.229008501435,18.389445115749,33769688.456584
1998-03-20,18.42106401054,18.622227843248,18.059723801336,18.348067302811,62759789.849644
1998-03-23,18.211442448773,18.978493415017,18.180994624159,18.807647288015,61355468.517496
1998-03-24,18.877130785211,19.083109017538,18.725542256683,19.051620241655,35979160.667626
1998-03-25,20.301282239926,20.399522015925,19.569493497914,19.918342291892,138475887.45646
1998-03-26,19.852632243045,20.088798062169,19.632861406407,19.80448824686,50646065.393952
1998-03-27,20.049762389587,20.049762389587,19.641449254375,19.702084665786,43382385.866614
1998-03-30,19.752961159052,19.877745192407,19.539305911117,19.729930112228,30608854.6121
1998-03-31,19.877745192407,20.133038491096,19.852632243045,20.08125116547,42550044.362149
1998-04-01,20.15320692193,20.331209588906,19.852632243045,20.269272988408,41054776.822226
1998-04-02,20.34292029068,20.619553090381,20.164527266979,20.477853598907,46158480.353249
1998-04-03,20.642193780479,20.87484638907,20.519882006387,20.86456699529,45682347.599427
1998-04-06,20.777517445431,20.777517445431,19.979107822212,20.173635590581,82734581.864997
1998-04-07,20.032066218016,20.331209588906,19.454468382705,19.569493497914,69804575.897371
1998-04-08,19.454468382705,19.956206894297,19.428184363166,19.945927500517,41007520.505922
1998-04-09,19.729930112228,20.100248526126,19.632861406407,19.956206894297,37469970.572244
1998-04-13,19.918342291892,19.956206894297,19.454468382705,19.877745192407,36954159.165539
1998-04-14,19.885292089106,20.088798062169,19.632861406407,19.841311897997,31738547.776639
1998-04-15,20.020615754058,20.499453337736,19.936168582372,20.499453337736,45137115.166531
1998-04-16,20.269272988408,20.651041866264,20.227895175471,20.566594694577,44242363.601884
1998-04-17,20.519882006387,20.694111225013,20.259383951354,20.662362211313,41686941.849858
1998-04-20,20.720525363461,21.308012235826,20.681229453061,21.229810771752,50750838.027707
1998-04-21,21.240870878984,21.308012235826,20.892412441732,21.280427027201,57887463.076642
1998-04-22,21.532987828809,22.231726368034,21.446979230219,22.177206545327,89334897.66648
1998-04-23,21.810791698687,21.840068453124,21.117257915806,21.204567703482,71570457.200384
1998-04-24,20.969442835628,21.251150272764,20.607972507515,20.662362211313,57327515.381751
1998-04-27,20.08125116547,20.312472466066,19.852632243045,20.259383951354,65481494.378819
1998-04-28,20.662362211313,20.694111225013,19.967657358255,20.164527266979,63158790.94942
1998-04-29,20.200049729029,20.519882006387,20.100248526126,20.301282239926,55795690.008547
1998-04-30,20.519882006387,20.54863828519,20.12145790823,20.218786851868,60713043.48872
1998-05-01,20.227895175471,20.301282239926,19.770266973897,20.100248526126,40119007.414544
1998-05-04,20.010466479187,20.164527266979,19.729930112228,19.752961159052,42240646.322579
1998-05-05,19.663048993204,20.088798062169,19.508858086503,19.680745164774,56649875.667264
1998-05-06,19.632861406407,19.632861406407,19.294031768391,19.366247762669,53621449.895854
1998-05-07,19.334628867877,19.349592542367,18.659832207836,18.704072636763,86958696.281564
1998-05-08,18.369016447097,19.324739830823,18.369016447097,19.230793978808,107302183.49191
1998-05-11,19.324739830823,19.334628867877,18.856962354377,18.89873052404,57370318.02017
1998-05-12,18.671542909611,19.230793978808,18.671542909611,19.219603752668,71494665.52797
1998-05-13,19.885292089106,19.906891827935,19.396305230557,19.49883893054,89921592.756161
1998-05-14,19.264104419412,20.407329150441,19.253825025632,19.945927500517,105629929.9429
1998-05-15,20.218786851868,20.227895175471,19.906891827935,20.057439405194,53666025.457407
1998-05-18,18.950257611849,19.396305230557,18.950257611849,19.306783421435,89604169.86497
1998-05-19,19.253825025632,19.49883893054,19.188114976784,19.396305230557,58217368.454763
1998-05-20,19.324739830823,19.487518585491,19.148819066385,19.230793978808,39787769.178141
1998-05-21,19.253825025632,19.602283462884,19.176664512827,19.366247762669,40881354.072051
1998-05-22,19.428184363166,19.454468382705,19.158838222348,19.188114976784,40267464.399381
1998-05-26,19.138669791513,19.334628867877,18.734390342468,18.763536977997,49567641.367272
1998-05-27,18.589047521553,19.324739830823,18.589047521553,19.294031768391,65283551.468541
1998-05-28,19.230793978808,19.366247762669,19.083109017538,19.35583824998,34268560.532542
1998-05-29,19.366247762669,19.396305230557,19.007249693819,19.018700157777,37996030.107841
1998-06-01,18.807647288015,18.978493415017,18.649682932965,18.786307787003,47297543.099948
1998-06-02,18.856962354377,19.285183682606,18.807647288015,19.176664512827,42988729.655191
1998-06-03,19.264104419412,19.387717382589,18.86698151034,18.910180987998,40135505.097475
1998-06-04,18.997100418948,19.324739830823,18.763536977997,19.306783421435,37579641.697635
1998-06-05,19.264104419412,19.396305230557,19.007249693819,19.349592542367,38375416.662501
1998-06-08,19.210625547974,19.35583824998,19.070487483403,19.219603752668,21049659.906481
1998-06-09,19.138669791513,19.641449254375,19.118631479588,19.52785544716,39778405.92785
1998-06-10,19.428184363166,19.822054299523,19.264104419412,19.294031768391,37103506.569361
1998-06-11,19.387717382589,19.539305911117,19.090655914237,19.138669791513,45998431.300468
1998-06-12,19.042642036961,19.324739830823,18.835622853365,19.230793978808,46056832.496516
1998-06-15,18.997100418948,19.579642772786,18.969515210323,19.285183682606,47753612.537488
1998-06-16,19.35583824998,20.173635590581,19.176664512827,20.164527266979,68141232.870077
1998-06-17,20.173635590581,20.720525363461,20.133038491096,20.427367462367,84869598.427847
1998-06-18,20.371806688391,20.579086109804,20.269272988408,20.447535893201,43721646.580189
1998-06-19,20.830605960143,21.251150272764,20.750712950258,21.240870878984,101675986.85013
1998-06-22,21.251150272764,21.522708435029,21.012772432194,21.490178707877,54578611.520685
1998-06-23,21.490178707877,22.629629990557,21.371380144318,22.598141214674,138955582.6777
1998-06-24,22.806591706264,23.579758261212,22.423911996048,23.537990091549,117834588.73411
1998-06-25,23.750344150397,23.971155938305,22.739580468331,22.777445070736,99160240.585046
1998-06-26,22.941655133399,23.469547545621,22.880889603079,23.433374489028,62058072.414353
1998-06-29,23.658089844194,24.15956811797,23.611377156004,24.102836273817,73454919.359008
1998-06-30,23.611377156004,24.349151367811,23.469547545621,24.30907474396,85830781.580541
1998-07-01,24.479270276419,24.70164349123,24.038297295147,24.52871546169,59594934.477289
1998-07-02,24.4109578494,24.479270276419,24.029449209362,24.062369293239,30450589.56322
1998-07-06,23.971155938305,24.236858749683,23.640393672624,24.179996786621,39351759.890951
1998-07-07,24.179996786621,24.349151367811,23.888270193522,24.210444611235,36136533.714554
1998-07-08,24.246747786737,24.70164349123,23.940187638057,24.652718781594,46313178.18581
1998-07-09,24.671455904433,25.121146852583,24.622010719162,24.902547086121,48694283.602741
1998-07-10,24.931433483832,25.39530739302,24.652718781594,25.38776049632,50596584.217413
1998-07-13,25.598813366082,26.520835952479,25.491465266481,26.371979921031,77152073.531712
1998-07-14,26.520835952479,26.638203208043,25.908236130752,26.128006967391,63498061.160798
1998-07-15,26.020919105607,26.473212431928,25.943758592802,26.332944248449,54266987.829398
1998-07-16,26.483231587891,26.654988547253,26.157283721828,26.332944248449,72584687.162979
1998-07-17,26.363001716337,26.826745506616,26.011940900913,26.451742812008,92627695.561771
1998-07-20,26.51224810451,26.801762676163,26.198921772582,26.240559823337,51040170.376543
1998-07-21,26.218829965599,26.686737560954,25.232398519442,25.300580827553,83150534.959263
1998-07-22,25.121146852583,26.302626542743,25.088356887613,26.187601427534,79861745.136607
1998-07-23,26.086499035545,26.363001716337,25.351197083001,25.351197083001,56874566.763813
1998-07-24,25.52425523145,25.943758592802,25.232398519442,25.531932247058,67280806.363641
1998-07-27,25.368763135664,26.187601427534,24.826687762403,26.187601427534,65755669.02636
1998-07-28,26.020919105607,26.218829965599,25.121146852583,25.181782263994,87355918.917828
1998-07-29,25.39530739302,25.631603331052,24.693966475623,24.826687762403,66580431.284435
1998-07-30,25.109826507534,25.491465266481,24.835535848188,25.435904492505,81078823.624478
1998-07-31,25.33076841435,25.458545182603,24.661436748471,24.661436748471,59856634.552737
1998-08-03,24.479270276419,24.869757121152,24.091646047676,24.317662591928,81992752.83533
1998-08-04,24.372052295726,24.590782181096,23.371307769622,23.444824952986,101882397.84281
1998-08-05,23.361158494751,23.829846803557,22.770028292945,23.4042278535,133977601.55829
1998-08-06,23.270205377634,23.990413536779,23.242359931192,23.971155938305,76132048.32663
1998-08-07,24.102836273817,24.112855429779,23.570910175427,23.750344150397,61268975.987608
1998-08-10,23.730305838472,23.848844164214,23.433374489028,23.433374489028,52119491.154075
1998-08-11,23.080882365609,23.412815701468,22.880889603079,23.196688194271,67960678.853197
1998-08-12,23.4042278535,23.59120872517,23.098448418272,23.570910175427,59917707.79722
1998-08-13,23.361158494751,23.779230548108,23.270205377634,23.308069980039,57056905.57608
1998-08-14,23.478525750315,23.570910175427,23.219849360003,23.38275823358,32952954.216066
1998-08-17,23.219849360003,24.091646047676,23.098448418272,24.071347497933,60266779.740771
1998-08-18,24.201466406541,25.079769039645,24.091646047676,24.950560963398,78676766.055246
1998-08-19,25.181782263994,25.29056167159,24.733392504931,24.796630294514,62090615.051629
1998-08-20,24.70164349123,25.29056167159,24.600801337059,25.251525999008,55694046.900716
1998-08-21,24.931433483832,25.088356887613,24.392090607652,24.804177191214,66341473.697056
1998-08-24,24.739638212544,25.121146852583,24.671455904433,24.754732005943,29333820.533424
1998-08-25,24.979577480017,25.502655492621,24.931433483832,25.300580827553,64673232.969609
1998-08-26,24.950560963398,25.52425523145,24.869757121152,25.251525999008,49936327.855939
1998-08-27,24.796630294514,25.29056167159,24.33900209294,24.509587982125,83450120.185876
1998-08-28,24.279537751706,24.590782181096,23.499084537875,23.611377156004,81060545.103574
1998-08-31,23.516520471629,23.888270193522,21.479899314097,21.522708435029,147888848.45451
1998-09-01,21.371380144318,22.817651813495,21.204567703482,22.710433832803,156160975.3657
1998-09-02,22.840682860319,23.38275823358,22.487019666723,22.558845304274,70704679.473725
1998-09-03,22.149751455611,22.598141214674,22.072460823898,22.259571814476,75239079.182917
1998-09-04,22.36197539555,22.487019666723,21.565647674869,21.667010304675,56719424.908987
1998-09-08,22.43119865493,22.889737688864,22.220145785168,22.872301755111,67569693.107243
1998-09-09,22.941655133399,23.433374489028,22.797873739387,22.941655133399,72981015.422836
1998-09-10,22.43119865493,22.681417316183,22.138300991653,22.598141214674,67717260.46458
1998-09-11,22.681417316183,23.469547545621,22.460215171549,23.38275823358,65745862.545285
1998-09-14,23.537990091549,24.007979589441,23.516520471629,23.779230548108,50251076.324247
1998-09-15,23.750344150397,24.317662591928,23.579758261212,24.29879535018,55022200.845749
1998-09-16,24.201466406541,24.33900209294,23.80343266511,24.268347525566,47799081.683958
1998-09-17,23.621526430876,23.888270193522,23.507802504752,23.537990091549,50353167.411764
1998-09-18,23.718725255606,23.829846803557,23.4042278535,23.640393672624,52786433.177021
1998-09-21,22.990709961944,24.236858749683,22.959611542787,24.201466406541,51126210.969329
1998-09-22,24.317662591928,24.652718781594,23.940187638057,24.490720740377,48016643.09677
1998-09-23,24.590782181096,25.540780332843,24.33900209294,25.491465266481,72738943.347723
1998-09-24,25.368763135664,25.709934914034,24.450383878708,24.70164349123,70797405.727984
1998-09-25,24.479270276419,25.368763135664,24.372052295726,25.359915049878,53362424.24329
1998-09-28,25.351197083001,25.661921036757,24.622010719162,24.970989632049,46147777.912807
1998-09-29,25.079769039645,25.568365541468,24.979577480017,25.318407118032,54326280.235914
1998-09-30,25.191801419957,25.469995646561,24.683817200751,24.693966475623,43328441.514387
1998-10-01,24.236858749683,24.56150542666,23.330840789045,23.339558755922,72938223.073702
1998-10-02,23.186799157216,23.59120872517,22.661248885349,23.361158494751,73436638.463659
1998-10-05,22.990709961944,23.080882365609,21.648143062927,22.70041467684,128102637.68212
1998-10-06,22.990709961944,23.242359931192,21.840068453124,21.904607431793,85318094.159377
1998-10-07,21.840068453124,22.371994551513,20.937823940836,21.106978522026,101100430.30831
1998-10-08,20.312472466066,20.607972507515,19.680745164774,20.447535893201,161295440.69603
1998-10-09,20.902561716603,21.756401994889,20.694111225013,21.728946905173,80984309.408892
1998-10-12,22.259571814476,22.661248885349,22.085082358033,22.371994551513,57401964.698078
1998-10-13,22.318775917892,22.371994551513,21.479899314097,21.628885464453,53493052.269883
1998-10-14,21.510217019803,22.739580468331,21.510217019803,22.469063257335,69550913.337283
1998-10-15,22.460215171549,23.688277430991,22.351826120679,23.6491116395,73842334.722708
1998-10-16,23.779230548108,23.888270193522,23.330840789045,23.570910175427,76479784.245964
1998-10-19,23.361158494751,23.371307769622,22.681417316183,23.089730451395,67070386.50682
1998-10-20,23.157912759505,23.186799157216,22.351826120679,22.487019666723,105177425.34724
1998-10-21,23.516520471629,23.971155938305,23.118616849106,23.866540335784,139737999.77484
1998-10-22,23.779230548108,24.70164349123,23.611377156004,24.671455904433,91292919.513924
1998-10-23,24.450383878708,24.671455904433,23.821389074497,23.858863320177,66740928.316901
1998-10-26,23.961136782342,24.225278166817,23.709747050912,24.007979589441,66514006.028247
1998-10-27,24.16984751175,24.201466406541,23.549440555507,23.6491116395,72929751.825362
1998-10-28,23.516520471629,23.919498731588,23.516520471629,23.709747050912,63315276.743299
1998-10-30,24.062369293239,24.268347525566,23.579758261212,23.750344150397,66117673.01949
1998-11-02,23.858863320177,23.971155938305,23.549440555507,23.730305838472,53930841.603556
1998-11-03,23.658089844194,23.899200181845,23.499084537875,23.59120872517,40732896.295729
1998-11-04,23.730305838472,24.071347497933,23.516520471629,23.658089844194,75186472.437874
1998-11-05,23.621526430876,24.138228616958,23.611377156004,23.858863320177,85515593.838869
1998-11-06,23.791982201152,24.622010719162,23.761664495446,24.518566186819,82990040.301235
1998-11-09,24.490720740377,24.979577480017,24.4109578494,24.826687762403,76855158.770557
1998-11-10,24.70164349123,25.435904492505,24.693966475623,25.141315283417,80331189.854515
1998-11-11,25.435904492505,25.738040598293,24.869757121152,24.911525290815,71218257.313878
1998-11-12,24.733392504931,24.931433483832,24.33900209294,24.392090607652,42939690.126468
1998-11-13,24.317662591928,24.787521970912,24.30907474396,24.671455904433,31618183.708609
1998-11-16,24.970989632049,25.071961905129,24.112855429779,24.4109578494,47502173.254666
1998-11-17,24.450383878708,25.210928899522,24.441535792923,25.088356887613,65472581.482663
1998-11-18,24.57920159823,24.911525290815,24.479270276419,24.622010719162,46466539.994152
1998-11-19,24.461704223757,25.232398519442,24.461704223757,25.071961905129,50400422.145102
1998-11-20,25.29056167159,25.52425523145,24.950560963398,25.491465266481,53949570.47859
1998-11-23,25.232398519442,26.962069171568,25.232398519442,26.7282454928,123569572.41417
1998-11-24,26.619986560838,28.047390988267,26.60853609688,27.298166312503,112696559.35339
1998-11-25,27.51806726805,27.905951734611,27.088284512918,27.871600342738,46135302.549232
1998-11-27,28.066128111107,28.73702120389,27.882009855427,28.727132166836,29352097.471355
1998-11-30,29.022762327193,29.219762354825,27.349693400311,27.371423258049,79020936.341226
1998-12-01,26.972478684257,29.09966260218,26.953090966874,29.051908962721,96219191.430646
1998-12-02,28.982295346616,29.09966260218,28.148493380256,28.428769509397,73291753.44404
1998-12-03,28.460648642006,28.916845535586,27.371423258049,27.391591688883,57317262.50396
1998-12-04,28.02097684982,28.567736503791,27.811095050235,28.567736503791,49432114.849044
1998-12-07,28.638651308982,29.999564974113,28.428769509397,29.960269063713,100096007.61828
1998-12-08,29.798531260314,30.111727473333,29.09966260218,29.42964415441,86471862.670264
1998-12-09,29.643039164527,30.020774356216,29.158996824505,29.970418338585,49910917.276853
1998-12-10,29.860467860811,30.199037261009,29.471282205165,29.507585380666,63546208.687571
1998-12-11,29.377726709875,30.207755227886,29.32867188133,30.058638958621,57653857.500969
1998-12-14,29.778362829479,29.999564974113,28.638651308982,28.696944580038,71417096.183525
1998-12-15,29.012482933413,29.615453955902,28.992444621487,29.583574823293,57643602.248726
1998-12-16,29.715125039896,30.310288927869,28.960825726695,29.999564974113,66899190.199845
1998-12-17,30.103009506456,30.247051138285,29.661906406275,30.14100422777,52342843.851957
1998-12-18,30.278670033077,31.014102104529,30.091819280316,30.906623886019,66480124.20082
1998-12-21,31.090872260608,31.890713191821,30.898816751503,31.496713136556,53622785.128589
1998-12-22,31.516751448482,31.516751448482,30.809164823472,31.050405280031,46086265.39496
1998-12-23,31.487734931862,32.258429227548,31.260417198524,32.200396194308,38942052.393315
1998-12-24,32.222906765498,32.302799775383,31.739124663293,31.800020312522,15416774.437292
1998-12-28,32.077954301308,32.222906765498,31.739124663293,31.941459566178,26343728.684361
1998-12-29,31.979063930766,31.979063930766,31.322093561205,31.516751448482,33047917.202812
1998-12-30,31.603800998341,32.161100283909,31.149165531664,31.181825377725,38945177.170336
1998-12-31,31.221251407033,31.396651695837,30.948261936774,31.109869621265,26564410.125292
1999-01-04,31.322093561205,32.579432575083,31.260417198524,31.631646444783,77243473.259555
1999-01-05,31.821099575716,33.199709412418,31.730276577508,32.858667752956,71644464.077411
1999-01-06,33.528129537744,33.980422864066,32.91813209419,33.929936727526,76975537.876773
1999-01-07,33.591237208419,33.789928781863,33.250195548958,33.757789411437,57009206.028992
1999-01-08,34.139688408202,34.211644164662,32.96861823073,33.621815151942,55999876.140999
1999-01-11,33.841455869672,33.861754419415,32.361873759891,33.08728667538,51785126.557685
1999-01-12,33.231328307209,33.231328307209,31.631646444783,31.890713191821,64539932.894584
1999-01-13,30.513404544206,33.142847449356,30.513404544206,32.258429227548,83976182.095926
1999-01-14,32.579432575083,32.651388331544,31.739124663293,31.800020312522,65996417.740992
1999-01-15,32.057395513748,33.653173808916,31.708937076496,33.591237208419,66141303.552093
1999-01-19,33.948803969274,35.515695866731,33.841455869672,34.910382703887,114509696.97271
1999-01-20,37.449913443189,37.631949796331,36.451771295257,36.481048049694,139853903.83313
1999-01-21,36.281185406072,36.63094503241,35.380502320687,35.505676710768,89249297.930022
1999-01-22,34.910382703887,35.941314816788,34.818128397684,35.05312314663,91570661.37779
1999-01-25,36.269865061023,36.63094503241,35.689925085357,36.311503111778,114882851.38596
1999-01-26,37.11889093969,38.519881228672,36.896517724879,38.476941988832,133971359.12761
1999-01-27,38.68929604768,39.129097958775,37.802405566608,37.818800549092,109278490.19212
1999-01-28,38.519881228672,39.039185792927,38.088016571002,39.027995566786,87868611.087903
1999-01-29,39.199882645057,39.281987676389,38.330558216648,39.252841040861,88685790.933649
1999-02-01,39.351601292494,39.457387965193,38.312862045077,38.794432125835,91090518.96834
1999-02-02,38.68929604768,38.711156024326,37.289086472149,37.597728523367,102499408.33508
1999-02-03,37.320184891307,38.097905608056,37.242634021776,37.418164429488,82196490.196606
1999-02-04,37.708850071319,37.770786671816,35.641911208081,35.680036048303,99363085.152891
1999-02-05,35.951464091659,36.252168889452,34.737454674347,35.890958799157,142600129.31389
1999-02-08,36.463091640306,37.141661748696,36.252168889452,37.067103614064,122451024.92087
1999-02-09,37.001393565217,37.396955047385,35.829022198659,35.900977955119,86146865.281588
1999-02-10,35.855436337107,36.869973467523,35.581405915578,36.028494485555,82134961.057608
1999-02-11,36.510845279765,36.760153108658,35.970331333407,36.510845279765,67280367.881759
1999-02-12,36.269865061023,36.719686128081,35.240234137208,35.380502320687,70138493.305562
1999-02-16,35.829022198659,35.855436337107,34.666539869155,35.05312314663,82104645.655019
1999-02-17,34.307671919215,34.569080806608,33.3097900091,33.653173808916,112808912.81652
1999-02-18,33.861754419415,33.948803969274,32.302799775383,32.690424004126,130440495.64687
1999-02-19,33.068289314724,33.47894459029,32.690424004126,33.142847449356,81456878.903816
1999-02-22,33.250195548958,33.420781438143,32.46948209731,33.379403625205,103111062.85822
1999-02-23,34.307671919215,34.910382703887,33.757789411437,34.867573582955,106000400.43548
1999-02-24,35.091247986852,35.75043037786,34.25952792303,34.287633607289,75450841.395824
1999-02-25,34.178854199693,34.492050412712,33.558707481267,34.434017379473,78928657.275174
1999-02-26,34.178854199693,34.211644164662,33.528129537744,33.671000099396,66062395.017495
1999-03-01,33.548428087487,34.221923558442,33.528129537744,34.037284827127,65013389.642553
1999-03-02,34.068903721919,34.569080806608,33.111228554564,33.32098023524,65278202.62277
1999-03-03,33.420781438143,33.799947937826,32.989957731742,33.558707481267,85594944.812778
1999-03-04,33.901831043266,34.434017379473,33.231328307209,34.149967801982,68763151.351787
1999-03-05,34.71195136826,34.847144914303,34.348138899792,34.748644900487,52720895.173883
1999-03-08,34.879024046912,35.717900650708,34.770114520407,35.662079638915,52078030.871742
1999-03-09,35.855436337107,36.949606239591,35.829022198659,36.302785144901,100453112.3283
1999-03-10,36.408832055416,36.451771295257,35.706189948933,36.195306926391,59198610.174849
1999-03-11,36.11307177615,36.906797118659,35.729090876848,36.206497152531,70158553.455912
1999-03-12,36.481048049694,36.510845279765,35.166716953845,35.931035423008,81801935.651366
1999-03-15,36.017174140506,37.242634021776,35.411860977662,37.212576553888,67551864.940479
1999-03-16,37.11889093969,38.129654621757,36.843429210167,37.921204130167,76406222.974171
1999-03-17,37.921204130167,38.009554869112,37.396955047385,37.490250304857,50064723.898945
1999-03-18,37.33111487963,38.711156024326,37.278026364918,38.678105821539,62671958.129605
1999-03-19,39.000150120344,39.060785531756,38.097905608056,38.396268265495,102515905.22653
1999-03-22,38.794432125835,39.242561647081,38.581947948078,38.763984301221,62101315.117621
1999-03-23,38.742384562392,39.060785531756,37.289086472149,37.360131396249,77551081.75484
1999-03-24,37.461233788238,38.540309897324,36.588266030387,38.40888979963,92099408.791483
1999-03-25,38.819414956288,40.390080302095,38.68929604768,40.360803547658,121983805.0632
1999-03-26,40.141292948836,40.459303561474,39.422255859869,39.952620531355,105533182.16077
1999-03-29,40.430417163763,41.552302393781,39.422255859869,41.438708586566,88914710.926752
1999-03-30,41.891001912888,41.948904827218,41.380545434419,41.717943764439,75234177.525348
1999-03-31,42.388836857222,42.449472268633,39.9820274047,40.209084900221,65482164.765378
1999-04-01,40.940873642232,41.668628698077,40.491052575174,41.581318910401,45814314.816169
1999-04-05,42.314148603681,42.632679691953,41.948904827218,42.589740452113,44412885.56488
1999-04-06,42.70216318915,42.899163216782,41.829195431299,42.198082537203,44219183.423415
1999-04-07,42.557991438412,42.621099109087,40.940873642232,41.859383018096,52283329.830051
1999-04-08,41.829195431299,42.449472268633,40.823116029942,42.419024444019,43062508.584959
1999-04-09,42.280317687443,42.621099109087,41.717943764439,42.280317687443,35461122.026236
1999-04-12,41.100139186368,42.00108250957,40.991229659864,41.717943764439,42195177.176109
1999-04-13,41.775976797678,41.775976797678,40.005839164975,40.430417163763,52101210.258726
1999-04-14,40.740230285159,40.879067160643,38.519881228672,38.519881228672,59008244.927993
1999-04-15,39.168263750266,40.319165496903,37.631949796331,39.870645618932,80909641.643115
1999-04-16,39.952620531355,39.9820274047,38.519881228672,38.858840985596,49902449.194447
1999-04-19,38.967490274284,39.528432889293,36.061284450524,36.340649747306,84024112.756218
1999-04-20,36.896517724879,37.681264862694,35.890958799157,37.289086472149,120882414.5586
1999-04-21,36.843429210167,37.012713910266,35.890958799157,36.791641884541,103354482.03833
1999-04-22,38.129654621757,38.24337854788,37.396955047385,38.097905608056,61407180.094654
1999-04-23,38.129654621757,39.027995566786,37.242634021776,38.581947948078,63074084.797883
1999-04-26,39.107498219946,39.901093443546,38.92298960754,39.476775682575,53887819.724196
1999-04-27,39.809880088612,39.809880088612,37.659535004956,37.681264862694,65385421.732149
1999-04-28,38.2723950645,38.810566870502,36.661653094842,36.843429210167,62373488.89477
1999-04-29,36.949606239591,37.542167749392,36.072604795573,36.815583763725,67853902.9746
1999-04-30,37.11889093969,37.568712006748,35.829022198659,36.481048049694,65265947.291619
1999-05-03,36.528801689153,36.555866422143,35.240234137208,35.829022198659,74874847.955103
1999-05-04,36.11307177615,36.701729718693,34.879024046912,35.021634370747,74119408.574459
1999-05-05,35.496568387166,35.829022198659,34.287633607289,35.496568387166,74705656.475939
1999-05-06,36.195306926391,36.388663624582,34.770114520407,34.963601337507,82499417.858233
1999-05-07,35.717900650708,36.061284450524,34.99235761631,35.472626507982,53510881.228129
1999-05-10,35.829022198659,36.11307177615,35.101006904997,35.75043037786,51511844.703579
1999-05-11,36.229528199354,36.340649747306,35.641911208081,35.829022198659,47686960.125523
1999-05-12,36.229528199354,36.340649747306,35.549656901878,36.11307177615,67031375.866045
1999-05-13,36.388663624582,36.673233677708,35.496568387166,35.496568387166,57663214.419392
1999-05-14,35.380502320687,35.855436337107,34.378716843315,34.492050412712,94068352.32032
1999-05-17,34.71195136826,35.689925085357,34.542796787069,35.496568387166,74507275.083778
1999-05-18,35.809894719094,35.999477968936,34.963601337507,35.298267170447,71172785.001474
1999-05-19,35.829022198659,35.829022198659,34.659253210273,35.581405915578,51838177.324994
1999-05-20,35.689925085357,35.890958799157,35.15682791679,35.187015503587,47241145.940227
1999-05-21,35.217463328202,35.442308802276,34.542796787069,34.800562345022,63048233.362463
1999-05-24,34.943302787765,34.943302787765,34.11925973955,34.659253210273,43455944.763956
1999-05-25,34.434017379473,35.549656901878,34.149967801982,34.211644164662,56609308.969848
1999-05-26,34.627113839847,35.217463328202,33.871903694286,35.217463328202,57981527.729569
1999-05-27,35.101006904997,35.641911208081,34.770114520407,35.15682791679,63196911.17121
1999-05-28,35.327543924884,36.281185406072,35.05312314663,36.195306926391,46306937.338088
1999-06-01,36.168892787943,36.229528199354,35.187015503587,35.217463328202,40175178.209973
1999-06-02,35.021634370747,35.270421724005,34.211644164662,35.187015503587,47716386.692099
1999-06-03,35.15682791679,35.411860977662,34.149967801982,34.25952792303,36706728.746854
1999-06-04,34.521327167149,35.75043037786,34.434017379473,35.689925085357,39753661.777904
1999-06-07,35.855436337107,36.369796382834,35.515695866731,35.999477968936,36102422.3569
1999-06-08,35.829022198659,36.843429210167,35.442308802276,35.612764572553,46271721.860894
1999-06-09,35.951464091659,37.067103614064,35.890958799157,36.927876381854,59417058.84071
1999-06-10,36.728664332775,36.927876381854,35.472626507982,35.829022198659,39318102.053365
1999-06-11,35.890958799157,36.11307177615,34.800562345022,35.05312314663,38499579.060045
1999-06-14,35.327543924884,35.75043037786,34.737454674347,34.800562345022,31619294.951501
1999-06-15,35.021634370747,35.380502320687,34.399926225418,34.847144914303,41216833.868752
1999-06-16,35.472626507982,36.620015044087,35.411860977662,36.340649747306,53860404.317299
1999-06-17,36.195306926391,37.242634021776,36.11307177615,37.179526351101,49569417.456338
1999-06-18,36.927876381854,38.129654621757,36.843429210167,38.129654621757,77032816.749158
1999-06-21,38.077997415039,39.933883408515,38.077997415039,39.901093443546,62630945.826955
1999-06-22,39.671043213127,39.671043213127,38.68929604768,38.810566870502,43189570.186714
1999-06-23,38.550459172195,39.199882645057,38.163745775812,38.581947948078,37829738.624371
1999-06-24,38.466922832869,38.68929604768,37.681264862694,37.961410872927,37402870.180597
1999-06-25,38.304013959292,38.784152732055,37.847817065712,38.097905608056,27788841.495251
1999-06-28,38.360875922353,38.95096517289,38.097905608056,38.92298960754,35332054.805187
1999-06-29,38.892802020743,39.506703031555,38.581947948078,39.476775682575,43437213.514473
1999-06-30,39.372810674597,40.491052575174,38.92298960754,40.459303561474,64208909.941703
1999-07-01,40.319165496903,41.051995190183,39.650874782293,40.910686055435,53205719.208472
1999-07-02,40.771328704316,41.328758108793,40.52137028088,41.270594956645,35770959.339171
1999-07-06,41.380545434419,41.691269388174,40.034855681595,40.179027432333,50621772.389626
1999-07-07,40.401270528235,41.40943183213,40.319165496903,41.40943183213,37710040.194
1999-07-08,41.188229687496,41.717943764439,40.676862376667,41.522114806984,42118941.48143
1999-07-09,41.438708586566,41.859383018096,41.380545434419,41.829195431299,37765318.987477
1999-07-12,41.807465573561,42.50867637205,41.438708586566,42.250910814097,48870161.53486
1999-07-13,41.775976797678,42.198082537203,41.642084440721,42.00108250957,34378009.251057
1999-07-14,42.057684234815,42.621099109087,41.500775305972,42.589740452113,42336050.165657
1999-07-15,42.621099109087,42.727276138511,42.057684234815,42.341994050123,45613918.306914
1999-07-16,42.839698875549,44.809569032965,42.621099109087,44.609836508251,128584336.1482
1999-07-19,44.862657547677,45.200185996606,43.879479074235,44.129567616579,90480198.886458
1999-07-20,43.258031166723,43.39947042038,41.40943183213,41.859383018096,102858064.35282
1999-07-21,42.00108250957,42.756552892948,41.717943764439,42.47965985543,60241815.558401
1999-07-22,42.341994050123,42.388836857222,40.380061146132,40.853954211282,67880206.347122
1999-07-23,41.080881587894,41.15700114943,40.24096403283,40.491052575174,76717408.97506
1999-07-26,39.870645618932,40.288847791198,39.310743955191,39.310743955191,56713402.510724
1999-07-27,39.840458032135,40.259961393487,39.476775682575,39.840458032135,73016904.452524
1999-07-28,40.005839164975,40.598400674776,39.650874782293,40.380061146132,69341375.193126
1999-07-29,39.7885405876,39.840458032135,38.722216131558,39.000150120344,64607919.747797
1999-07-30,39.310743955191,39.760825260066,38.360875922353,38.497500776392,56983567.502645
1999-08-02,38.435564175894,39.000150120344,37.847817065712,38.047419471517,53554351.878658
1999-08-03,38.519881228672,38.610964464698,37.847817065712,38.016060814542,61356805.333197
1999-08-04,38.191721341163,39.107498219946,38.016060814542,38.097905608056,84229632.538432
1999-08-05,38.304013959292,38.753835026349,38.016060814542,38.466922832869,85411709.249645
1999-08-06,38.610964464698,38.784152732055,38.097905608056,38.191721341163,74903599.386216
1999-08-09,38.40888979963,38.497500776392,37.542167749392,37.597728523367,43838900.909387
1999-08-10,37.490250304857,37.708850071319,36.620015044087,37.212576553888,69929632.671317
1999-08-11,37.681264862694,37.989516557186,36.927876381854,37.770786671816,73676935.241189
1999-08-12,37.659535004956,37.770786671816,36.620015044087,36.673233677708,68056087.445175
1999-08-13,37.212576553888,38.40888979963,37.11889093969,37.989516557186,72556373.422263
1999-08-16,38.163745775812,38.530030503544,36.927876381854,37.818800549092,63887479.769341
1999-08-17,38.330558216648,38.360875922353,37.212576553888,37.941372561001,57676368.084362
1999-08-18,37.879435960504,38.667826427759,37.708850071319,38.129654621757,65045934.65428
1999-08-19,37.941372561001,38.191721341163,37.289086472149,37.597728523367,79665369.363744
1999-08-20,37.681264862694,38.026079970505,37.26189162025,37.396955047385,51350013.229863
1999-08-23,37.818800549092,38.858840985596,37.631949796331,38.784152732055,67370638.162589
1999-08-24,39.060785531756,41.948904827218,39.060785531756,41.35894569559,134246429.73451
1999-08-25,42.00108250957,43.073392435408,41.807465573561,42.756552892948,91255920.03283
1999-08-26,42.787911549923,43.240204876244,42.028667718195,42.449472268633,68261161.62216
1999-08-27,42.654149311874,42.673016553622,41.438708586566,41.829195431299,46753197.128618
1999-08-30,41.668628698077,41.91884735933,41.080881587894,41.380545434419,37115093.888403
1999-08-31,41.188229687496,41.775976797678,40.430417163763,41.522114806984,52252794.395035
1999-09-01,41.40943183213,41.91884735933,41.100139186368,41.438708586566,40800218.302769
1999-09-02,41.051995190183,41.522114806984,40.676862376667,41.188229687496,37159678.156273
1999-09-03,42.057684234815,43.258031166723,41.948904827218,43.014058213083,58065346.628056
1999-09-07,42.557991438412,43.380342940815,42.057684234815,42.280317687443,52414618.745399
1999-09-08,42.028667718195,42.47965985543,41.298310284178,41.380545434419,47443993.674011
1999-09-09,41.471368432627,42.228009886182,41.177169580264,42.198082537203,42882175.391987
1999-09-10,42.654149311874,42.756552892948,42.169976852943,42.621099109087,38401500.794081
1999-09-13,42.388836857222,42.528974921793,41.891001912888,42.111813700795,31063141.628705
1999-09-14,42.028667718195,42.870146700163,42.00108250957,42.654149311874,44813235.352609
1999-09-15,42.839698875549,42.948478283145,41.438708586566,41.552302393781,53959152.969823
1999-09-16,41.668628698077,42.198082537203,40.656693945832,42.169976852943,51041506.40076
1999-09-17,42.341994050123,43.290821131692,42.09086455651,43.258031166723,88910705.228559
1999-09-20,43.073392435408,43.912529277021,42.621099109087,43.767186456106,54168683.199142
1999-09-21,43.317365389048,43.317365389048,42.228009886182,42.449472268633,52475693.572849
1999-09-22,42.50867637205,43.350155354018,42.028667718195,43.097464433501,54090440.302202
1999-09-23,43.457503453619,43.457503453619,40.380061146132,40.910686055435,79214427.948075
1999-09-24,40.459303561474,40.991229659864,39.870645618932,40.803207836925,78326574.953964
1999-09-27,41.270594956645,41.691269388174,40.771328704316,41.0205064143,38041729.576021
1999-09-28,40.940873642232,41.581318910401,39.952620531355,41.328758108793,51269544.681206
1999-09-29,41.080881587894,41.328758108793,39.9820274047,40.152353056068,41777888.849118
1999-09-30,40.380061146132,41.129025584079,39.840458032135,40.628718380482,52890973.906098
1999-10-01,40.459303561474,40.656693945832,39.620687195496,40.36991187126,49306170.030566
1999-10-04,40.598400674776,41.552302393781,40.491052575174,41.522114806984,33433991.001909
1999-10-05,41.614238994279,42.111813700795,40.152353056068,41.188229687496,48367725.408515
1999-10-06,41.40943183213,42.169976852943,41.298310284178,42.028667718195,39566418.933617
1999-10-07,42.028667718195,42.654149311874,41.581318910401,42.057684234815,51309441.783546
1999-10-08,41.948904827218,42.70216318915,41.328758108793,42.589740452113,39785756.435496
1999-10-11,42.449472268633,42.621099109087,42.228009886182,42.314148603681,22228174.150286
1999-10-12,42.169976852943,42.314148603681,41.438708586566,41.522114806984,30837781.728563
1999-10-13,41.270594956645,41.775976797678,40.52137028088,40.853954211282,42462213.433593
1999-10-14,40.771328704316,41.380545434419,40.24096403283,40.676862376667,47633018.147748
1999-10-15,40.152353056068,40.288847791198,39.168263750266,39.506703031555,82239728.150968
1999-10-18,39.107498219946,39.476775682575,38.163745775812,39.422255859869,83939183.406324
1999-10-19,39.590109251973,40.034855681595,38.24337854788,38.722216131558,77957214.121321
1999-10-20,41.080881587894,41.438708586566,40.491052575174,41.380545434419,98180558.087539
1999-10-21,40.628718380482,41.775976797678,40.598400674776,41.745528973064,67765414.323221
1999-10-22,41.971805755133,42.111813700795,41.15700114943,41.581318910401,48650373.678847
1999-10-25,41.270594956645,41.971805755133,40.879067160643,41.471368432627,33984800.227835
1999-10-26,42.341994050123,42.727276138511,41.388092331118,41.438708586566,58477278.194442
1999-10-27,41.051995190183,41.100139186368,40.24096403283,40.771328704316,60649519.019711
1999-10-28,40.380061146132,40.771328704316,40.067775765473,40.319165496903,78653584.293815
1999-10-29,41.0205064143,42.169976852943,40.940873642232,41.522114806984,88553158.07925
1999-11-01,41.829195431299,42.250910814097,41.328758108793,41.438708586566,59361776.089815
1999-11-02,41.614238994279,42.388836857222,41.241838677843,41.522114806984,51657848.880922
1999-11-03,41.691269388174,41.948904827218,41.051995190183,41.270594956645,49616007.343502
1999-11-04,41.40943183213,41.614238994279,40.52137028088,41.15700114943,60452020.923182
1999-11-05,41.188229687496,41.668628698077,40.598400674776,41.080881587894,78204425.299067
1999-11-08,38.047419471517,40.707049963464,37.847817065712,40.350784391695,271746430.64853
1999-11-09,40.259961393487,40.319165496903,38.784152732055,39.870645618932,122342911.43508
1999-11-10,39.528432889293,39.9820274047,38.784152732055,39.087199670203,77332855.495852
1999-11-11,39.590109251973,40.566911898893,39.590109251973,40.209084900221,77209358.735966
1999-11-12,40.259961393487,40.380061146132,39.060785531756,40.005839164975,55074133.246816
1999-11-15,39.590109251973,39.701491037741,39.000150120344,39.027995566786,52473022.315898
1999-11-17,38.784152732055,39.060785531756,38.129654621757,38.129654621757,74472494.92253
1999-11-18,38.097905608056,38.497500776392,37.911054855295,38.097905608056,71880296.096286
1999-11-19,37.879435960504,38.830995539154,37.847817065712,38.581947948078,64895248.060308
1999-11-22,40.209084900221,40.538936333542,39.671043213127,40.288847791198,100973599.81975
1999-11-23,40.034855681595,40.991229659864,39.650874782293,40.209084900221,78895440.293913
1999-11-24,40.179027432333,41.380545434419,40.152353056068,41.129025584079,59929968.668754
1999-11-26,41.100139186368,41.891001912888,40.823116029942,40.879067160643,31780237.5892
1999-11-29,40.430417163763,41.298310284178,40.152353056068,40.459303561474,57354487.557865
1999-11-30,40.259961393487,41.668628698077,40.179027432333,40.853954211282,71492879.941102
1999-12-01,40.853954211282,42.141350693049,40.771328704316,41.807465573561,54461138.742031
1999-12-02,41.745528973064,42.727276138511,41.668628698077,42.528974921793,61827808.48219
1999-12-03,42.982439318291,43.572528568829,42.948478283145,43.117893102152,71442726.795037
1999-12-06,42.727276138511,43.600504134179,42.50867637205,42.81055224002,54721943.649596
1999-12-07,42.50867637205,42.557991438412,41.668628698077,41.717943764439,63371898.684346
1999-12-08,41.775976797678,42.314148603681,41.129025584079,41.15700114943,45646907.340907
1999-12-09,41.270594956645,41.859383018096,41.0205064143,41.614238994279,51556648.21239
1999-12-10,41.891001912888,42.228009886182,41.380545434419,42.111813700795,41055222.42746
1999-12-13,41.993275375054,43.487951278233,41.614238994279,43.350155354018,58726935.05633
1999-12-14,43.1443072406,45.36803938871,42.756552892948,44.268924967699,160623358.77896
1999-12-15,44.223383349686,48.789516090557,44.191764454894,48.653021355427,173390881.09044
1999-12-16,49.010588116282,51.591756906339,48.87149100298,50.997764088543,143397025.01945
1999-12-17,52.320813151269,52.53941291773,50.966535550477,51.69910500594,118028528.32065
1999-12-20,51.509781993915,51.591756906339,49.879912544692,50.583465483535,43950575.27962
1999-12-21,50.406764005646,52.320813151269,49.632036023794,51.982113632162,64025905.49178
1999-12-22,52.17026557401,52.933412972995,51.649659820669,52.740316512621,42982485.641536
1999-12-23,52.598486902238,53.49943022544,52.38144856268,52.678379912124,34582413.832966
1999-12-27,53.130673238445,53.49943022544,52.097138747372,53.441267073292,35890664.101411
1999-12-28,53.270941421925,53.298656749458,52.518984249079,52.711169877093,27407670.936689
1999-12-29,52.46095121584,53.099054343653,52.399144734251,52.90960121272,19447842.852255
1999-12-30,52.881625647369,53.811325249373,52.53941291773,52.77037398051,24921133.580216
1999-12-31,52.711169877093,52.823332376313,52.151398332261,52.38144856268,13951376.694727
2000-01-03,52.660423502736,53.217592669395,50.242293705165,52.290235207746,59325217.465051
2000-01-04,50.947408070912,52.53941291773,50.358620009461,50.53063720664,60317829.637688
2000-01-05,49.846732222997,52.213334932759,49.066018771349,51.059830807949,71397033.658724
2000-01-06,50.329473373932,51.090148513655,48.619971152641,49.350198467749,61273663.153138
2000-01-07,48.728880679146,50.358620009461,48.139832379877,49.990903973735,69116677.764709
2000-01-10,50.889244918764,50.997764088543,49.961887457115,50.358620009461,50113761.844701
2000-01-11,50.017448231091,51.252146554872,48.756465887771,49.066018771349,52097649.374275
2000-01-12,48.673059667353,48.841173297274,46.849963638846,47.470370595089,74153071.952429
2000-01-13,46.818344744055,48.728880679146,45.529516954293,48.368711540119,92667374.214653
2000-01-14,48.090907670241,51.110447063398,47.444867289002,50.358620009461,81825569.349903
2000-01-18,50.162660933097,52.260307858766,50.130001087036,51.728251641468,90816793.091971
2000-01-19,49.571400612382,50.017448231091,47.552345507512,47.998523245129,108743730.66944
2000-01-20,48.027539761749,49.21552539734,47.501989489881,47.552345507512,62804149.336189
2000-01-21,47.998523245129,48.110945982166,46.319078491726,46.539239685091,76252641.133404
2000-01-24,46.569557390796,47.409605064769,45.230113345586,45.422429092508,70882110.296552
2000-01-25,45.310006355471,46.597402837238,44.667999660399,46.119866442647,66675389.522279
2000-01-26,45.963073157774,46.429159088408,44.465794876422,44.582121180718,55019305.598956
2000-01-27,44.809569032965,45.389378889722,43.62939053189,44.29781136541,70945862.712821
2000-01-28,44.017405117359,44.971176717456,43.62939053189,44.084546474201,64894577.673749
2000-01-31,43.796333091634,44.05006496342,42.557991438412,43.912529277021,81577919.690282
2000-02-01,44.191764454894,46.319078491726,43.813769025388,46.177769356978,78236966.353379
2000-02-02,45.963073157774,46.628761494213,45.090105399924,45.230113345586,55632967.324365
2000-02-03,45.790015009326,46.738711971987,44.919519510738,46.491095688906,54819801.09165
2000-02-04,46.818344744055,48.451076809268,46.708394266281,47.810241184373,61706992.477058
2000-02-07,47.920191662147,47.952851508208,46.767988726423,47.828978307213,44588093.110441
2000-02-08,47.749605772962,49.350198467749,47.749605772962,49.318709691866,62669512.445461
2000-02-09,49.100240044313,49.100240044313,46.597402837238,46.659339437736,61400049.619433
2000-02-10,46.597402837238,47.810241184373,45.980769329345,47.552345507512,60773455.052962
2000-02-11,47.04969616356,47.04969616356,44.465794876422,44.832079604154,128795206.35915
2000-02-14,45.422429092508,45.649616706938,44.439510856884,44.689599399228,90309672.174558
2000-02-15,44.748933621553,44.862657547677,44.017405117359,44.223383349686,79163152.478342
2000-02-16,44.530333855092,44.951398643347,43.572528568829,43.796333091634,72670953.328575
2000-02-17,44.191764454894,44.722259245289,43.572528568829,44.689599399228,89545990.284308
2000-02-18,44.862657547677,44.891543945388,42.557991438412,42.654149311874,88118933.587441
2000-02-22,42.673016553622,43.572528568829,41.642084440721,42.09086455651,73889815.820339
2000-02-23,41.948904827218,42.948478283145,41.298310284178,42.280317687443,84534792.975118
2000-02-24,42.280317687443,43.014058213083,41.270594956645,42.50867637205,77720488.517529
2000-02-25,42.47965985543,42.47965985543,40.598400674776,40.959871002889,72781071.642165
2000-02-28,40.491052575174,41.328758108793,39.528432889293,41.080881587894,84851993.459433
2000-02-29,41.15700114943,41.15700114943,39.870645618932,40.089245385393,65130867.170109
2000-03-01,40.209084900221,42.228009886182,39.901093443546,40.740230285159,119133030.93853
2000-03-02,41.188229687496,42.787911549923,40.879067160643,41.891001912888,119180738.40044
2000-03-03,42.50867637205,44.359747965907,42.111813700795,43.117893102152,113053660.89747
2000-03-06,43.073392435408,43.682609165511,40.430417163763,40.656693945832,104331487.7385
2000-03-07,43.117893102152,43.741813268928,41.241838677843,41.668628698077,150530975.64549
2000-03-08,42.09086455651,43.1443072406,40.823116029942,42.870146700163,105090048.73023
2000-03-09,42.756552892948,44.862657547677,42.621099109087,44.862657547677,98301151.685793
2000-03-10,44.667999660399,45.980769329345,44.638853024871,45.310006355471,95392424.344764
2000-03-13,43.796333091634,44.971176717456,43.741813268928,43.95937208412,68914055.603734
2000-03-14,44.244722850697,44.530333855092,42.673016553622,42.673016553622,81906701.95325
2000-03-15,42.419024444019,43.350155354018,42.028667718195,42.787911549923,59302482.891816
2000-03-16,43.045807226784,43.380342940815,41.829195431299,42.787911549923,86154890.924696
2000-03-17,42.727276138511,44.638853024871,42.388836857222,44.582121180718,90457904.378058
2000-03-20,44.29781136541,44.748933621553,43.290821131692,43.682609165511,53244952.25612
2000-03-21,43.39947042038,46.255970821051,43.290821131692,46.100738963082,91000914.325174
2000-03-22,46.119866442647,47.379417477972,45.36803938871,46.319078491726,104739855.2545
2000-03-23,47.920191662147,50.640327446597,47.828978307213,50.192067806442,165201678.70134
2000-03-24,50.53063720664,51.591756906339,49.151116537579,50.099683381331,125047906.16374
2000-03-27,48.336962526418,48.560767049224,46.628761494213,46.679247630753,124197726.20322
2000-03-28,46.491095688906,48.198255769842,45.931454262983,46.798176313221,90405302.381921
2000-03-29,47.188533039044,48.87149100298,47.159646641333,48.090907670241,71736076.714328
2000-03-30,47.636922798108,48.728880679146,45.980769329345,46.383747589304,71529440.148834
2000-03-31,47.552345507512,48.560767049224,46.708394266281,47.66750074163,71644241.670536
2000-04-03,42.36840818857,43.290821131692,40.380061146132,40.771328704316,289912318.69002
2000-04-04,41.080881587894,41.270594956645,38.097905608056,39.729336484183,202004256.8965
2000-04-05,39.590109251973,39.701491037741,38.519881228672,38.753835026349,92381606.707687
2000-04-06,39.422255859869,39.476775682575,38.24337854788,38.581947948078,74029351.202701
2000-04-07,39.027995566786,40.089245385393,38.129654621757,39.952620531355,92076227.821543
2000-04-10,39.760825260066,39.760825260066,38.581947948078,38.610964464698,67636351.851075
2000-04-11,38.191721341163,38.610964464698,37.461233788238,37.631949796331,80204350.659639
2000-04-12,36.843429210167,36.896517724879,35.327543924884,35.612764572553,170528976.33271
2000-04-13,36.281185406072,36.896517724879,35.442308802276,35.549656901878,105119247.34954
2000-04-14,35.496568387166,35.662079638915,32.858667752956,33.250195548958,168538381.77162
2000-04-17,33.3097900091,34.091934768743,32.751059415537,34.037284827127,133490991.93683
2000-04-18,34.319122383172,36.760153108658,34.037284827127,36.140917222592,102308815.14096
2000-04-19,36.528801689153,36.555866422143,35.05312314663,35.298267170447,59867998.67342
2000-04-20,35.270421724005,35.829022198659,34.770114520407,35.411860977662,58387893.583694
2000-04-24,30.17366407383,30.513404544206,29.158996824505,29.888053069436,349571006.37505
2000-04-25,30.838181340091,31.181825377725,30.337874136494,31.120018896136,177788639.87258
2000-04-26,31.396651695837,31.909710552478,30.229094728897,30.513404544206,119357502.79414
2000-04-27,30.247051138285,31.380386832261,30.229094728897,31.322093561205,86566152.104523
2000-04-28,31.739124663293,31.848945022158,30.622314070711,31.289433715144,87026242.278453
2000-05-01,32.690424004126,33.199709412418,32.161100283909,32.948319680987,120159752.88585
2000-05-02,32.661667725324,32.96861823073,31.181825377725,31.353842574905,108908686.92018
2000-05-03,31.568408655199,31.770743558085,30.86732797562,31.663265339575,61695178.793724
2000-05-04,31.53939213858,31.961237640287,31.090872260608,31.603800998341,48278782.445585
2000-05-05,31.516751448482,32.222906765498,31.353842574905,31.909710552478,40571736.79154
2000-05-08,31.821099575716,32.020832100429,31.260417198524,31.322093561205,40332552.839868
2000-05-09,31.487734931862,31.603800998341,30.278670033077,30.417506908562,67739999.786717
2000-05-10,30.387319321765,30.449125803354,29.496525273435,29.691053041803,75498992.08853
2000-05-11,29.888053069436,30.559206400036,29.496525273435,30.449125803354,65078922.105307
2000-05-12,30.700645653693,31.289433715144,30.622314070711,30.86732797562,42225488.621283
2000-05-15,30.948261936774,31.149165531664,30.513404544206,31.120018896136,37782483.891034
2000-05-16,31.21123225107,31.679660322059,30.979620593748,31.181825377725,53955584.962019
2000-05-17,30.898816751503,31.014102104529,30.17366407383,30.368191842199,59340375.957831
2000-05-18,30.53357297504,30.53357297504,29.549874025964,29.691053041803,59784407.722194
2000-05-19,29.32867188133,29.583574823293,28.93792479878,29.192047027292,74203888.361703
2000-05-22,29.219762354825,29.270638848091,28.011998645126,28.801299944742,77967696.52934
2000-05-23,28.658819739816,29.410776912662,28.292404893176,28.351739115502,64602346.1207
2000-05-24,28.322722598882,29.860467860811,28.260785998385,29.410776912662,95273615.541889
2000-05-25,28.960825726695,29.051908962721,27.420608205503,27.587550765247,105155582.77595
2000-05-26,27.84154287485,28.085255590672,27.088284512918,27.559705318805,62215892.649482
2000-05-30,28.011998645126,28.768900336499,27.811095050235,28.428769509397,76386610.803505
2000-05-31,28.541322365343,28.567736503791,27.84154287485,28.066128111107,61264297.528396
2000-06-01,28.877419506278,29.615453955902,28.628502034111,28.960825726695,105332119.22238
2000-06-02,29.615453955902,29.949859551025,29.158996824505,29.748825837225,89679511.974721
2000-06-05,29.615453955902,30.670197829079,29.615453955902,29.999564974113,71776423.379319
2000-06-06,30.589263867924,31.353842574905,30.417506908562,31.227497114646,110360702.25904
2000-06-07,31.072265256677,31.739124663293,30.111727473333,31.631646444783,85051273.976903
2000-06-08,32.097862494325,32.361873759891,30.622314070711,30.86732797562,105620116.33847
2000-06-09,31.227497114646,31.260417198524,30.652371538599,30.86732797562,39800474.071943
2000-06-12,30.948261936774,30.948261936774,29.778362829479,29.999564974113,54902943.271709
2000-06-13,29.949859551025,30.513404544206,29.661906406275,30.449125803354,49362117.627637
2000-06-14,31.322093561205,31.848945022158,31.181825377725,31.631646444783,89154788.463346
2000-06-15,31.770743558085,32.607017783708,31.679660322059,32.46948209731,73105625.800064
2000-06-16,32.579432575083,32.798032341545,32.077954301308,32.551457009733,76580758.550204
2000-06-19,32.551457009733,33.111228554564,32.302799775383,33.058140039852,51942949.167264
2000-06-20,33.142847449356,33.757789411437,33.08728667538,33.621815151942,69408022.85619
2000-06-21,34.542796787069,36.869973467523,34.521327167149,36.195306926391,178771888.79493
2000-06-22,36.510845279765,36.791641884541,35.581405915578,35.829022198659,97316345.915326
2000-06-23,35.855436337107,35.920886148136,34.542796787069,34.847144914303,55517056.142737
2000-06-26,34.770114520407,35.951464091659,34.770114520407,35.662079638915,53817828.043173
2000-06-27,35.549656901878,35.951464091659,35.15682791679,35.358902581858,34630118.128955
2000-06-28,35.442308802276,35.920886148136,35.270421724005,35.411860977662,41749803.055662
2000-06-29,35.101006904997,35.411860977662,34.569080806608,34.627113839847,42852975.189705
2000-06-30,34.569080806608,35.890958799157,34.399926225418,35.890958799157,58353342.161191
2000-07-03,35.75043037786,35.920886148136,35.612764572553,35.890958799157,17537076.529626
2000-07-05,35.829022198659,35.829022198659,35.101006904997,35.217463328202,38813215.493977
2000-07-06,35.380502320687,36.650072511975,35.217463328202,36.311503111778,53356632.166737
2000-07-07,36.451771295257,37.179526351101,36.140917222592,36.791641884541,60355951.442446
2000-07-10,36.195306926391,36.481048049694,35.612764572553,35.641911208081,58724927.854069
2000-07-11,35.358902581858,36.11307177615,35.217463328202,35.496568387166,41421680.098475
2000-07-12,35.101006904997,36.340649747306,34.627113839847,36.028494485555,65055962.750747
2000-07-13,35.358902581858,35.890958799157,34.71195136826,35.855436337107,90103042.732414
2000-07-14,35.662079638915,35.778536062119,35.187015503587,35.411860977662,57042864.658061
2000-07-17,35.101006904997,35.689925085357,34.770114520407,35.083570971244,60177172.723148
2000-07-18,34.818128397684,35.662079638915,34.737454674347,35.217463328202,78705744.642135
2000-07-19,34.11925973955,34.770114520407,32.661667725324,32.798032341545,155951680.99847
2000-07-20,32.948319680987,33.757789411437,32.798032341545,33.558707481267,60954899.488825
2000-07-21,33.528129537744,33.653173808916,32.240602937068,32.436431894523,62526405.889362
2000-07-24,32.332857243271,32.361873759891,31.396651695837,31.663265339575,62598844.837494
2000-07-25,31.770743558085,31.848945022158,30.670197829079,30.948261936774,71540805.060999
2000-07-26,30.979620593748,31.181825377725,30.17366407383,30.417506908562,95186904.562542
2000-07-27,30.449125803354,31.45715698834,30.278670033077,31.120018896136,82852280.216465
2000-07-28,31.821099575716,32.222906765498,31.227497114646,31.260417198524,84310103.461536
2000-07-31,31.487734931862,31.909710552478,31.072265256677,31.322093561205,78334159.740738
2000-08-01,31.380386832261,31.429832017532,30.589263867924,30.809164823472,52565753.319056
2000-08-02,30.754905238582,31.603800998341,30.730703121581,31.120018896136,53797988.716732
2000-08-03,30.589263867924,31.568408655199,30.559206400036,31.516751448482,60790841.571909
2000-08-04,31.149165531664,31.353842574905,30.589263867924,31.014102104529,42472246.27896
2000-08-07,31.487734931862,31.909710552478,31.289433715144,31.396651695837,58782885.819334
2000-08-08,31.429832017532,33.509392414905,31.396651695837,33.250195548958,153849855.29792
2000-08-09,33.08728667538,33.591237208419,32.798032341545,33.3097900091,71269979.180322
2000-08-10,33.111228554564,33.231328307209,32.190246919437,32.579432575083,54596892.416035
2000-08-11,32.500970873193,32.607017783708,32.129611508026,32.500970873193,39710640.690027
2000-08-14,32.436431894523,32.91813209419,32.020832100429,32.380871120548,59546569.292541
2000-08-15,32.302799775383,32.751059415537,32.077954301308,32.129611508026,45377632.767969
2000-08-16,32.240602937068,32.408846685898,31.663265339575,31.848945022158,50127805.928655
2000-08-17,31.909710552478,32.302799775383,31.663265339575,32.097862494325,40249183.504032
2000-08-18,31.909710552478,32.047376357785,31.396651695837,31.848945022158,60674257.629271
2000-08-21,31.708937076496,31.770743558085,31.429832017532,31.679660322059,38027683.117618
2000-08-22,31.770743558085,32.500970873193,31.516751448482,31.961237640287,60662445.528904
2000-08-23,31.770743558085,31.909710552478,31.568408655199,31.739124663293,40933512.045927
2000-08-24,31.679660322059,31.941459566178,31.380386832261,31.909710552478,47262542.906278
2000-08-25,31.708937076496,32.161100283909,31.663265339575,31.679660322059,58769064.933738
2000-08-28,31.487734931862,32.361873759891,31.45715698834,31.990774632541,62884169.113679
2000-08-29,31.941459566178,32.640067986495,31.800020312522,31.821099575716,66203941.559535
2000-08-30,31.708937076496,31.821099575716,31.260417198524,31.396651695837,59626593.027448
2000-08-31,31.800020312522,32.302799775383,31.260417198524,31.322093561205,80888239.136679
2000-09-01,31.396651695837,31.679660322059,31.260417198524,31.487734931862,41939942.729708
2000-09-05,31.396651695837,31.708937076496,31.322093561205,31.45715698834,56568739.106497
2000-09-06,31.429832017532,31.708937076496,31.090872260608,31.149165531664,70172375.13299
2000-09-07,31.396651695837,32.332857243271,31.149165531664,31.429832017532,124506681.8035
2000-09-08,31.568408655199,31.800020312522,31.041557194246,31.090872260608,63205160.80416
2000-09-11,31.014102104529,31.260417198524,30.53357297504,30.86732797562,54049877.562205
2000-09-12,30.838181340091,31.090872260608,30.337874136494,30.559206400036,52139552.095908
2000-09-13,30.310288927869,30.838181340091,30.14100422777,30.622314070711,45411740.168206
2000-09-14,30.809164823472,30.838181340091,29.471282205165,29.519035844624,87494789.454011
2000-09-15,29.361201608482,29.438232002378,28.398712041509,28.801299944742,111359560.81978
2000-09-18,28.821988851211,28.992444621487,27.905951734611,28.260785998385,76945440.132157
2000-09-19,28.541322365343,29.496525273435,28.428769509397,29.158996824505,88395559.459515
2000-09-20,29.09966260218,29.158996824505,28.351739115502,28.821988851211,75556274.126851
2000-09-21,28.706963736001,29.219762354825,28.523365955955,28.801299944742,54559217.799477
2000-09-22,27.420608205503,28.494739796062,27.371423258049,28.370736476158,94152609.700698
2000-09-25,28.370736476158,28.494739796062,27.111315559742,27.477600287473,59610320.125843
2000-09-26,27.338503174171,29.549874025964,27.111315559742,28.115443177469,173539345.19863
2000-09-27,28.460648642006,28.523365955955,26.826745506616,27.200967487773,118314735.89246
2000-09-28,27.281511092201,27.760478794787,27.200967487773,27.50778787427,58357799.005011
2000-09-29,27.371423258049,27.50778787427,26.302626542743,27.059267996298,82535750.910182
2000-10-02,27.13759957928,27.281511092201,26.128006967391,26.520835952479,65270179.354113
2000-10-03,26.7206985961,26.826745506616,25.351197083001,25.368763135664,95152800.328235
2000-10-04,25.29056167159,25.368763135664,24.450383878708,24.869757121152,152082880.16465
2000-10-05,24.902547086121,25.683390656678,24.787521970912,24.835535848188,90388584.666561
2000-10-06,25.040212891428,25.458545182603,24.56150542666,24.931433483832,68871925.726325
2000-10-09,24.950560963398,25.008724115545,23.779230548108,24.30907474396,65004026.392262
2000-10-10,24.201466406541,24.931433483832,24.138228616958,24.479270276419,69175306.116532
2000-10-11,24.225278166817,25.540780332843,24.225278166817,25.008724115545,112797985.59475
2000-10-12,25.260243965885,25.52425523145,24.138228616958,24.392090607652,100553417.82894
2000-10-13,24.16984751175,24.622010719162,23.38275823358,24.112855429779,116493136.52261
2000-10-16,23.998220671296,24.138228616958,22.231726368034,22.598141214674,133476279.04929
2000-10-17,23.270205377634,23.516520471629,22.539847943617,22.629629990557,90586081.97161
2000-10-18,22.259571814476,23.888270193522,21.728946905173,23.219849360003,123197320.29215
2000-10-19,26.218829965599,27.905951734611,26.020919105607,27.760478794787,286429375.5803
2000-10-20,27.50778787427,29.661906406275,27.420608205503,29.23993078566,178748482.25215
2000-10-23,28.992444621487,29.715125039896,27.228682815306,27.871600342738,206379950.70048
2000-10-24,28.085255590672,28.231769481765,26.998502465979,27.587550765247,105243187.34022
2000-10-25,27.793398878665,28.460648642006,27.111315559742,27.477600287473,186801262.16367
2000-10-26,27.371423258049,29.192047027292,27.281511092201,28.906566141806,127978921.68129
2000-10-27,29.022762327193,31.041557194246,28.992444621487,30.368191842199,138528941.38971
2000-10-30,30.278670033077,31.45715698834,30.229094728897,30.979620593748,122663678.34423
2000-10-31,30.948261936774,31.181825377725,30.513404544206,30.898816751503,116440528.19459
2000-11-01,30.730703121581,31.429832017532,30.700645653693,31.227497114646,90622639.804887
2000-11-02,31.568408655199,31.800020312522,31.227497114646,31.53939213858,86917682.395949
2000-11-03,31.072265256677,31.227497114646,30.53357297504,30.622314070711,76581202.572472
2000-11-06,30.809164823472,31.45715698834,30.622314070711,31.181825377725,83424934.388123
2000-11-07,31.289433715144,32.240602937068,31.181825377725,31.631646444783,116281367.18634
2000-11-08,31.909710552478,32.46948209731,30.513404544206,31.149165531664,229761902.85947
2000-11-09,30.730703121581,31.990774632541,30.700645653693,31.800020312522,101488520.01598
2000-11-10,31.380386832261,31.53939213858,29.970418338585,30.229094728897,104481951.13411
2000-11-13,29.919932202045,30.559206400036,28.877419506278,29.798531260314,92913462.277253
2000-11-14,30.513404544206,31.322093561205,30.199037261009,30.86732797562,93865056.606853
2000-11-15,30.979620593748,31.800020312522,30.809164823472,31.429832017532,67342998.765849
2000-11-16,31.149165531664,32.077954301308,30.925361008859,30.925361008859,102681072.80336
2000-11-17,31.149165531664,31.396651695837,30.417506908562,30.979620593748,118727117.81298
2000-11-20,30.559206400036,30.730703121581,29.410776912662,30.14100422777,89338464.091314
2000-11-21,30.229094728897,31.072265256677,30.229094728897,30.387319321765,66301351.021907
2000-11-22,29.643039164527,31.181825377725,29.615453955902,30.622314070711,85087607.028852
2000-11-24,30.948261936774,31.603800998341,30.730703121581,31.380386832261,38383892.659743
2000-11-27,32.047376357785,32.408846685898,31.679660322059,31.708937076496,95078790.285267
2000-11-28,31.120018896136,31.289433715144,29.970418338585,30.058638958621,142043985.4889
2000-11-29,29.970418338585,30.111727473333,28.370736476158,29.192047027292,109537501.59798
2000-11-30,27.811095050235,27.84154287485,25.568365541468,25.738040598293,219788319.82256
2000-12-01,26.051106692404,27.200967487773,25.151594677197,25.39530739302,122387495.70295
2000-12-04,25.683390656678,26.473212431928,24.754732005943,25.318407118032,89617094.791193
2000-12-05,26.552975322905,27.13759957928,26.128006967391,26.858494520316,113387137.44933
2000-12-06,26.925505758249,26.953090966874,25.151594677197,25.424323909639,100933697.17703
2000-12-07,23.971155938305,24.225278166817,23.444824952986,23.829846803557,161952129.84119
2000-12-08,24.509587982125,25.071961905129,23.971155938305,24.418634865008,134792338.09435
2000-12-11,24.902547086121,26.363001716337,24.671455904433,26.051106692404,106523567.09872
2000-12-12,25.943758592802,26.925505758249,25.458545182603,26.187601427534,70334206.606705
2000-12-13,27.13759957928,27.13759957928,25.491465266481,25.683390656678,109626674.09114
2000-12-14,25.990341162084,26.363001716337,24.835535848188,24.902547086121,79356864.909092
2000-12-15,22.914330162591,23.330840789045,21.415490454336,22.072460823898,130289582.68862
2000-12-18,21.981507706781,22.43119865493,21.07952343231,21.446979230219,119464717.94609
2000-12-19,21.280427027201,21.532987828809,19.956206894297,20.100248526126,134047815.64619
2000-12-20,19.210625547974,19.741380576186,18.560161123842,18.622227843248,166108688.76307
2000-12-21,18.279624756884,20.239345639428,18.080022351079,19.487518585491,181862943.07597
2000-12-22,20.08125116547,21.138857654635,20.08125116547,20.830605960143,122099944.19208
2000-12-26,21.031249317217,21.787240176229,20.579086109804,21.031249317217,74609136.641067
2000-12-27,20.694111225013,21.001191849328,20.189900454157,20.830605960143,76907543.900205
2000-12-28,20.239345639428,20.750712950258,19.680745164774,19.987825789089,86509759.693708
2000-12-29,19.712103821749,20.54863828519,19.294031768391,19.454468382705,111429106.10407
2001-01-02,19.80448824686,20.189900454157,19.230793978808,19.454468382705,91852864.042882
2001-01-03,19.366247762669,21.927248121891,19.349592542367,21.510217019803,151535426.03746
2001-01-04,21.446979230219,22.661248885349,21.031249317217,21.728946905173,125271031.70584
2001-01-05,21.756401994889,22.371994551513,21.342103389881,22.038239550934,104114378.26279
2001-01-08,21.948587622903,22.318775917892,20.937823940836,21.948587622903,88959969.538609
2001-01-09,22.43119865493,23.611377156004,22.318775917892,23.242359931192,128133617.1394
2001-01-10,22.880889603079,24.138228616958,22.770028292945,23.718725255606,100565231.51227
2001-01-11,23.779230548108,25.008724115545,23.469547545621,24.671455904433,113521317.65406
2001-01-12,24.622010719162,24.671455904433,23.549440555507,23.998220671296,82155026.748344
2001-01-16,23.940187638057,23.998220671296,22.941655133399,23.579758261212,76304133.469621
2001-01-17,24.062369293239,24.622010719162,23.579758261212,23.750344150397,81187821.988849
2001-01-18,24.091646047676,25.210928899522,23.611377156004,24.902547086121,122364086.78574
2001-01-19,26.925505758249,27.559705318805,26.408673453259,27.371423258049,233327758.61903
2001-01-22,27.248981365049,27.371423258049,26.473212431928,26.972478684257,85455182.274631
2001-01-23,26.801762676163,27.338503174171,26.439121277873,27.170519663158,78346863.84306
2001-01-24,27.371423258049,28.460648642006,27.248981365049,28.231769481765,123106590.15939
2001-01-25,28.148493380256,28.706963736001,27.617738352044,27.732763467253,95468656.082012
2001-01-26,27.371423258049,28.85100536783,27.371423258049,28.706963736001,103741447.04789
2001-01-29,28.523365955955,28.992444621487,28.494739796062,28.93792479878,94717901.492459
2001-01-30,28.93792479878,29.051908962721,28.210169742936,28.428769509397,63837328.206243
2001-01-31,28.260785998385,28.598314447314,27.371423258049,27.391591688883,91279553.731375
2001-02-01,27.281511092201,28.085255590672,27.088284512918,27.977647253254,80015998.946908
2001-02-02,28.038282664665,28.428769509397,27.248981365049,27.281511092201,79243848.182781
2001-02-05,27.248981365049,27.84154287485,27.028950290593,27.793398878665,57286499.913167
2001-02-06,27.84154287485,28.628502034111,27.669395558761,28.066128111107,107488536.70869
2001-02-07,27.811095050235,29.192047027292,27.732763467253,29.022762327193,140501007.32112
2001-02-08,28.598314447314,28.93792479878,27.811095050235,27.929633375977,98125501.700926
2001-02-09,27.50778787427,27.617738352044,26.240559823337,26.520835952479,112095149.79321
2001-02-12,26.382259314811,26.654988547253,25.661921036757,26.363001716337,79454939.21765
2001-02-13,26.74880428036,27.391591688883,26.076349760674,26.097819380594,84783781.033408
2001-02-14,25.849032027336,26.473212431928,25.29056167159,26.187601427534,68798816.391633
2001-02-15,26.473212431928,26.998502465979,25.964057142545,26.382259314811,73144856.473262
2001-02-16,25.568365541468,26.128006967391,25.181782263994,25.709934914034,74627862.350167
2001-02-20,25.738040598293,26.128006967391,24.835535848188,25.071961905129,67687616.240032
2001-02-21,24.787521970912,26.051106692404,24.754732005943,25.232398519442,70986654.983046
2001-02-22,25.260243965885,25.491465266481,24.16984751175,24.754732005943,112265009.28448
2001-02-23,24.418634865008,25.800757912242,24.372052295726,25.458545182603,103199116.98514
2001-02-26,25.849032027336,26.892325436554,25.738040598293,26.7206985961,98001119.270961
2001-02-27,26.638203208043,27.452227100295,26.332944248449,26.638203208043,110487319.83852
2001-02-28,26.7206985961,26.953090966874,26.097819380594,26.473212431928,92573527.219696
2001-03-01,26.270747410134,26.686737560954,25.232398519442,26.638203208043,90490458.09611
2001-03-02,25.800757912242,26.076349760674,25.318407118032,25.424323909639,88365696.7855
2001-03-05,25.683390656678,26.302626542743,25.368763135664,25.769269136359,55015066.413109
2001-03-06,26.302626542743,26.925505758249,26.187601427534,26.654988547253,74410976.864299
2001-03-07,26.858494520316,27.338503174171,26.473212431928,27.228682815306,66324536.74076
2001-03-08,27.059267996298,27.200967487773,26.218829965599,26.578868985718,60287510.27768
2001-03-09,25.990341162084,26.097819380594,24.622010719162,25.424323909639,115651654.9662
2001-03-12,24.52871546169,24.671455904433,23.157912759505,23.298050824076,127294146.74267
2001-03-13,23.412815701468,24.56150542666,23.330840789045,24.33900209294,101400248.23111
2001-03-14,23.549440555507,24.754732005943,23.412815701468,24.225278166817,101068560.43205
2001-03-15,24.804177191214,25.151594677197,24.091646047676,24.091646047676,79364440.989544
2001-03-16,23.549440555507,24.733392504931,23.549440555507,24.479270276419,124902567.62404
2001-03-19,24.450383878708,24.902547086121,23.829846803557,24.372052295726,68019082.423695
2001-03-20,24.479270276419,25.181782263994,23.640393672624,23.640393672624,102343365.77198
2001-03-21,23.444824952986,23.888270193522,22.318775917892,22.460215171549,139376207.89931
2001-03-22,22.681417316183,24.246747786737,22.661248885349,24.225278166817,140846957.65358
2001-03-23,24.652718781594,25.568365541468,24.392090607652,25.368763135664,110913972.20729
2001-03-26,25.631603331052,25.800757912242,24.931433483832,25.151594677197,70348471.514567
2001-03-27,25.151594677197,26.270747410134,25.071961905129,26.128006967391,106041194.28867
2001-03-28,25.738040598293,25.990341162084,24.869757121152,24.931433483832,87408528.828803
2001-03-29,24.835535848188,25.661921036757,24.479270276419,24.835535848188,96949213.108842
2001-03-30,25.008724115545,25.210928899522,24.16984751175,24.52871546169,101806833.32617
2001-04-02,24.590782181096,25.540780332843,24.509587982125,25.040212891428,84587399.720166
2001-04-03,24.804177191214,24.931433483832,23.658089844194,23.940187638057,104390109.75846
2001-04-04,23.940187638057,24.671455904433,22.914330162591,23.298050824076,115355185.01879
2001-04-05,24.112855429779,25.738040598293,23.998220671296,25.458545182603,126125441.3544
2001-04-06,25.29056167159,25.661921036757,24.70164349123,25.210928899522,103230542.83915
2001-04-09,25.368763135664,25.769269136359,24.979577480017,25.631603331052,62735936.910167
2001-04-10,25.990341162084,26.953090966874,25.943758592802,26.781073769695,121690463.05874
2001-04-11,27.200967487773,27.587550765247,26.781073769695,26.953090966874,122452136.95523
2001-04-12,26.7206985961,27.947719904274,26.638203208043,27.905951734611,97531894.585493
2001-04-16,27.528216542922,27.617738352044,26.972478684257,27.281511092201,73385374.866184
2001-04-17,26.972478684257,27.871600342738,26.953090966874,27.587550765247,94836719.79313
2001-04-18,28.428769509397,29.748825837225,28.260785998385,29.361201608482,174587005.84303
2001-04-19,29.519035844624,30.948261936774,29.496525273435,30.53357297504,174997373.43795
2001-04-20,31.53939213858,31.909710552478,30.730703121581,30.948261936774,214521231.9271
2001-04-23,30.559206400036,30.730703121581,29.999564974113,30.622314070711,102720087.40156
2001-04-24,30.589263867924,31.380386832261,30.111727473333,30.310288927869,99127473.957931
2001-04-25,30.310288927869,31.322093561205,30.17366407383,31.260417198524,85374042.54793
2001-04-26,31.429832017532,31.848945022158,30.622314070711,31.014102104529,131805359.94154
2001-04-27,31.181825377725,31.260417198524,29.691053041803,30.111727473333,141921374.39909
2001-04-30,30.730703121581,30.979620593748,30.368191842199,30.387319321765,82886382.867797
2001-05-01,30.368191842199,31.53939213858,30.337874136494,31.487734931862,93313132.972107
2001-05-02,31.848945022158,31.909710552478,31.120018896136,31.289433715144,103501149.47888
2001-05-03,31.072265256677,31.487734931862,30.559206400036,30.730703121581,73864626.856643
2001-05-04,30.513404544206,31.881865106036,30.481915768323,31.739124663293,133250922.31507
2001-05-07,31.770743558085,32.361873759891,31.708937076496,32.020832100429,121874133.14631
2001-05-08,32.190246919437,32.361873759891,31.739124663293,32.332857243271,83667456.025882
2001-05-09,31.961237640287,31.990774632541,31.353842574905,31.568408655199,84878296.04047
2001-05-10,31.909710552478,31.961237640287,31.380386832261,31.396651695837,71445407.54979
2001-05-11,31.380386832261,31.396651695837,30.788996392638,31.120018896136,56984240.263655
2001-05-14,31.014102104529,31.041557194246,30.652371538599,30.838181340091,50130701.175448
2001-05-15,30.838181340091,31.090872260608,30.513404544206,30.622314070711,68416974.655029
2001-05-16,30.368191842199,31.353842574905,30.199037261009,31.041557194246,102021046.7636
2001-05-17,31.014102104529,31.45715698834,30.310288927869,30.589263867924,118772366.13553
2001-05-18,30.368191842199,31.041557194246,30.17366407383,30.53357297504,100807977.93135
2001-05-21,30.53357297504,31.396651695837,30.387319321765,30.86732797562,114319550.17532
2001-05-22,31.149165531664,31.568408655199,31.014102104529,31.516751448482,91866240.114735
2001-05-23,31.568408655199,32.129611508026,31.149165531664,31.260417198524,101748431.33863
2001-05-24,31.380386832261,32.190246919437,31.072265256677,32.190246919437,87970030.99737
2001-05-25,32.161100283909,32.240602937068,31.568408655199,31.821099575716,56097728.834152
2001-05-29,31.770743558085,32.190246919437,31.429832017532,31.53939213858,79369121.82321
2001-05-30,31.21123225107,31.663265339575,30.788996392638,31.041557194246,94861018.337845
2001-05-31,31.181825377725,31.568408655199,30.670197829079,31.041557194246,77446087.505693
2001-06-01,31.227497114646,31.708937076496,30.809164823472,31.53939213858,63905311.102038
2001-06-04,31.663265339575,31.848945022158,31.322093561205,31.739124663293,48365939.821647
2001-06-05,31.739124663293,32.781507240152,31.631646444783,32.579432575083,99670926.344333
2001-06-06,32.690424004126,32.96861823073,32.097862494325,32.46948209731,88940128.629201
2001-06-07,32.361873759891,33.08728667538,32.332857243271,33.029253642141,73382258.003999
2001-06-08,33.058140039852,33.08728667538,32.332857243271,32.829390998519,57452567.406794
2001-06-11,32.690424004126,32.690424004126,32.077954301308,32.361873759891,51257062.194278
2001-06-12,31.848945022158,32.500970873193,31.770743558085,32.332857243271,72905674.104558
2001-06-13,32.332857243271,32.436431894523,31.679660322059,31.708937076496,61307323.365174
2001-06-14,31.516751448482,31.663265339575,30.670197829079,30.898816751503,79296003.782199
2001-06-15,30.278670033077,30.652371538599,29.798531260314,30.513404544206,116509635.7885
2001-06-18,30.481915768323,30.481915768323,29.615453955902,29.999564974113,61714572.51493
2001-06-19,30.589263867924,30.898816751503,29.999564974113,30.199037261009,69816616.736483
2001-06-20,30.111727473333,31.227497114646,30.111727473333,31.149165531664,71208898.021004
2001-06-21,31.014102104529,31.663265339575,30.925361008859,31.322093561205,72911694.919855
2001-06-22,31.396651695837,31.679660322059,30.754905238582,30.86732797562,56944117.588506
2001-06-25,31.014102104529,31.322093561205,30.387319321765,30.898816751503,54620743.772546
2001-06-26,30.417506908562,31.487734931862,30.368191842199,31.45715698834,69995384.375011
2001-06-27,31.353842574905,32.077954301308,31.120018896136,31.909710552478,77131568.567617
2001-06-28,32.097862494325,34.149967801982,31.516751448482,32.607017783708,143121519.0966
2001-06-29,32.579432575083,32.948319680987,32.020832100429,32.579432575083,92531400.508239
2001-07-02,32.332857243271,32.798032341545,31.45715698834,31.679660322059,76571398.465848
2001-07-03,31.53939213858,31.770743558085,31.380386832261,31.631646444783,31249492.47104
2001-07-05,31.516751448482,31.739124663293,30.700645653693,30.730703121581,54867727.003032
2001-07-06,30.652371538599,30.670197829079,29.471282205165,29.643039164527,74932353.191781
2001-07-09,29.691053041803,30.02975256091,29.192047027292,29.471282205165,74078617.095717
2001-07-10,29.549874025964,29.715125039896,28.877419506278,28.93792479878,74191854.645943
2001-07-11,28.801299944742,29.949859551025,28.801299944742,29.830020036197,75910031.652966
2001-07-12,31.708937076496,32.332857243271,31.53939213858,32.129611508026,138584672.91178
2001-07-13,32.020832100429,32.302799775383,31.821099575716,31.990774632541,65689250.102041
2001-07-16,32.047376357785,32.380871120548,31.45715698834,31.941459566178,62320435.75301
2001-07-17,31.708937076496,32.302799775383,31.45715698834,32.222906765498,70310136.800736
2001-07-18,31.679660322059,32.077954301308,31.353842574905,31.663265339575,63394630.091646
2001-07-19,31.961237640287,32.751059415537,31.909710552478,32.551457009733,79669379.810846
2001-07-20,30.513404544206,31.120018896136,30.417506908562,31.041557194246,138437328.7528
2001-07-23,31.072265256677,31.072265256677,29.778362829479,30.091819280316,88135868.960767
2001-07-24,30.058638958621,30.513404544206,29.471282205165,29.748825837225,75046265.085984
2001-07-25,29.715125039896,30.278670033077,29.32867188133,30.278670033077,82133408.166894
2001-07-26,30.111727473333,30.199037261009,29.377726709875,29.860467860811,86579088.902995
2001-07-27,29.643039164527,29.715125039896,29.192047027292,29.377726709875,72866000.992059
2001-07-30,29.438232002378,29.999564974113,29.410776912662,29.519035844624,46983463.435233
2001-07-31,29.615453955902,30.229094728897,29.549874025964,29.691053041803,65274416.16551
2001-08-01,29.970418338585,29.970418338585,29.496525273435,29.830020036197,61881971.283875
2001-08-02,30.14100422777,30.310288927869,29.715125039896,30.247051138285,60346361.036378
2001-08-03,30.199037261009,30.229094728897,29.615453955902,29.999564974113,48175798.564633
2001-08-06,29.830020036197,30.111727473333,29.471282205165,29.661906406275,30865201.88436
2001-08-07,29.643039164527,30.091819280316,29.615453955902,29.778362829479,34120105.130672
2001-08-08,29.830020036197,30.17366407383,28.93792479878,29.09966260218,60941527.374399
2001-08-09,29.158996824505,29.410776912662,28.85100536783,29.158996824505,50625336.440012
2001-08-10,29.051908962721,29.549874025964,28.210169742936,29.377726709875,57669012.036331
2001-08-13,29.270638848091,29.615453955902,29.051908962721,29.519035844624,36414497.98529
2001-08-14,29.496525273435,29.643039164527,28.906566141806,29.022762327193,40645964.492475
2001-08-15,29.022762327193,29.192047027292,28.351739115502,28.351739115502,44028817.385075
2001-08-16,28.180112275048,29.022762327193,28.115443177469,28.992444621487,48925213.964045
2001-08-17,28.598314447314,28.768900336499,27.587550765247,27.760478794787,58192849.086143
2001-08-20,27.669395558761,28.148493380256,27.420608205503,28.115443177469,53515786.051634
2001-08-21,27.228682815306,28.351739115502,27.228682815306,27.248981365049,52178784.352074
2001-08-22,27.420608205503,27.420608205503,26.502228948548,27.228682815306,87066361.787661
2001-08-23,27.228682815306,27.587550765247,26.473212431928,26.520835952479,56681083.071806
2001-08-24,26.74880428036,27.929633375977,26.578868985718,27.84154287485,70576512.960947
2001-08-27,27.760478794787,28.428769509397,27.617738352044,27.947719904274,49435900.514823
2001-08-28,27.947719904274,28.231769481765,27.170519663158,27.248981365049,52609442.419042
2001-08-29,27.391591688883,27.50778787427,26.7206985961,27.028950290593,53165150.136604
2001-08-30,26.502228948548,26.781073769695,25.351197083001,25.540780332843,108553814.98524
2001-08-31,25.52425523145,26.051106692404,25.260243965885,25.598813366082,64473286.023005
2001-09-04,25.661921036757,26.502228948548,25.151594677197,25.181782263994,74050975.324527
2001-09-05,25.210928899522,26.187601427534,24.804177191214,25.908236130752,99663790.328738
2001-09-06,25.368763135664,26.187601427534,25.071961905129,25.121146852583,124283999.49217
2001-09-07,25.181782263994,25.738040598293,24.804177191214,24.835535848188,99954014.679526
2001-09-10,24.652718781594,25.990341162084,24.52871546169,25.821186580894,93530247.988197
2001-09-17,24.225278166817,24.733392504931,23.688277430991,23.750344150397,142768430.37407
2001-09-18,23.971155938305,24.671455904433,23.858863320177,24.372052295726,91785774.732009
2001-09-19,24.418634865008,24.733392504931,22.710433832803,24.16984751175,141492289.00991
2001-09-20,23.499084537875,23.611377156004,22.739580468331,22.770028292945,128404231.69397
2001-09-21,21.510217019803,22.710433832803,21.308012235826,22.288458212187,206047586.18301
2001-09-24,22.710433832803,23.516520471629,22.371994551513,23.330840789045,94768277.836882
2001-09-25,23.444824952986,23.779230548108,22.507188097557,23.021418024376,93487894.91243
2001-09-26,23.098448418272,23.242359931192,22.231726368034,22.539847943617,65217354.159613
2001-09-27,22.487019666723,22.739580468331,21.532987828809,22.403483327396,89395526.888692
2001-09-28,22.259571814476,23.126163745805,21.981507706781,22.959611542787,126636343.98018
2001-10-01,22.852133324277,23.549440555507,22.629629990557,23.242359931192,76511441.213158
2001-10-02,23.157912759505,24.029449209362,23.126163745805,23.80343266511,89597928.225752
2001-10-03,23.549440555507,25.540780332843,23.499084537875,25.232398519442,107982056.77295
2001-10-04,25.540780332843,26.187601427534,25.210928899522,25.318407118032,112102508.21569
2001-10-05,25.210928899522,26.020919105607,24.652718781594,25.908236130752,89624897.23594
2001-10-08,25.491465266481,26.302626542743,25.458545182603,26.051106692404,67350361.145749
2001-10-09,25.800757912242,25.821186580894,24.30907474396,24.479270276419,110383002.3078
2001-10-10,24.062369293239,25.008724115545,23.779230548108,24.902547086121,96170378.266203
2001-10-11,25.008724115545,25.491465266481,24.509587982125,25.260243965885,92725776.993667
2001-10-12,24.990897825066,25.405326548982,24.470422190634,25.29056167159,70558235.231531
2001-10-15,25.079769039645,26.240559823337,24.902547086121,26.051106692404,76243726.65428
2001-10-16,25.964057142545,26.428841884093,25.67102936036,26.218829965599,73701903.380976
2001-10-17,26.520835952479,26.596955514014,25.109826507534,25.141315283417,81996095.27032
2001-10-18,25.268831813853,25.831335855765,24.902547086121,25.458545182603,83802982.544116
2001-10-19,25.748970586616,26.020919105607,24.960970476086,25.971604039244,101616238.54909
2001-10-22,25.971604039244,26.998502465979,25.778247341053,26.988483310016,80611832.505554
2001-10-23,27.129922563673,27.559705318805,26.646010342559,27.111315559742,89375463.572415
2001-10-24,27.13759957928,27.638036901787,26.74880428036,27.50778787427,88139661.749896
2001-10-25,27.190818212901,28.077708693973,26.7206985961,28.066128111107,83951215.539107
2001-10-26,27.956307752242,28.547828310774,27.851431911904,27.905951734611,71857783.929926
2001-10-29,27.861451067867,27.905951734611,26.709248132143,26.759734268683,60908536.757438
2001-10-30,26.428841884093,26.709248132143,26.097819380594,26.408673453259,63969513.872443
2001-10-31,26.596955514014,27.238701971269,26.058523470194,26.086499035545,71603223.036018
2001-11-01,26.953090966874,27.929633375977,26.739826075666,27.742912742125,120972918.32707
2001-11-02,27.781948414707,28.271065392165,27.148919924329,27.549425925025,92904767.830558
2001-11-05,27.751630709002,28.716982891964,27.701404810279,28.376982183771,73262999.638476
2001-11-06,28.125722571249,29.131411615881,27.894501270653,29.062058237592,76388393.224441
2001-11-07,28.811709457431,29.180726682243,28.716982891964,28.821988851211,65436915.651333
2001-11-08,28.916845535586,29.643039164527,28.559278774731,28.895245796757,82521486.793807
2001-11-09,28.860764285976,29.449422228518,28.671311155043,29.248908990354,53398536.471338
2001-11-12,29.03148029407,29.808420297368,28.547828310774,29.507585380666,64368072.532919
2001-11-13,29.970418338585,30.481915768323,29.877643556747,30.459405197134,66730672.273174
2001-11-14,30.612164795839,30.662520813471,29.507585380666,29.593854217073,98052607.649773
2001-11-15,29.651757131404,30.081409767627,29.361201608482,29.661906406275,85841028.917952
2001-11-16,29.770685813872,29.888053069436,29.141691009661,29.496525273435,66032523.63717
2001-11-19,29.715125039896,30.041333143776,29.477788150595,29.850448704848,62336036.685087
2001-11-20,29.808420297368,30.417506908562,29.170577407372,29.339731988562,73376454.846676
2001-11-21,28.868441301584,28.982295346616,28.483289332104,28.727132166836,56604626.553219
2001-11-23,28.877419506278,29.070776204469,28.541322365343,29.03148029407,17573187.174706
2001-11-26,29.158996824505,29.477788150595,28.888739851327,29.219762354825,46765459.583122
2001-11-27,29.070776204469,29.201025231986,28.148493380256,28.587904934625,101221699.04203
2001-11-28,28.341719959539,28.768900336499,28.137042916298,28.171003951445,59602966.452263
2001-11-29,28.322722598882,29.119961151923,28.240747686459,29.089643446217,60129920.36426
2001-11-30,29.012482933413,29.201025231986,28.680419478645,28.811709457431,52246105.56763
2001-12-03,28.638651308982,29.257757076139,28.617181689062,29.062058237592,52611897.600987
2001-12-04,29.158996824505,29.643039164527,28.758751061627,29.615453955902,56586568.856228
2001-12-05,29.830020036197,30.578203760693,29.778362829479,30.552700454606,82696688.007503
2001-12-06,30.503905863878,30.948261936774,30.300009534089,30.800316737686,62438575.752288
2001-12-07,30.600584212973,30.879949509755,29.860467860811,30.427656183433,47181183.147152
2001-12-10,30.28868918904,30.710794928564,29.99045665051,30.081409767627,42732382.382931
2001-12-11,30.349324600451,30.570526745085,30.091819280316,30.199037261009,59853288.951808
2001-12-12,30.13072483399,30.503905863878,29.715125039896,30.481915768323,53368891.455306
2001-12-13,30.122006867113,30.680477222859,29.643039164527,29.726445384945,57143389.399649
2001-12-14,29.625212874048,30.481915768323,29.583574823293,30.247051138285,47929486.512191
2001-12-17,30.13072483399,31.002651640572,30.13072483399,30.948261936774,63209392.866654
2001-12-18,30.91781411216,31.131469360094,30.77754592868,31.082154293731,52477036.720418
2001-12-19,30.77754592868,31.353842574905,30.710794928564,31.171806221762,63523911.01325
2001-12-20,31.023991141584,31.131469360094,29.888053069436,29.949859551025,87008847.844675
2001-12-21,30.513404544206,30.829463373215,30.058638958621,30.300009534089,93961798.848604
2001-12-24,30.377039927985,30.524855008163,30.15219445391,30.181341089438,13041909.868082
2001-12-26,30.247051138285,30.9925023657,30.229094728897,30.358302805145,32640217.69892
2001-12-27,30.503905863878,30.81957433616,30.17366407383,30.440277717568,35463346.886468
2001-12-28,30.612164795839,30.887626525362,30.368191842199,30.449125803354,32077375.548718
2001-12-31,30.427656183433,30.720814084527,29.715125039896,29.715125039896,47990116.525889
2002-01-02,29.899503533393,30.111727473333,29.387745865838,30.081409767627,53334341.615769
2002-01-03,30.111727473333,31.072265256677,30.103009506456,31.060684673811,75322224.528911
2002-01-04,31.072265256677,31.360218401427,30.809164823472,30.906623886019,58771292.168423
2002-01-07,31.289433715144,31.406800970708,30.662520813471,30.754905238582,65195060.442711
2002-01-08,30.81957433616,31.342392110947,30.513404544206,31.120018896136,53204383.184254
2002-01-09,31.281756699536,31.679660322059,30.720814084527,30.81957433616,85018280.194002
2002-01-10,30.720814084527,31.30947202707,30.559206400036,31.082154293731,56059169.338997
2002-01-11,31.19067346351,31.549541413451,30.552700454606,30.77754592868,81230848.617122
2002-01-14,30.641181312459,30.970902626872,30.387319321765,30.720814084527,56564504.669553
2002-01-15,30.800316737686,31.227497114646,30.730703121581,31.199651668204,66727109.014272
2002-01-16,30.887626525362,31.332242836076,30.440277717568,30.449125803354,68674881.149865
2002-01-17,30.735907877926,31.396651695837,30.691797567907,31.342392110947,87177592.135631
2002-01-18,30.103009506456,30.440277717568,29.350141501251,29.651757131404,119558571.27292
2002-01-22,29.877643556747,29.888053069436,28.821988851211,28.916845535586,85619688.171229
2002-01-23,28.727132166836,29.03148029407,28.370736476158,28.587904934625,89618658.762665
2002-01-24,28.758751061627,29.23993078566,28.617181689062,28.982295346616,91857992.856235
2002-01-25,28.801299944742,29.089643446217,28.494739796062,28.617181689062,54393379.044594
2002-01-28,28.811709457431,28.888739851327,28.221490087985,28.628502034111,46386739.457603
2002-01-29,28.671311155043,28.93792479878,27.811095050235,27.956307752242,65283551.468541
2002-01-30,28.02097684982,28.221490087985,27.50778787427,28.20041082479,73661112.693718
2002-01-31,28.292404893176,28.628502034111,27.871600342738,28.577755659754,73858607.624313
2002-02-01,28.781651989542,28.93792479878,28.02097684982,28.106595091684,70731871.682263
2002-02-04,27.98922783612,28.115443177469,27.248981365049,27.420608205503,78356895.89694
2002-02-05,27.281511092201,27.919744338923,27.148919924329,27.430757480374,74343208.460542
2002-02-06,27.638036901787,27.760478794787,27.028950290593,27.098563906698,73700342.575434
2002-02-07,27.049378959244,27.638036901787,26.801762676163,26.826745506616,70581409.078131
2002-02-08,26.972478684257,27.209555335741,26.389936330419,27.209555335741,68304850.722145
2002-02-11,26.925505758249,27.47135457986,26.7282454928,27.420608205503,56729676.203812
2002-02-12,27.13759957928,27.298166312503,26.934353844035,26.979765343139,49044697.902378
2002-02-13,27.028950290593,27.760478794787,26.892325436554,27.732763467253,60283278.215185
2002-02-14,27.811095050235,28.260785998385,27.50778787427,27.669395558761,63614196.332268
2002-02-15,27.678373763455,27.84154287485,27.008781859759,27.020102204807,55556063.617577
2002-02-19,26.881135210414,26.979765343139,26.292347148963,26.439121277873,58248800.64063
2002-02-20,26.646010342559,27.08060749731,26.382259314811,26.869944984274,56106422.489369
2002-02-21,26.791483282383,27.039229684373,26.020919105607,26.039656228446,66199260.725873
2002-02-22,26.039656228446,26.363001716337,25.641752605923,26.020919105607,79520247.690545
2002-02-25,25.990341162084,26.869944984274,25.971604039244,26.502228948548,57769317.536978
2002-02-26,26.51224810451,26.925505758249,25.971604039244,26.270747410134,70523454.278802
2002-02-27,26.502228948548,26.979765343139,26.020919105607,26.187601427534,73287071.818895
2002-02-28,26.371979921031,26.781073769695,26.076349760674,26.167302877791,75862776.128143
2002-03-01,26.490648365682,27.549425925025,26.397222989301,27.528216542922,69611537.019114
2002-03-04,27.47135457986,28.494739796062,27.308185468466,28.398712041509,81817321.299919
2002-03-05,28.260785998385,28.658819739816,27.967888335108,28.303725238225,62332246.27041
2002-03-06,28.221490087985,28.577755659754,27.905951734611,28.547828310774,55906032.31198
2002-03-07,28.559278774731,28.658819739816,27.751630709002,28.137042916298,64733638.201983
2002-03-08,28.547828310774,29.03148029407,28.341719959539,28.687836256436,64313235.387256
2002-03-11,28.494739796062,29.158996824505,28.260785998385,28.860764285976,48678013.867069
2002-03-12,28.047390988267,28.171003951445,27.669395558761,28.057540263139,74006396.597043
2002-03-13,27.851431911904,28.271065392165,27.793398878665,27.861451067867,49472228.817876
2002-03-14,27.882009855427,27.919744338923,27.391591688883,27.462506494075,57077636.112988
2002-03-15,27.371423258049,28.038282664665,27.349693400311,28.029694816697,77008075.765142
2002-03-18,28.148493380256,28.260785998385,27.462506494075,27.882009855427,49978903.338582
2002-03-19,27.894501270653,28.260785998385,27.587550765247,27.919744338923,40533617.361233
2002-03-20,27.549425925025,27.819813017112,26.962069171568,26.962069171568,60670247.973652
2002-03-21,27.008781859759,27.627887626915,26.839367040751,27.528216542922,51435608.217416
2002-03-22,27.391591688883,27.430757480374,27.020102204807,27.120033526618,46076674.197409
2002-03-25,27.129922563673,27.271361817329,26.540223669861,26.570151018841,52908140.392621
2002-03-26,26.51224810451,27.329785207294,26.157283721828,26.502228948548,77352910.8973
2002-03-27,26.382259314811,26.858494520316,26.280896685006,26.66656913012,52738284.858766
2002-03-28,26.892325436554,27.209555335741,26.759734268683,27.059267996298,49477810.359808
2002-04-01,26.839367040751,27.098563906698,26.560392100695,27.088284512918,52394784.167858
2002-04-02,26.418562490313,26.51224810451,25.622755245266,25.709934914034,85861766.578211
2002-04-03,25.769269136359,25.841485130636,24.902547086121,25.268831813853,85734703.393491
2002-04-04,25.109826507534,25.558346385505,24.869757121152,25.318407118032,68844513.485362
2002-04-05,25.52425523145,25.709934914034,25.050232047391,25.062983700435,55923415.664994
2002-04-08,24.360731950678,25.709934914034,24.33900209294,25.67102936036,81795695.595131
2002-04-09,25.719954069997,25.760551169482,24.57920159823,24.622010719162,70688855.343288
2002-04-10,24.733392504931,25.622755245266,24.70164349123,25.260243965885,84296950.58805
2002-04-11,25.071961905129,25.318407118032,24.450383878708,24.57920159823,64598553.331572
2002-04-12,24.739638212544,25.241246605228,24.610690374113,25.088356887613,57741456.524848
2002-04-15,25.121146852583,25.469995646561,24.84841762014,24.979577480017,52738727.298065
2002-04-16,25.300580827553,26.058523470194,25.279111207633,25.93087682085,58001813.452728
2002-04-17,26.001661507133,26.147264565865,25.309559032247,25.405326548982,61339866.002451
2002-04-18,25.480014802523,25.709934914034,23.632846775924,25.29056167159,83482000.351429
2002-04-19,25.769269136359,26.011940900913,25.512804767493,25.661921036757,116616400.58633
2002-04-22,25.359915049878,25.435904492505,24.671455904433,24.940411688526,56623351.470834
2002-04-23,24.990897825066,25.040212891428,23.90804826763,24.219032459203,75394447.402037
2002-04-24,24.15956811797,24.418634865008,23.779230548108,23.791982201152,68249118.408599
2002-04-25,23.730305838472,24.430085328966,23.730305838472,24.102836273817,63823281.747839
2002-04-26,24.257027180517,24.430085328966,23.089730451395,23.098448418272,69976886.613172
2002-04-29,23.089730451395,23.741496064612,23.080882365609,23.444824952986,78386096.890705
2002-04-30,23.371307769622,23.90804826763,23.287901549205,23.444824952986,86258766.807606
2002-05-01,23.4042278535,23.858863320177,22.72839024219,23.658089844194,85176768.441241
2002-05-02,23.621526430876,24.257027180517,22.949202030098,22.96963069875,88059864.379282
2002-05-03,23.001119474633,23.177951071431,22.210386867022,22.231726368034,79856397.873811
2002-05-06,22.177206545327,22.670227090043,21.697328010381,21.810791698687,73826735.373596
2002-05-07,22.059839289763,22.558845304274,21.689650994773,22.188787128193,98675864.530149
2002-05-08,23.001119474633,24.661436748471,22.98082092489,24.661436748471,112860621.22774
2002-05-09,24.402239882523,24.671455904433,23.280354652505,23.38275823358,92760991.679381
2002-05-10,23.570910175427,23.632846775924,22.43119865493,22.450196015587,71912837.150595
2002-05-13,22.629629990557,23.741496064612,22.318775917892,23.640393672624,72236952.826612
2002-05-14,24.402239882523,24.724414300237,24.219032459203,24.622010719162,72302263.673974
2002-05-15,24.450383878708,25.318407118032,24.15956811797,24.56150542666,78530981.910328
2002-05-16,24.540035806739,25.141315283417,24.518566186819,25.008724115545,59524499.565482
2002-05-17,25.221078174394,25.300580827553,24.796630294514,25.141315283417,60906305.565336
2002-05-20,24.902547086121,24.920243257692,23.998220671296,24.225278166817,58091868.450035
2002-05-21,24.201466406541,24.490720740377,23.392647270634,23.412815701468,70337998.60435
2002-05-22,23.270205377634,24.102836273817,23.260056102763,24.091646047676,60145521.29634
2002-05-23,24.091646047676,24.600801337059,23.779230548108,24.590782181096,57290068.712454
2002-05-24,24.287214767314,24.461704223757,23.791982201152,23.888270193522,40140850.777312
2002-05-28,24.038297295147,24.091646047676,23.219849360003,23.469547545621,55280774.561211
2002-05-29,23.165329537296,23.6491116395,23.126163745805,23.349708030794,50365647.52424
2002-05-30,23.165329537296,23.940187638057,23.074506539088,23.621526430876,70453464.180745
2002-05-31,23.730305838472,23.961136782342,22.827801088367,22.840682860319,74077732.217118
2002-06-03,22.872301755111,23.165329537296,22.059839289763,22.168358459542,98529857.186857
2002-06-04,22.210386867022,22.98082092489,22.085082358033,22.423911996048,97397926.498353
2002-06-05,22.619740953503,23.219849360003,22.580314924195,23.177951071431,74172688.080512
2002-06-06,23.098448418272,23.392647270634,22.787594345607,23.280354652505,81424776.331387
2002-06-07,22.383314896562,23.601097762224,22.371994551513,23.319650562905,109018129.30683
2002-06-10,23.165329537296,23.90804826763,23.089730451395,23.698426705863,79902098.133471
2002-06-11,23.878120918651,24.30907474396,23.516520471629,23.579758261212,82612205.845813
2002-06-12,23.59120872517,25.020304698411,23.549440555507,24.920243257692,151586239.2808
2002-06-13,24.600801337059,24.891356859981,24.30907474396,24.317662591928,88906690.032554
2002-06-14,23.779230548108,24.920243257692,23.779230548108,24.787521970912,121968200.96518
2002-06-17,24.970989632049,25.318407118032,24.835535848188,24.979577480017,105298690.12353
2002-06-18,24.911525290815,25.251525999008,24.826687762403,25.121146852583,86402544.541743
2002-06-19,24.880947347292,25.098376043576,24.372052295726,24.392090607652,88101543.111082
2002-06-20,24.392090607652,24.724414300237,24.179996786621,24.268347525566,95812830.325418
2002-06-21,23.961136782342,24.470422190634,23.450940541691,23.450940541691,130213350.15987
2002-06-24,23.371307769622,24.509587982125,23.260056102763,24.29879535018,116229879.59903
2002-06-25,24.540035806739,24.671455904433,23.688277430991,23.750344150397,92997944.438944
2002-06-26,22.914330162591,24.402239882523,22.901448390639,24.279537751706,125036976.56752
2002-06-27,24.490720740377,24.652718781594,23.709747050912,24.642309268905,106460480.32012
2002-06-28,24.470422190634,25.030453973283,24.225278166817,24.540035806739,100079733.13371
2002-07-01,24.279537751706,24.661436748471,23.59120872517,23.621526430876,74288599.26214
2002-07-02,23.499084537875,23.741496064612,23.03039622907,23.080882365609,92231584.168405
2002-07-03,22.990709961944,23.559589830378,22.629629990557,23.537990091549,89403551.740316
2002-07-05,23.821389074497,24.630858804948,23.80343266511,24.610690374113,39759679.427267
2002-07-08,24.4109578494,24.642309268905,23.59120872517,23.741496064612,70456808.990189
2002-07-09,23.919498731588,24.549794724885,23.761664495446,23.866540335784,94600207.889886
2002-07-10,24.091646047676,24.30907474396,23.392647270634,23.444824952986,101026652.96151
2002-07-11,23.349708030794,23.813581939981,22.990709961944,23.741496064612,144476352.12885
2002-07-12,23.940187638057,24.102836273817,23.089730451395,23.270205377634,106694537.04141
2002-07-15,23.052906800259,23.270205377634,21.532987828809,23.242359931192,152628767.15445
2002-07-16,23.021418024376,23.688277430991,22.719542156405,22.990709961944,107323356.46811
2002-07-17,23.559589830378,23.90804826763,22.959611542787,23.330840789045,107927886.05642
2002-07-18,23.349708030794,23.658089844194,22.72839024219,22.933978117791,101885520.24538
2002-07-19,22.43119865493,22.827801088367,21.904607431793,22.231726368034,125466077.78636
2002-07-22,21.958606778866,22.43119865493,20.589105265767,20.777517445431,201373904.36619
2002-07-23,20.86456699529,21.07952343231,19.285183682606,19.294031768391,333404350.35455
2002-07-24,18.580069316859,20.797685876265,18.580069316859,20.740693794295,226130626.23633
2002-07-25,20.407329150441,20.509602612607,19.042642036961,19.210625547974,182410302.22515
2002-07-26,19.62036999118,20.371806688391,19.602283462884,20.34292029068,138090275.09228
2002-07-29,21.021360280162,21.667010304675,20.883694474855,21.648143062927,125236216.71932
2002-07-30,21.330913163741,21.915927776842,21.229810771752,21.583473965349,136723567.43245
2002-07-31,21.362401939624,21.532987828809,20.797685876265,21.522708435029,102419585.63698
2002-08-01,21.353553853838,21.574755998472,20.407329150441,20.519882006387,102725896.09927
2002-08-02,20.416307355135,20.566594694577,19.651728648155,19.918342291892,96027042.971367
2002-08-05,19.867856155353,20.259383951354,19.651728648155,19.729930112228,88541887.353622
2002-08-06,20.141886576881,21.204567703482,20.08125116547,20.489304062864,99015832.038525
2002-08-07,21.07952343231,21.222133756144,20.259383951354,21.1262361205,96146856.958341
2002-08-08,21.1262361205,21.993088289647,20.820456685272,21.937397396763,99193046.786333
2002-08-09,21.599999066742,22.048518944714,21.381399300281,21.599999066742,77127182.957316
2002-08-12,21.362401939624,21.872858418093,21.353553853838,21.740007012404,63538455.314801
2002-08-13,21.532987828809,22.299908676144,21.050246677873,21.106978522026,111632431.89393
2002-08-14,21.204567703482,22.394505122702,21.181666775567,22.299908676144,108379174.93337
2002-08-15,22.413762721176,22.759618780256,21.872858418093,22.327754122586,109504105.74145
2002-08-16,22.177206545327,22.529828787655,21.948587622903,22.43119865493,77045367.303666
2002-08-19,22.450196015587,23.349708030794,22.36197539555,23.330840789045,89181202.643559
2002-08-20,23.052906800259,23.186799157216,22.770028292945,22.901448390639,78940618.174444
2002-08-21,23.137484090854,23.499084537875,22.949202030098,23.450940541691,90351746.648111
2002-08-22,23.709747050912,23.980134142999,23.601097762224,23.878120918651,80920329.045368
2002-08-23,23.621526430876,23.709747050912,23.260056102763,23.433374489028,64242550.366651
2002-08-26,23.549440555507,23.621526430876,22.959611542787,23.371307769622,61976625.592039
2002-08-27,23.478525750315,23.5266697465,22.719542156405,22.806591706264,73037337.391621
2002-08-28,22.649798421391,22.72839024219,22.116571133916,22.149751455611,76942063.663366
2002-08-29,21.927248121891,22.880889603079,21.756401994889,22.69013528306,103161479.5683
2002-08-30,22.487019666723,22.649798421391,21.981507706781,22.023145757535,64864126.927471
2002-09-03,21.766681388669,21.766681388669,21.07952343231,21.087070329009,80591640.968935
2002-09-04,21.291487134432,21.799341234729,21.147835859329,21.628885464453,88636509.21095
2002-09-05,21.308012235826,21.319462699783,20.579086109804,20.597953351552,99197767.985662
2002-09-06,21.409114627814,21.659333289067,21.29916415004,21.446979230219,77756735.297774
2002-09-09,21.204567703482,21.958606778866,20.918826580179,21.849046657818,89852167.777358
2002-09-10,21.776960782449,22.351826120679,21.689650994773,22.338944348727,93671582.412646
2002-09-11,22.558845304274,22.922657772742,21.766681388669,21.787240176229,86569725.652711
2002-09-12,21.599999066742,21.667010304675,21.087070329009,21.147835859329,70992582.403285
2002-09-13,21.042439543357,21.648143062927,21.021360280162,21.490178707877,66347121.723606
2002-09-16,21.353553853838,21.592452170043,21.106978522026,21.425769848116,55614785.364459
2002-09-17,21.83109024843,21.937397396763,21.181666775567,21.21224471909,81206828.674614
2002-09-18,20.958122490579,21.639294977142,20.927934903782,21.415490454336,93304889.671026
2002-09-19,20.937823940836,21.446979230219,20.902561716603,21.168915122524,86669454.161855
2002-09-20,21.43565888517,21.532987828809,21.222133756144,21.291487134432,145755167.91589
2002-09-23,20.91127968348,20.946932264439,20.100248526126,20.291132965054,100023664.43965
2002-09-24,20.08125116547,20.853116531332,20.020615754058,20.489304062864,114627840.92941
2002-09-25,20.820456685272,21.069504276347,20.211239955169,20.87484638907,119466481.37141
2002-09-26,21.1262361205,21.308012235826,20.607972507515,20.730674638332,112476934.543
2002-09-27,20.651041866264,21.1262361205,20.269272988408,20.301282239926,89830609.348656
2002-09-30,20.133038491096,20.211239955169,19.342175764576,19.62036999118,129118495.72636
2002-10-01,19.852632243045,20.750712950258,19.376266918632,20.740693794295,123687773.35768
2002-10-02,20.694111225013,21.001191849328,20.259383951354,20.458986357159,115595186.57296
2002-10-03,20.323922930024,20.902561716603,20.010466479187,20.057439405194,117483776.31825
2002-10-04,20.361917651337,20.437516737238,19.602283462884,19.641449254375,119785914.63081
2002-10-07,19.651728648155,20.211239955169,19.602283462884,19.76154900702,99142817.657862
2002-10-08,20.057439405194,20.632174624516,19.80448824686,20.182353557458,129080148.34879
2002-10-09,19.841311897997,20.389502859962,19.651728648155,19.729930112228,137409744.0884
2002-10-10,19.741380576186,20.91127968348,19.396305230557,20.808876102405,131842710.84133
2002-10-11,21.251150272764,21.937397396763,21.087070329009,21.922173484455,121584052.05406
2002-10-14,21.648143062927,22.128151716782,21.458299575268,22.106421859044,84697391.396388
2002-10-15,23.001119474633,23.488805144095,22.719542156405,23.458617557298,146810433.92565
2002-10-16,22.608160370637,23.001119474633,22.558845304274,22.608160370637,106635390.26786
2002-10-17,23.444824952986,23.549440555507,22.450196015587,22.777445070736,204147808.02637
2002-10-18,23.59120872517,23.866540335784,22.941655133399,23.838564770434,170871075.30628
2002-10-21,23.308069980039,23.770382462323,23.04158645521,23.559589830378,125540543.72384
2002-10-22,23.074506539088,23.298050824076,22.889737688864,23.177951071431,97116487.614883
2002-10-23,23.074506539088,23.888270193522,22.880889603079,23.866540335784,123810355.95408
2002-10-24,23.919498731588,23.940187638057,22.827801088367,22.98082092489,106997550.97473
2002-10-25,22.990709961944,23.688277430991,22.949202030098,23.632846775924,84215020.960781
2002-10-28,23.961136782342,23.998220671296,23.108337455326,23.308069980039,88800407.248192
2002-10-29,23.4042278535,23.549440555507,22.806591706264,23.361158494751,100434741.9953
2002-10-30,23.421793906162,23.950336912928,23.157912759505,23.829846803557,105374424.80912
2002-10-31,23.858863320177,24.257027180517,23.709747050912,23.990413536779,114943335.7667
2002-11-01,23.516520471629,23.878120918651,23.280354652505,23.779230548108,116670781.04599
2002-11-04,25.435904492505,25.683390656678,24.911525290815,25.174365486203,155560526.66652
2002-11-05,25.020304698411,25.480014802523,24.931433483832,25.424323909639,85397848.789883
2002-11-06,25.568365541468,25.622755245266,24.911525290815,25.578644935248,128436722.09333
2002-11-07,25.210928899522,25.39530739302,24.902547086121,25.131296127454,82274680.064142
2002-11-08,25.121146852583,25.368763135664,24.683817200751,24.724414300237,73658608.439794
2002-11-11,24.713224074097,24.724414300237,24.138228616958,24.15956811797,65177601.898762
2002-11-12,24.268347525566,24.869757121152,24.179996786621,24.450383878708,91279711.236592
2002-11-13,24.328852818069,25.088356887613,24.268347525566,24.835535848188,120101287.57964
2002-11-14,25.121146852583,25.568365541468,25.062983700435,25.568365541468,87101463.29123
2002-11-15,25.415736061671,25.540780332843,24.970989632049,25.424323909639,86561383.416193
2002-11-18,25.549238061903,25.588664091211,25.008724115545,25.062983700435,64906988.135673
2002-11-19,24.920243257692,25.030453973283,24.360731950678,24.600801337059,85327633.910511
2002-11-20,24.683817200751,25.531932247058,24.642309268905,25.39530739302,85528350.970586
2002-11-21,25.558346385505,26.020919105607,25.469995646561,25.95143560841,92649701.178662
2002-11-22,25.769269136359,26.147264565865,25.588664091211,26.116946860159,78173585.934375
2002-11-25,26.051106692404,26.313816768883,25.831335855765,26.116946860159,68809594.814495
2002-11-26,25.858660826573,26.128006967391,25.469995646561,25.531932247058,75999632.33872
2002-11-27,25.841485130636,26.292347148963,25.748970586616,26.058523470194,61491669.3797
2002-11-29,26.208940928545,26.302626542743,25.841485130636,25.879219614133,31727404.479864
2002-12-02,26.313816768883,26.451742812008,25.578644935248,25.879219614133,69374391.13756
2002-12-03,25.699655520254,25.730233463777,25.309559032247,25.435904492505,64069240.798621
2002-12-04,25.181782263994,25.769269136359,25.040212891428,25.359915049878,93687169.098022
2002-12-05,25.549238061903,25.610393948949,24.804177191214,24.826687762403,76035653.546159
2002-12-06,24.622010719162,25.008724115545,24.317662591928,24.880947347292,80030126.136628
2002-12-09,24.671455904433,24.763710210636,24.007979589441,24.007979589441,71345302.294478
2002-12-10,24.029449209362,24.441535792923,23.990413536779,24.225278166817,71200287.47156
2002-12-11,24.15956811797,24.683817200751,24.038297295147,24.518566186819,77233464.158695
2002-12-12,24.671455904433,24.70164349123,24.091646047676,24.29879535018,61739025.398933
2002-12-13,24.081496772805,24.112855429779,23.549440555507,23.549440555507,72871416.322448
2002-12-16,23.779230548108,24.470422190634,23.632846775924,24.441535792923,67176943.935958
2002-12-17,24.4109578494,24.671455904433,24.130681720259,24.392090607652,55528524.739247
2002-12-18,24.15956811797,24.402239882523,23.679819701932,24.007979589441,69623950.646973
2002-12-19,23.90804826763,24.56150542666,23.718725255606,23.829846803557,91638052.243897
2002-12-20,23.998220671296,24.102836273817,23.750344150397,23.858863320177,104175800.55152
2002-12-23,23.80343266511,24.349151367811,23.730305838472,24.225278166817,54505518.015665
2002-12-24,24.020731242485,24.328852818069,24.007979589441,24.138228616958,20538583.154319
2002-12-26,24.236858749683,24.52871546169,23.848844164214,23.950336912928,41618578.25048
2002-12-27,23.950336912928,23.961136782342,23.730305838472,23.761664495446,45711424.330276
2002-12-30,23.779230548108,23.878120918651,23.450940541691,23.658089844194,53830589.923789
2002-12-31,23.658089844194,23.770382462323,23.001119474633,23.186799157216,65073528.144974
2003-01-02,23.458617557298,24.112855429779,23.196688194271,24.102836273817,74886231.071391
2003-01-03,24.038297295147,24.138228616958,23.718725255606,24.130681720259,62014742.647895
2003-01-06,24.225278166817,24.774900436777,24.138228616958,24.567751134273,66465685.958063
2003-01-07,24.642309268905,25.131296127454,24.52871546169,25.030453973283,89787384.058026
2003-01-08,24.835535848188,24.920243257692,24.268347525566,24.328852818069,72165561.802688
2003-01-09,24.549794724885,25.088356887613,24.461704223757,25.040212891428,69132816.905594
2003-01-10,24.724414300237,25.260243965885,24.630858804948,25.088356887613,75772577.080832
2003-01-13,25.359915049878,25.458545182603,25.020304698411,25.300580827553,68032239.254599
2003-01-14,25.268831813853,25.568365541468,25.210928899522,25.558346385505,60677649.927728
2003-01-15,25.568365541468,25.709934914034,25.210928899522,25.241246605228,66871755.797343
2003-01-16,25.268831813853,25.405326548982,24.724414300237,24.826687762403,92958419.333869
2003-01-17,23.750344150397,23.779230548108,23.021418024376,23.089730451395,174001200.38084
2003-01-21,23.270205377634,23.4042278535,23.009967560418,23.03039622907,96136968.954463
2003-01-22,23.137484090854,23.507802504752,22.840682860319,22.880889603079,96804040.780699
2003-01-23,23.308069980039,23.570910175427,23.089730451395,23.450940541691,79595033.387383
2003-01-24,23.339558755922,23.349708030794,22.299908676144,22.36197539555,115274510.68442
2003-01-27,22.128151716782,22.70041467684,21.71892774921,22.059839289763,127301809.09484
2003-01-28,22.288458212187,22.299908676144,21.776960782449,21.904607431793,96173055.063547
2003-01-29,21.872858418093,22.450196015587,21.498896674754,22.394505122702,119358904.51149
2003-01-30,22.496908703777,22.507188097557,21.618736189582,21.639294977142,97818753.548263
2003-01-31,21.291487134432,21.689650994773,21.096699128246,21.291487134432,119459786.21214
2003-02-03,21.498896674754,22.030822773143,21.291487134432,21.776960782449,90077768.288499
2003-02-04,21.43565888517,21.510217019803,21.031249317217,21.229810771752,90593567.82294
2003-02-05,21.458299575268,21.766681388669,20.927934903782,21.069504276347,112973340.35623
2003-02-06,21.021360280162,21.362401939624,20.892412441732,21.270277752329,92565678.868915
2003-02-07,21.479899314097,21.510217019803,20.820456685272,20.902561716603,84540270.832707
2003-02-10,21.001191849328,21.319462699783,20.883694474855,21.259998358549,82847618.378409
2003-02-11,21.222133756144,21.391418456243,20.642193780479,20.830605960143,94286448.776005
2003-02-12,20.883694474855,21.1262361205,20.759691154952,20.830605960143,78875063.550153
2003-02-13,20.820456685272,21.138857654635,20.694111225013,21.07952343231,81683779.030922
2003-02-14,21.204567703482,21.756401994889,20.979331872682,21.667010304675,101167817.217
2003-02-18,22.085082358033,22.423911996048,21.892896730019,22.394505122702,63678878.741697
2003-02-19,22.26946085153,22.318775917892,21.689650994773,22.010394104492,52229410.013814
2003-02-20,22.220145785168,22.310188069924,21.618736189582,21.667010304675,56853254.486503
2003-02-21,21.787240176229,22.251894798868,21.458299575268,22.080137839505,63619128.857696
2003-02-24,21.927248121891,21.981507706781,21.391418456243,21.599999066742,69712911.022542
2003-02-25,21.117257915806,21.776960782449,20.979331872682,21.697328010381,76064465.921506
2003-02-26,21.610018222705,21.958606778866,21.157724896383,21.168915122524,63541551.598414
2003-02-27,21.43565888517,21.70864835543,20.91127968348,21.157724896383,83892223.104863
2003-02-28,21.29916415004,21.599999066742,21.138857654635,21.259998358549,63236733.082613
2003-03-03,21.554457448729,21.639294977142,21.001191849328,21.117257915806,56664510.197938
2003-03-04,21.157724896383,21.229810771752,20.694111225013,20.704390618793,63218855.84387
2003-03-05,20.704390618793,21.106978522026,20.681229453061,21.031249317217,61370499.581425
2003-03-06,20.787536601394,21.07952343231,20.750712950258,20.883694474855,57283538.181756
2003-03-07,20.589105265767,21.353553853838,20.54863828519,21.138857654635,73695921.348372
2003-03-10,20.91127968348,21.050246677873,20.538489010318,20.589105265767,54285224.401669
2003-03-11,20.694111225013,20.87484638907,20.416307355135,20.447535893201,60321166.532298
2003-03-12,20.469265750939,21.021360280162,20.227895175471,21.001191849328,80820739.837331
2003-03-13,21.280427027201,22.200107473242,21.031249317217,22.128151716782,90313040.728504
2003-03-14,22.138300991653,22.394505122702,21.766681388669,22.310188069924,84372240.459898
2003-03-17,22.003237564518,23.280354652505,21.83109024843,23.270205377634,112788310.49993
2003-03-18,23.231169705052,23.361158494751,22.880889603079,23.361158494751,85966893.796579
2003-03-19,23.308069980039,23.709747050912,23.089730451395,23.621526430876,82284975.682053
2003-03-20,23.349708030794,23.791982201152,23.03039622907,23.549440555507,80254093.025743
2003-03-21,23.998220671296,24.138228616958,23.349708030794,23.791982201152,95057670.338463
2003-03-24,22.922657772742,23.270205377634,22.598141214674,22.69013528306,68261490.08783
2003-03-25,22.96963069875,23.098448418272,22.460215171549,22.872301755111,70879458.826688
2003-03-26,22.840682860319,22.990709961944,22.649798421391,22.661248885349,57608260.925649
2003-03-27,22.383314896562,22.661248885349,22.072460823898,22.469063257335,66725719.169174
2003-03-28,22.128151716782,22.518378323697,22.072460823898,22.128151716782,44120886.707994
2003-03-31,21.728946905173,22.168358459542,21.54313710368,21.71892774921,78980733.726249
2003-04-01,21.958606778866,22.15820918467,21.756401994889,21.849046657818,55445209.224293
2003-04-02,22.518378323697,23.330840789045,22.518378323697,23.080882365609,76099591.169576
2003-04-03,23.319650562905,23.412815701468,22.96963069875,23.089730451395,63887110.146527
2003-04-04,23.108337455326,23.147633365725,22.371994551513,22.507188097557,62070996.549096
2003-04-07,23.5266697465,23.709747050912,22.580314924195,22.580314924195,73178849.899868
2003-04-08,22.710433832803,23.177951071431,22.608160370637,22.949202030098,60347442.994379
2003-04-09,22.98082092489,23.03039622907,22.023145757535,22.048518944714,85738399.621619
2003-04-10,22.168358459542,22.242916594174,21.776960782449,22.059839289763,57544808.481642
2003-04-11,22.327754122586,22.589293128888,21.490178707877,21.70864835543,79960218.352868
2003-04-14,21.776960782449,22.318775917892,21.532987828809,22.210386867022,57901162.073772
2003-04-15,22.138300991653,22.242916594174,21.618736189582,22.080137839505,71723056.810076
2003-04-16,22.96963069875,23.089730451395,22.072460823898,22.351826120679,96267294.634338
2003-04-17,22.220145785168,22.922657772742,22.200107473242,22.880889603079,65203268.127032
2003-04-21,22.98082092489,22.98082092489,22.496908703777,22.619740953503,46448812.345798
2003-04-22,22.478041462029,23.147633365725,22.460215171549,23.089730451395,65743249.858117
2003-04-23,23.098448418272,23.319650562905,22.852133324277,23.080882365609,62207290.014874
2003-04-24,22.862152480239,23.080882365609,22.719542156405,22.872301755111,57823392.48399
2003-04-25,22.72839024219,23.001119474633,22.580314924195,22.619740953503,59936895.732707
2003-04-28,22.777445070736,23.270205377634,22.719542156405,23.089730451395,62853456.386349
2003-04-29,23.280354652505,23.549440555507,23.04158645521,23.157912759505,73585590.917193
2003-04-30,23.089730451395,23.219849360003,22.661248885349,22.933978117791,62069841.774609
2003-05-01,22.922657772742,23.280354652505,22.739580468331,23.074506539088,47050104.766428
2003-05-02,23.009967560418,23.59120872517,22.941655133399,23.444824952986,58865041.019417
2003-05-05,23.549440555507,23.679819701932,23.177951071431,23.196688194271,56324841.078854
2003-05-06,23.196688194271,23.779230548108,23.165329537296,23.668239119066,60706974.392926
2003-05-07,23.421793906162,23.640393672624,23.177951071431,23.319650562905,54864937.023549
2003-05-08,23.319650562905,23.458617557298,23.074506539088,23.098448418272,51863230.15352
2003-05-09,23.242359931192,23.779230548108,23.231169705052,23.640393672624,65761498.30264
2003-05-12,23.458617557298,23.750344150397,23.38275823358,23.516520471629,60199972.989517
2003-05-13,23.361158494751,23.507802504752,23.231169705052,23.319650562905,49733256.132315
2003-05-14,23.4042278535,23.488805144095,22.922657772742,23.001119474633,50300928.706567
2003-05-15,23.186799157216,23.339558755922,22.941655133399,23.137484090854,50933869.388071
2003-05-16,23.219849360003,23.371307769622,22.797873739387,22.941655133399,67416776.11265
2003-05-19,22.787594345607,22.922657772742,22.200107473242,22.251894798868,61798089.066705
2003-05-20,22.310188069924,22.43119865493,21.981507706781,22.09653282199,58828734.877903
2003-05-21,22.09653282199,22.168358459542,21.425769848116,21.565647674869,121650029.33056
2003-05-22,21.70864835543,21.776960782449,21.574755998472,21.678200530815,104112943.30313
2003-05-23,21.70864835543,22.023145757535,21.565647674869,21.728946905173,85878789.014725
2003-05-27,21.756401994889,22.327754122586,21.728946905173,22.242916594174,76343168.646385
2003-05-28,22.231726368034,22.310188069924,21.799341234729,21.904607431793,102009791.86765
2003-05-29,21.958606778866,22.128151716782,21.740007012404,21.892896730019,84116687.837118
2003-05-30,22.188787128193,22.351826120679,21.993088289647,22.080137839505,95179442.455709
2003-06-02,22.413762721176,22.460215171549,22.048518944714,22.106421859044,73920113.018807
2003-06-03,22.210386867022,22.36197539555,22.048518944714,22.318775917892,68057014.272402
2003-06-04,22.423911996048,22.629629990557,22.200107473242,22.310188069924,93127038.57044
2003-06-05,21.958606778866,22.003237564518,21.54313710368,21.610018222705,129439262.63551
2003-06-06,21.927248121891,22.038239550934,21.222133756144,21.240870878984,135051742.07604
2003-06-09,21.280427027201,21.522708435029,21.168915122524,21.308012235826,82062928.140531
2003-06-10,21.479899314097,22.210386867022,21.397664163857,22.138300991653,89889100.773833
2003-06-11,22.128151716782,22.394505122702,21.915927776842,22.318775917892,84460272.425271
2003-06-12,22.403483327396,22.558845304274,22.200107473242,22.423911996048,73819481.426942
2003-06-13,22.608160370637,22.661248885349,21.970187361732,22.116571133916,61476911.377593
2003-06-16,22.220145785168,22.806591706264,22.128151716782,22.777445070736,78173312.872547
2003-06-17,23.001119474633,23.450940541691,22.914330162591,23.287901549205,136231933.47346
2003-06-18,23.308069980039,23.709747050912,23.074506539088,23.392647270634,100271576.08033
2003-06-19,23.412815701468,23.679819701932,23.339558755922,23.392647270634,70913146.74065
2003-06-20,23.632846775924,23.668239119066,23.339558755922,23.621526430876,96874265.157892
2003-06-23,23.450940541691,23.537990091549,22.872301755111,23.126163745805,58606908.160287
2003-06-24,23.009967560418,23.361158494751,22.933978117791,23.062925956222,57884068.403735
2003-06-25,23.001119474633,23.319650562905,22.558845304274,22.661248885349,67433406.764815
2003-06-26,22.661248885349,23.280354652505,22.619740953503,23.098448418272,57578176.636252
2003-06-27,23.280354652505,23.632846775924,22.914330162591,23.001119474633,84734689.266782
2003-06-30,23.270205377634,23.444824952986,22.880889603079,23.001119474633,54018978.04476
2003-07-01,22.959611542787,23.507802504752,22.777445070736,23.458617557298,67904833.357503
2003-07-02,23.779230548108,24.15956811797,23.730305838472,24.121703515565,104843680.48246
2003-07-03,23.950336912928,24.179996786621,23.698426705863,23.730305838472,43958835.201855
2003-07-07,24.236858749683,24.724414300237,24.179996786621,24.600801337059,99151038.797398
2003-07-08,24.461704223757,24.940411688526,24.450383878708,24.84841762014,68985134.783144
2003-07-09,24.84841762014,24.84841762014,24.450383878708,24.652718781594,69439142.406059
2003-07-10,24.630858804948,24.630858804948,23.858863320177,24.138228616958,61840233.190818
2003-07-11,24.179996786621,24.630858804948,24.130681720259,24.499568826162,56146897.374693
2003-07-14,24.787521970912,24.950560963398,24.279537751706,24.57920159823,67393754.23089
2003-07-15,24.652718781594,24.70164349123,24.30907474396,24.470422190634,59693671.257557
2003-07-16,24.733392504931,24.774900436777,24.402239882523,24.693966475623,55623641.2738
2003-07-17,24.349151367811,24.470422190634,23.813581939981,23.950336912928,81145248.089181
2003-07-18,24.317662591928,24.430085328966,23.998220671296,24.130681720259,70666008.37939
2003-07-21,24.112855429779,24.138228616958,23.330840789045,23.361158494751,53990573.283437
2003-07-22,23.579758261212,23.829846803557,23.444824952986,23.668239119066,57524058.949128
2003-07-23,23.698426705863,23.90804826763,23.450940541691,23.730305838472,55535608.516941
2003-07-24,24.029449209362,24.148508010738,23.308069980039,23.330840789045,59679663.581846
2003-07-25,23.579758261212,24.179996786621,23.392647270634,24.130681720259,60377444.178004
2003-07-28,24.16984751175,24.225278166817,23.779230548108,23.878120918651,58689899.958475
2003-07-29,24.121703515565,24.138228616958,23.537990091549,23.750344150397,69537464.448952
2003-07-30,23.741496064612,23.838564770434,23.478525750315,23.5266697465,45964211.509569
2003-07-31,23.866540335784,24.219032459203,23.611377156004,23.698426705863,68520176.985437
2003-08-01,23.621526430876,23.791982201152,23.444824952986,23.478525750315,47535140.918604
2003-08-04,23.458617557298,23.698426705863,23.098448418272,23.488805144095,57761834.060097
2003-08-05,23.611377156004,23.813581939981,22.96963069875,23.021418024376,65561886.945056
2003-08-06,22.922657772742,23.499084537875,22.817651813495,23.009967560418,62738229.046502
2003-08-07,23.080882365609,23.157912759505,22.827801088367,23.074506539088,49327989.648828
2003-08-08,23.219849360003,23.308069980039,22.880889603079,22.949202030098,37147110.980608
2003-08-11,22.949202030098,23.319650562905,22.922657772742,22.98082092489,40612165.770819
2003-08-12,23.074506539088,23.118616849106,22.827801088367,23.089730451395,42584416.117888
2003-08-13,23.137484090854,23.231169705052,22.880889603079,22.96963069875,44034147.235241
2003-08-14,23.021418024376,23.074506539088,22.901448390639,23.001119474633,41267681.145883
2003-08-15,22.98082092489,23.021418024376,22.817651813495,22.922657772742,30770195.36602
2003-08-18,22.933978117791,23.177951071431,22.840682860319,23.062925956222,51055488.748998
2003-08-19,23.062925956222,23.90804826763,23.062925956222,23.878120918651,81317326.900304
2003-08-20,23.601097762224,23.80343266511,23.330840789045,23.730305838472,63301377.500833
2003-08-21,23.90804826763,23.980134142999,23.444824952986,23.537990091549,71209425.940525
2003-08-22,24.029449209362,24.179996786621,23.516520471629,23.5266697465,73388574.834141
2003-08-25,23.611377156004,23.813581939981,23.5266697465,23.779230548108,40274104.154808
2003-08-26,23.611377156004,23.929778125368,23.287901549205,23.838564770434,52991978.286712
2003-08-27,23.791982201152,23.848844164214,23.601097762224,23.698426705863,34143870.215477
2003-08-28,23.779230548108,23.848844164214,23.537990091549,23.791982201152,51505417.857226
2003-08-29,23.741496064612,23.821389074497,23.640393672624,23.791982201152,38455070.774594
2003-09-02,23.961136782342,24.490720740377,23.750344150397,24.461704223757,82478047.01113
2003-09-03,24.600801337059,25.480014802523,24.567751134273,25.38776049632,122045383.27418
2003-09-04,25.210928899522,25.540780332843,25.109826507534,25.512804767493,67036813.357972
2003-09-05,25.33076841435,25.800757912242,25.268831813853,25.458545182603,71372903.700007
2003-09-08,25.469995646561,25.95143560841,25.424323909639,25.879219614133,51396934.748631
2003-09-09,25.709934914034,25.760551169482,25.39530739302,25.446964599737,49402861.617366
2003-09-10,25.151594677197,25.279111207633,24.661436748471,24.724414300237,61036164.269925
2003-09-11,24.815367417354,25.221078174394,24.748226060512,24.979577480017,42243426.804259
2003-09-12,24.661436748471,25.480014802523,23.961136782342,25.424323909639,62169878.962337
2003-09-15,25.446964599737,25.67102936036,25.415736061671,25.446964599737,46183275.949625
2003-09-16,25.491465266481,25.971604039244,25.405326548982,25.93087682085,58257472.134308
2003-09-17,25.93087682085,25.971604039244,25.540780332843,25.568365541468,52638455.039725
2003-09-18,25.558346385505,26.483231587891,25.502655492621,26.473212431928,74976685.767886
2003-09-19,26.697667549277,26.892325436554,26.490648365682,26.881135210414,103022816.40082
2003-09-22,26.371979921031,26.925505758249,25.849032027336,26.076349760674,73211306.26544
2003-09-23,26.128006967391,26.654988547253,25.908236130752,26.560392100695,64456049.88593
2003-09-24,26.560392100695,26.646010342559,25.502655492621,25.540780332843,74060305.33251
2003-09-25,25.540780332843,25.978890698126,25.318407118032,25.340917689221,62691588.50439
2003-09-26,25.340917689221,25.821186580894,25.251525999008,25.309559032247,55577517.570442
2003-09-29,25.491465266481,25.943758592802,25.210928899522,25.868940220353,52807782.654059
2003-09-30,25.651771761886,25.67102936036,24.902547086121,24.940411688526,70561983.697583
2003-10-01,25.151594677197,25.691067672286,24.950560963398,25.588664091211,65062297.785009
2003-10-02,25.531932247058,25.800757912242,25.29056167159,25.568365541468,42532479.759405
2003-10-03,26.157283721828,26.428841884093,25.964057142545,26.086499035545,63867834.356367
2003-10-06,26.147264565865,26.292347148963,25.943758592802,26.187601427534,37949201.192648
2003-10-07,26.029767191392,26.354153630552,25.95143560841,26.147264565865,58360247.855087
2003-10-08,26.34400435568,26.34400435568,25.730233463777,25.858660826573,52376574.506029
2003-10-09,26.218829965599,26.332944248449,25.841485130636,25.971604039244,69905008.826869
2003-10-10,25.943758592802,26.198921772582,25.719954069997,25.890930315907,41914096.834674
2003-10-13,26.001661507133,26.106667466379,25.568365541468,25.821186580894,43834881.755965
2003-10-14,25.709934914034,25.810777068205,25.549238061903,25.730233463777,39181657.41423
2003-10-15,25.588664091211,26.249538028031,25.588664091211,26.076349760674,64964540.069881
2003-10-16,25.943758592802,26.302626542743,25.841485130636,26.230410548466,47108910.410565
2003-10-17,26.270747410134,26.280896685006,25.841485130636,25.964057142545,55682455.624255
2003-10-20,25.971604039244,26.354153630552,25.841485130636,26.332944248449,43240851.98831
2003-10-21,26.332944248449,26.408673453259,26.167302877791,26.332944248449,49230444.842771
2003-10-22,26.051106692404,26.198921772582,25.841485130636,25.908236130752,54403946.932835
2003-10-23,25.769269136359,26.086499035545,25.210928899522,25.943758592802,74790218.57747
2003-10-24,24.470422190634,24.57920159823,23.698426705863,23.888270193522,235023372.80474
2003-10-27,23.878120918651,24.30907474396,23.878120918651,24.138228616958,73139200.531878
2003-10-28,24.30907474396,24.418634865008,24.121703515565,24.402239882523,79972024.912848
2003-10-29,24.372052295726,24.450383878708,23.919498731588,23.990413536779,81975870.491384
2003-10-30,24.225278166817,24.257027180517,23.249776708983,23.444824952986,110041248.42108
2003-10-31,23.658089844194,23.718725255606,23.433374489028,23.450940541691,77601773.901197
2003-11-03,23.640393672624,23.998220671296,23.59120872517,23.940187638057,64386399.334313
2003-11-04,23.858863320177,23.878120918651,23.339558755922,23.392647270634,93649838.776811
2003-11-05,23.458617557298,23.621526430876,23.330840789045,23.421793906162,68572280.346948
2003-11-06,23.559589830378,23.601097762224,23.330840789045,23.5266697465,76005486.15099
2003-11-07,23.668239119066,23.770382462323,23.349708030794,23.421793906162,64469459.200083
2003-11-10,23.444824952986,23.5266697465,23.330840789045,23.330840789045,60828686.357427
2003-11-11,23.339558755922,23.4042278535,23.03039622907,23.147633365725,72438015.765009
2003-11-12,23.186799157216,23.450940541691,22.98082092489,23.308069980039,84638960.123967
2003-11-13,23.196688194271,23.270205377634,22.827801088367,23.052906800259,87992512.295871
2003-11-14,23.062925956222,23.349708030794,22.827801088367,22.880889603079,92676330.642404
2003-11-17,22.777445070736,22.827801088367,22.288458212187,22.570165649323,115802400.92144
2003-11-18,22.72839024219,23.177951071431,22.539847943617,22.570165649323,119324249.40464
2003-11-19,22.69013528306,22.922657772742,22.580314924195,22.739580468331,87891320.333658
2003-11-20,22.580314924195,23.001119474633,22.496908703777,22.518378323697,119087041.78736
2003-11-21,22.72839024219,22.770028292945,22.496908703777,22.529828787655,78930855.224958
2003-11-24,22.72839024219,23.157912759505,22.681417316183,23.089730451395,111744255.85454
2003-11-25,23.089730451395,23.280354652505,22.770028292945,22.787594345607,95841752.716969
2003-11-26,22.787594345607,23.001119474633,22.719542156405,22.827801088367,77748528.404937
2003-11-28,22.880889603079,23.098448418272,22.797873739387,23.074506539088,37230424.121113
2003-12-01,23.242359931192,23.516520471629,22.880889603079,23.177951071431,113596089.10419
2003-12-02,23.280354652505,23.412815701468,22.990709961944,23.021418024376,94858719.869634
2003-12-03,23.157912759505,23.392647270634,22.990709961944,23.03039622907,103777702.53446
2003-12-04,23.080882365609,23.5266697465,23.021418024376,23.507802504752,97208224.514705
2003-12-05,23.287901549205,23.761664495446,23.260056102763,23.308069980039,107681448.15809
2003-12-08,23.444824952986,23.632846775924,23.157912759505,23.537990091549,100984558.70087
2003-12-09,23.718725255606,23.878120918651,23.549440555507,23.668239119066,115415934.54652
2003-12-10,23.730305838472,23.888270193522,23.668239119066,23.858863320177,92343807.036728
2003-12-11,23.858863320177,24.020731242485,23.579758261212,23.878120918651,88406720.16892
2003-12-12,23.950336912928,24.049747759104,23.779230548108,23.90804826763,77075594.851584
2003-12-15,24.268347525566,24.30907474396,23.940187638057,23.990413536779,99038696.415062
2003-12-16,24.071347497933,24.372052295726,24.020731242485,24.279537751706,82451491.946851
2003-12-17,24.279537751706,24.29879535018,24.091646047676,24.257027180517,59864464.699409
2003-12-18,24.30907474396,24.630858804948,24.268347525566,24.57920159823,68185505.293433
2003-12-19,24.661436748471,24.724414300237,24.402239882523,24.549794724885,85661334.452196
2003-12-22,24.372052295726,24.610690374113,24.201466406541,24.392090607652,48922515.796654
2003-12-23,24.383502759684,24.52871546169,24.225278166817,24.360731950678,44147911.913505
2003-12-24,24.349151367811,24.372052295726,24.225278166817,24.257027180517,22206320.498232
2003-12-26,24.268347525566,24.450383878708,24.225278166817,24.4109578494,13460097.320378
2003-12-29,24.4109578494,24.70164349123,24.372052295726,24.642309268905,45057537.828342
2003-12-30,24.590782181096,24.724414300237,24.57920159823,24.693966475623,38343596.649698
2003-12-31,24.600801337059,24.724414300237,24.430085328966,24.56150542666,47032273.43373
2004-01-02,24.748226060512,24.920243257692,24.518566186819,24.630858804948,49581955.347114
2004-01-05,24.891356859981,25.279111207633,24.869757121152,25.251525999008,75046066.423616
2004-01-06,25.29056167159,25.368763135664,25.191801419957,25.340917689221,52328554.408107
2004-01-07,25.268831813853,25.39530739302,25.131296127454,25.309559032247,60517479.777965
2004-01-08,25.469995646561,25.549238061903,25.121146852583,25.268831813853,65546337.459408
2004-01-09,25.151594677197,25.181782263994,24.748226060512,24.815367417354,74755629.95524
2004-01-12,24.826687762403,24.880947347292,24.540035806739,24.739638212544,62239949.000231
2004-01-13,24.713224074097,24.796630294514,24.461704223757,24.610690374113,57462722.932111
2004-01-14,24.683817200751,24.880947347292,24.652718781594,24.84841762014,48935548.364642
2004-01-15,24.724414300237,24.869757121152,24.600801337059,24.713224074097,65205158.189728
2004-01-16,24.891356859981,25.008724115545,24.70164349123,24.950560963398,71313046.174244
2004-01-20,25.109826507534,25.300580827553,25.062983700435,25.210928899522,70298711.735821
2004-01-21,25.241246605228,25.38776049632,24.990897825066,25.38776049632,59712102.534778
2004-01-22,25.446964599737,25.52425523145,25.071961905129,25.131296127454,87968614.241835
2004-01-23,25.359915049878,25.800757912242,25.318407118032,25.549238061903,141838208.47452
2004-01-26,25.558346385505,25.868940220353,25.405326548982,25.841485130636,64974990.818556
2004-01-27,25.661921036757,25.769269136359,25.318407118032,25.351197083001,70434637.953237
2004-01-28,25.368763135664,25.52425523145,24.652718781594,24.859737965189,79514318.687349
2004-01-29,24.931433483832,25.079769039645,24.739638212544,25.040212891428,71050158.873483
2004-01-30,24.990897825066,25.030453973283,24.724414300237,24.804177191214,45170780.918952
2004-02-02,24.787521970912,24.940411688526,24.441535792923,24.57920159823,70095378.822627
2004-02-03,24.600801337059,24.724414300237,24.392090607652,24.490720740377,53498275.269769
2004-02-04,24.360731950678,24.610690374113,24.225278166817,24.225278166817,67596624.126213
2004-02-05,24.279537751706,24.383502759684,24.071347497933,24.191187012761,61904346.523583
2004-02-06,24.225278166817,24.402239882523,24.15956811797,24.29879535018,52616957.555266
2004-02-09,24.392090607652,24.430085328966,24.091646047676,24.138228616958,53618806.340827
2004-02-10,24.102836273817,24.360731950678,24.062369293239,24.236858749683,42115396.42665
2004-02-11,24.179996786621,24.430085328966,24.091646047676,24.360731950678,57415879.770215
2004-02-12,24.30907474396,24.360731950678,24.15956811797,24.179996786621,49883493.955121
2004-02-13,24.210444611235,24.279537751706,23.779230548108,23.858863320177,75266887.16565
2004-02-17,23.961136782342,24.30907474396,23.858863320177,24.219032459203,48455716.216747
2004-02-18,24.148508010738,24.317662591928,23.990413536779,24.020731242485,56099979.02186
2004-02-19,24.138228616958,24.210444611235,23.709747050912,23.741496064612,68923770.272718
2004-02-20,23.90804826763,24.049747759104,23.779230548108,23.838564770434,64441825.34373
2004-02-23,23.998220671296,24.007979589441,23.761664495446,23.878120918651,56010598.36853
2004-02-24,23.866540335784,24.179996786621,23.821389074497,24.121703515565,61774019.260736
2004-02-25,24.130681720259,24.219032459203,23.878120918651,23.961136782342,71644517.898291
2004-02-26,23.888270193522,23.90804826763,23.698426705863,23.779230548108,74232525.819186
2004-02-27,23.761664495446,23.878120918651,23.640393672624,23.80343266511,64956975.070194
2004-03-01,23.90804826763,23.971155938305,23.779230548108,23.961136782342,57861656.755785
2004-03-02,23.888270193522,23.950336912928,23.640393672624,23.679819701932,73942008.61949
2004-03-03,23.640393672624,23.821389074497,23.5266697465,23.658089844194,61298216.555551
2004-03-04,23.658089844194,23.698426705863,23.516520471629,23.658089844194,49065562.200005
2004-03-05,23.5266697465,23.866540335784,23.507802504752,23.640393672624,66704991.006716
2004-03-08,23.611377156004,23.640393672624,23.157912759505,23.177951071431,77312510.411427
2004-03-09,23.118616849106,23.298050824076,22.922657772742,23.080882365609,90402735.6008
2004-03-10,23.021418024376,23.147633365725,22.739580468331,22.759618780256,83766385.928144
2004-03-11,22.608160370637,23.126163745805,22.487019666723,22.507188097557,100917041.1974
2004-03-12,22.507188097557,22.889737688864,22.507188097557,22.770028292945,71483342.564431
2004-03-15,22.72839024219,22.817651813495,22.478041462029,22.570165649323,76719743.851507
2004-03-16,22.670227090043,22.759618780256,22.518378323697,22.589293128888,72528958.015365
2004-03-17,22.661248885349,22.840682860319,22.529828787655,22.551558645392,62683329.373639
2004-03-18,22.460215171549,22.460215171549,22.048518944714,22.327754122586,137346544.91913
2004-03-19,22.288458212187,22.383314896562,22.038239550934,22.09653282199,96164637.63609
2004-03-22,22.010394104492,22.288458212187,21.54313710368,21.981507706781,142221519.99606
2004-03-23,22.09653282199,22.128151716782,21.628885464453,21.667010304675,102199326.05678
2004-03-24,21.861538073044,22.048518944714,21.697328010381,21.904607431793,108754520.96456
2004-03-25,22.072460823898,22.649798421391,22.048518944714,22.598141214674,95489824.309331
2004-03-26,22.529828787655,22.889737688864,22.43119865493,22.460215171549,68631353.512522
2004-03-29,22.649798421391,22.787594345607,22.43119865493,22.710433832803,56240733.288876
2004-03-30,22.598141214674,22.72839024219,22.460215171549,22.608160370637,65633626.221738
2004-03-31,22.598141214674,22.608160370637,22.310188069924,22.371994551513,77893954.007814
2004-04-01,22.394505122702,22.529828787655,22.299908676144,22.496908703777,70543951.328065
2004-04-02,22.852133324277,23.242359931192,22.827801088367,23.186799157216,98500066.537869
2004-04-05,23.147633365725,23.308069980039,23.089730451395,23.280354652505,59961719.031005
2004-04-06,23.108337455326,23.242359931192,23.021418024376,23.147633365725,54603550.375583
2004-04-07,23.089730451395,23.126163745805,22.739580468331,22.959611542787,70515705.654934
2004-04-08,23.147633365725,23.186799157216,22.748428554116,22.862152480239,50482063.672366
2004-04-12,22.862152480239,23.089730451395,22.817651813495,22.98082092489,43230009.45528
2004-04-13,23.04158645521,23.118616849106,22.797873739387,22.827801088367,63497052.810766
2004-04-14,22.787594345607,23.04158645521,22.770028292945,22.889737688864,68075696.449907
2004-04-15,22.949202030098,23.089730451395,22.518378323697,22.619740953503,82197935.445556
2004-04-16,22.719542156405,22.787594345607,22.529828787655,22.570165649323,57698115.677621
2004-04-19,22.487019666723,22.96963069875,22.478041462029,22.914330162591,49697307.741361
2004-04-20,23.001119474633,23.219849360003,22.681417316183,22.72839024219,66763940.700857
2004-04-21,22.759618780256,22.872301755111,22.608160370637,22.827801088367,54893298.253277
2004-04-22,22.901448390639,23.319650562905,22.852133324277,23.280354652505,110585414.72564
2004-04-23,24.57920159823,24.869757121152,24.52871546169,24.713224074097,287851521.91328
2004-04-26,24.642309268905,24.724414300237,24.30907474396,24.441535792923,99629872.09307
2004-04-27,24.360731950678,24.56150542666,24.33900209294,24.418634865008,89962070.807417
2004-04-28,24.268347525566,24.268347525566,23.750344150397,23.829846803557,81185559.92889
2004-04-29,23.791982201152,24.16984751175,23.611377156004,23.761664495446,86698921.094094
2004-04-30,23.858863320177,23.998220671296,23.287901549205,23.444824952986,73752170.500672
2004-05-03,23.516520471629,23.791982201152,23.499084537875,23.640393672624,73466341.257989
2004-05-04,23.6491116395,23.813581939981,23.349708030794,23.621526430876,61853052.849734
2004-05-05,23.570910175427,23.866540335784,23.549440555507,23.601097762224,57778999.755136
2004-05-06,23.469547545621,23.632846775924,23.349708030794,23.444824952986,69855859.281934
2004-05-07,23.349708030794,23.668239119066,23.098448418272,23.126163745805,76112134.600735
2004-05-10,23.001119474633,23.371307769622,22.990709961944,23.270205377634,72023351.205957
2004-05-11,23.421793906162,23.433374489028,23.137484090854,23.270205377634,64551247.943287
2004-05-12,23.208268777137,23.330840789045,22.817651813495,23.270205377634,71486885.244761
2004-05-13,23.165329537296,23.499084537875,23.137484090854,23.421793906162,71173542.451223
2004-05-14,23.308069980039,23.478525750315,23.001119474633,23.196688194271,48789273.499926
2004-05-17,22.862152480239,23.137484090854,22.806591706264,22.922657772742,61466378.314628
2004-05-18,23.052906800259,23.298050824076,23.001119474633,23.177951071431,64818654.615066
2004-05-19,23.361158494751,23.570910175427,22.990709961944,22.990709961944,66931212.832435
2004-05-20,23.089730451395,23.208268777137,22.959611542787,23.089730451395,58047230.361283
2004-05-21,23.270205377634,23.507802504752,23.126163745805,23.231169705052,64430718.455197
2004-05-24,23.361158494751,23.478525750315,23.089730451395,23.108337455326,62693821.27946
2004-05-25,23.062925956222,23.499084537875,22.96963069875,23.421793906162,74241853.452718
2004-05-26,23.319650562905,23.458617557298,23.186799157216,23.450940541691,56069065.257712
2004-05-27,23.469547545621,23.499084537875,23.260056102763,23.499084537875,54690390.366745
2004-05-28,23.450940541691,23.640393672624,23.349708030794,23.5266697465,41675960.80721
2004-06-01,23.5266697465,23.570910175427,23.208268777137,23.433374489028,53909720.865262
2004-06-02,23.433374489028,23.579758261212,23.339558755922,23.444824952986,60207386.024361
2004-06-03,23.361158494751,23.444824952986,23.196688194271,23.231169705052,51194224.732983
2004-06-04,23.361158494751,23.537990091549,23.270205377634,23.280354652505,54410510.705842
2004-06-07,23.349708030794,23.709747050912,23.298050824076,23.709747050912,72694285.471884
2004-06-08,23.59120872517,23.90804826763,23.537990091549,23.866540335784,65142224.958924
2004-06-09,23.866540335784,23.90804826763,23.688277430991,23.750344150397,56156727.600274
2004-06-10,23.668239119066,24.038297295147,23.668239119066,24.020731242485,53619784.614484
2004-06-14,23.829846803557,24.138228616958,23.80343266511,24.138228616958,75072685.59807
2004-06-15,24.210444611235,24.754732005943,24.201466406541,24.590782181096,127262017.25982
2004-06-16,24.52871546169,24.671455904433,24.360731950678,24.509587982125,75154656.382488
2004-06-17,24.499568826162,25.050232047391,24.490720740377,24.920243257692,117503151.83535
2004-06-18,24.891356859981,25.568365541468,24.84841762014,25.435904492505,149597485.71041
2004-06-21,25.33076841435,25.709934914034,25.232398519442,25.435904492505,130269866.04212
2004-06-22,25.260243965885,25.435904492505,24.950560963398,25.379042529444,110263711.49145
2004-06-23,25.279111207633,25.458545182603,25.121146852583,25.38776049632,65345256.316889
2004-06-24,25.558346385505,25.709934914034,25.446964599737,25.469995646561,73006633.37061
2004-06-25,25.540780332843,25.691067672286,25.351197083001,25.631603331052,79526619.133058
2004-06-28,25.661921036757,25.800757912242,25.268831813853,25.368763135664,85895894.557023
2004-06-29,25.29056167159,25.641752605923,25.279111207633,25.568365541468,61829516.503672
2004-06-30,25.661921036757,25.841485130636,25.469995646561,25.622755245266,93143400.118195
2004-07-01,25.730233463777,25.879219614133,25.359915049878,25.691067672286,88012372.200881
2004-07-02,25.67102936036,25.730233463777,25.480014802523,25.631603331052,40892576.517181
2004-07-06,25.405326548982,25.415736061671,25.071961905129,25.141315283417,77084009.904598
2004-07-07,24.84841762014,25.405326548982,24.724414300237,25.210928899522,73863576.557984
2004-07-08,25.008724115545,25.260243965885,24.724414300237,24.796630294514,65897393.652197
2004-07-09,24.931433483832,25.121146852583,24.796630294514,24.998444721765,56009172.115189
2004-07-12,24.835535848188,25.121146852583,24.748226060512,25.020304698411,51007286.60986
2004-07-13,25.040212891428,25.079769039645,24.754732005943,24.754732005943,48245238.581628
2004-07-14,24.57920159823,25.446964599737,24.52871546169,25.241246605228,97696978.265066
2004-07-15,25.174365486203,25.300580827553,24.940411688526,25.008724115545,52115502.077028
2004-07-16,25.268831813853,25.300580827553,24.450383878708,24.661436748471,74012387.335965
2004-07-19,24.774900436777,25.359915049878,24.754732005943,25.079769039645,67272353.319421
2004-07-20,25.131296127454,25.549238061903,24.990897825066,25.405326548982,99033330.156641
2004-07-21,26.818027539739,26.818027539739,25.849032027336,25.890930315907,224594014.76216
2004-07-22,26.06737155598,26.292347148963,25.868940220353,26.020919105607,139019485.47585
2004-07-23,25.469995646561,25.480014802523,25.141315283417,25.151594677197,108724184.9834
2004-07-26,25.446964599737,25.760551169482,25.300580827553,25.709934914034,80680165.237069
2004-07-27,25.760551169482,25.800757912242,25.241246605228,25.52425523145,81329666.920192
2004-07-28,25.435904492505,25.831335855765,25.368763135664,25.641752605923,69907039.773636
2004-07-29,25.821186580894,25.841485130636,25.351197083001,25.549238061903,67037740.185199
2004-07-30,25.52425523145,25.849032027336,25.415736061671,25.558346385505,66374090.733785
2004-08-02,25.379042529444,25.622755245266,25.268831813853,25.588664091211,58253665.889958
2004-08-03,25.469995646561,25.502655492621,25.121146852583,25.191801419957,60177349.223978
2004-08-04,25.121146852583,25.300580827553,25.109826507534,25.181782263994,51512085.314575
2004-08-05,25.251525999008,25.309559032247,24.693966475623,24.70164349123,61969111.247301
2004-08-06,24.57920159823,24.998444721765,24.279537751706,24.349151367811,84290811.841695
2004-08-09,24.450383878708,24.479270276419,24.30907474396,24.392090607652,57819512.631671
2004-08-10,24.490720740377,24.902547086121,24.450383878708,24.869757121152,64235846.501058
2004-08-11,24.567751134273,24.683817200751,24.402239882523,24.590782181096,59179570.246784
2004-08-12,24.441535792923,24.499568826162,24.102836273817,24.121703515565,56038716.612811
2004-08-13,24.121703515565,24.450383878708,23.280354652505,24.236858749683,48296545.710697
2004-08-16,24.29879535018,24.402239882523,24.191187012761,24.30907474396,60576833.128714
2004-08-17,24.418634865008,24.567751134273,24.210444611235,24.268347525566,63388776.279376
2004-08-18,24.138228616958,24.671455904433,24.130681720259,24.642309268905,65589573.830808
2004-08-19,24.52871546169,24.630858804948,24.225278166817,24.328852818069,51595359.672385
2004-08-20,24.328852818069,24.56150542666,24.257027180517,24.402239882523,51820492.416752
2004-08-23,24.479270276419,24.518566186819,24.328852818069,24.441535792923,44104921.693487
2004-08-24,24.57920159823,24.642309268905,24.30907474396,24.441535792923,45512695.476842
2004-08-25,24.4109578494,24.826687762403,24.392090607652,24.724414300237,59642592.867232
2004-08-26,24.642309268905,24.754732005943,24.57920159823,24.622010719162,39543351.145812
2004-08-27,24.661436748471,24.804177191214,24.630858804948,24.642309268905,37057004.536871
2004-08-30,24.642309268905,24.642309268905,24.091646047676,24.490720740377,40880906.092367
2004-08-31,24.490720740377,24.509587982125,24.268347525566,24.490720740377,58135191.093141
2004-09-01,24.441535792923,24.693966475623,24.349151367811,24.57920159823,54063486.330211
2004-09-02,24.567751134273,24.835535848188,24.540035806739,24.774900436777,47001338.299525
2004-09-03,24.630858804948,24.774900436777,24.30907474396,24.317662591928,51463596.658397
2004-09-07,24.490720740377,24.567751134273,24.372052295726,24.549794724885,50038855.84237
2004-09-08,24.499568826162,24.652718781594,24.349151367811,24.461704223757,59557545.58629
2004-09-09,24.490720740377,24.652718781594,24.392090607652,24.479270276419,63422601.119989
2004-09-10,24.518566186819,24.683817200751,24.392090607652,24.661436748471,58779260.824715
2004-09-13,24.713224074097,24.739638212544,23.990413536779,24.450383878708,54352809.181244
2004-09-14,24.549794724885,24.683817200751,24.470422190634,24.622010719162,62341209.821512
2004-09-15,24.56150542666,24.57920159823,24.349151367811,24.402239882523,58721438.203136
2004-09-16,24.418634865008,24.540035806739,24.383502759684,24.461704223757,40069405.932507
2004-09-17,24.57920159823,24.70164349123,24.461704223757,24.683817200751,73183433.381056
2004-09-20,24.610690374113,24.804177191214,24.518566186819,24.683817200751,57425060.979291
2004-09-21,24.642309268905,24.70164349123,24.450383878708,24.461704223757,82352164.719861
2004-09-22,24.479270276419,24.891356859981,24.287214767314,24.328852818069,76244901.215855
2004-09-23,24.402239882523,24.57920159823,24.383502759684,24.540035806739,58132057.609801
2004-09-24,24.57920159823,24.642309268905,24.402239882523,24.490720740377,55595548.356992
2004-09-27,24.392090607652,24.509587982125,24.33900209294,24.402239882523,53432434.128437
2004-09-28,24.4109578494,24.549794724885,24.257027180517,24.470422190634,69164720.815653
2004-09-29,24.470422190634,24.835535848188,24.430085328966,24.748226060512,68586120.228148
2004-09-30,24.748226060512,24.931433483832,24.693966475623,24.804177191214,79409697.226951
2004-10-01,24.950560963398,25.405326548982,24.931433483832,25.351197083001,73898590.206874
2004-10-04,25.502655492621,25.540780332843,25.191801419957,25.232398519442,69166689.235221
2004-10-05,25.260243965885,25.531932247058,25.210928899522,25.458545182603,64662985.632202
2004-10-06,25.469995646561,25.622755245266,25.33076841435,25.598813366082,63532183.599223
2004-10-07,25.578644935248,25.651771761886,25.268831813853,25.268831813853,42810002.382324
2004-10-08,25.221078174394,25.415736061671,25.098376043576,25.109826507534,55237360.897497
2004-10-11,25.300580827553,25.318407118032,25.062983700435,25.181782263994,49812903.121056
2004-10-12,24.970989632049,25.268831813853,24.950560963398,25.151594677197,62882857.625451
2004-10-13,25.29056167159,25.359915049878,25.071961905129,25.151594677197,55172670.573232
2004-10-14,25.181782263994,25.268831813853,24.940411688526,24.940411688526,46290931.166437
2004-10-15,25.088356887613,25.340917689221,24.960970476086,25.109826507534,55541865.985817
2004-10-18,25.181782263994,25.531932247058,25.098376043576,25.491465266481,56279227.090898
2004-10-19,25.610393948949,25.651771761886,25.268831813853,25.279111207633,63566340.071439
2004-10-20,25.318407118032,25.800757912242,25.232398519442,25.748970586616,77036692.644056
2004-10-21,25.858660826573,25.919426356893,25.540780332843,25.622755245266,106057366.67186
2004-10-22,25.38776049632,25.424323909639,24.748226060512,24.891356859981,113761080.97168
2004-10-25,24.835535848188,24.920243257692,24.724414300237,24.787521970912,68619302.384125
2004-10-26,24.84841762014,25.030453973283,24.787521970912,25.030453973283,85842382.354811
2004-10-27,25.008724115545,25.435904492505,24.748226060512,25.260243965885,80726873.846771
2004-10-28,25.221078174394,25.610393948949,25.030453973283,25.131296127454,70310482.679044
2004-10-29,25.221078174394,25.260243965885,24.600801337059,25.098376043576,89290349.015365
2004-11-01,25.260243965885,25.368763135664,25.088356887613,25.191801419957,81295369.563899
2004-11-02,25.191801419957,25.540780332843,25.151594677197,25.340917689221,99672751.505384
2004-11-03,25.709934914034,25.709934914034,25.39530739302,25.540780332843,88846706.66091
2004-11-04,25.469995646561,26.020919105607,25.458545182603,26.020919105607,97937418.301128
2004-11-05,26.157283721828,26.34400435568,26.051106692404,26.302626542743,106284414.01492
2004-11-08,26.176150963576,26.451742812008,26.136855053176,26.270747410134,126356974.03468
2004-11-09,26.408673453259,26.818027539739,26.332944248449,26.709248132143,111950070.06864
2004-11-10,26.839367040751,26.925505758249,26.638203208043,26.66656913012,93754882.889417
2004-11-11,26.818027539739,26.979765343139,26.759734268683,26.902734949243,97377740.50212
2004-11-12,27.059267996298,27.098563906698,26.739826075666,26.892325436554,180887185.54534
2004-11-15,27.349693400311,27.498809669576,27.200967487773,27.391591688883,104715954.03453
2004-11-16,27.31989617024,27.338503174171,27.049378959244,27.120033526618,64534794.583434
2004-11-17,27.248981365049,27.361273983178,27.059267996298,27.170519663158,59084395.14245
2004-11-18,27.129922563673,27.170519663158,26.998502465979,27.06941727117,65269129.055455
2004-11-19,27.039229684373,27.06941727117,26.839367040751,26.858494520316,85859768.873759
2004-11-22,26.759734268683,26.818027539739,24.859737965189,26.646010342559,92498287.211324
2004-11-23,26.520835952479,26.697667549277,26.397222989301,26.531115346259,70279823.772596
2004-11-24,26.619986560838,26.7282454928,26.397222989301,26.638203208043,60069227.031878
2004-11-26,26.570151018841,26.818027539739,26.552975322905,26.596955514014,24407695.041166
2004-11-29,26.638203208043,26.953090966874,26.60853609688,26.769883543554,67081156.223363
2004-11-30,26.74880428036,27.008781859759,26.697667549277,26.809309572863,76060384.240883
2004-12-01,26.953090966874,27.281511092201,26.809309572863,27.248981365049,100899044.44463
2004-12-02,27.271361817329,27.401610844846,26.925505758249,27.088284512918,96126832.424744
2004-12-03,27.159199318109,27.442077825423,27.13759957928,27.228682815306,76815518.108881
2004-12-06,27.098563906698,27.442077825423,27.06941727117,27.329785207294,55315810.371642
2004-12-07,27.260301710098,27.383003840915,26.998502465979,27.06941727117,131428335.96525
2004-12-08,27.008781859759,27.361273983178,26.913925175383,27.361273983178,95654991.886165
2004-12-09,27.120033526618,27.361273983178,26.942941692003,27.228682815306,83005957.826729
2004-12-10,27.228682815306,27.228682815306,27.039229684373,27.08060749731,70949535.987935
2004-12-13,27.098563906698,27.281511092201,26.913925175383,27.248981365049,93838902.033245
2004-12-14,27.049378959244,27.329785207294,27.039229684373,27.228682815306,127852095.94163
2004-12-15,27.218273302617,27.401610844846,27.06941727117,27.111315559742,106348915.17461
2004-12-16,27.13759957928,27.281511092201,27.008781859759,27.159199318109,89295553.019643
2004-12-17,26.925505758249,27.31989617024,26.801762676163,26.962069171568,127792266.11779
2004-12-20,26.972478684257,27.148919924329,26.892325436554,26.953090966874,85552841.845803
2004-12-21,26.988483310016,27.170519663158,26.942941692003,27.06941727117,94682896.549882
2004-12-22,26.826745506616,27.148919924329,26.781073769695,26.972478684257,63790455.759455
2004-12-23,26.858494520316,27.148919924329,26.826745506616,27.008781859759,65802489.235234
2004-12-27,27.020102204807,27.098563906698,26.818027539739,26.848085007628,55967808.393847
2004-12-28,26.801762676163,27.028950290593,26.801762676163,26.953090966874,55078651.034868
2004-12-29,26.839367040751,26.998502465979,26.818027539739,26.902734949243,47635838.995088
2004-12-30,26.892325436554,26.942941692003,26.74880428036,26.759734268683,48355391.720494
2004-12-31,26.74880428036,26.902734949243,26.676588286082,26.7206985961,54964527.814559
2005-01-03,26.801762676163,26.953090966874,26.646010342559,26.739826075666,65428631.984593
2005-01-04,26.739826075666,27.098563906698,26.654988547253,26.839367040751,109556863.65985
2005-01-05,26.818027539739,27.098563906698,26.759734268683,26.781073769695,72483494.409282
2005-01-06,26.826745506616,27.059267996298,26.638203208043,26.74880428036,76890473.974675
2005-01-07,26.839367040751,26.892325436554,26.619986560838,26.66656913012,68876696.789112
2005-01-10,26.552975322905,26.858494520316,26.540223669861,26.801762676163,71034367.193871
2005-01-11,26.638203208043,26.818027539739,26.60853609688,26.7282454928,65711476.542843
2005-01-12,26.739826075666,26.848085007628,26.619986560838,26.781073769695,72975009.645727
2005-01-13,26.697667549277,26.801762676163,26.157283721828,26.270747410134,89919006.187955
2005-01-14,26.382259314811,26.451742812008,26.039656228446,26.116946860159,92234503.951188
2005-01-18,26.011940900913,26.354153630552,25.841485130636,26.324226281572,69303782.890859
2005-01-19,26.198921772582,26.25994754072,25.919426356893,25.978890698126,58115457.03401
2005-01-20,25.831335855765,26.097819380594,25.738040598293,25.858660826573,58388237.879034
2005-01-21,25.93087682085,26.128006967391,25.641752605923,25.651771761886,76546951.913713
2005-01-24,25.738040598293,26.001661507133,25.641752605923,25.67102936036,69013295.767536
2005-01-25,25.748970586616,26.187601427534,25.748970586616,26.020919105607,67588152.877872
2005-01-26,26.06737155598,26.167302877791,25.898607331515,26.011940900913,64982493.291043
2005-01-27,25.943758592802,26.157283721828,25.849032027336,26.106667466379,93744903.86494
2005-01-28,26.51224810451,26.646010342559,25.964057142545,26.176150963576,110495607.46267
2005-01-31,26.382259314811,26.520835952479,26.157283721828,26.280896685006,71707423.427172
2005-02-01,26.25994754072,26.428841884093,26.218829965599,26.389936330419,58027320.592807
2005-02-02,26.389936330419,26.502228948548,26.280896685006,26.462933038148,79651000.771538
2005-02-03,26.34400435568,26.397222989301,26.097819380594,26.176150963576,62652597.650705
2005-02-04,26.167302877791,26.371979921031,26.136855053176,26.324226281572,61247785.598761
2005-02-07,26.249538028031,26.302626542743,26.058523470194,26.157283721828,57806004.382076
2005-02-08,26.198921772582,26.34400435568,26.157283721828,26.240559823337,61419361.026352
2005-02-09,26.240559823337,26.313816768883,26.039656228446,26.06737155598,79585351.960713
2005-02-10,26.06737155598,26.128006967391,26.001661507133,26.058523470194,71888830.663309
2005-02-11,26.020919105607,26.116946860159,25.810777068205,25.971604039244,83880764.797627
2005-02-14,25.919426356893,26.116946860159,25.908236130752,26.011940900913,58932829.210262
2005-02-15,26.001661507133,26.076349760674,25.858660826573,25.93087682085,76602185.59263
2005-02-16,25.858660826573,25.93087682085,25.67102936036,25.790868875188,57485988.590801
2005-02-17,25.699655520254,25.858660826573,25.598813366082,25.651771761886,67017784.510678
2005-02-18,25.651771761886,25.651771761886,25.39530739302,25.480014802523,77091119.801244
2005-02-22,25.480014802523,25.491465266481,25.20182057592,25.232398519442,96419162.121742
2005-02-23,25.251525999008,25.351197083001,25.174365486203,25.20182057592,83681463.701596
2005-02-24,25.181782263994,25.435904492505,25.151594677197,25.368763135664,85420592.069432
2005-02-25,25.33076841435,25.379042529444,25.151594677197,25.251525999008,62477897.446095
2005-02-28,25.221078174394,25.368763135664,25.131296127454,25.16161383316,82781568.285413
2005-03-01,25.191801419957,25.405326548982,25.131296127454,25.279111207633,56509299.484044
2005-03-02,25.191801419957,25.480014802523,25.16161383316,25.260243965885,67738974.815531
2005-03-03,25.29056167159,25.309559032247,25.141315283417,25.174365486203,52183538.793706
2005-03-04,25.221078174394,25.300580827553,25.131296127454,25.174365486203,62954736.99472
2005-03-07,25.174365486203,25.790868875188,25.16161383316,25.469995646561,80419103.888835
2005-03-08,25.368763135664,25.622755245266,25.340917689221,25.39530739302,52871044.350533
2005-03-09,25.359915049878,25.568365541468,25.279111207633,25.309559032247,62949614.513242
2005-03-10,25.446964599737,25.480014802523,25.251525999008,25.424323909639,59005268.949877
2005-03-11,25.424323909639,25.480014802523,25.062983700435,25.088356887613,60509024.359295
2005-03-14,25.040212891428,25.151594677197,24.960970476086,25.109826507534,65541116.042487
2005-03-15,25.079769039645,25.241246605228,24.891356859981,24.911525290815,71471528.089613
2005-03-16,24.763710210636,24.970989632049,24.56150542666,24.630858804948,74976473.650296
2005-03-17,24.622010719162,24.683817200751,24.52871546169,24.540035806739,60597341.258748
2005-03-18,24.490720740377,24.911525290815,24.279537751706,24.30907474396,147161249.50743
2005-03-21,24.33900209294,24.360731950678,24.148508010738,24.201466406541,71609825.591717
2005-03-22,24.179996786621,24.268347525566,23.961136782342,23.990413536779,102304301.31033
2005-03-23,23.971155938305,24.392090607652,23.961136782342,24.179996786621,79368297.097357
2005-03-24,24.246747786737,24.470422190634,24.201466406541,24.279537751706,79010692.169758
2005-03-28,24.402239882523,24.470422190634,24.179996786621,24.201466406541,49598122.189924
2005-03-29,24.148508010738,24.236858749683,23.821389074497,23.919498731588,74160401.09002
2005-03-30,24.020731242485,24.191187012761,23.998220671296,24.15956811797,59481276.649302
2005-03-31,24.268347525566,24.30907474396,24.121703515565,24.16984751175,62382642.401923
2005-04-01,24.225278166817,24.349151367811,24.102836273817,24.121703515565,64328028.214639
2005-04-04,24.102836273817,24.257027180517,23.940187638057,24.225278166817,62196318.470028
2005-04-05,24.210444611235,24.499568826162,24.121703515565,24.470422190634,73634336.805523
2005-04-06,24.470422190634,24.940411688526,24.450383878708,24.671455904433,78117833.04225
2005-04-07,24.630858804948,25.131296127454,24.630858804948,25.098376043576,77545847.67418
2005-04-08,25.071961905129,25.251525999008,24.911525290815,24.940411688526,47956390.620719
2005-04-11,25.020304698411,25.109826507534,24.859737965189,24.970989632049,48197870.666144
2005-04-12,24.911525290815,25.351197083001,24.796630294514,25.318407118032,67711553.076766
2005-04-13,25.210928899522,25.446964599737,24.990897825066,25.040212891428,60949741.390588
2005-04-14,24.998444721765,25.141315283417,24.826687762403,24.835535848188,67397262.877427
2005-04-15,24.549794724885,24.902547086121,24.4109578494,24.461704223757,100576256.08651
2005-04-18,24.418634865008,24.835535848188,24.402239882523,24.652718781594,75767799.686178
2005-04-19,24.713224074097,24.796630294514,24.450383878708,24.630858804948,66185036.975156
2005-04-20,24.652718781594,24.70164349123,24.29879535018,24.317662591928,92481871.051199
2005-04-21,24.479270276419,25.38776049632,24.470422190634,25.279111207633,93923058.10372
2005-04-22,25.050232047391,25.251525999008,24.774900436777,24.979577480017,80116991.455265
2005-04-25,25.050232047391,25.279111207633,24.859737965189,24.990897825066,75531648.699436
2005-04-26,24.920243257692,25.251525999008,24.739638212544,24.754732005943,60940875.19196
2005-04-27,24.642309268905,25.151594677197,24.630858804948,24.990897825066,47782464.487012
2005-04-28,24.804177191214,24.920243257692,24.441535792923,24.450383878708,84193335.103236
2005-04-29,24.84841762014,25.300580827553,24.787521970912,25.300580827553,98682098.254507
2005-05-02,25.251525999008,25.359915049878,24.950560963398,25.232398519442,54398729.473331
2005-05-03,25.109826507534,25.39530739302,25.088356887613,25.359915049878,68171351.193267
2005-05-04,25.368763135664,25.39530739302,25.109826507534,25.210928899522,86890911.256656
2005-05-05,25.174365486203,25.33076841435,25.079769039645,25.232398519442,59376439.905381
2005-05-06,25.300580827553,25.480014802523,25.191801419957,25.221078174394,64333560.684593
2005-05-09,25.221078174394,25.33076841435,25.050232047391,25.109826507534,61870564.423081
2005-05-10,25.050232047391,25.079769039645,24.815367417354,24.902547086121,62614273.226161
2005-05-11,24.891356859981,24.970989632049,24.642309268905,24.911525290815,59532825.180851
2005-05-12,24.826687762403,25.109826507534,24.826687762403,24.998444721765,74569647.152751
2005-05-13,25.020304698411,25.379042529444,24.990897825066,25.300580827553,77422127.715942
2005-05-16,25.20182057592,25.502655492621,24.30907474396,25.491465266481,50586501.508583
2005-05-17,25.300580827553,25.502655492621,25.251525999008,25.458545182603,40111421.044803
2005-05-18,25.502655492621,25.841485130636,25.415736061671,25.699655520254,71183245.247953
2005-05-19,25.730233463777,26.051106692404,25.699655520254,25.919426356893,52184972.961881
2005-05-20,25.898607331515,25.919426356893,25.730233463777,25.738040598293,64487975.957527
2005-05-23,25.738040598293,26.06737155598,25.738040598293,25.849032027336,75535864.932259
2005-05-24,25.778247341053,25.879219614133,25.719954069997,25.748970586616,61455888.783257
2005-05-25,25.67102936036,25.769269136359,25.502655492621,25.709934914034,36949103.168679
2005-05-26,25.738040598293,26.001661507133,25.730233463777,25.898607331515,50579111.42676
2005-05-27,25.821186580894,26.086499035545,25.810777068205,26.06737155598,54978855.24962
2005-05-31,25.971604039244,26.029767191392,25.748970586616,25.800757912242,46131089.482343
2005-06-01,25.699655520254,26.001661507133,25.610393948949,25.810777068205,54939770.209394
2005-06-02,25.709934914034,25.858660826573,25.641752605923,25.790868875188,27235348.348637
2005-06-03,25.691067672286,25.810777068205,25.340917689221,25.424323909639,79672305.925498
2005-06-06,25.379042529444,25.502655492621,25.309559032247,25.368763135664,40770787.778777
2005-06-07,25.318407118032,25.831335855765,25.309559032247,25.512804767493,54578226.068201
2005-06-08,25.531932247058,25.622755245266,25.340917689221,25.39530739302,45753059.530473
2005-06-09,25.359915049878,25.610393948949,25.351197083001,25.512804767493,56263609.537665
2005-06-10,25.469995646561,25.52425523145,25.340917689221,25.424323909639,39486399.947611
2005-06-13,25.351197083001,25.491465266481,25.260243965885,25.309559032247,49105652.424329
2005-06-14,25.279111207633,25.435904492505,25.241246605228,25.359915049878,45404914.414148
2005-06-15,25.39530739302,25.405326548982,25.109826507534,25.260243965885,50764847.286385
2005-06-16,25.20182057592,25.232398519442,24.950560963398,25.040212891428,66813160.687829
2005-06-17,25.279111207633,25.29056167159,24.920243257692,25.040212891428,91193505.223746
2005-06-20,24.990897825066,25.279111207633,24.931433483832,25.109826507534,50749690.376573
2005-06-21,25.071961905129,25.191801419957,25.040212891428,25.151594677197,81085256.011207
2005-06-22,25.109826507534,25.260243965885,25.030453973283,25.071961905129,60794957.286323
2005-06-23,25.191801419957,25.622755245266,25.151594677197,25.309559032247,105249024.53134
2005-06-24,25.221078174394,25.39530739302,25.030453973283,25.040212891428,58969897.550426
2005-06-27,25.040212891428,25.251525999008,25.030453973283,25.050232047391,61896434.854105
2005-06-28,25.098376043576,25.20182057592,25.030453973283,25.071961905129,53074389.927463
2005-06-29,25.20182057592,25.318407118032,24.998444721765,25.088356887613,56314264.484296
2005-06-30,25.050232047391,25.141315283417,24.815367417354,24.835535848188,81825695.987278
2005-07-01,24.84841762014,24.990897825066,24.671455904433,24.713224074097,69782480.051354
2005-07-05,24.652718781594,25.191801419957,24.622010719162,24.979577480017,61884392.432027
2005-07-06,24.979577480017,25.079769039645,24.693966475623,24.70164349123,64462008.965511
2005-07-07,24.567751134273,24.713224074097,24.499568826162,24.652718781594,80769626.621725
2005-07-08,24.630858804948,25.121146852583,24.630858804948,25.088356887613,56120920.093391
2005-07-11,25.151594677197,25.379042529444,25.109826507534,25.29056167159,61529399.400105
2005-07-12,25.221078174394,25.622755245266,25.20182057592,25.610393948949,63487132.356063
2005-07-13,25.491465266481,25.748970586616,25.480014802523,25.661921036757,44942676.945373
2005-07-14,25.800757912242,26.097819380594,25.790868875188,25.971604039244,69506711.355962
2005-07-15,26.039656228446,26.097819380594,25.748970586616,25.790868875188,56480320.10567
2005-07-18,25.709934914034,25.790868875188,25.549238061903,25.549238061903,39672342.38444
2005-07-19,25.800757912242,26.249538028031,25.748970586616,26.157283721828,113462512.00992
2005-07-20,26.001661507133,26.230410548466,25.879219614133,26.187601427534,72150038.435996
2005-07-21,26.292347148963,26.483231587891,26.187601427534,26.439121277873,114059381.62052
2005-07-22,26.001661507133,26.34400435568,25.631603331052,25.683390656678,99879296.258791
2005-07-25,25.699655520254,25.898607331515,25.651771761886,25.691067672286,45198045.152494
2005-07-26,25.709934914034,25.738040598293,25.531932247058,25.540780332843,51975593.114434
2005-07-27,25.622755245266,25.800757912242,25.531932247058,25.719954069997,58104039.88393
2005-07-28,25.738040598293,25.849032027336,25.661921036757,25.748970586616,45031138.686311
2005-07-29,25.769269136359,26.001661507133,25.588664091211,25.610393948949,60045640.030869
2005-08-01,25.821186580894,26.051106692404,25.760551169482,25.919426356893,61353271.359186
2005-08-02,25.919426356893,26.902734949243,25.868940220353,26.809309572863,137532896.55296
2005-08-03,26.74880428036,27.430757480374,26.7282454928,27.248981365049,140161729.98638
2005-08-04,27.13759957928,27.498809669576,27.049378959244,27.31989617024,92053152.910386
2005-08-05,27.260301710098,27.937310391585,27.248981365049,27.760478794787,82254290.656651
2005-08-08,27.801986726633,27.84154287485,27.08060749731,27.129922563673,77271312.901631
2005-08-09,27.218273302617,27.50778787427,27.008781859759,27.349693400311,65256852.354248
2005-08-10,27.430757480374,27.498809669576,26.848085007628,26.953090966874,64552716.936739
2005-08-11,26.988483310016,27.298166312503,26.892325436554,27.271361817329,48929736.500998
2005-08-12,27.06941727117,27.13759957928,26.902734949243,27.049378959244,53869594.232695
2005-08-15,26.998502465979,27.298166312503,26.686737560954,27.129922563673,45934798.398214
2005-08-16,27.039229684373,27.13759957928,26.697667549277,26.739826075666,47099089.682787
2005-08-17,26.826745506616,27.148919924329,26.654988547253,26.953090966874,52588700.801364
2005-08-18,26.848085007628,27.08060749731,26.801762676163,26.818027539739,40866592.112526
2005-08-19,26.858494520316,26.913925175383,26.697667549277,26.7206985961,36056323.189532
2005-08-22,26.801762676163,27.170519663158,26.769883543554,26.913925175383,41707840.181279
2005-08-23,26.826745506616,27.06941727117,26.739826075666,26.869944984274,48311063.101808
2005-08-24,26.839367040751,27.159199318109,26.781073769695,26.809309572863,63643098.936739
2005-08-25,26.869944984274,27.088284512918,26.848085007628,27.028950290593,39306398.386243
2005-08-26,27.008781859759,27.08060749731,26.869944984274,26.972478684257,36774326.981648
2005-08-29,26.809309572863,27.228682815306,26.809309572863,27.148919924329,52285227.807583
2005-08-30,27.039229684373,27.228682815306,26.962069171568,27.182100246024,55162678.093525
2005-08-31,27.190818212901,27.442077825423,27.039229684373,27.383003840915,65209989.405263
2005-09-01,27.349693400311,27.391591688883,27.148919924329,27.200967487773,75885705.406329
2005-09-02,27.159199318109,27.271361817329,26.972478684257,27.020102204807,52046487.086694
2005-09-06,27.049378959244,27.289188107809,26.979765343139,26.998502465979,46084480.599575
2005-09-07,26.925505758249,27.111315559742,26.818027539739,26.848085007628,44655586.077925
2005-09-08,26.801762676163,26.881135210414,26.520835952479,26.60853609688,52514624.273784
2005-09-09,26.60853609688,26.818027539739,26.531115346259,26.578868985718,41516545.732745
2005-09-12,26.589148379498,26.74880428036,26.520835952479,26.60853609688,40139808.393489
2005-09-13,26.531115346259,26.759734268683,26.371979921031,26.483231587891,63421188.321868
2005-09-14,26.502228948548,26.638203208043,26.302626542743,26.313816768883,54324193.885299
2005-09-15,26.371979921031,26.428841884093,26.218829965599,26.270747410134,60354372.432781
2005-09-16,26.34400435568,26.397222989301,25.971604039244,26.06737155598,186586656.94188
2005-09-19,26.086499035545,26.270747410134,25.858660826573,26.001661507133,61724511.96524
2005-09-20,26.029767191392,26.218829965599,25.691067672286,25.841485130636,61073527.041967
2005-09-21,25.748970586616,25.898607331515,25.424323909639,25.491465266481,68261304.880681
2005-09-22,25.469995646561,25.598813366082,25.151594677197,25.340917689221,71312910.039074
2005-09-23,25.340917689221,25.540780332843,25.121146852583,25.268831813853,66396257.021838
2005-09-26,25.368763135664,25.491465266481,25.210928899522,25.268831813853,56190933.14447
2005-09-27,25.359915049878,25.446964599737,25.300580827553,25.340917689221,48792490.089038
2005-09-28,25.379042529444,25.868940220353,25.379042529444,25.67102936036,71015456.277624
2005-09-29,25.588664091211,26.001661507133,25.502655492621,25.943758592802,66806587.417019
2005-09-30,25.879219614133,25.95143560841,25.610393948949,25.730233463777,57369765.564659
2005-10-03,25.691067672286,25.730233463777,25.435904492505,25.502655492621,55323198.870497
2005-10-04,25.359915049878,25.38776049632,24.748226060512,24.979577480017,151651006.37897
2005-10-05,25.030453973283,25.050232047391,24.671455904433,24.671455904433,73682944.975716
2005-10-06,24.652718781594,24.950560963398,24.52871546169,24.733392504931,81700621.009205
2005-10-07,24.754732005943,24.835535848188,24.518566186819,24.590782181096,50766448.457588
2005-10-10,24.652718781594,24.683817200751,24.349151367811,24.461704223757,48880308.353858
2005-10-11,24.499568826162,24.549794724885,24.246747786737,24.4109578494,76546944.790362
2005-10-12,24.4109578494,24.70164349123,24.268347525566,24.29879535018,71292334.63294
2005-10-13,24.279537751706,25.588664091211,24.268347525566,24.590782181096,70191992.052556
2005-10-14,24.693966475623,24.733392504931,24.499568826162,24.671455904433,53810672.240478
2005-10-17,24.683817200751,24.693966475623,24.441535792923,24.52871546169,46920963.93741
2005-10-18,24.450383878708,24.826687762403,24.450383878708,24.567751134273,69282312.316839
2005-10-19,24.549794724885,25.088356887613,24.499568826162,25.088356887613,66563604.344351
2005-10-20,25.071961905129,25.131296127454,24.739638212544,24.787521970912,58794338.586174
2005-10-21,24.990897825066,24.998444721765,24.567751134273,24.774900436777,68499702.889196
2005-10-24,24.902547086121,25.098376043576,24.683817200751,25.098376043576,52570544.960415
2005-10-25,24.940411688526,25.131296127454,24.826687762403,25.030453973283,41423059.654287
2005-10-26,24.931433483832,25.33076841435,24.931433483832,25.109826507534,58245341.857556
2005-10-27,25.121146852583,29.03148029407,24.84841762014,24.84841762014,62094517.856971
2005-10-28,25.109826507534,25.598813366082,25.098376043576,25.531932247058,106919695.90473
2005-10-31,25.631603331052,25.800757912242,25.502655492621,25.699655520254,75484920.302653
2005-11-01,25.631603331052,26.097819380594,25.610393948949,25.964057142545,71391479.027233
2005-11-02,25.943758592802,26.502228948548,25.93087682085,26.462933038148,75390505.022519
2005-11-03,26.628314170989,26.638203208043,26.249538028031,26.439121277873,73418560.97958
2005-11-04,26.502228948548,26.709248132143,26.451742812008,26.654988547253,57454373.572236
2005-11-07,26.7206985961,27.08060749731,26.697667549277,27.008781859759,77019029.897353
2005-11-08,26.942941692003,27.182100246024,26.769883543554,27.049378959244,60070821.079729
2005-11-09,26.972478684257,27.148919924329,26.942941692003,26.962069171568,59369835.766714
2005-11-10,26.934353844035,27.148919924329,26.638203208043,27.088284512918,73313696.533734
2005-11-11,27.129922563673,27.391591688883,27.129922563673,27.281511092201,51942208.33867
2005-11-14,27.281511092201,27.442077825423,27.200967487773,27.349693400311,65634658.316276
2005-11-15,27.298166312503,27.539406769062,27.248981365049,27.498809669576,65064578.840575
2005-11-16,27.477600287473,27.882009855427,27.442077825423,27.742912742125,85689593.580545
2005-11-17,27.851431911904,28.001849370255,27.760478794787,27.967888335108,91341880.685787
2005-11-18,28.250636723513,28.250636723513,27.905951734611,28.066128111107,75419846.900354
2005-11-21,28.066128111107,28.240747686459,27.498809669576,28.158252298401,65408393.750446
2005-11-22,28.029694816697,28.077708693973,27.861451067867,27.914799820396,104247014.28312
2005-11-23,27.861451067867,28.085255590672,27.742912742125,27.919744338923,70515310.704647
2005-11-25,27.801986726633,27.937310391585,27.462506494075,27.760478794787,44082440.394986
2005-11-28,27.770888307475,27.851431911904,27.528216542922,27.751630709002,57089779.053476
2005-11-29,27.770888307475,27.793398878665,27.598740991387,27.678373763455,62210436.16195
2005-11-30,27.627887626915,27.770888307475,27.627887626915,27.678373763455,55678965.973324
2005-12-01,27.742912742125,28.096445816813,27.732763467253,27.894501270653,60861333.47053
2005-12-02,27.801986726633,28.096445816813,27.793398878665,28.011998645126,42317079.09666
2005-12-05,27.937310391585,28.02097684982,27.712204679693,27.851431911904,47162215.24409
2005-12-06,27.871600342738,27.919744338923,27.678373763455,27.689824227413,65800542.185722
2005-12-07,27.648186176658,27.751630709002,27.549425925025,27.751630709002,55552015.970748
2005-12-08,27.669395558761,27.811095050235,27.598740991387,27.689824227413,63213214.940673
2005-12-09,27.678373763455,27.832694789064,27.638036901787,27.712204679693,48466871.385776
2005-12-12,27.678373763455,27.751630709002,27.329785207294,27.452227100295,63757268.854577
2005-12-13,27.281511092201,27.430757480374,26.998502465979,27.129922563673,104197952.59287
2005-12-14,26.998502465979,27.238701971269,26.848085007628,27.088284512918,64904062.021021
2005-12-15,27.06941727117,27.111315559742,26.809309572863,26.925505758249,79012295.715416
2005-12-16,26.869944984274,27.08060749731,26.809309572863,26.902734949243,88016079.509797
2005-12-19,26.801762676163,26.869944984274,26.646010342559,26.826745506616,68639510.541898
2005-12-20,26.759734268683,26.881135210414,26.66656913012,26.858494520316,62925466.350403
2005-12-21,26.892325436554,26.913925175383,26.697667549277,26.7282454928,73129526.228554
2005-12-22,26.686737560954,26.781073769695,26.408673453259,26.589148379498,91276949.750519
2005-12-23,26.531115346259,26.66656913012,26.439121277873,26.638203208043,30688010.089562
2005-12-27,26.676588286082,26.848085007628,26.451742812008,26.462933038148,37610712.967008
2005-12-28,26.502228948548,26.654988547253,26.354153630552,26.389936330419,35444284.005381
2005-12-29,26.397222989301,26.502228948548,26.25994754072,26.270747410134,34491587.93069
2005-12-30,26.270747410134,26.313816768883,26.097819380594,26.147264565865,49044055.217742
2006-01-03,26.249538028031,26.998502465979,26.097819380594,26.839367040751,79970656.437805
2006-01-04,26.818027539739,27.08060749731,26.769883543554,26.972478684257,57967196.337091
2006-01-05,26.942941692003,27.129922563673,26.913925175383,26.988483310016,48135453.482609
2006-01-06,26.925505758249,26.998502465979,26.490648365682,26.913925175383,100947263.20492
2006-01-09,26.934353844035,27.06941727117,26.759734268683,26.858494520316,55611050.353629
2006-01-10,26.628314170989,27.020102204807,26.589148379498,26.998502465979,64921944.008665
2006-01-11,27.020102204807,27.391591688883,26.902734949243,27.289188107809,70120737.955285
2006-01-12,27.200967487773,27.260301710098,26.972478684257,27.13759957928,45984382.467614
2006-01-13,27.028950290593,27.248981365049,27.008781859759,27.190818212901,41418002.865943
2006-01-17,26.925505758249,27.190818212901,26.902734949243,26.988483310016,58528037.6169
2006-01-18,26.739826075666,26.979765343139,26.697667549277,26.826745506616,52373536.000716
2006-01-19,26.858494520316,27.238701971269,26.848085007628,27.020102204807,60366135.461169
2006-01-20,26.988483310016,27.008781859759,26.25994754072,26.408673453259,79180865.879996
2006-01-23,26.397222989301,26.531115346259,26.302626542743,26.354153630552,47925612.991739
2006-01-24,26.332944248449,26.451742812008,26.218829965599,26.280896685006,63035894.134058
2006-01-25,26.408673453259,26.570151018841,26.230410548466,26.397222989301,59070512.521139
2006-01-26,26.570151018841,26.7206985961,26.313816768883,26.502228948548,69363663.369644
2006-01-27,27.228682815306,27.947719904274,27.190818212901,27.793398878665,134519181.29464
2006-01-30,27.793398878665,28.180112275048,27.781948414707,28.001849370255,103998793.17238
2006-01-31,27.905951734611,28.376982183771,27.871600342738,28.148493380256,94685886.774709
2006-02-01,27.947719904274,28.066128111107,27.760478794787,28.038282664665,68426302.288562
2006-02-02,27.914799820396,27.98922783612,27.549425925025,27.678373763455,55073007.75722
2006-02-03,27.47135457986,27.701404810279,27.338503174171,27.539406769062,75020709.66541
2006-02-06,27.498809669576,27.539406769062,27.088284512918,27.170519663158,60169595.059725
2006-02-07,26.953090966874,27.148919924329,26.809309572863,26.942941692003,72148656.505733
2006-02-08,27.08060749731,27.08060749731,26.709248132143,26.913925175383,51794474.769789
2006-02-09,26.953090966874,27.028950290593,26.646010342559,26.654988547253,52810405.630514
2006-02-10,26.628314170989,26.892325436554,26.51224810451,26.686737560954,52125902.170758
2006-02-13,26.60853609688,26.697667549277,26.34400435568,26.389936330419,46707034.642567
2006-02-14,26.439121277873,26.676588286082,26.354153630552,26.646010342559,58432848.265863
2006-02-15,26.628314170989,26.934353844035,26.502228948548,26.881135210414,62605063.523677
2006-02-16,26.839367040751,26.902734949243,26.570151018841,26.809309572863,48862160.427743
2006-02-17,26.7282454928,26.809309572863,26.560392100695,26.697667549277,41505290.045308
2006-02-21,26.654988547253,26.7206985961,26.34400435568,26.540223669861,50214240.680245
2006-02-22,26.540223669861,26.858494520316,26.473212431928,26.7206985961,43042157.960151
2006-02-23,26.697667549277,26.892325436554,26.540223669861,26.654988547253,46767062.337293
2006-02-24,26.578868985718,26.739826075666,26.520835952479,26.628314170989,44747317.437372
2006-02-27,26.74880428036,27.260301710098,26.66656913012,27.049378959244,51299198.403557
2006-02-28,26.942941692003,27.298166312503,26.869944984274,26.869944984274,64811062.704941
2006-03-01,26.988483310016,27.200967487773,26.953090966874,27.13759957928,52596082.176869
2006-03-02,26.988483310016,27.098563906698,26.902734949243,26.972478684257,41850013.578284
2006-03-03,26.801762676163,27.159199318109,26.739826075666,26.934353844035,45206349.397806
2006-03-06,26.925505758249,27.148919924329,26.826745506616,26.913925175383,53052833.87322
2006-03-07,26.869944984274,27.098563906698,26.809309572863,27.059267996298,51610002.117896
2006-03-08,26.972478684257,27.498809669576,26.972478684257,27.248981365049,57439000.587417
2006-03-09,27.209555335741,27.420608205503,26.998502465979,26.998502465979,45349580.216822
2006-03-10,27.039229684373,27.218273302617,26.881135210414,27.170519663158,41293583.236249
2006-03-13,27.182100246024,27.289188107809,26.942941692003,27.111315559742,40342519.200619
2006-03-14,26.998502465979,27.383003840915,26.988483310016,27.228682815306,39819488.672534
2006-03-15,27.182100246024,27.452227100295,27.008781859759,27.361273983178,57149266.164942
2006-03-16,27.281511092201,27.477600287473,27.218273302617,27.271361817329,73785791.13853
2006-03-17,27.383003840915,27.659506521707,27.271361817329,27.498809669576,120613640.20326
2006-03-20,27.689824227413,27.98922783612,27.669395558761,27.894501270653,67093916.521013
2006-03-21,27.947719904274,28.221490087985,27.678373763455,27.742912742125,70504716.69745
2006-03-22,27.08060749731,27.498809669576,26.791483282383,27.148919924329,145694671.6629
2006-03-23,27.08060749731,27.098563906698,26.654988547253,26.848085007628,73667622.645845
2006-03-24,26.7206985961,27.209555335741,26.619986560838,27.008781859759,69156991.187391
2006-03-27,27.020102204807,27.298166312503,26.998502465979,27.008781859759,59026881.990935
2006-03-28,26.998502465979,27.209555335741,26.809309572863,26.902734949243,58390791.204938
2006-03-29,26.953090966874,27.200967487773,26.925505758249,27.020102204807,51538279.462369
2006-03-30,27.008781859759,27.391591688883,26.998502465979,27.228682815306,53694177.735479
2006-03-31,27.338503174171,27.539406769062,27.209555335741,27.209555335741,60535261.2472
2006-04-03,27.669395558761,27.732763467253,27.442077825423,27.559705318805,57600863.720475
2006-04-04,27.598740991387,27.801986726633,27.47135457986,27.638036901787,45470032.139525
2006-04-05,27.851431911904,27.937310391585,27.638036901787,27.742912742125,41532096.801361
2006-04-06,27.659506521707,27.723915381468,27.371423258049,27.559705318805,51394520.72383
2006-04-07,27.580003868548,27.723915381468,27.228682815306,27.248981365049,47249374.994604
2006-04-10,27.200967487773,27.442077825423,27.200967487773,27.289188107809,39431979.913775
2006-04-11,27.228682815306,27.31989617024,26.998502465979,27.129922563673,42928382.201116
2006-04-12,27.08060749731,27.200967487773,26.972478684257,27.200967487773,32163216.687652
2006-04-13,27.200967487773,27.200967487773,26.998502465979,27.06941727117,28160049.650481
2006-04-17,27.008781859759,27.049378959244,26.7282454928,26.839367040751,35793158.869531
2006-04-18,26.902734949243,27.498809669576,26.818027539739,27.218273302617,55608718.643116
2006-04-19,27.08060749731,27.190818212901,26.962069171568,27.028950290593,45109248.614016
2006-04-20,27.039229684373,27.190818212901,26.697667549277,27.028950290593,45644834.445513
2006-04-21,27.170519663158,27.391591688883,26.998502465979,27.148919924329,58526038.329475
2006-04-24,27.059267996298,27.248981365049,26.979765343139,27.111315559742,42316714.222748
2006-04-25,27.088284512918,27.209555335741,27.020102204807,27.111315559742,49156225.056672
2006-04-26,27.06941727117,27.228682815306,26.998502465979,27.098563906698,39177617.682236
2006-04-27,26.979765343139,27.627887626915,26.942941692003,27.248981365049,94358478.527155
2006-04-28,24.257027180517,24.499568826162,23.998220671296,24.148508010738,590731521.18748
2006-05-01,24.328852818069,24.998444721765,24.091646047676,24.287214767314,174747762.4821
2006-05-02,24.499568826162,24.998444721765,23.899200181845,24.007979589441,190352416.11644
2006-05-03,23.998220671296,24.020731242485,23.147633365725,23.165329537296,211428672.24436
2006-05-04,23.349708030794,23.668239119066,23.137484090854,23.444824952986,171236831.72287
2006-05-05,23.668239119066,23.950336912928,23.516520471629,23.80343266511,131228277.41946
2006-05-08,23.858863320177,24.998444721765,23.507802504752,23.730305838472,80691711.398977
2006-05-09,23.741496064612,23.998220671296,23.488805144095,23.621526430876,75325991.199082
2006-05-10,23.640393672624,23.791982201152,23.59120872517,23.770382462323,76562571.049914
2006-05-11,23.709747050912,23.791982201152,23.147633365725,23.219849360003,92655343.66483
2006-05-12,23.147633365725,23.371307769622,23.052906800259,23.165329537296,83108273.695578
2006-05-15,23.074506539088,23.231169705052,23.03039622907,23.147633365725,67313143.215196
2006-05-16,23.157912759505,23.998220671296,22.914330162591,23.009967560418,82093790.458252
2006-05-17,22.901448390639,23.080882365609,22.72839024219,22.72839024219,98594951.95922
2006-05-18,22.840682860319,23.137484090854,22.759618780256,22.827801088367,95324614.78386
2006-05-19,22.739580468331,22.901448390639,22.518378323697,22.558845304274,100059724.42979
2006-05-22,22.496908703777,23.021418024376,22.450196015587,22.880889603079,87321164.875534
2006-05-23,23.108337455326,23.38275823358,22.770028292945,22.787594345607,79966998.200873
2006-05-24,22.98082092489,23.537990091549,22.98082092489,23.499084537875,107346467.78751
2006-05-25,23.611377156004,23.919498731588,23.537990091549,23.741496064612,83051779.183385
2006-05-26,23.866540335784,23.878120918651,23.559589830378,23.718725255606,46860561.079487
2006-05-30,23.507802504752,23.761664495446,23.137484090854,23.147633365725,52383762.759548
2006-05-31,23.208268777137,23.349708030794,22.649798421391,22.649798421391,119731086.19147
2006-06-01,22.748428554116,22.840682860319,22.619740953503,22.817651813495,80222751.860476
2006-06-02,22.933978117791,22.990709961944,22.670227090043,22.759618780256,73924885.664561
2006-06-05,22.710433832803,22.72839024219,22.487019666723,22.496908703777,63889110.225436
2006-06-06,22.539847943617,22.558845304274,21.981507706781,22.128151716782,126600299.81972
2006-06-07,22.168358459542,22.394505122702,22.010394104492,22.038239550934,73823282.130907
2006-06-08,22.038239550934,22.210386867022,21.970187361732,22.106421859044,104062213.95705
2006-06-09,22.128151716782,22.188787128193,21.892896730019,21.922173484455,52562224.093948
2006-06-12,21.993088289647,22.09653282199,21.697328010381,21.70864835543,74308529.609189
2006-06-13,21.71892774921,22.030822773143,21.446979230219,21.510217019803,112858566.53647
2006-06-14,21.583473965349,21.937397396763,21.554457448729,21.883007692964,86069393.289617
2006-06-15,22.030822773143,22.128151716782,21.799341234729,22.072460823898,121363886.66039
2006-06-16,21.904607431793,22.277007748229,21.787240176229,22.09653282199,147488337.99562
2006-06-19,22.128151716782,22.598141214674,22.116571133916,22.551558645392,129631153.86264
2006-06-20,22.551558645392,22.759618780256,22.496908703777,22.558845304274,90324328.866767
2006-06-21,22.570165649323,23.147633365725,22.529828787655,23.080882365609,91658354.588209
2006-06-22,23.052906800259,23.165329537296,22.777445070736,22.880889603079,76650152.661155
2006-06-23,22.806591706264,22.872301755111,22.496908703777,22.496908703777,60509177.115619
2006-06-26,22.649798421391,22.889737688864,22.629629990557,22.817651813495,53635211.420184
2006-06-27,22.872301755111,23.157912759505,22.840682860319,22.862152480239,84716144.807411
2006-06-28,22.922657772742,23.249776708983,22.914330162591,23.157912759505,71906560.686114
2006-06-29,23.319650562905,23.632846775924,23.219849360003,23.469547545621,121358451.54292
2006-06-30,23.537990091549,23.6491116395,23.298050824076,23.298050824076,72688320.060433
2006-07-03,23.537990091549,23.718725255606,23.450940541691,23.698426705863,25711431.478977
2006-07-05,23.458617557298,23.516520471629,23.298050824076,23.349708030794,53090171.317789
2006-07-06,23.444824952986,23.611377156004,23.421793906162,23.478525750315,44774521.518164
2006-07-07,23.4042278535,23.549440555507,23.298050824076,23.298050824076,63168775.51429
2006-07-10,23.444824952986,23.658089844194,23.38275823358,23.499084537875,50565068.134291
2006-07-11,23.361158494751,23.371307769622,22.739580468331,23.098448418272,88663872.379947
2006-07-12,22.797873739387,22.880889603079,22.619740953503,22.641080454514,77377488.835704
2006-07-13,22.338944348727,22.608160370637,22.251894798868,22.259571814476,72859439.593505
2006-07-14,22.26946085153,22.551558645392,22.231726368034,22.288458212187,67492856.676555
2006-07-17,22.259571814476,22.608160370637,22.259571814476,22.478041462029,37053461.856541
2006-07-18,22.598141214674,22.759618780256,22.478041462029,22.739580468331,65095033.54427
2006-07-19,22.817651813495,23.458617557298,22.719542156405,23.4042278535,82185880.359737
2006-07-20,23.4042278535,23.450940541691,22.777445070736,22.852133324277,76579399.572964
2006-07-21,24.038297295147,24.148508010738,23.001119474633,23.866540335784,175483776.48219
2006-07-24,23.961136782342,24.112855429779,23.791982201152,23.998220671296,59584528.051689
2006-07-25,23.940187638057,24.287214767314,23.899200181845,24.219032459203,60069170.045063
2006-07-26,24.112855429779,24.52871546169,24.102836273817,24.372052295726,54940514.203922
2006-07-27,24.499568826162,24.600801337059,23.770382462323,23.866540335784,85385833.278243
2006-07-28,24.121703515565,24.279537751706,24.062369293239,24.246747786737,51699986.673168
2006-07-31,24.091646047676,24.418634865008,24.007979589441,24.062369293239,40253516.084937
2006-08-01,24.038297295147,24.201466406541,23.848844164214,23.990413536779,49021755.960456
2006-08-02,24.130681720259,24.402239882523,24.029449209362,24.29879535018,46461912.98137
2006-08-03,24.191187012761,24.479270276419,24.148508010738,24.210444611235,43143741.706718
2006-08-04,24.402239882523,24.490720740377,24.148508010738,24.287214767314,45690339.208742
2006-08-07,24.246747786737,24.479270276419,24.191187012761,24.219032459203,36861641.071453
2006-08-08,24.402239882523,24.518566186819,24.201466406541,24.33900209294,58169541.478824
2006-08-09,24.33900209294,24.642309268905,24.33900209294,24.441535792923,44320868.479874
2006-08-10,24.349151367811,24.600801337059,24.33900209294,24.461704223757,31753482.279576
2006-08-11,24.33900209294,24.450383878708,24.201466406541,24.430085328966,30255073.341479
2006-08-14,24.509587982125,24.600801337059,24.349151367811,24.52871546169,47824781.946021
2006-08-15,24.549794724885,24.652718781594,24.441535792923,24.622010719162,48994758.456868
2006-08-16,24.642309268905,24.733392504931,24.470422190634,24.70164349123,52371642.772085
2006-08-17,24.652718781594,24.748226060512,24.610690374113,24.70164349123,45333862.145179
2006-08-18,24.998444721765,25.800757912242,24.979577480017,25.790868875188,128414084.08109
2006-08-21,25.631603331052,26.128006967391,25.558346385505,26.116946860159,88397551.623581
2006-08-22,26.001661507133,26.249538028031,25.622755245266,25.622755245266,88898591.572966
2006-08-23,25.598813366082,25.95143560841,25.52425523145,25.67102936036,44520873.204778
2006-08-24,25.800757912242,25.858660826573,25.502655492621,25.738040598293,35929453.126794
2006-08-25,25.691067672286,26.001661507133,25.691067672286,25.849032027336,32964425.187026
2006-08-28,25.778247341053,26.001661507133,25.691067672286,25.95143560841,34190646.892756
2006-08-29,25.868940220353,25.978890698126,25.631603331052,25.841485130636,42711168.249579
2006-08-30,25.821186580894,25.890930315907,25.641752605923,25.800757912242,30296626.227387
2006-08-31,25.879219614133,25.978890698126,25.683390656678,25.699655520254,26380530.294571
2006-09-01,25.898607331515,25.971604039244,25.641752605923,25.841485130636,31592796.874028
2006-09-05,25.661921036757,25.964057142545,25.558346385505,25.610393948949,44219459.651171
2006-09-06,25.512804767493,25.719954069997,25.512804767493,25.610393948949,50152956.109657
2006-09-07,25.480014802523,25.699655520254,25.38776049632,25.424323909639,51265910.980268
2006-09-08,25.502655492621,25.790868875188,25.458545182603,25.598813366082,36864704.90424
2006-09-11,25.415736061671,25.95143560841,25.415736061671,25.908236130752,55601150.477496
2006-09-12,25.890930315907,25.978890698126,25.709934914034,25.93087682085,52245466.048929
2006-09-13,25.821186580894,26.097819380594,25.491465266481,25.978890698126,37706269.566409
2006-09-14,26.001661507133,26.502228948548,25.978890698126,26.332944248449,74323840.066808
2006-09-15,26.654988547253,26.942941692003,26.490648365682,26.848085007628,125995368.94926
2006-09-18,26.7206985961,27.039229684373,26.66656913012,26.791483282383,49132737.782588
2006-09-19,26.7206985961,26.942941692003,26.7206985961,26.858494520316,43033366.160976
2006-09-20,26.998502465979,27.228682815306,26.988483310016,27.182100246024,71567214.492316
2006-09-21,27.159199318109,27.248981365049,26.848085007628,26.902734949243,58494263.431234
2006-09-22,26.848085007628,26.848085007628,26.483231587891,26.654988547253,47712540.082089
2006-09-25,26.839367040751,27.190818212901,26.791483282383,26.953090966874,67903943.730004
2006-09-26,26.892325436554,27.31989617024,26.881135210414,27.200967487773,54666823.944309
2006-09-27,27.129922563673,27.47135457986,27.120033526618,27.442077825423,66217039.029173
2006-09-28,27.48631825435,27.51806726805,27.260301710098,27.401610844846,44174613.402248
2006-09-29,27.329785207294,27.420608205503,27.209555335741,27.349693400311,34283569.434933
2006-10-02,27.31989617024,27.48631825435,27.148919924329,27.361273983178,52905887.830462
2006-10-03,27.361273983178,27.477600287473,27.209555335741,27.371423258049,39386216.335429
2006-10-04,27.401610844846,27.956307752242,27.371423258049,27.937310391585,82191190.422812
2006-10-05,27.905951734611,28.106595091684,27.781948414707,27.919744338923,81317161.480242
2006-10-06,27.742912742125,28.001849370255,27.648186176658,27.871600342738,36445909.592586
2006-10-09,27.742912742125,27.929633375977,27.617738352044,27.723915381468,33365947.16188
2006-10-10,27.627887626915,27.751630709002,27.442077825423,27.689824227413,34597872.298007
2006-10-11,27.452227100295,27.669395558761,27.420608205503,27.539406769062,37215350.317071
2006-10-12,27.549425925025,28.292404893176,27.539406769062,28.221490087985,120144508.12136
2006-10-13,28.341719959539,28.687836256436,28.312443205102,28.370736476158,129750496.91689
2006-10-16,28.398712041509,28.598314447314,28.322722598882,28.450239129318,49733659.78892
2006-10-17,28.221490087985,28.514647989079,28.171003951445,28.441521162441,40122596.792403
2006-10-18,28.494739796062,28.696944580038,28.260785998385,28.523365955955,40525071.71344
2006-10-19,28.351739115502,28.450239129318,28.115443177469,28.292404893176,44740581.120954
2006-10-20,28.38830252882,28.494739796062,28.171003951445,28.428769509397,48887777.584035
2006-10-23,28.280954429219,28.687836256436,28.180112275048,28.450239129318,48503647.668513
2006-10-24,28.351739115502,28.428769509397,28.125722571249,28.280954429219,61396497.4413
2006-10-25,28.292404893176,28.460648642006,28.137042916298,28.312443205102,40495822.439178
2006-10-26,28.341719959539,28.410162505467,28.038282664665,28.351739115502,69771808.478769
2006-10-27,28.483289332104,28.791410907688,28.250636723513,28.341719959539,89042687.483488
2006-10-30,28.410162505467,28.843458471131,28.322722598882,28.532474279558,47294780.82239
2006-10-31,28.671311155043,28.85100536783,28.559278774731,28.706963736001,61861727.509344
2006-11-01,28.801299944742,28.992444621487,28.696944580038,28.811709457431,75895070.239589
2006-11-02,28.648670464945,28.860764285976,28.577755659754,28.768900336499,58671035.739755
2006-11-03,28.877419506278,28.927645405,28.607162533099,28.727132166836,41116341.577988
2006-11-06,28.781651989542,29.051908962721,28.758751061627,28.843458471131,60440237.316222
2006-11-07,28.834480266437,29.070776204469,28.791410907688,28.950676451824,56504566.412468
2006-11-08,28.768900336499,29.231082699874,28.658819739816,28.982295346616,77397215.771485
2006-11-09,29.070776204469,29.399196329796,29.00246377745,29.257757076139,89407567.727804
2006-11-10,29.170577407372,29.288985614205,29.15014873872,29.23993078566,37850655.159911
2006-11-13,29.170577407372,29.461132930293,29.158996824505,29.350141501251,47269807.933701
2006-11-14,29.270638848091,29.421056306442,29.070776204469,29.219762354825,63012342.749809
2006-11-15,29.10994199596,29.361201608482,29.10994199596,29.119961151923,63707980.800021
2006-11-16,29.15014873872,29.643039164527,29.131411615881,29.471282205165,64326848.11268
2006-11-17,29.279486933876,29.53712237292,29.279486933876,29.399196329796,49256716.555952
2006-11-20,29.496525273435,29.999564974113,29.496525273435,29.888053069436,85703264.875756
2006-11-21,29.909913046082,29.999564974113,29.788512104351,29.919932202045,66446413.333837
2006-11-22,29.970418338585,29.999564974113,29.818569572239,29.919932202045,43907210.687885
2006-11-24,29.643039164527,29.841600619063,29.643039164527,29.757934160828,20470195.018949
2006-11-27,29.651757131404,29.738025967811,29.32867188133,29.477788150595,72720128.200984
2006-11-28,29.297963818899,29.421056306442,29.131411615881,29.387745865838,52594295.798516
2006-11-29,29.42964415441,29.778362829479,29.42964415441,29.572254478244,58775011.349583
2006-11-30,29.42964415441,29.572254478244,29.317091298464,29.361201608482,53237854.231723
2006-12-01,29.209873317771,29.297963818899,28.888739851327,29.119961151923,72254592.620292
2006-12-04,29.23993078566,29.519035844624,29.170577407372,29.32867188133,55127948.587225
2006-12-05,29.36887862409,29.399196329796,29.03148029407,29.131411615881,45594276.851358
2006-12-06,29.022762327193,29.131411615881,28.868441301584,28.992444621487,48516998.412886
2006-12-07,28.992444621487,29.070776204469,28.811709457431,28.85100536783,46831180.418957
2006-12-08,28.811709457431,29.399196329796,28.801299944742,29.399196329796,108853709.68192
2006-12-11,29.180726682243,29.748825837225,29.10994199596,29.53712237292,107711825.29641
2006-12-12,29.507585380666,29.635492267828,29.219762354825,29.42964415441,68809071.643876
2006-12-13,29.593854217073,29.606475751208,29.317091298464,29.549874025964,45659176.127277
2006-12-14,29.530746546398,30.081409767627,29.519035844624,30.070089422579,84197832.312705
2006-12-15,30.103009506456,30.229094728897,30.02975256091,30.190319294132,102714718.7687
2006-12-18,30.190319294132,30.256159461888,29.778362829479,29.888053069436,56910925.934726
2006-12-19,29.679862815663,30.17366407383,29.530746546398,29.99045665051,53766159.997609
2006-12-20,29.99045665051,30.239374122677,29.970418338585,30.091819280316,31429919.850553
2006-12-21,30.081409767627,30.14100422777,29.888053069436,29.980697732365,32270586.970388
2006-12-22,29.818569572239,29.860467860811,29.625212874048,29.643039164527,37904868.616543
2006-12-26,29.477788150595,29.999564974113,29.399196329796,29.99045665051,37094281.828689
2006-12-27,29.941011465239,30.13072483399,29.909913046082,30.020774356216,31248430.300128
2006-12-28,29.841600619063,30.02975256091,29.808420297368,29.980697732365,26690505.325644
2006-12-29,29.850448704848,30.15219445391,29.830020036197,29.860467860811,41737862.73496
2007-01-03,29.899503533393,30.247051138285,29.399196329796,29.860467860811,76925368.901035
2007-01-04,29.691053041803,29.970418338585,29.438232002378,29.808420297368,45771168.673893
2007-01-05,29.615453955902,29.748825837225,29.449422228518,29.643039164527,44603712.246641
2007-01-08,29.651757131404,30.103009506456,29.530746546398,29.931252547094,50148180.297969
2007-01-09,29.980697732365,30.181341089438,29.726445384945,29.960269063713,44625380.691547
2007-01-10,29.757934160828,29.888053069436,29.42964415441,29.661906406275,55015531.013949
2007-01-11,29.770685813872,30.746057152797,29.643039164527,30.700645653693,99464231.209062
2007-01-12,30.652371538599,31.387803610052,30.641181312459,31.21123225107,103962577.25999
2007-01-16,31.250007685836,31.448569140371,31.031538038283,31.160485876713,62276310.545593
2007-01-17,31.272908613751,31.439851173495,31.014102104529,31.102192605657,58511320.693028
2007-01-18,31.141488516057,31.369066487212,30.800316737686,31.002651640572,56361656.93577
2007-01-19,30.720814084527,31.109869621265,30.691797567907,31.109869621265,75816285.967905
2007-01-22,31.060684673811,31.120018896136,30.513404544206,30.720814084527,55139908.695015
2007-01-23,30.600584212973,30.959582281823,30.524855008163,30.735907877926,49167521.901254
2007-01-24,30.809164823472,31.298281800929,30.652371538599,31.090872260608,58510648.723501
2007-01-25,31.072265256677,31.4777157759,30.449125803354,30.449125803354,96710109.888504
2007-01-26,31.19067346351,31.227497114646,30.600584212973,30.600584212973,96091629.611287
2007-01-29,30.612164795839,30.77754592868,30.337874136494,30.53357297504,57604703.207132
2007-01-30,30.600584212973,30.641181312459,30.14100422777,30.481915768323,61885016.121057
2007-01-31,30.358302805145,31.102192605657,30.349324600451,30.857308819657,73941420.547219
2007-02-01,30.838181340091,30.937071710633,30.368191842199,30.559206400036,55355894.264096
2007-02-02,30.81957433616,30.838181340091,30.13072483399,30.190319294132,60400411.447401
2007-02-05,29.960269063713,30.020774356216,29.410776912662,29.615453955902,99093645.159902
2007-02-06,29.583574823293,29.748825837225,29.219762354825,29.507585380666,78824018.402134
2007-02-07,29.643039164527,29.698599938503,29.23993078566,29.36887862409,65141193.655871
2007-02-08,29.231082699874,29.798531260314,29.201025231986,29.257757076139,48748788.325315
2007-02-09,29.339731988562,29.399196329796,28.927645405,28.982295346616,69812447.992671
2007-02-12,28.868441301584,29.089643446217,28.834480266437,28.93792479878,52564748.13496
2007-02-13,28.960825726695,29.201025231986,28.960825726695,29.012482933413,50347134.724214
2007-02-14,29.170577407372,29.691053041803,29.15014873872,29.399196329796,55587786.277904
2007-02-15,29.549874025964,29.651757131404,29.219762354825,29.461132930293,63684284.574283
2007-02-16,28.868441301584,28.93792479878,28.638651308982,28.73702120389,109333500.67268
2007-02-20,28.648670464945,28.860764285976,28.471838868147,28.834480266437,53975889.680782
2007-02-21,28.748471667847,29.387745865838,28.73702120389,29.350141501251,68603839.961667
2007-02-22,29.297963818899,29.53712237292,29.158996824505,29.387745865838,57749687.953675
2007-02-23,29.248908990354,29.279486933876,28.888739851327,28.895245796757,63787170.311275
2007-02-26,28.950676451824,29.119961151923,28.821988851211,29.070776204469,63526976.429005
2007-02-27,28.648670464945,28.970844882658,27.793398878665,27.871600342738,87135614.223055
2007-02-28,27.947719904274,28.250636723513,27.919744338923,28.171003951445,86333295.272283
2007-03-01,27.793398878665,28.33039961449,27.732763467253,28.085255590672,80174256.08095
2007-03-02,28.02097684982,28.158252298401,27.760478794787,27.760478794787,63254602.406521
2007-03-05,27.452227100295,27.914799820396,27.413061308804,27.539406769062,56163158.404045
2007-03-06,27.861451067867,27.937310391585,27.648186176658,27.832694789064,49361659.358666
2007-03-07,27.819813017112,27.905951734611,27.549425925025,27.606287888086,52044713.372079
2007-03-08,27.723915381468,27.851431911904,26.596955514014,27.31989617024,72171565.99683
2007-03-09,27.413061308804,27.477600287473,27.028950290593,27.281511092201,79961760.162803
2007-03-12,27.182100246024,27.477600287473,27.129922563673,27.442077825423,36514925.374402
2007-03-13,27.238701971269,27.401610844846,26.709248132143,26.7206985961,75152474.262366
2007-03-14,26.801762676163,27.401610844846,26.7282454928,27.401610844846,75722231.604267
2007-03-15,27.329785207294,27.47135457986,27.200967487773,27.281511092201,51747812.066138
2007-03-16,27.391591688883,27.477600287473,27.200967487773,27.329785207294,65055296.321605
2007-03-19,27.329785207294,27.832694789064,27.200967487773,27.832694789064,49415711.352655
2007-03-20,27.914799820396,28.158252298401,27.760478794787,27.84154287485,47913033.152338
2007-03-21,27.947719904274,28.523365955955,27.559705318805,28.523365955955,75795266.539505
2007-03-22,28.460648642006,28.547828310774,28.011998645126,28.271065392165,49514155.284016
2007-03-23,28.19013143101,28.271065392165,27.801986726633,28.02097684982,50523038.775291
2007-03-26,27.937310391585,28.221490087985,27.701404810279,28.221490087985,47397030.998098
2007-03-27,28.038282664665,28.158252298401,27.648186176658,27.723915381468,58982129.928554
2007-03-28,27.617738352044,28.001849370255,27.401610844846,27.638036901787,49025483.847934
2007-03-29,27.84154287485,27.84154287485,27.48631825435,27.751630709002,42625475.90955
2007-03-30,27.770888307475,27.947719904274,27.498809669576,27.871600342738,47060914.848631
2007-04-02,27.861451067867,27.929633375977,27.559705318805,27.742912742125,41905786.257491
2007-04-03,27.832694789064,28.057540263139,27.751630709002,27.871600342738,39821235.476709
2007-04-04,28.001849370255,28.781651989542,27.905951734611,28.503587881847,63245831.185919
2007-04-05,28.33039961449,28.648670464945,28.303725238225,28.547828310774,30131191.129108
2007-04-09,28.547828310774,28.716982891964,28.38830252882,28.567736503791,31384525.895021
2007-04-10,28.494739796062,28.638651308982,28.221490087985,28.398712041509,38643071.068629
2007-04-11,28.292404893176,28.567736503791,27.98922783612,28.106595091684,44050113.041233
2007-04-12,28.057540263139,28.617181689062,28.038282664665,28.541322365343,43764447.635642
2007-04-13,28.410162505467,28.696944580038,28.096445816813,28.607162533099,36004739.832708
2007-04-16,28.598314447314,28.748471667847,28.210169742936,28.727132166836,30742954.085502
2007-04-17,28.617181689062,28.888739851327,28.559278774731,28.85100536783,33170155.503867
2007-04-18,28.607162533099,28.671311155043,28.36305946055,28.598314447314,41766231.088039
2007-04-19,28.33039961449,28.888739851327,28.260785998385,28.687836256436,43649099.198812
2007-04-20,29.00246377745,29.09966260218,28.696944580038,29.022762327193,60640891.057629
2007-04-23,28.960825726695,28.992444621487,28.671311155043,28.781651989542,41979493.95374
2007-04-24,28.781651989542,28.960825726695,28.587904934625,28.791410907688,34236650.290616
2007-04-25,28.85100536783,29.00246377745,28.687836256436,28.992444621487,39474914.729947
2007-04-26,29.00246377745,29.350141501251,28.906566141806,29.09966260218,68978335.939525
2007-04-27,30.103009506456,30.735907877926,29.999564974113,30.122006867113,128298894.73246
2007-04-30,30.103009506456,30.368191842199,29.941011465239,29.941011465239,67788373.677782
2007-05-01,29.919932202045,30.417506908562,29.899503533393,30.190319294132,73559567.729844
2007-05-02,30.300009534089,30.691797567907,30.300009534089,30.612164795839,80705214.108182
2007-05-03,30.589263867924,31.002651640572,30.53357297504,30.970902626872,82036776.732842
2007-05-04,30.652371538599,30.700645653693,30.28868918904,30.559206400036,104388222.07021
2007-05-07,30.503905863878,30.754905238582,30.481915768323,30.710794928564,59888562.207301
2007-05-08,30.578203760693,30.937071710633,30.578203760693,30.746057152797,60551619.629027
2007-05-09,30.632593464491,30.925361008859,30.570526745085,30.767526772717,51733097.595626
2007-05-10,30.670197829079,30.925361008859,30.53357297504,30.578203760693,55398551.269545
2007-05-11,30.559206400036,30.979620593748,30.552700454606,30.887626525362,43517816.615333
2007-05-14,30.838181340091,30.9925023657,30.809164823472,30.970902626872,70188457.287062
2007-05-15,30.879949509755,31.090872260608,30.838181340091,30.898816751503,75013856.209427
2007-05-16,31.023991141584,31.090872260608,30.809164823472,31.072265256677,45834600.539328
2007-05-17,31.002651640572,31.141488516057,30.959582281823,30.979620593748,41726330.819767
2007-05-18,30.937071710633,30.9925023657,30.578203760693,30.829463373215,58306968.349033
2007-05-21,30.829463373215,31.160485876713,30.730703121581,31.050405280031,41836395.312474
2007-05-22,30.898816751503,30.925361008859,30.662520813471,30.691797567907,39999449.076758
2007-05-23,30.800316737686,30.838181340091,30.570526745085,30.578203760693,46322441.709175
2007-05-24,30.53357297504,30.800316737686,29.960269063713,30.17366407383,64046359.009448
2007-05-25,30.218034621666,30.662520813471,30.181341089438,30.481915768323,47725916.945418
2007-05-29,30.481915768323,30.829463373215,30.387319321765,30.788996392638,42371244.272795
2007-05-30,30.53357297504,31.131469360094,30.513404544206,31.109869621265,57377042.464336
2007-05-31,31.102192605657,31.160485876713,30.612164795839,30.691797567907,85290447.639286
2007-06-01,30.800316737686,30.898816751503,30.552700454606,30.589263867924,39212212.636334
2007-06-04,30.397338477728,30.754905238582,30.397338477728,30.710794928564,41434461.76618
2007-06-05,30.54385236882,30.632593464491,30.329156169617,30.578203760693,44266296.4812
2007-06-06,30.368191842199,30.53357297504,30.247051138285,30.28868918904,38217403.305387
2007-06-07,30.020774356216,30.28868918904,29.593854217073,29.625212874048,71971333.324667
2007-06-08,29.560934133195,30.058638958621,29.410776912662,30.05122218083,61346169.377371
2007-06-11,30.05122218083,30.247051138285,29.931252547094,30.020774356216,48484855.474797
2007-06-12,29.949859551025,30.239374122677,29.770685813872,29.850448704848,56981740.758631
2007-06-13,29.970418338585,30.407487752599,29.850448704848,30.387319321765,64436280.21004
2007-06-14,30.397338477728,30.710794928564,30.300009534089,30.524855008163,58679153.194952
2007-06-15,30.879949509755,30.879949509755,30.427656183433,30.492195162103,100932974.55255
2007-06-18,30.632593464491,30.720814084527,30.417506908562,30.513404544206,45412552.23032
2007-06-19,30.407487752599,30.662520813471,30.377039927985,30.459405197134,46802563.540045
2007-06-20,30.492195162103,30.513404544206,29.960269063713,30.010364843527,46863954.960911
2007-06-21,29.949859551025,30.300009534089,29.909913046082,30.218034621666,56564791.978079
2007-06-22,30.020774356216,30.103009506456,29.449422228518,29.489108495644,86219895.467928
2007-06-25,29.471282205165,29.770685813872,29.377726709875,29.489108495644,53905799.8558
2007-06-26,29.530746546398,29.798531260314,29.496525273435,29.519035844624,48308487.614365
2007-06-27,29.36887862409,29.949859551025,29.361201608482,29.867884638602,53471542.913169
2007-06-28,29.841600619063,29.970418338585,29.679862815663,29.830020036197,46055164.049211
2007-06-29,29.867884638602,29.931252547094,29.041629568941,29.471282205165,71185410.746922
2007-07-02,29.708749213374,29.798531260314,29.489108495644,29.738025967811,47322803.297162
2007-07-03,29.798531260314,30.218034621666,29.778362829479,30.020774356216,35202522.9833
2007-07-05,30.05122218083,30.218034621666,29.830020036197,29.99045665051,47662657.623395
2007-07-06,29.941011465239,30.041333143776,29.661906406275,29.970418338585,52548233.039391
2007-07-09,29.860467860811,29.949859551025,29.808420297368,29.867884638602,33821662.806277
2007-07-10,29.698599938503,29.99045665051,29.180726682243,29.32867188133,65983840.27604
2007-07-11,29.219762354825,29.651757131404,29.209873317771,29.489108495644,47970366.637088
2007-07-12,29.549874025964,30.111727473333,29.438232002378,30.070089422579,54276943.109378
2007-07-13,29.941011465239,30.020774356216,29.661906406275,29.818569572239,42164997.908687
2007-07-16,29.770685813872,30.239374122677,29.715125039896,30.02975256091,48007001.244272
2007-07-17,30.010364843527,30.879949509755,30.010364843527,30.767526772717,77523559.497665
2007-07-18,30.513404544206,30.970902626872,30.503905863878,30.91781411216,64413219.545586
2007-07-19,31.041557194246,31.840227055281,30.925361008859,31.507903362697,120901992.69547
2007-07-20,31.199651668204,31.199651668204,30.788996392638,31.160485876713,98285509.596571
2007-07-23,31.238687340787,31.516751448482,31.120018896136,31.19067346351,48750255.7358
2007-07-24,31.014102104529,31.4777157759,30.710794928564,30.800316737686,59729259.5235
2007-07-25,30.959582281823,31.298281800929,30.368191842199,30.710794928564,54957799.412976
2007-07-26,30.218034621666,30.53357297504,29.507585380666,29.980697732365,86996920.187699
2007-07-27,29.931252547094,29.999564974113,29.361201608482,29.387745865838,68710879.404282
2007-07-30,29.361201608482,29.489108495644,28.950676451824,29.399196329796,67187136.661002
2007-07-31,29.691053041803,29.708749213374,28.982295346616,28.992444621487,66235120.470671
2007-08-01,28.982295346616,29.549874025964,28.821988851211,29.297963818899,80001957.237401
2007-08-02,29.279486933876,29.788512104351,29.022762327193,29.519035844624,47938250.609441
2007-08-03,29.496525273435,29.778362829479,28.895245796757,28.960825726695,61454984.11757
2007-08-06,29.051908962721,29.53712237292,28.748471667847,29.53712237292,59527956.765589
2007-08-07,29.308243212679,29.788512104351,29.051908962721,29.549874025964,49162940.794518
2007-08-08,29.606475751208,30.010364843527,29.209873317771,29.999564974113,52877469.61392
2007-08-09,29.643039164527,30.103009506456,28.916845535586,29.297963818899,72781521.204816
2007-08-10,28.895245796757,29.051908962721,28.260785998385,28.706963736001,76309415.830775
2007-08-13,28.916845535586,28.992444621487,28.441521162441,28.628502034111,55098030.509371
2007-08-14,28.748471667847,28.888739851327,28.20041082479,28.271065392165,42484509.524946
2007-08-15,28.137042916298,28.992444621487,28.047390988267,28.096445816813,48112155.373093
2007-08-16,27.851431911904,28.351739115502,27.50778787427,27.811095050235,81064618.077884
2007-08-17,28.085255590672,28.250636723513,27.819813017112,28.250636723513,77446960.51204
2007-08-20,28.180112275048,28.494739796062,28.077708693973,28.260785998385,49298200.582792
2007-08-21,28.096445816813,28.322722598882,27.871600342738,28.066128111107,49743564.413954
2007-08-22,28.20041082479,28.322722598882,28.011998645126,28.221490087985,43934416.351644
2007-08-23,28.221490087985,28.33039961449,28.096445816813,28.303725238225,33886095.106908
2007-08-24,28.210169742936,28.843458471131,28.066128111107,28.811709457431,45145705.137404
2007-08-27,28.598314447314,28.768900336499,28.398712041509,28.494739796062,32780706.027465
2007-08-28,28.260785998385,28.494739796062,27.914799820396,27.929633375977,43838338.956073
2007-08-29,28.077708693973,28.607162533099,27.819813017112,28.587904934625,45754769.134922
2007-08-30,28.417579283257,28.927645405,28.322722598882,28.450239129318,33559227.442618
2007-08-31,28.450239129318,28.916845535586,28.36305946055,28.727132166836,42507462.547637
2007-09-04,28.523365955955,29.09966260218,28.483289332104,28.811709457431,45659748.369878
2007-09-05,28.648670464945,28.727132166836,28.417579283257,28.483289332104,47668798.744191
2007-09-06,28.598314447314,29.012482933413,28.547828310774,28.906566141806,45406186.328198
2007-09-07,28.587904934625,28.834480266437,28.322722598882,28.441521162441,52129102.138715
2007-09-10,28.587904934625,28.748471667847,28.410162505467,28.483289332104,37247596.939504
2007-09-11,28.628502034111,28.950676451824,28.577755659754,28.927645405,34350455.334541
2007-09-12,28.811709457431,29.170577407372,28.801299944742,28.927645405,42364675.750888
2007-09-13,29.062058237592,29.257757076139,28.960825726695,29.158996824505,35288555.661252
2007-09-14,28.992444621487,29.10994199596,28.877419506278,29.041629568941,33498478.706389
2007-09-17,28.748471667847,28.877419506278,28.617181689062,28.716982891964,39514633.74849
2007-09-18,28.696944580038,28.960825726695,28.271065392165,28.927645405,77426658.167728
2007-09-19,28.843458471131,28.906566141806,28.303725238225,28.671311155043,94208159.973017
2007-09-20,28.417579283257,28.577755659754,28.341719959539,28.417579283257,67139262.987534
2007-09-21,28.648670464945,28.811709457431,28.441521162441,28.638651308982,135035663.87939
2007-09-24,28.811709457431,29.615453955902,28.801299944742,29.079364052437,104408199.90627
2007-09-25,29.15014873872,29.560934133195,29.10994199596,29.549874025964,75499879.34158
2007-09-26,29.651757131404,29.850448704848,29.477788150595,29.496525273435,60335505.048129
2007-09-27,29.671014729878,29.715125039896,29.438232002378,29.489108495644,40947402.582073
2007-09-28,29.489108495644,29.691053041803,29.231082699874,29.461132930293,45796359.220557
2007-10-01,29.471282205165,29.788512104351,29.410776912662,29.770685813872,43853783.17441
2007-10-02,29.770685813872,29.850448704848,29.572254478244,29.698599938503,33700817.516254
2007-10-03,29.572254478244,29.850448704848,29.288985614205,29.449422228518,37601952.035691
2007-10-04,29.496525273435,29.770685813872,29.438232002378,29.708749213374,37850545.935183
2007-10-05,29.726445384945,29.99045665051,29.726445384945,29.841600619063,45012114.587917
2007-10-08,29.615453955902,29.850448704848,29.606475751208,29.841600619063,30264658.998645
2007-10-09,29.999564974113,30.387319321765,29.999564974113,30.091819280316,63542066.062716
2007-10-10,30.02975256091,30.368191842199,30.02975256091,30.229094728897,32232750.891189
2007-10-11,30.278670033077,30.632593464491,29.788512104351,29.909913046082,50633875.755935
2007-10-12,29.999564974113,30.397338477728,29.949859551025,30.17366407383,31095236.286297
2007-10-15,30.091819280316,30.329156169617,29.999564974113,30.041333143776,47133985.400629
2007-10-16,30.256159461888,30.578203760693,30.229094728897,30.321609272918,55937585.594831
2007-10-17,30.754905238582,31.227497114646,30.652371538599,31.082154293731,86085472.277755
2007-10-18,31.014102104529,31.227497114646,30.632593464491,31.160485876713,49201953.018259
2007-10-19,31.060684673811,31.090872260608,30.111727473333,30.17366407383,75123513.879597
2007-10-22,30.122006867113,30.700645653693,30.122006867113,30.513404544206,58635072.310615
2007-10-23,30.746057152797,31.120018896136,30.710794928564,30.898816751503,49881584.105336
2007-10-24,30.81957433616,31.298281800929,30.503905863878,31.250007685836,77858750.402873
2007-10-25,31.568408655199,32.222906765498,31.487734931862,31.990774632541,166821180.66381
2007-10-26,35.920886148136,36.028494485555,34.559061650645,35.030482456532,287268927.49982
2007-10-29,34.82684636456,35.289419084662,34.453144859038,34.569080806608,114645202.12089
2007-10-30,34.569080806608,35.592596141718,34.348138899792,35.572557829793,107289724.74949
2007-10-31,35.515695866731,37.001393565217,35.505676710768,36.815583763725,185611774.79205
2007-11-01,36.499915291442,37.490250304857,36.359516989054,37.05812540937,152063788.79016
2007-11-02,37.212576553888,37.49935862846,36.419111449196,37.05812540937,96395335.301227
2007-11-05,36.650072511975,37.098592389947,36.63094503241,36.728664332775,75381120.402171
2007-11-06,36.598545424167,36.661653094842,35.867927752333,36.408832055416,100923770.39046
2007-11-07,36.028494485555,36.157312205077,35.452458077148,35.515695866731,74861552.614578
2007-11-08,35.460265211664,35.900977955119,34.399926225418,34.737454674347,133738687.50251
2007-11-09,34.149967801982,34.542796787069,33.653173808916,33.72669099228,125109512.86813
2007-11-12,33.289361340449,33.710035771978,33.019234486178,33.379403625205,84718991.773705
2007-11-13,33.528129537744,34.666539869155,33.379403625205,34.461732707006,104260830.41981
2007-11-14,34.600959939217,34.748644900487,33.749461801286,33.929936727526,83832270.601061
2007-11-15,33.799947937826,34.100392497802,33.548428087487,33.757789411437,63104867.967248
2007-11-16,33.948803969274,34.25952792303,33.710035771978,34.091934768743,71112219.889425
2007-11-19,33.948803969274,34.242222108185,33.871903694286,33.960254433231,63001032.450007
2007-11-20,34.130710203508,34.97362049347,34.100392497802,34.578059011302,98492184.153272
2007-11-21,34.411116451558,34.729777658739,34.178854199693,34.23051140641,89512366.480513
2007-11-23,34.287633607289,34.445597962339,33.710035771978,34.110541772674,33468113.440334
2007-11-26,34.017116396293,34.368307330626,32.929192201422,32.96861823073,80316128.714209
2007-11-27,33.289361340449,33.600215413113,32.681445799432,33.058140039852,84072532.553321
2007-11-28,33.389292662259,33.892072125121,32.900305803711,33.698455189112,88300383.563687
2007-11-29,33.509392414905,33.929936727526,33.3097900091,33.591237208419,53606486.108026
2007-11-30,33.901831043266,34.11925973955,33.193333585896,33.600215413113,70825770.123646
2007-12-03,33.578485555375,33.640422155873,32.681445799432,32.91813209419,61711470.690933
2007-12-04,32.761208690409,33.240176392995,32.62835728472,32.77135796528,54801431.550146
2007-12-05,33.121377829436,34.521327167149,33.029253642141,34.149967801982,84872558.576292
2007-12-06,34.25952792303,34.61097909518,33.871903694286,34.549042494682,49208040.318173
2007-12-07,34.600959939217,34.700761142119,34.221923558442,34.531346323112,40766676.813264
2007-12-10,34.58950947526,34.953321943727,34.471881981878,34.758794175358,36075495.295349
2007-12-11,34.737454674347,34.99235761631,33.929936727526,34.100392497802,55069654.241455
2007-12-12,34.600959939217,35.091247986852,33.929936727526,34.471881981878,63309828.170601
2007-12-13,34.482031256749,35.452458077148,34.279956591681,35.217463328202,73912560.682859
2007-12-14,35.05312314663,35.836569095358,35.011485095875,35.308416445319,71119095.506946
2007-12-17,35.030482456532,35.130153540526,34.358158055755,34.388735999277,55913800.722936
2007-12-18,34.58950947526,35.000164750826,34.211644164662,34.737454674347,51978264.371386
2007-12-19,34.677860214204,35.13535829687,34.378716843315,34.790543189059,58447398.107798
2007-12-20,35.289419084662,35.788555218082,35.083570971244,35.515695866731,59337737.943188
2007-12-21,35.867927752333,36.061284450524,35.75043037786,36.061284450524,83237550.659756
2007-12-24,36.072604795573,36.719686128081,36.051135175653,36.576555328612,29622579.056692
2007-12-26,36.408832055416,36.642395496368,36.262188045415,36.610126007033,30244149.285644
2007-12-27,36.302785144901,36.546888217449,35.941314816788,35.970331333407,33311057.778305
2007-12-28,36.051135175653,36.229528199354,35.669626535614,36.122049980844,32825917.150301
2007-12-31,35.911257348899,35.989198575156,35.515695866731,35.603916486767,34696827.527734
2008-01-02,35.788555218082,35.961873604348,35.000164750826,35.217463328202,63004175.431148
2008-01-03,35.217463328202,35.65323155313,34.856123118997,35.370222926907,49598304.231138
2008-01-04,35.187015503587,35.198596086453,34.091934768743,34.378716843315,72090324.168753
2008-01-07,34.501028617406,34.800562345022,34.252111145239,34.61097909518,80163178.477315
2008-01-08,34.61839587297,34.71195136826,33.400352769491,33.448626884585,79136792.119001
2008-01-09,33.349866632951,34.542796787069,33.349866632951,34.445597962339,74285298.775773
2008-01-10,34.171307302993,34.501028617406,33.778218080089,34.33057284713,72445504.782274
2008-01-11,33.991873328023,34.242222108185,33.72018504685,33.91080924796,55167675.520605
2008-01-14,34.453144859038,34.569080806608,34.078922877882,34.388735999277,52790007.516693
2008-01-15,34.378716843315,34.378716843315,33.999420224722,33.999420224722,61564934.63665
2008-01-16,33.3097900091,33.653173808916,32.511120148064,33.231328307209,120778478.52295
2008-01-17,33.710035771978,33.799947937826,32.96861823073,33.111228554564,94241063.526795
2008-01-18,33.099778090607,33.999420224722,32.96861823073,33.008955092398,114732463.1813
2008-01-22,31.53939213858,32.534021075979,31.496713136556,31.990774632541,108692759.12939
2008-01-23,31.580119356974,32.047376357785,31.041557194246,31.932611480393,137518449.60388
2008-01-24,32.372153153671,33.360146026731,32.11803092516,33.250195548958,155071230.74992
2008-01-25,34.856123118997,35.000164750826,32.870898930365,32.936739098121,196474690.1058
2008-01-28,33.008955092398,33.099778090607,32.416393582598,32.722173017826,80972608.116218
2008-01-29,32.881178324145,32.890026409931,32.350813652659,32.59842993574,68002463.643782
2008-01-30,32.579432575083,32.798032341545,32.047376357785,32.200396194308,106140288.8195
2008-01-31,31.961237640287,32.740910140666,31.720387540454,32.59842993574,103346047.19823
2008-02-01,31.102192605657,33.250195548958,30.247051138285,30.440277717568,290960192.2435
2008-02-04,30.481915768323,30.720814084527,30.111727473333,30.190319294132,119965662.91745
2008-02-05,29.909913046082,29.941011465239,28.888739851327,29.070776204469,137505008.6304
2008-02-06,29.350141501251,29.350141501251,28.280954429219,28.523365955955,137792076.54481
2008-02-07,28.38830252882,28.781651989542,27.905951734611,28.115443177469,164882029.36694
2008-02-08,28.303725238225,29.079364052437,28.240747686459,28.559278774731,124842934.08813
2008-02-11,28.532474279558,28.607162533099,27.914799820396,28.210169742936,156783823.84056
2008-02-12,28.398712041509,28.617181689062,28.106595091684,28.341719959539,84336353.804661
2008-02-13,28.671311155043,29.051908962721,28.532474279558,28.960825726695,88981942.704674
2008-02-14,28.895245796757,29.041629568941,28.460648642006,28.503587881847,68190833.560632
2008-02-15,28.460648642006,28.638651308982,28.250636723513,28.417579283257,67654562.304388
2008-02-19,28.811709457431,28.843458471131,28.066128111107,28.171003951445,68260639.243023
2008-02-20,28.148493380256,28.260785998385,27.919744338923,28.221490087985,92829471.626833
2008-02-21,28.617181689062,28.960825726695,27.956307752242,28.096445816813,98771341.981197
2008-02-22,28.115443177469,28.38830252882,27.200967487773,27.678373763455,125689927.53591
2008-02-25,27.648186176658,28.240747686459,27.477600287473,27.84154287485,109927822.49776
2008-02-26,27.669395558761,28.860764285976,27.669395558761,28.376982183771,108237455.84792
2008-02-27,28.210169742936,28.680419478645,28.096445816813,28.260785998385,75187177.649709
2008-02-28,28.02097684982,28.271065392165,27.801986726633,27.929633375977,82968369.481881
2008-02-29,27.606287888086,27.832694789064,27.020102204807,27.190818212901,117389182.95433
2008-03-03,27.200967487773,27.391591688883,26.869944984274,26.988483310016,76489303.418514
2008-03-04,27.020102204807,27.627887626915,26.962069171568,27.587550765247,86901063.616041
2008-03-05,27.723915381468,28.410162505467,27.701404810279,28.106595091684,106433352.22174
2008-03-06,28.096445816813,28.171003951445,27.498809669576,27.568423285681,91126763.374149
2008-03-07,27.31989617024,28.066128111107,27.31989617024,27.871600342738,77588689.886781
2008-03-10,27.851431911904,28.260785998385,27.751630709002,28.047390988267,72533442.561109
2008-03-11,28.376982183771,29.339731988562,28.376982183771,29.279486933876,98750840.183022
2008-03-12,29.410776912662,29.489108495644,28.541322365343,28.628502034111,75992557.267346
2008-03-13,28.503587881847,28.992444621487,28.158252298401,28.617181689062,84554738.360349
2008-03-14,28.696944580038,29.012482933413,27.638036901787,27.956307752242,105202583.44308
2008-03-17,27.361273983178,28.727132166836,27.281511092201,28.303725238225,84493816.289231
2008-03-18,28.73702120389,29.477788150595,28.671311155043,29.421056306442,83326665.37462
2008-03-19,29.471282205165,29.593854217073,28.617181689062,28.617181689062,61448201.895106
2008-03-20,28.687836256436,29.219762354825,28.587904934625,29.180726682243,60173119.535934
2008-03-24,29.297963818899,29.399196329796,29.062058237592,29.170577407372,48294616.865307
2008-03-25,29.32867188133,29.36887862409,28.93792479878,29.141691009661,49170303.174416
2008-03-26,29.041629568941,29.070776204469,28.376982183771,28.559278774731,45856918.792221
2008-03-27,28.450239129318,28.494739796062,28.001849370255,28.047390988267,47690553.460802
2008-03-28,28.231769481765,28.428769509397,27.832694789064,27.914799820396,49247168.889995
2008-03-31,27.851431911904,28.587904934625,27.84154287485,28.376982183771,46722234.292491
2008-04-01,28.843458471131,29.53712237292,28.628502034111,29.489108495644,65750309.891303
2008-04-02,29.560934133195,29.583574823293,29.00246377745,29.158996824505,49496817.045563
2008-04-03,29.079364052437,29.317091298464,28.801299944742,29.00246377745,38906148.32544
2008-04-04,29.15014873872,29.257757076139,28.73702120389,29.158996824505,43808997.078238
2008-04-07,29.549874025964,29.593854217073,29.03148029407,29.158996824505,44381588.722699
2008-04-08,28.916845535586,29.00246377745,28.541322365343,28.748471667847,44728353.491727
2008-04-09,28.696944580038,29.041629568941,28.541322365343,28.888739851327,45839236.258428
2008-04-10,28.834480266437,29.399196329796,28.801299944742,29.10994199596,65589520.009927
2008-04-11,28.843458471131,29.012482933413,28.210169742936,28.280954429219,49011017.11177
2008-04-14,28.20041082479,28.312443205102,27.929633375977,28.057540263139,43346196.864663
2008-04-15,28.096445816813,28.483289332104,28.029694816697,28.250636723513,34029420.903949
2008-04-16,28.532474279558,29.051908962721,28.376982183771,28.950676451824,54056823.621761
2008-04-17,29.119961151923,29.339731988562,28.895245796757,29.219762354825,48728038.001318
2008-04-18,29.99045665051,30.103009506456,29.615453955902,29.999564974113,73570582.806286
2008-04-21,30.199037261009,30.600584212973,30.122006867113,30.417506908562,54349107.412722
2008-04-22,30.632593464491,30.700645653693,29.970418338585,30.247051138285,67347897.257485
2008-04-23,30.449125803354,31.45715698834,30.300009534089,31.448569140371,98351421.971427
2008-04-24,31.631646444783,32.097862494325,31.160485876713,31.800020312522,116451424.5485
2008-04-25,30.05122218083,30.387319321765,29.606475751208,29.830020036197,145194879.88307
2008-04-28,29.798531260314,29.830020036197,28.821988851211,28.992444621487,97432450.218941
2008-04-29,28.801299944742,28.895245796757,28.450239129318,28.638651308982,84401823.740216
2008-04-30,28.73702120389,29.209873317771,28.514647989079,28.523365955955,74602960.694996
2008-05-01,28.503587881847,29.489108495644,28.483289332104,29.399196329796,71668343.92733
2008-05-02,29.593854217073,29.625212874048,28.860764285976,29.23993078566,65956367.882328
2008-05-05,29.931252547094,30.229094728897,28.992444621487,29.079364052437,119592593.19293
2008-05-06,29.00246377745,29.860467860811,28.927645405,29.698599938503,93531639.41626
2008-05-07,29.691053041803,30.14100422777,29.530746546398,29.635492267828,51708395.394308
2008-05-08,29.279486933876,29.387745865838,29.00246377745,29.270638848091,69585498.002096
2008-05-09,29.209873317771,29.549874025964,28.950676451824,29.387745865838,51606791.069169
2008-05-12,29.399196329796,30.058638958621,29.350141501251,29.99045665051,64278789.232064
2008-05-13,30.020774356216,30.13072483399,29.530746546398,29.778362829479,70907295.302831
2008-05-14,29.949859551025,30.256159461888,29.726445384945,29.931252547094,66730333.518219
2008-05-15,29.949859551025,30.53357297504,29.941011465239,30.449125803354,53355109.352403
2008-05-16,30.481915768323,30.481915768323,29.919932202045,29.99045665051,81537753.483526
2008-05-19,29.888053069436,29.888053069436,29.308243212679,29.461132930293,59614992.253187
2008-05-20,29.279486933876,29.308243212679,28.628502034111,28.758751061627,75725470.354916
2008-05-21,28.801299944742,29.051908962721,28.19013143101,28.250636723513,60094977.157404
2008-05-22,28.280954429219,28.696944580038,28.180112275048,28.471838868147,52198385.441969
2008-05-23,28.250636723513,28.33039961449,27.947719904274,28.047390988267,48893592.613611
2008-05-27,28.047390988267,28.503587881847,28.047390988267,28.441521162441,47246755.975567
2008-05-28,28.559278774731,28.567736503791,28.038282664665,28.180112275048,52035977.768236
2008-05-29,28.158252298401,28.680419478645,28.137042916298,28.312443205102,47670922.294531
2008-05-30,28.33039961449,28.696944580038,28.20041082479,28.322722598882,63363255.684077
2008-06-02,28.240747686459,28.36305946055,27.549425925025,27.801986726633,77028258.595448
2008-06-03,27.947719904274,28.312443205102,27.271361817329,27.308185468466,86615626.157702
2008-06-04,27.248981365049,27.638036901787,27.200967487773,27.539406769062,79563984.279553
2008-06-05,27.712204679693,28.303725238225,27.598740991387,28.303725238225,76019671.119013
2008-06-06,27.977647253254,28.171003951445,27.48631825435,27.48631825435,78466606.596505
2008-06-09,27.606287888086,27.914799820396,27.298166312503,27.712204679693,66771462.960433
2008-06-10,27.349693400311,28.292404893176,27.31989617024,27.894501270653,77419799.962841
2008-06-11,27.851431911904,27.937310391585,27.111315559742,27.120033526618,58102141.114915
2008-06-12,27.401610844846,28.547828310774,27.190818212901,28.240747686459,113936120.72273
2008-06-13,28.607162533099,29.572254478244,28.503587881847,29.070776204469,131895953.14765
2008-06-16,29.012482933413,29.10994199596,28.638651308982,28.927645405,74718895.62113
2008-06-17,29.00246377745,29.119961151923,28.791410907688,28.801299944742,44252458.974451
2008-06-18,28.559278774731,28.860764285976,28.460648642006,28.460648642006,49677537.273987
2008-06-19,28.514647989079,29.192047027292,28.33039961449,28.927645405,62037793.814546
2008-06-20,28.906566141806,28.916845535586,28.096445816813,28.231769481765,97476161.480454
2008-06-23,28.280954429219,28.410162505467,27.793398878665,27.967888335108,57145099.004098
2008-06-24,27.905951734611,28.011998645126,27.50778787427,27.732763467253,65216930.715918
2008-06-25,27.801986726633,28.671311155043,27.760478794787,28.351739115502,64241723.26635
2008-06-26,27.947719904274,28.20041082479,27.751630709002,27.751630709002,67028745.766239
2008-06-27,27.678373763455,27.914799820396,27.462506494075,27.627887626915,72795726.751413
2008-06-30,27.648186176658,27.977647253254,27.48631825435,27.50778787427,57825438.468945
2008-07-01,27.218273302617,27.383003840915,23.186799157216,26.869944984274,100166410.07926
2008-07-02,26.881135210414,26.998502465979,25.879219614133,25.879219614133,84653854.261243
2008-07-03,25.943758592802,26.097819380594,25.598813366082,25.978890698126,37076423.585552
2008-07-07,26.097819380594,26.389936330419,25.446964599737,26.029767191392,71451581.912894
2008-07-08,25.898607331515,26.198921772582,25.512804767493,25.849032027336,65550906.69389
2008-07-09,25.748970586616,25.849032027336,25.181782263994,25.232398519442,54196192.001097
2008-07-10,25.181782263994,25.67102936036,24.979577480017,25.446964599737,56957246.717485
2008-07-11,25.109826507534,25.641752605923,24.869757121152,25.251525999008,68105522.71567
2008-07-14,25.424323909639,25.810777068205,25.071961905129,25.151594677197,51214078.306129
2008-07-15,24.931433483832,26.638203208043,24.931433483832,26.147264565865,92709746.28603
2008-07-16,26.06737155598,27.289188107809,25.919426356893,27.260301710098,82045055.650684
2008-07-17,27.580003868548,27.914799820396,27.111315559742,27.51806726805,96290311.767198
2008-07-18,26.280896685006,26.473212431928,25.109826507534,25.858660826573,150236306.32315
2008-07-21,25.67102936036,26.167302877791,25.531932247058,25.641752605923,77498287.4282
2008-07-22,25.558346385505,25.943758592802,25.480014802523,25.800757912242,88399719.496998
2008-07-23,25.919426356893,26.839367040751,25.849032027336,26.428841884093,77916672.751382
2008-07-24,26.076349760674,26.167302877791,25.435904492505,25.435904492505,81087441.297266
2008-07-25,25.661921036757,26.218829965599,25.502655492621,26.157283721828,58502103.075709
2008-07-28,25.93087682085,26.106667466379,25.340917689221,25.502655492621,59693264.435017
2008-07-29,25.52425523145,26.187601427534,25.39530739302,26.106667466379,66330511.650012
2008-07-30,26.176150963576,26.490648365682,25.898607331515,26.230410548466,51967230.299339
2008-07-31,25.849032027336,26.280896685006,25.709934914034,25.719954069997,59802628.464793
2008-08-01,25.95143560841,25.95143560841,25.071961905129,25.435904492505,82728051.334299
2008-08-04,25.359915049878,25.549238061903,25.109826507534,25.279111207633,60405900.385758
2008-08-05,25.67102936036,26.280896685006,25.502655492621,26.208940928545,84290409.768064
2008-08-06,26.7282454928,27.159199318109,26.382259314811,27.020102204807,95513990.676285
2008-08-07,26.902734949243,27.751630709002,26.7282454928,27.391591688883,82537270.558587
2008-08-08,27.308185468466,28.231769481765,27.190818212901,28.125722571249,80813489.848085
2008-08-11,27.861451067867,28.398712041509,27.659506521707,27.905951734611,68729270.315843
2008-08-12,27.732763467253,28.36305946055,27.580003868548,28.115443177469,62796399.920839
2008-08-13,28.057540263139,28.503587881847,27.760478794787,27.914799820396,51163296.722132
2008-08-14,27.801986726633,28.280954429219,27.559705318805,27.914799820396,49731700.075672
2008-08-15,27.977647253254,28.148493380256,27.580003868548,27.811095050235,47267365.415493
2008-08-18,27.781948414707,28.047390988267,27.549425925025,27.689824227413,38041604.521621
2008-08-19,27.51806726805,27.751630709002,27.271361817329,27.31989617024,40308893.813857
2008-08-20,27.498809669576,27.580003868548,27.170519663158,27.289188107809,41483217.152313
2008-08-21,27.020102204807,27.228682815306,26.858494520316,27.182100246024,43614125.915581
2008-08-22,27.218273302617,27.882009855427,27.218273302617,27.84154287485,47930291.450952
2008-08-25,27.606287888086,27.84154287485,27.462506494075,27.659506521707,51372942.508048
2008-08-26,27.549425925025,27.723915381468,27.170519663158,27.271361817329,44773525.831869
2008-08-27,27.31989617024,27.793398878665,27.129922563673,27.559705318805,33973074.399174
2008-08-28,27.606287888086,28.011998645126,27.598740991387,27.937310391585,48371898.901227
2008-08-29,27.701404810279,27.781948414707,27.289188107809,27.289188107809,50734592.036543
2008-09-02,27.669395558761,27.760478794787,27.059267996298,27.098563906698,66071679.119431
2008-09-03,26.998502465979,27.182100246024,26.839367040751,26.902734949243,57126920.210126
2008-09-04,26.654988547253,26.892325436554,26.354153630552,26.354153630552,66138691.656406
2008-09-05,26.029767191392,26.218829965599,25.631603331052,25.651771761886,82289630.396764
2008-09-08,26.208940928545,26.332944248449,25.67102936036,26.116946860159,62109670.017882
2008-09-09,26.187601427534,26.596955514014,26.051106692404,26.097819380594,85694116.908986
2008-09-10,26.552975322905,26.858494520316,26.249538028031,26.439121277873,75042028.274589
2008-09-11,26.439121277873,27.462506494075,26.029767191392,27.338503174171,72896649.609222
2008-09-12,27.200967487773,27.742912742125,26.942941692003,27.617738352044,75570239.853933
2008-09-15,26.934353844035,27.48631825435,26.7282454928,26.818027539739,82314160.05466
2008-09-16,26.097819380594,26.490648365682,25.52425523145,25.990341162084,111675562.99801
2008-09-17,25.709934914034,25.868940220353,24.499568826162,24.567751134273,103559792.86889
2008-09-18,24.796630294514,25.351197083001,24.007979589441,25.260243965885,132250783.92545
2008-09-19,26.249538028031,26.397222989301,23.499084537875,25.16161383316,134922705.72285
2008-09-22,26.198921772582,26.324226281572,25.318407118032,25.39530739302,105145160.52068
2008-09-23,25.683390656678,26.167302877791,25.340917689221,25.435904492505,92095581.177085
2008-09-24,25.512804767493,26.086499035545,25.458545182603,25.719954069997,80248122.073909
2008-09-25,25.821186580894,26.881135210414,25.738040598293,26.60853609688,96147398.333079
2008-09-26,26.230410548466,27.559705318805,26.136855053176,27.401610844846,100719478.9907
2008-09-29,26.869944984274,27.659506521707,25.008724115545,25.008724115545,134351646.39053
2008-09-30,25.790868875188,26.686737560954,25.540780332843,26.686737560954,107078400.22697
2008-10-01,26.324226281572,26.988483310016,26.280896685006,26.483231587891,88915705.82157
2008-10-02,26.270747410134,26.531115346259,25.699655520254,26.249538028031,93809335.374077
2008-10-03,26.389936330419,27.47135457986,26.240559823337,26.324226281572,114284905.35776
2008-10-06,25.641752605923,25.990341162084,24.138228616958,24.911525290815,146366032.53846
2008-10-07,24.998444721765,25.210928899522,23.137484090854,23.231169705052,145931503.32549
2008-10-08,22.852133324277,24.29879535018,22.496908703777,23.009967560418,171597615.24838
2008-10-09,23.698426705863,23.90804826763,22.072460823898,22.299908676144,131956450.19212
2008-10-10,21.787240176229,22.351826120679,20.651041866264,21.498896674754,228402658.09795
2008-10-13,22.914330162591,25.502655492621,22.629629990557,25.502655492621,144900995.71239
2008-10-14,25.651771761886,25.730233463777,23.601097762224,24.102836273817,165672785.53468
2008-10-15,23.791982201152,24.246747786737,22.478041462029,22.661248885349,113250077.82749
2008-10-16,22.933978117791,24.191187012761,21.308012235826,24.191187012761,161122382.81976
2008-10-17,23.478525750315,25.109826507534,23.308069980039,23.929778125368,133652407.8817
2008-10-20,24.201466406541,24.748226060512,23.009967560418,24.724414300237,93471773.184186
2008-10-21,24.29879535018,25.008724115545,23.270205377634,23.361158494751,100293057.73513
2008-10-22,23.04158645521,23.062925956222,20.902561716603,21.532987828809,149994607.82826
2008-10-23,21.554457448729,22.589293128888,20.892412441732,22.318775917892,154271821.29264
2008-10-24,21.060656190562,22.862152480239,20.946932264439,21.958606778866,153901762.37151
2008-10-27,21.667010304675,21.958606778866,21.021360280162,21.181666775567,117689298.47493
2008-10-28,21.639294977142,23.208268777137,21.342103389881,23.098448418272,134094248.02813
2008-10-29,23.118616849106,23.971155938305,22.70041467684,23.001119474633,111755846.33952
2008-10-30,23.640393672624,23.878120918651,22.394505122702,22.629629990557,95313515.01868
2008-10-31,22.551558645392,22.914330162591,22.116571133916,22.327754122586,90119744.618099
2008-11-03,22.460215171549,22.914330162591,22.210386867022,22.619740953503,61922624.252996
2008-11-04,23.126163745805,23.658089844194,22.872301755111,23.5266697465,72112647.170547
2008-11-05,23.330840789045,23.339558755922,22.048518944714,22.080137839505,81179399.021005
2008-11-06,21.922173484455,22.080137839505,20.86456699529,20.883694474855,95460112.808686
2008-11-07,21.308012235826,21.54313710368,21.001191849328,21.498896674754,71262785.386417
2008-11-10,21.849046657818,21.970187361732,21.193117239525,21.29916415004,67089167.619767
2008-11-11,21.29916415004,21.29916415004,20.787536601394,21.204567703482,78005823.874482
2008-11-12,20.86456699529,21.001191849328,20.279682501097,20.301282239926,90074055.439189
2008-11-13,20.110527919906,21.251150272764,18.741937239168,21.251150272764,148353425.54864
2008-11-14,20.499453337736,21.342103389881,19.651728648155,20.057439405194,96528287.123495
2008-11-17,19.670595889903,20.239345639428,19.148819066385,19.324739830823,97279613.955666
2008-11-18,19.465918846663,19.663048993204,18.754558773303,19.62036999118,108931448.40385
2008-11-19,19.602283462884,19.945927500517,18.250478121355,18.289904150664,103001607.80784
2008-11-20,18.101491970999,18.835622853365,17.499952256505,17.529229010941,139462574.58331
2008-11-21,17.999088389925,19.702084665786,17.981262099445,19.680745164774,157015950.92498
2008-11-24,19.894140174891,20.937823940836,19.867856155353,20.694111225013,125284950.73539
2008-11-25,20.853116531332,20.927934903782,19.54932506708,19.987825789089,92942424.242984
2008-11-26,19.831032504217,20.681229453061,19.729930112228,20.489304062864,79675934.877532
2008-11-28,20.248193725214,20.312472466066,20.020615754058,20.218786851868,31371936.557817
2008-12-01,19.894140174891,19.945927500517,18.600497985511,18.612208687286,79617103.11444
2008-12-02,18.988382452071,19.31563150722,18.560161123842,19.148819066385,79688471.976824
2008-12-03,18.600497985511,19.894140174891,18.600497985511,19.867856155353,80948377.639097
2008-12-04,19.35583824998,19.918342291892,18.786307787003,19.108482204716,78707880.85621
2008-12-05,18.950257611849,19.979107822212,18.469208006725,19.867856155353,91995267.761597
2008-12-08,20.399522015925,21.251150272764,20.141886576881,21.012772432194,107223567.80622
2008-12-09,20.566594694577,21.251150272764,20.458986357159,20.597953351552,80482753.412256
2008-12-10,20.808876102405,20.958122490579,20.301282239926,20.607972507515,61497368.852679
2008-12-11,20.100248526126,20.12145790823,19.31563150722,19.444449226742,83555645.520479
2008-12-12,19.200736510919,19.852632243045,18.704072636763,19.35583824998,78105439.992967
2008-12-15,19.334628867877,19.437292686769,18.888581249169,19.042642036961,59907301.37162
2008-12-16,19.176664512827,20.182353557458,18.997100418948,20.110527919906,97687629.261489
2008-12-17,19.76154900702,20.049762389587,19.49883893054,19.663048993204,78922602.426079
2008-12-18,19.852632243045,20.020615754058,18.988382452071,19.306783421435,80723608.18568
2008-12-19,19.417774850478,19.80448824686,19.108482204716,19.118631479588,113461646.12692
2008-12-22,19.285183682606,19.294031768391,18.888581249169,19.176664512827,58564577.246058
2008-12-23,19.334628867877,19.569493497914,19.007249693819,19.285183682606,47511360.004127
2008-12-24,19.264104419412,19.444449226742,19.099504000022,19.167686308133,16894072.134897
2008-12-26,19.200736510919,19.334628867877,19.090655914237,19.128650635551,23100922.472492
2008-12-29,19.148819066385,19.210625547974,18.642136036265,18.960667124538,58512704.997743
2008-12-30,18.997100418948,19.487518585491,18.997100418948,19.342175764576,43211921.681915
2008-12-31,19.306783421435,19.680745164774,19.275164526643,19.437292686769,46418974.999266
2009-01-02,19.539305911117,20.399522015925,19.366247762669,20.331209588906,50082977.883854
2009-01-05,20.200049729029,20.671340416007,20.057439405194,20.519882006387,61473019.653022
2009-01-06,20.777517445431,21.001191849328,20.607972507515,20.759691154952,58077675.567176
2009-01-07,20.133038491096,20.291132965054,19.477499429529,19.508858086503,72707383.733005
2009-01-08,19.680745164774,20.189900454157,19.54932506708,20.12145790823,69636945.223751
2009-01-09,20.189900454157,20.301282239926,19.407755694515,19.520308550461,49808807.193732
2009-01-12,19.729930112228,19.792126950543,19.306783421435,19.465918846663,52160153.620999
2009-01-13,19.54932506708,19.987825789089,19.520308550461,19.822054299523,65817129.306294
2009-01-14,19.49883893054,19.680745164774,19.007249693819,19.090655914237,80257069.795339
2009-01-15,19.090655914237,19.306783421435,18.518262835271,19.242374561674,96169745.870866
2009-01-16,19.641449254375,19.906891827935,19.148819066385,19.712103821749,79628324.768085
2009-01-20,19.49883893054,19.62036999118,18.369016447097,18.479357281597,89360696.072499
2009-01-21,18.888581249169,19.444449226742,18.460229802031,19.376266918632,68292073.803342
2009-01-22,18.018085750582,18.180994624159,17.069258669012,17.108294341595,222348496.0162
2009-01-23,16.979476622073,17.489933100542,16.752158888734,17.199247458711,116817609.94919
2009-01-26,17.261184059209,17.808073832088,17.229565164417,17.630201284021,92476264.973268
2009-01-27,17.828632619648,17.968900803128,17.430468759308,17.658046730463,61664384.54359
2009-01-28,17.808073832088,18.309942462589,17.761491262807,18.038384300324,64144646.227066
2009-01-29,17.751472106844,17.960052717342,17.560717786824,17.589734303444,48630325.40075
2009-01-30,17.740021642886,17.789336709249,17.099446255809,17.099446255809,62362738.965315
2009-02-02,17.043885481834,18.129337417441,17.002247431079,17.828632619648,88839601.51315
2009-02-03,17.847629980305,18.612208687286,17.600924529584,18.495622145173,86374274.332614
2009-02-04,18.538561385013,18.997100418948,18.495622145173,18.630555453399,75582143.766391
2009-02-05,18.495622145173,19.138669791513,18.250478121355,19.042642036961,75161657.845893
2009-02-06,19.099504000022,19.925889188592,19.061639397618,19.663048993204,86715622.979779
2009-02-09,19.719780837357,19.770266973897,19.264104419412,19.437292686769,52167053.774511
2009-02-10,19.253825025632,19.80448824686,18.704072636763,18.797628132052,83938812.200536
2009-02-11,18.988382452071,19.487518585491,18.921501333047,19.210625547974,58598924.465809
2009-02-12,18.960667124538,19.324739830823,18.538561385013,19.264104419412,75282484.931795
2009-02-13,19.294031768391,19.465918846663,19.042642036961,19.090655914237,47400672.613872
2009-02-17,18.486774059387,18.495622145173,17.891870409232,18.091342696128,75824047.255511
2009-02-18,18.202724481896,18.451251597337,17.999088389925,18.117756834575,54940345.617928
2009-02-19,18.380597029963,18.380597029963,17.808073832088,17.911908721157,48736153.082065
2009-02-20,17.789336709249,18.192314969208,17.658046730463,17.999088389925,69413719.163235
2009-02-23,18.038384300324,18.149505848276,17.16008166722,17.21056780376,70780289.104923
2009-02-24,17.023717050999,17.348363727976,16.35906966583,17.170361061001,122651617.71804
2009-02-25,17.002247431079,17.23867348802,16.461603365813,16.956835931975,105801168.1985
2009-02-26,17.052733567619,17.079277824975,16.421006266327,16.421006266327,83188769.154678
2009-02-27,16.275923683229,16.522238777224,16.102605296963,16.149448104062,93412601.874648
2009-03-02,15.951146887344,16.245475858615,15.721096656925,15.788107894858,80571513.542483
2009-03-03,15.993956008276,16.240271102271,15.637560317599,15.878930893066,79872646.239423
2009-03-04,15.890381357024,16.402269143488,15.890381357024,16.117829209271,68843638.104566
2009-03-05,15.809577514778,15.878930893066,15.271405708776,15.271405708776,89293207.853915
2009-03-06,15.350908361935,15.621425572931,14.868297329908,15.282726053825,92815063.460456
2009-03-09,15.210640178456,15.740094017582,15.099388511596,15.150004767044,66484236.749298
2009-03-10,15.371206911678,16.618136412868,15.249805969947,16.480210369744,95185058.031438
2009-03-11,16.659904582531,17.199247458711,16.432326611376,17.108294341595,84522558.222537
2009-03-12,17.023717050999,17.043885481834,16.480210369744,17.01239670595,93696641.573039
2009-03-13,16.979476622073,17.052733567619,16.180936879945,16.64975530766,82966671.749688
2009-03-16,16.820601434662,16.956835931975,16.240271102271,16.245475858615,67029351.251148
2009-03-17,16.380799523567,16.895940282746,16.255625133486,16.895940282746,62659272.231408
2009-03-18,16.820601434662,17.21811470046,16.596666792948,16.956835931975,70724673.139457
2009-03-19,17.348363727976,17.448164930879,16.915067762312,17.139913236386,58995089.680056
2009-03-20,17.331838626583,17.647897455592,16.878634467901,17.060410583227,81740370.895608
2009-03-23,17.458184086841,18.589047521553,17.309458174302,18.327508515251,71599967.664214
2009-03-24,18.026933836367,18.211442448773,17.840083083606,17.933248222169,50049583.610287
2009-03-25,17.999088389925,18.309942462589,17.520250806247,17.880159707457,73928671.330338
2009-03-26,18.202724481896,18.877130785211,18.117756834575,18.828075956666,63776873.901889
2009-03-27,18.518262835271,18.612208687286,18.049574526465,18.129337417441,47671018.06404
2009-03-30,17.740021642886,17.761491262807,17.27133333408,17.481085014756,49434294.594718
2009-03-31,17.789336709249,18.786307787003,17.781919931458,18.369016447097,92089921.27829
2009-04-01,18.289904150664,19.35583824998,18.180994624159,19.31563150722,96131139.678179
2009-04-02,19.477499429529,19.885292089106,18.997100418948,19.294031768391,99049583.271163
2009-04-03,19.070487483403,19.148819066385,18.429912096326,18.754558773303,81426797.780351
2009-04-06,18.630555453399,18.763536977997,18.26218882313,18.763536977997,47388452.107997
2009-04-07,18.763536977997,19.138669791513,18.630555453399,18.763536977997,65789248.507074
2009-04-08,18.978493415017,19.62036999118,18.960667124538,19.188114976784,56232002.433935
2009-04-09,19.437292686769,19.702084665786,19.219603752668,19.670595889903,55623615.154843
2009-04-13,19.651728648155,19.852632243045,19.366247762669,19.590963117835,44411646.101655
2009-04-14,19.417774850478,19.54932506708,18.997100418948,19.349592542367,63569604.941046
2009-04-15,19.242374561674,19.253825025632,18.506812371313,18.828075956666,72505640.118762
2009-04-16,19.188114976784,19.780546367677,18.988382452071,19.76154900702,67671294.266446
2009-04-17,19.691154677463,19.691154677463,18.997100418948,19.200736510919,61355489.096069
2009-04-20,18.89873052404,18.950257611849,18.571481468891,18.612208687286,62936583.528221
2009-04-21,18.612208687286,19.083109017538,18.571481468891,18.969515210323,60838937.652251
2009-04-22,18.734390342468,19.188114976784,18.704072636763,18.777589820126,59181133.426777
2009-04-23,18.845642009328,18.941539644972,18.469208006725,18.921501333047,85161856.891331
2009-04-24,19.831032504217,21.204567703482,19.49883893054,20.91127968348,167730611.8737
2009-04-27,20.499453337736,20.820456685272,20.279682501097,20.399522015925,68029983.526507
2009-04-28,20.200049729029,20.269272988408,19.792126950543,19.925889188592,74296577.416234
2009-04-29,20.110527919906,20.892412441732,20.057439405194,20.248193725214,76843934.742458
2009-04-30,20.597953351552,21.096699128246,20.010466479187,20.259383951354,83698518.588943
2009-05-01,20.173635590581,20.353069565552,19.860049020836,20.239345639428,63142746.786557
2009-05-04,20.389502859962,20.399522015925,19.979107822212,20.189900454157,54313367.18194
2009-05-05,20.12145790823,20.239345639428,19.641449254375,19.792126950543,66833869.854682
2009-05-06,20.049762389587,20.068499512426,19.611391786486,19.792126950543,59611637.94594
2009-05-07,19.967657358255,19.987825789089,19.138669791513,19.324739830823,68683625.460028
2009-05-08,19.49883893054,19.641449254375,19.138669791513,19.417774850478,67583966.721423
2009-05-11,19.158838222348,19.729930112228,19.007249693819,19.324739830823,63750028.363142
2009-05-12,19.49883893054,20.057439405194,19.465918846663,19.885292089106,71908721.43618
2009-05-13,19.979107822212,19.999016015229,19.670595889903,19.752961159052,49281391.055346
2009-05-14,19.822054299523,20.227895175471,19.80448824686,20.057439405194,54418556.136037
2009-05-15,20.068499512426,20.499453337736,19.979107822212,20.218786851868,61235993.285483
2009-05-18,20.331209588906,20.597953351552,20.239345639428,20.597953351552,46004308.065761
2009-05-19,20.447535893201,20.740693794295,20.248193725214,20.312472466066,51308925.736277
2009-05-20,20.312472466066,20.694111225013,20.218786851868,20.380654774177,47439163.249959
2009-05-21,20.12145790823,20.227895175471,19.508858086503,19.822054299523,58230751.649959
2009-05-22,19.936168582372,20.173635590581,19.465918846663,19.752961159052,37318360.316979
2009-05-26,19.49883893054,20.447535893201,19.444449226742,20.34292029068,44990127.175146
2009-05-27,20.248193725214,20.597953351552,20.068499512426,20.133038491096,42892383.155216
2009-05-28,20.323922930024,20.632174624516,20.049762389587,20.447535893201,45475440.346562
2009-05-29,20.499453337736,20.937823940836,20.301282239926,20.892412441732,46090975.513512
2009-06-01,21.042439543357,21.498896674754,20.86456699529,21.397664163857,57301527.019679
2009-06-02,21.415490454336,21.981507706781,21.204567703482,21.397664163857,48926355.283312
2009-06-03,21.308012235826,21.756401994889,21.291487134432,21.728946905173,55824630.604229
2009-06-04,21.766681388669,21.904607431793,21.583473965349,21.83109024843,42328963.222029
2009-06-05,21.904607431793,22.310188069924,21.810791698687,22.138300991653,58932742.147072
2009-06-08,21.937397396763,22.318775917892,21.628885464453,22.048518944714,48990300.030081
2009-06-09,22.048518944714,22.318775917892,21.883007692964,22.080137839505,47845734.889805
2009-06-10,22.138300991653,22.619740953503,22.116571133916,22.551558645392,61193983.713571
2009-06-11,22.589293128888,23.260056102763,22.570165649323,22.827801088367,65123614.806422
2009-06-12,22.901448390639,23.38275823358,22.739580468331,23.330840789045,50928230.067841
2009-06-15,23.231169705052,23.537990091549,23.021418024376,23.421793906162,69057813.550788
2009-06-16,23.507802504752,24.112855429779,23.444824952986,23.450940541691,105276925.90912
2009-06-17,23.559589830378,23.821389074497,23.165329537296,23.679819701932,86423172.185778
2009-06-18,23.601097762224,23.688277430991,23.298050824076,23.499084537875,58825778.686877
2009-06-19,24.062369293239,24.33900209294,23.750344150397,24.071347497933,115437237.32602
2009-06-22,23.90804826763,23.950336912928,23.249776708983,23.280354652505,71276304.716782
2009-06-23,23.371307769622,23.658089844194,23.208268777137,23.339558755922,56747646.837614
2009-06-24,23.421793906162,23.750344150397,23.361158494751,23.469547545621,54273888.774394
2009-06-25,23.433374489028,23.919498731588,23.196688194271,23.791982201152,57722553.523436
2009-06-26,23.570910175427,23.688277430991,23.319650562905,23.349708030794,65299239.463809
2009-06-29,23.601097762224,24.029449209362,23.549440555507,23.858863320177,62844264.887986
2009-06-30,23.980134142999,24.236858749683,23.632846775924,23.770382462323,66430753.831976
2009-07-01,24.071347497933,24.29879535018,23.961136782342,24.038297295147,54877451.169817
2009-07-02,23.770382462323,24.038297295147,23.208268777137,23.371307769622,65392807.856555
2009-07-06,23.177951071431,23.280354652505,22.872301755111,23.196688194271,48947271.818853
2009-07-07,23.052906800259,23.137484090854,22.460215171549,22.529828787655,52813825.630895
2009-07-08,22.26946085153,22.69013528306,22.003237564518,22.558845304274,73011193.107292
2009-07-09,22.641080454514,22.806591706264,22.371994551513,22.440176859624,46963782.4055
2009-07-10,22.188787128193,22.539847943617,22.149751455611,22.394505122702,43229129.325582
2009-07-13,22.394505122702,23.287901549205,22.138300991653,23.231169705052,67552998.34491
2009-07-14,23.186799157216,23.219849360003,22.862152480239,23.108337455326,45364729.211799
2009-07-15,23.679819701932,24.121703515565,23.559589830378,24.121703515565,67192028.029285
2009-07-16,23.919498731588,24.441535792923,23.858863320177,24.441535792923,64537677.166491
2009-07-17,24.450383878708,24.450383878708,24.102836273817,24.287214767314,52839878.894617
2009-07-20,24.392090607652,24.52871546169,24.148508010738,24.52871546169,47737577.872429
2009-07-21,24.70164349123,24.826687762403,24.372052295726,24.826687762403,51996336.315079
2009-07-22,24.671455904433,24.902547086121,24.509587982125,24.796630294514,66170283.72195
2009-07-23,24.931433483832,25.719954069997,24.835535848188,25.558346385505,104716013.39579
2009-07-24,23.579758261212,23.888270193522,22.806591706264,23.450940541691,215135604.40473
2009-07-27,23.450940541691,23.450940541691,22.901448390639,23.108337455326,80862807.18753
2009-07-28,23.001119474633,23.549440555507,22.901448390639,23.469547545621,70243289.683822
2009-07-29,23.730305838472,23.90804826763,23.339558755922,23.80343266511,73590116.620081
2009-07-30,24.201466406541,24.430085328966,23.709747050912,23.813581939981,67720830.055351
2009-07-31,23.750344150397,24.071347497933,23.499084537875,23.516520471629,54257581.047513
2009-08-03,23.791982201152,23.858863320177,23.499084537875,23.829846803557,46845108.946313
2009-08-04,23.632846775924,23.791982201152,23.5266697465,23.770382462323,49130908.664126
2009-08-05,23.929778125368,24.246747786737,23.791982201152,23.813581939981,53268340.59476
2009-08-06,23.929778125368,23.980134142999,23.270205377634,23.458617557298,59681559.976411
2009-08-07,23.750344150397,23.821389074497,23.499084537875,23.559589830378,46165623.492208
2009-08-10,23.433374489028,23.549440555507,23.298050824076,23.421793906162,35259954.61201
2009-08-11,23.339558755922,23.4042278535,23.052906800259,23.126163745805,33613488.388263
2009-08-12,23.157912759505,23.899200181845,23.03039622907,23.5266697465,61937763.750171
2009-08-13,23.640393672624,23.848844164214,23.4042278535,23.621526430876,38951995.009558
2009-08-14,23.621526430876,23.80343266511,23.507802504752,23.688277430991,46329140.034384
2009-08-17,23.412815701468,23.601097762224,23.231169705052,23.249776708983,42463797.192159
2009-08-18,23.319650562905,23.6491116395,23.270205377634,23.579758261212,38833293.056964
2009-08-19,23.280354652505,23.718725255606,23.249776708983,23.6491116395,41819319.055077
2009-08-20,23.601097762224,23.866540335784,23.537990091549,23.668239119066,39503478.579461
2009-08-21,23.929778125368,24.418634865008,23.770382462323,24.4109578494,68997698.001391
2009-08-24,24.372052295726,24.733392504931,24.279537751706,24.642309268905,54159294.621377
2009-08-25,24.600801337059,24.815367417354,24.461704223757,24.642309268905,43961681.376669
2009-08-26,24.56150542666,24.748226060512,24.418634865008,24.549794724885,41060006.945466
2009-08-27,24.418634865008,24.774900436777,24.29879535018,24.693966475623,45450337.654572
2009-08-28,25.050232047391,25.491465266481,24.610690374113,24.683817200751,55791400.959238
2009-08-31,24.56150542666,24.84841762014,24.287214767314,24.652718781594,49586249.936807
2009-09-01,24.372052295726,24.739638212544,23.899200181845,23.998220671296,62583615.111196
2009-09-02,23.821389074497,24.138228616958,23.779230548108,23.858863320177,40726038.882329
2009-09-03,23.90804826763,24.138228616958,23.761664495446,24.112855429779,34110809.947965
2009-09-04,24.138228616958,24.796630294514,24.081496772805,24.622010719162,44987568.308857
2009-09-08,24.600801337059,24.835535848188,24.4109578494,24.815367417354,53715617.441641
2009-09-09,24.724414300237,24.950560963398,24.671455904433,24.774900436777,49897207.198953
2009-09-10,24.787521970912,25.050232047391,24.652718781594,24.998444721765,46254108.977654
2009-09-11,24.920243257692,25.174365486203,24.804177191214,24.859737965189,54302287.995332
2009-09-14,24.652718781594,25.088356887613,24.642309268905,24.998444721765,42789198.237446
2009-09-15,24.950560963398,25.268831813853,24.859737965189,25.20182057592,44713232.990157
2009-09-16,25.251525999008,25.351197083001,24.950560963398,25.20182057592,49708295.115879
2009-09-17,25.062983700435,25.379042529444,25.062983700435,25.300580827553,42415457.334885
2009-09-18,25.458545182603,25.480014802523,25.098376043576,25.260243965885,67991353.589317
2009-09-21,25.098376043576,25.368763135664,25.098376043576,25.300580827553,28864172.404253
2009-09-22,25.415736061671,25.821186580894,25.29056167159,25.769269136359,61310535.205384
2009-09-23,25.919426356893,26.249538028031,25.641752605923,25.709934914034,60584535.846536
2009-09-24,25.890930315907,26.106667466379,25.661921036757,25.943758592802,56263576.295355
2009-09-25,25.683390656678,25.821186580894,25.52425523145,25.549238061903,50107267.722247
2009-09-28,25.598813366082,26.157283721828,25.598813366082,25.831335855765,44360084.90637
2009-09-29,25.898607331515,25.964057142545,25.691067672286,25.748970586616,39028337.554515
2009-09-30,25.748970586616,25.990341162084,25.379042529444,25.719954069997,63522954.109649
2009-10-01,25.38776049632,25.469995646561,24.796630294514,24.880947347292,75844220.588006
2009-10-02,24.499568826162,25.088356887613,24.430085328966,24.960970476086,51212780.273122
2009-10-05,24.970989632049,25.062983700435,24.518566186819,24.642309268905,60786662.538812
2009-10-06,24.70164349123,25.210928899522,24.661436748471,25.109826507534,48631890.163712
2009-10-07,24.970989632049,25.181782263994,24.880947347292,25.098376043576,38472198.478424
2009-10-08,25.424323909639,25.898607331515,25.221078174394,25.67102936036,60495605.54734
2009-10-09,25.558346385505,25.790868875188,25.458545182603,25.549238061903,39502033.330515
2009-10-12,25.651771761886,25.890930315907,25.549238061903,25.719954069997,29142632.935168
2009-10-13,25.558346385505,25.943758592802,25.52425523145,25.810777068205,37479390.809352
2009-10-14,26.128006967391,26.198921772582,25.821186580894,25.964057142545,45329488.407131
2009-10-15,25.93087682085,26.709248132143,25.898607331515,26.709248132143,65559704.03345
2009-10-16,26.473212431928,26.628314170989,26.097819380594,26.502228948548,56463221.686732
2009-10-19,26.540223669861,26.578868985718,26.249538028031,26.363001716337,48094161.786268
2009-10-20,26.363001716337,26.51224810451,25.943758592802,26.371979921031,54594562.28849
2009-10-21,26.428841884093,26.74880428036,26.389936330419,26.578868985718,61647995.293904
2009-10-22,26.552975322905,26.7206985961,26.128006967391,26.589148379498,61284102.029561
2009-10-23,29.051908962721,29.350141501251,27.882009855427,28.02097684982,281637370.9315
2009-10-26,28.137042916298,29.022762327193,28.106595091684,28.680419478645,124132825.34434
2009-10-27,28.727132166836,28.877419506278,28.441521162441,28.587904934625,68651863.225524
2009-10-28,28.158252298401,28.768900336499,27.947719904274,28.02097684982,73527842.695066
2009-10-29,28.047390988267,28.410162505467,27.851431911904,28.221490087985,65231264.482848
2009-10-30,28.038282664665,28.398712041509,27.659506521707,27.732763467253,73287757.243643
2009-11-02,27.627887626915,28.047390988267,27.413061308804,27.882009855427,62369241.002604
2009-11-03,27.617738352044,27.742912742125,27.430757480374,27.528216542922,50256474.241998
2009-11-04,27.701404810279,28.38830252882,27.617738352044,28.057540263139,63670960.740352
2009-11-05,28.547828310774,28.73702120389,28.280954429219,28.471838868147,52630414.358431
2009-11-06,28.322722598882,28.628502034111,28.20041082479,28.523365955955,38584274.13081
2009-11-09,28.598314447314,29.00246377745,28.532474279558,28.992444621487,57403928.368743
2009-11-10,28.877419506278,29.279486933876,28.811709457431,29.012482933413,65848204.533084
2009-11-11,29.070776204469,29.297963818899,29.022762327193,29.119961151923,49658511.592627
2009-11-12,29.012482933413,29.489108495644,29.00246377745,29.361201608482,55331628.961694
2009-11-13,29.461132930293,29.788512104351,29.36887862409,29.635492267828,53026581.155645
2009-11-16,29.583574823293,29.798531260314,29.36887862409,29.53712237292,53837649.165493
2009-11-17,29.496525273435,29.999564974113,29.471282205165,29.999564974113,75456820.262493
2009-11-18,29.99045665051,30.14100422777,29.808420297368,30.111727473333,59420653.758954
2009-11-19,29.980697732365,29.999564974113,29.698599938503,29.778362829479,51886538.552323
2009-11-20,29.671014729878,29.770685813872,29.42964415441,29.625212874048,42640939.123494
2009-11-23,29.738025967811,30.010364843527,29.698599938503,29.941011465239,41831317.154075
2009-11-24,29.941011465239,29.99045665051,29.748825837225,29.909913046082,37286822.072317
2009-11-25,29.818569572239,29.860467860811,29.583574823293,29.788512104351,32033445.046252
2009-11-27,29.012482933413,29.387745865838,28.748471667847,29.219762354825,29357891.922358
2009-11-30,29.079364052437,29.449422228518,29.00246377745,29.410776912662,44170955.956805
2009-12-01,29.496525273435,30.05122218083,29.410776912662,30.010364843527,49903311.911506
2009-12-02,29.877643556747,29.99045665051,29.651757131404,29.778362829479,36291673.19493
2009-12-03,29.778362829479,30.199037261009,29.757934160828,29.830020036197,43093018.692501
2009-12-04,30.041333143776,30.368191842199,29.830020036197,29.980697732365,58809262.799825
2009-12-07,29.708749213374,30.081409767627,29.679862815663,29.788512104351,38045186.776128
2009-12-08,29.507585380666,29.738025967811,29.377726709875,29.572254478244,37381777.93571
2009-12-09,29.32867188133,29.808420297368,29.248908990354,29.708749213374,44713231.40719
2009-12-10,29.671014729878,29.960269063713,29.661906406275,29.867884638602,45920599.183487
2009-12-11,29.941011465239,29.999564974113,29.788512104351,29.850448704848,43744172.993253
2009-12-14,29.909913046082,30.16338468005,29.899503533393,30.111727473333,34621330.287199
2009-12-15,29.877643556747,30.207755227886,29.877643556747,30.020774356216,49442397.011728
2009-12-16,30.081409767627,30.407487752599,30.041333143776,30.103009506456,55735833.274269
2009-12-17,29.949859551025,29.960269063713,29.572254478244,29.606475751208,43645341.234959
2009-12-18,29.841600619063,30.449125803354,29.798531260314,30.358302805145,94021724.441951
2009-12-21,30.377039927985,30.838181340091,30.368191842199,30.524855008163,39905336.93482
2009-12-22,30.600584212973,30.925361008859,30.54385236882,30.81957433616,36205414.944169
2009-12-23,30.700645653693,30.948261936774,30.691797567907,30.91781411216,28334377.857826
2009-12-24,30.81957433616,31.002651640572,30.754905238582,31.002651640572,11083865.06761
2009-12-28,30.9925023657,31.181825377725,30.887626525362,31.171806221762,25381488.90113
2009-12-29,31.250007685836,31.496713136556,31.227497114646,31.387803610052,29707333.488724
2009-12-30,31.102192605657,31.289433715144,30.800316737686,30.959582281823,42006144.787538
2009-12-31,30.979620593748,30.9925023657,30.481915768323,30.481915768323,31908333.659942
2010-01-04,30.652371538599,31.102192605657,30.589263867924,30.948261936774,38399306.010222
2010-01-05,30.86732797562,31.102192605657,30.641181312459,30.959582281823,49747667.464631
2010-01-06,30.879949509755,31.082154293731,30.524855008163,30.767526772717,58171615.957186
2010-01-07,30.612164795839,30.700645653693,30.190319294132,30.449125803354,50560164.893753
2010-01-08,30.268390639297,30.879949509755,30.239374122677,30.662520813471,51196503.414098
2010-01-11,30.720814084527,30.754905238582,30.122006867113,30.268390639297,68735298.254492
2010-01-12,30.16338468005,30.397338477728,29.909913046082,30.070089422579,65904720.415337
2010-01-13,30.256159461888,30.524855008163,30.010364843527,30.349324600451,51633520.259836
2010-01-14,30.256159461888,31.102192605657,30.256159461888,30.959582281823,63201398.882888
2010-01-15,31.199651668204,31.238687340787,30.710794928564,30.857308819657,79910808.409841
2010-01-19,30.680477222859,31.238687340787,30.680477222859,31.102192605657,46574880.63571
2010-01-20,30.77754592868,30.937071710633,30.310288927869,30.578203760693,54845661.233389
2010-01-21,30.612164795839,30.720814084527,29.999564974113,30.010364843527,73042406.052217
2010-01-22,29.999564974113,30.199037261009,28.843458471131,28.960825726695,101904587.87536
2010-01-25,29.201025231986,29.661906406275,29.09966260218,29.317091298464,63371805.289288
2010-01-26,29.141691009661,29.850448704848,29.089643446217,29.496525273435,66627570.461176
2010-01-27,29.297963818899,29.818569572239,29.022762327193,29.671014729878,63934320.556787
2010-01-28,29.830020036197,29.867884638602,28.888739851327,29.158996824505,116780544.77496
2010-01-29,29.888053069436,29.919932202045,27.659506521707,28.180112275048,193844658.3663
2010-02-01,28.398712041509,28.483289332104,27.919744338923,28.410162505467,85811170.201363
2010-02-02,28.370736476158,28.503587881847,28.137042916298,28.460648642006,54134499.816486
2010-02-03,28.221490087985,28.791410907688,28.115443177469,28.628502034111,61311771.502675
2010-02-04,28.351739115502,28.503587881847,27.811095050235,27.84154287485,77803235.747299
2010-02-05,27.967888335108,28.280954429219,27.568423285681,28.02097684982,80800501.603179
2010-02-08,27.956307752242,28.077708693973,27.568423285681,27.723915381468,52812378.007498
2010-02-09,27.967888335108,28.341719959539,27.751630709002,28.011998645126,59118139.251741
2010-02-10,28.011998645126,28.240747686459,27.84154287485,27.98922783612,47949345.62572
2010-02-11,27.914799820396,28.398712041509,27.701404810279,28.115443177469,65977337.447267
2010-02-12,27.781948414707,28.057540263139,27.580003868548,27.929633375977,77560136.326551
2010-02-16,28.125722571249,28.370736476158,28.02097684982,28.351739115502,51317522.8305
2010-02-17,28.577755659754,28.648670464945,28.36305946055,28.587904934625,45756190.639361
2010-02-18,28.587904934625,29.03148029407,28.514647989079,28.970844882658,42825109.428673
2010-02-19,28.916845535586,28.916845535586,28.687836256436,28.768900336499,44451650.845757
2010-02-22,28.843458471131,28.93792479878,28.648670464945,28.727132166836,36706852.218285
2010-02-23,28.671311155043,28.834480266437,28.085255590672,28.33039961449,52262758.381334
2010-02-24,28.532474279558,28.791410907688,28.376982183771,28.628502034111,43155875.940887
2010-02-25,28.171003951445,28.648670464945,28.02097684982,28.598314447314,48693660.705194
2010-02-26,28.638651308982,28.85100536783,28.514647989079,28.671311155043,40369987.636913
2010-03-01,28.768900336499,29.051908962721,28.532474279558,29.022762327193,43773000.406788
2010-03-02,29.062058237592,29.297963818899,28.240747686459,28.460648642006,93122239.014244
2010-03-03,28.523365955955,28.607162533099,28.351739115502,28.460648642006,48412939.697285
2010-03-04,28.441521162441,28.648670464945,28.271065392165,28.628502034111,42888056.114697
2010-03-05,28.638651308982,28.680419478645,28.417579283257,28.587904934625,56000143.662435
2010-03-08,28.514647989079,28.927645405,28.503587881847,28.628502034111,39413463.156331
2010-03-09,28.559278774731,29.10994199596,28.547828310774,28.801299944742,50267489.318439
2010-03-10,28.860764285976,29.10994199596,28.801299944742,28.970844882658,44891158.490198
2010-03-11,28.950676451824,29.192047027292,28.85100536783,29.180726682243,35347730.928202
2010-03-12,29.317091298464,29.377726709875,29.041629568941,29.270638848091,31698665.712486
2010-03-15,29.209873317771,29.36887862409,29.012482933413,29.288985614205,37511913.659539
2010-03-16,29.421056306442,29.489108495644,29.201025231986,29.36887862409,36725915.890858
2010-03-17,29.496525273435,29.867884638602,29.399196329796,29.635492267828,50385628.526235
2010-03-18,29.635492267828,29.715125039896,29.496525273435,29.615453955902,43825749.618868
2010-03-19,29.798531260314,29.899503533393,29.350141501251,29.593854217073,81333293.497775
2010-03-22,29.496525273435,29.698599938503,29.387745865838,29.606475751208,37702643.780308
2010-03-23,29.635492267828,29.899503533393,29.410776912662,29.877643556747,42017550.856847
2010-03-24,29.679862815663,29.850448704848,29.606475751208,29.651757131404,33990982.505776
2010-03-25,29.830020036197,30.570526745085,29.798531260314,30.010364843527,73173225.617826
2010-03-26,30.111727473333,30.199037261009,29.593854217073,29.661906406275,55595419.345176
2010-03-29,29.698599938503,29.818569572239,29.549874025964,29.593854217073,33329008.625018
2010-03-30,29.549874025964,29.860467860811,29.496525273435,29.770685813872,34954383.395361
2010-03-31,29.651757131404,29.715125039896,29.170577407372,29.288985614205,63758027.887291
2010-04-01,29.350141501251,29.53712237292,28.617181689062,29.158996824505,74756200.614874
2010-04-05,29.089643446217,29.421056306442,29.03148029407,29.270638848091,34326698.956055
2010-04-06,29.09966260218,29.583574823293,28.982295346616,29.317091298464,47147115.321093
2010-04-07,29.15014873872,29.560934133195,29.141691009661,29.350141501251,58316838.940274
2010-04-08,29.297963818899,29.980697732365,29.297963818899,29.919932202045,63438790.124339
2010-04-09,29.949859551025,30.407487752599,29.899503533393,30.337874136494,54745827.456932
2010-04-12,30.256159461888,30.492195162103,30.199037261009,30.321609272918,37067657.11385
2010-04-13,30.17366407383,30.503905863878,30.13072483399,30.449125803354,41348417.215976
2010-04-14,30.746057152797,31.002651640572,30.662520813471,30.81957433616,68907139.620552
2010-04-15,30.809164823472,30.948261936774,30.710794928564,30.86732797562,52740096.56459
2010-04-16,30.746057152797,30.979620593748,30.600584212973,30.670197829079,88701265.228366
2010-04-19,30.767526772717,31.250007685836,30.754905238582,31.041557194246,64419067.025988
2010-04-20,31.21123225107,31.439851173495,31.131469360094,31.360218401427,52182773.429121
2010-04-21,31.322093561205,31.496713136556,31.227497114646,31.332242836076,54172488.652008
2010-04-22,31.014102104529,31.528071793531,30.898816751503,31.387803610052,83841422.525257
2010-04-23,31.109869621265,31.580119356974,30.652371538599,30.959582281823,126730051.67404
2010-04-26,31.002651640572,31.272908613751,30.86732797562,31.109869621265,0
2010-04-27,30.937071710633,31.250007685836,30.746057152797,30.838181340091,68723679.276108
2010-04-28,30.879949509755,31.002651640572,30.622314070711,30.906623886019,64511681.681067
2010-04-29,30.959582281823,31.429832017532,30.670197829079,31.002651640572,52519451.531902
2010-04-30,31.050405280031,31.082154293731,30.524855008163,30.53357297504,63214474.190987
2010-05-03,30.670197829079,31.060684673811,30.578203760693,30.857308819657,43984619.361173
2010-05-04,30.503905863878,30.552700454606,29.748825837225,30.13072483399,82048307.856559
2010-05-05,29.715125039896,30.091819280316,29.691053041803,29.850448704848,66684159.951397
2010-05-06,29.560934133195,29.877643556747,27.914799820396,28.982295346616,128505012.08474
2010-05-07,28.895245796757,28.950676451824,27.31989617024,28.210169742936,173718024.191
2010-05-10,28.970844882658,29.477788150595,28.706963736001,28.93792479878,86631919.637886
2010-05-11,28.687836256436,29.651757131404,28.567736503791,28.877419506278,63773768.120475
2010-05-12,29.022762327193,29.583574823293,28.916845535586,29.438232002378,47094286.169175
2010-05-13,29.270638848091,29.726445384945,29.180726682243,29.23993078566,45277261.574188
2010-05-14,29.170577407372,29.209873317771,28.638651308982,28.927645405,63317854.605192
2010-05-17,29.192047027292,29.231082699874,28.450239129318,28.93792479878,46052146.913953
2010-05-18,28.860764285976,29.00246377745,28.398712041509,28.598314447314,52655657.934492
2010-05-19,28.523365955955,28.687836256436,27.793398878665,28.240747686459,61729115.233515
2010-05-20,27.617738352044,27.84154287485,27.039229684373,27.111315559742,87908400.548469
2010-05-21,26.570151018841,27.111315559742,26.439121277873,26.839367040751,117589528.01715
2010-05-24,26.809309572863,26.858494520316,26.25994754072,26.270747410134,73645975.570995
2010-05-25,25.651771761886,26.332944248449,25.379042529444,26.06737155598,98173530.50517
2010-05-26,26.240559823337,26.596955514014,24.56150542666,25.008724115545,176424340.69718
2010-05-27,25.738040598293,26.363001716337,25.730233463777,26.001661507133,136294594.43394
2010-05-28,25.821186580894,26.116946860159,25.661921036757,25.800757912242,67494084.267528
2010-06-01,25.568365541468,26.313816768883,25.52425523145,25.890930315907,76122495.120289
2010-06-02,26.051106692404,26.483231587891,25.730233463777,26.462933038148,65266395.271304
2010-06-03,26.540223669861,26.934353844035,26.408673453259,26.858494520316,67797964.875333
2010-06-04,26.106667466379,26.570151018841,25.622755245266,25.790868875188,89509589.164773
2010-06-07,25.821186580894,25.831335855765,25.241246605228,25.29056167159,80327885.410721
2010-06-08,25.232398519442,25.260243965885,24.652718781594,25.109826507534,87213359.276854
2010-06-09,25.221078174394,25.52425523145,24.748226060512,24.787521970912,87172115.86101
2010-06-10,25.131296127454,25.151594677197,24.774900436777,24.998444721765,78143993.156252
2010-06-11,25.050232047391,25.719954069997,24.763710210636,25.661921036757,67997087.096088
2010-06-14,25.890930315907,25.964057142545,25.469995646561,25.502655492621,50917260.897445
2010-06-15,25.769269136359,26.646010342559,25.738040598293,26.578868985718,81628899.936643
2010-06-16,26.502228948548,26.578868985718,26.230410548466,26.324226281572,48618629.648464
2010-06-17,26.60853609688,26.66656913012,26.039656228446,26.371979921031,47992395.998487
2010-06-18,26.363001716337,26.531115346259,26.167302877791,26.439121277873,52075416.601605
2010-06-21,26.74880428036,26.892325436554,25.890930315907,25.95143560841,54612763.244001
2010-06-22,26.167302877791,26.451742812008,25.760551169482,25.769269136359,55911565.573417
2010-06-23,25.748970586616,25.778247341053,25.221078174394,25.309559032247,61400203.958723
2010-06-24,25.458545182603,25.719954069997,24.931433483832,24.998444721765,85209270.712858
2010-06-25,25.020304698411,25.109826507534,24.30907474396,24.52871546169,151032529.26769
2010-06-28,24.499568826162,24.610690374113,24.121703515565,24.30907474396,73708127.607543
2010-06-29,24.102836273817,24.201466406541,23.108337455326,23.308069980039,119638792.87871
2010-06-30,23.251077898069,23.683332912464,22.949202030098,23.009967560418,80981991.153611
2010-07-01,23.089730451395,23.319650562905,22.72839024219,23.157912759505,92210419.107028
2010-07-02,23.308069980039,23.478525750315,23.052906800259,23.270205377634,62482375.65997
2010-07-06,23.718725255606,24.091646047676,23.579758261212,23.821389074497,73570576.474418
2010-07-07,23.821389074497,24.317662591928,23.611377156004,24.29879535018,81896664.358983
2010-07-08,24.29879535018,24.622010719162,23.971155938305,24.4109578494,50756770.988331
2010-07-09,24.4109578494,24.4109578494,24.148508010738,24.268347525566,53800978.150066
2010-07-12,24.441535792923,24.891356859981,24.418634865008,24.826687762403,49859481.92745
2010-07-13,25.141315283417,25.300580827553,24.902547086121,25.131296127454,61672610.432031
2010-07-14,25.512804767493,25.610393948949,25.121146852583,25.435904492505,72735611.202015
2010-07-15,25.491465266481,25.588664091211,24.979577480017,25.512804767493,56913434.93755
2010-07-16,25.512804767493,25.641752605923,24.880947347292,24.891356859981,65046211.67352
2010-07-19,24.950560963398,25.300580827553,24.911525290815,25.232398519442,37434235.090364
2010-07-20,24.869757121152,25.480014802523,24.70164349123,25.480014802523,45487512.05353
2010-07-21,25.598813366082,25.651771761886,24.979577480017,25.121146852583,73001958.077334
2010-07-22,25.502655492621,25.990341162084,25.469995646561,25.841485130636,72741104.09779
2010-07-23,25.831335855765,26.020919105607,25.251525999008,25.810777068205,108496986.46699
2010-07-26,25.890930315907,26.198921772582,25.800757912242,26.097819380594,67220004.598013
2010-07-27,26.097819380594,26.240559823337,25.964057142545,26.157283721828,60657328.58781
2010-07-28,26.076349760674,26.187601427534,25.831335855765,25.95143560841,69963450.388578
2010-07-29,26.136855053176,26.408673453259,25.598813366082,26.029767191392,69427776.702409
2010-07-30,25.719954069997,25.841485130636,25.351197083001,25.810777068205,83513199.841145
2010-08-02,25.978890698126,26.382259314811,25.748970586616,26.332944248449,54906517.611381
2010-08-03,26.270747410134,26.354153630552,25.971604039244,26.157283721828,56695770.631878
2010-08-04,26.157283721828,26.240559823337,25.435904492505,25.730233463777,78486555.939162
2010-08-05,25.502655492621,25.578644935248,25.210928899522,25.368763135664,64890852.952203
2010-08-06,25.181782263994,25.558346385505,25.020304698411,25.549238061903,55968348.185622
2010-08-09,25.549238061903,25.730233463777,25.368763135664,25.610393948949,57070721.712773
2010-08-10,25.33076841435,25.340917689221,24.880947347292,25.071961905129,87232801.278559
2010-08-11,24.671455904433,24.902547086121,24.56150542666,24.859737965189,76635914.663733
2010-08-12,24.683817200751,24.683817200751,24.360731950678,24.490720740377,70213726.982078
2010-08-13,24.33900209294,24.671455904433,24.236858749683,24.402239882523,45245911.702608
2010-08-16,24.33900209294,24.610690374113,24.29879535018,24.499568826162,40932158.609071
2010-08-17,24.70164349123,24.960970476086,24.600801337059,24.713224074097,52822090.302031
2010-08-18,24.683817200751,24.950560963398,24.4109578494,24.815367417354,45973984.748335
2010-08-19,24.57920159823,24.739638212544,24.210444611235,24.441535792923,54030062.771753
2010-08-20,24.30907474396,24.402239882523,24.201466406541,24.225278166817,49515306.892567
2010-08-23,24.450383878708,24.642309268905,24.236858749683,24.279537751706,51693881.169132
2010-08-24,24.102836273817,24.349151367811,23.998220671296,24.038297295147,66470551.998873
2010-08-25,23.990413536779,24.219032459203,23.866540335784,24.102836273817,47355622.953679
2010-08-26,24.091646047676,24.191187012761,23.791982201152,23.821389074497,49062526.860625
2010-08-27,23.821389074497,24.020731242485,23.507802504752,23.929778125368,60911394.804505
2010-08-30,23.741496064612,23.821389074497,23.601097762224,23.640393672624,45408533.868381
2010-08-31,23.583661828471,23.736551546085,23.32199270326,23.472149923794,66068753.004781
2010-09-01,23.668239119066,23.950336912928,23.537990091549,23.899200181845,65087702.823712
2010-09-02,23.866540335784,23.950336912928,23.709747050912,23.940187638057,48783289.884356
2010-09-03,24.201466406541,24.450383878708,24.201466406541,24.287214767314,64127986.29001
2010-09-07,24.287214767314,24.29879535018,23.919498731588,23.961136782342,51883892.622845
2010-09-08,24.049747759104,24.201466406541,23.741496064612,23.929778125368,65322642.049152
2010-09-09,24.201466406541,24.210444611235,23.990413536779,24.007979589441,45970923.289998
2010-09-10,23.990413536779,24.029449209362,23.791982201152,23.848844164214,58265912.51479
2010-09-13,24.191187012761,25.29056167159,24.091646047676,25.109826507534,114581965.75188
2010-09-14,25.062983700435,25.351197083001,24.891356859981,25.030453973283,87106700.537825
2010-09-15,25.071961905129,25.221078174394,24.920243257692,25.109826507534,56068032.371691
2010-09-16,25.079769039645,25.368763135664,25.050232047391,25.33076841435,44437996.963189
2010-09-17,25.405326548982,25.531932247058,25.079769039645,25.221078174394,70284916.969183
2010-09-20,25.251525999008,25.52425523145,25.109826507534,25.424323909639,49831640.702408
2010-09-21,25.405326548982,25.415736061671,25.079769039645,25.151594677197,52669265.11953
2010-09-22,24.911525290815,24.970989632049,24.360731950678,24.610690374113,94230437.068775
2010-09-23,24.490720740377,24.590782181096,24.360731950678,24.430085328966,46154837.945994
2010-09-24,24.652718781594,24.796630294514,24.57920159823,24.763710210636,51923555.446057
2010-09-27,24.84841762014,24.990897825066,24.590782181096,24.733392504931,43682407.200672
2010-09-28,24.84841762014,24.902547086121,24.349151367811,24.683817200751,56012782.07162
2010-09-29,24.642309268905,24.661436748471,24.402239882523,24.499568826162,44277431.071655
2010-09-30,24.590782181096,24.826687762403,24.360731950678,24.490720740377,61037934.027124
2010-10-01,24.763710210636,24.815367417354,24.29879535018,24.383502759684,62617849.940284
2010-10-04,23.971155938305,23.990413536779,23.779230548108,23.90804826763,98082491.693834
2010-10-05,24.091646047676,24.450383878708,23.90804826763,24.349151367811,77953359.596477
2010-10-06,24.33900209294,24.540035806739,24.130681720259,24.430085328966,50409755.31902
2010-10-07,24.567751134273,24.748226060512,24.279537751706,24.52871546169,50035845.038981
2010-10-08,24.610690374113,24.652718781594,24.372052295726,24.567751134273,41323005.053922
2010-10-11,24.693966475623,24.739638212544,24.499568826162,24.590782181096,27550892.257904
2010-10-12,24.630858804948,24.931433483832,24.430085328966,24.826687762403,50052326.89224
2010-10-13,24.998444721765,25.540780332843,24.891356859981,25.340917689221,74614492.61019
2010-10-14,25.300580827553,25.340917689221,24.998444721765,25.232398519442,51931586.629549
2010-10-15,25.340917689221,25.549238061903,25.232398519442,25.540780332843,68918311.410735
2010-10-18,25.578644935248,25.95143560841,25.446964599737,25.821186580894,48306440.837928
2010-10-19,25.268831813853,25.368763135664,24.950560963398,25.098376043576,66086407.836648
2010-10-20,25.251525999008,25.39530739302,25.098376043576,25.309559032247,56184360.665145
2010-10-21,25.39530739302,25.540780332843,25.050232047391,25.415736061671,49979565.810306
2010-10-22,25.52425523145,25.540780332843,25.268831813853,25.379042529444,25837240.95377
2010-10-25,25.251525999008,25.351197083001,25.174365486203,25.191801419957,50873206.132063
2010-10-26,25.121146852583,25.971604039244,25.062983700435,25.898607331515,69254745.736585
2010-10-27,25.769269136359,26.106667466379,25.622755245266,26.051106692404,64697316.230799
2010-10-28,26.198921772582,26.382259314811,25.919426356893,26.280896685006,80160269.77529
2010-10-29,27.133696012022,27.197194039423,26.480759328627,26.66656913012,114154963.54739
2010-11-01,26.881135210414,27.218273302617,26.697667549277,26.953090966874,61912409.366415
2010-11-02,27.059267996298,27.420608205503,27.020102204807,27.391591688883,54393623.613008
2010-11-03,27.462506494075,27.48631825435,26.962069171568,27.028950290593,110212550.78683
2010-11-04,27.413061308804,27.430757480374,27.008781859759,27.13759957928,93590275.682923
2010-11-05,27.170519663158,27.190818212901,26.531115346259,26.848085007628,110925925.9832
2010-11-08,26.676588286082,27.049378959244,26.578868985718,26.809309572863,71644730.807365
2010-11-09,26.781073769695,27.111315559742,26.709248132143,26.953090966874,58574560.227962
2010-11-10,26.988483310016,27.08060749731,26.809309572863,26.942941692003,52185240.483319
2010-11-11,26.66656913012,26.7206985961,26.280896685006,26.676588286082,62055988.43819
2010-11-12,26.473212431928,26.520835952479,26.097819380594,26.270747410134,64937660.49734
2010-11-15,26.34400435568,26.502228948548,26.167302877791,26.198921772582,51697727.779141
2010-11-16,26.001661507133,26.039656228446,25.651771761886,25.810777068205,65210097.047025
2010-11-17,25.908236130752,25.908236130752,25.549238061903,25.568365541468,58058943.526208
2010-11-18,25.719954069997,26.076349760674,25.610393948949,25.841485130636,59537410.245004
2010-11-19,25.769269136359,25.831335855765,25.598813366082,25.691067672286,52374400.300742
2010-11-22,25.661921036757,25.738040598293,25.435904492505,25.730233463777,53096731.92486
2010-11-23,25.558346385505,25.598813366082,25.088356887613,25.121146852583,69739978.176681
2010-11-24,25.221078174394,25.458545182603,25.16161383316,25.368763135664,56822406.415489
2010-11-26,25.20182057592,25.405326548982,25.174365486203,25.251525999008,21356525.990204
2010-11-29,25.141315283417,25.415736061671,24.931433483832,25.309559032247,56552269.125491
2010-11-30,25.054005495741,25.464921009125,25.002348289023,25.263887295326,75214757.685182
2010-12-01,25.578644935248,26.249538028031,25.558346385505,26.039656228446,74035400.511406
2010-12-02,26.218829965599,26.979765343139,26.198921772582,26.892325436554,91759152.39162
2010-12-03,26.809309572863,27.059267996298,26.781073769695,27.020102204807,52595934.96093
2010-12-06,26.934353844035,26.979765343139,26.759734268683,26.839367040751,36247812.343016
2010-12-07,27.059267996298,27.129922563673,26.848085007628,26.869944984274,57799520.548907
2010-12-08,26.818027539739,27.238701971269,26.801762676163,27.228682815306,41597895.202583
2010-12-09,27.248981365049,27.338503174171,27.008781859759,27.08060749731,47109410.628162
2010-12-10,27.218273302617,27.401610844846,27.111315559742,27.338503174171,37603001.542867
2010-12-13,27.260301710098,27.452227100295,27.170519663158,27.248981365049,47924267.46972
2010-12-14,27.260301710098,27.751630709002,27.260301710098,27.617738352044,64060107.078557
2010-12-15,27.539406769062,27.98922783612,27.528216542922,27.851431911904,69549244.889978
2010-12-16,27.781948414707,27.98922783612,27.659506521707,27.98922783612,57637718.360082
2010-12-17,27.894501270653,28.085255590672,27.751630709002,27.905951734611,87241456.151084
2010-12-20,27.905951734611,27.98922783612,27.678373763455,27.811095050235,52662164.720683
2010-12-21,27.84154287485,28.137042916298,27.760478794787,28.066128111107,38101442.260297
2010-12-22,28.001849370255,28.398712041509,27.977647253254,28.19013143101,42251602.829239
2010-12-23,27.967888335108,28.322722598882,27.956307752242,28.303725238225,24902422.909304
2010-12-27,28.106595091684,28.20041082479,27.882009855427,28.066128111107,21638911.488
2010-12-28,27.967888335108,28.171003951445,27.956307752242,28.011998645126,23039076.740073
2010-12-29,27.938611580671,28.118045555642,27.88448211469,27.97049071328,19486619.213901
2010-12-30,27.97049071328,28.004321629518,27.772059377653,27.852602982081,20775793.146038
2010-12-31,27.801986726633,27.921956360369,27.624114178566,27.914799820396,24751403.892243
2011-01-03,28.096445816813,28.180112275048,27.919744338923,27.977647253254,53438980.488804
2011-01-04,27.919744338923,28.171003951445,27.851431911904,28.085255590672,54393707.510263
2011-01-05,27.914799820396,28.011998645126,27.770888307475,28.001849370255,58616968.707579
2011-01-06,28.066128111107,28.85100536783,27.861451067867,28.821988851211,87990790.819166
2011-01-07,28.638651308982,28.73702120389,28.250636723513,28.598314447314,73739376.16923
2011-01-10,28.280954429219,28.398712041509,28.038282664665,28.221490087985,57538406.962762
2011-01-11,28.180112275048,28.250636723513,28.047390988267,28.106595091684,50298877.972712
2011-01-12,28.137042916298,28.587904934625,28.066128111107,28.547828310774,52620744.80401
2011-01-13,28.33039961449,28.38830252882,28.011998645126,28.19013143101,66977610.389099
2011-01-14,28.038282664665,28.376982183771,27.914799820396,28.303725238225,62687384.143821
2011-01-18,28.19013143101,28.73702120389,28.137042916298,28.658819739816,54481722.854485
2011-01-19,28.460648642006,28.680419478645,28.271065392165,28.471838868147,49985275.572573
2011-01-20,28.494739796062,28.547828310774,28.125722571249,28.351739115502,58613463.226975
2011-01-21,28.38830252882,28.428769509397,28.02097684982,28.02097684982,58028171.437614
2011-01-24,28.029694816697,28.559278774731,27.98922783612,28.376982183771,51804194.979157
2011-01-25,28.158252298401,28.450239129318,28.115443177469,28.450239129318,42407174.459628
2011-01-26,28.523365955955,28.992444621487,28.503587881847,28.781651989542,74603406.300229
2011-01-27,28.768900336499,29.461132930293,28.494739796062,28.868441301584,146348941.24288
2011-01-28,28.888739851327,28.927645405,27.452227100295,27.751630709002,141201645.96434
2011-01-31,27.759177605701,27.905951734611,27.423210583675,27.730161089081,65016796.187714
2011-02-01,27.801986726633,28.057540263139,27.606287888086,27.98922783612,62715260.194138
2011-02-02,27.956307752242,28.106595091684,27.882009855427,27.937310391585,45820022.995468
2011-02-03,27.937310391585,27.967888335108,27.539406769062,27.648186176658,60317345.249761
2011-02-04,27.732763467253,27.84154287485,27.50778787427,27.770888307475,40410124.558766
2011-02-07,27.84154287485,28.341719959539,27.793398878665,28.20041082479,68950327.711456
2011-02-08,28.096445816813,28.341719959539,28.047390988267,28.280954429219,34903706.287191
2011-02-09,28.180112275048,28.260785998385,27.914799820396,27.967888335108,52858887.954825
2011-02-10,27.937310391585,27.937310391585,27.289188107809,27.498809669576,76658312.856463
2011-02-11,27.760478794787,27.811095050235,27.06941727117,27.248981365049,83917454.808665
2011-02-14,27.200967487773,27.271361817329,26.953090966874,27.228682815306,56743899.163046
2011-02-15,27.119648118252,27.329460806051,26.953298477987,26.96209457094,44107467.896038
2011-02-16,27.028970748247,27.069458646694,26.597056713376,27.02043336391,70802935.032002
2011-02-17,26.942950133336,27.371371601887,26.914104122621,27.209678716715,57162115.108749
2011-02-18,27.18160883185,27.209678716715,26.9884828498,27.059110302043,68623415.724089
2011-02-22,26.739734515252,27.098692720333,26.521255088808,26.589424809196,60813791.428666
2011-02-23,26.552558831377,26.858352415814,26.428766758489,26.589424809196,60210345.381323
2011-02-24,26.66626126823,27.059110302043,26.502240005512,26.769874069048,64486260.02121
2011-02-25,26.881248128354,26.953298477987,26.502240005512,26.552558831377,52973303.23256
2011-02-28,26.641166532451,26.863526588139,26.513623184628,26.581792905016,51364832.176203
2011-03-01,26.608310538184,26.781257248164,26.147162429674,26.157381420017,59518060.846874
2011-03-02,26.097878438274,26.371980217217,26.039668999612,26.076276268815,48625692.847584
2011-03-03,26.249611041719,26.39746301592,26.176137794697,26.198904152929,68244552.34005
2011-03-04,26.219083424999,26.240556240149,25.80088094679,25.951320007154,70399813.468911
2011-03-07,26.127888637762,26.270825148254,25.549416171771,25.719905149896,64974490.600959
2011-03-08,25.769189141297,26.020783270624,25.6516060752,25.908245022544,50532806.473672
2011-03-09,25.80088094679,25.979001829096,25.661954419851,25.890782190946,39780563.511983
2011-03-10,25.661954419851,25.709815513861,25.351245371704,25.405315472506,66545028.22564
2011-03-11,25.424330555802,25.849000749417,25.35991211035,25.68355658931,49895406.573897
2011-03-14,25.458609447458,25.760393048343,25.351245371704,25.690929784873,54473656.845718
2011-03-15,25.063043973174,25.469863272266,24.998625527722,25.387981995215,76042351.079884
2011-03-16,25.210766593067,25.279065667764,24.683777141715,24.787389942533,100702811.13881
2011-03-17,25.054118525913,25.226030401427,24.749747838865,24.777559015115,62496911.255202
2011-03-18,25.040277614942,25.181791228044,24.796444744103,24.796444744103,85465877.591727
2011-03-21,25.191880864079,25.57865024541,25.151263611324,25.330807391019,46878120.933329
2011-03-22,25.330807391019,25.458609447458,25.232498116834,25.300538482915,30899591.052738
2011-03-23,25.22098558341,25.610212696596,25.181791228044,25.540620078818,43969433.16647
2011-03-24,25.622889418793,25.869180021487,25.502589912225,25.811099937133,38723758.858227
2011-03-25,25.919498847352,25.951320007154,25.588610527137,25.622889418793,57029786.184027
2011-03-28,25.67100922142,25.719905149896,25.379056547954,25.405315472506,48968401.263466
2011-03-29,25.341026381362,25.5244507903,25.300538482915,25.491594796034,40762473.244177
2011-03-30,25.57865024541,25.719905149896,25.502589912225,25.610212696596,36427057.24612
2011-03-31,25.636600975456,25.679675960065,25.341026381362,25.387981995215,63227811.480138
2011-04-01,25.512808902568,25.531823985864,25.309593284484,25.479952908301,63065593.762455
2011-04-04,25.447096914034,25.661954419851,25.405315472506,25.549416171771,35433549.905597
2011-04-05,25.819896030086,26.176137794697,25.735427666873,25.776821045477,73650560.635148
2011-04-06,25.990385008212,26.313900132863,25.858831676836,26.147162429674,65571319.054415
2011-04-07,26.147162429674,26.259441969138,25.971369924915,26.198904152929,46061108.090606
2011-04-08,26.198904152929,26.281044138596,25.963867375043,26.067480175862,39874382.013527
2011-04-11,26.187391619505,26.249611041719,25.80088094679,25.979001829096,34239145.046737
2011-04-12,25.819896030086,25.847707206336,25.545535542527,25.637765164229,36919959.953212
2011-04-13,25.6516060752,25.869180021487,25.558470973341,25.631556157438,38118534.347366
2011-04-14,25.424330555802,25.435843089226,25.088138708953,25.415534462849,55222335.373953
2011-04-15,25.469863272266,25.558470973341,25.181791228044,25.368708203303,65009031.734176
2011-04-18,25.279065667764,25.279065667764,24.72439439447,25.079730678924,58034267.443847
2011-04-19,25.030317333215,25.17441803248,24.869788636817,25.151263611324,38852804.709219
2011-04-20,25.598700163171,26.001768187328,25.512808902568,25.760393048343,61606323.685465
2011-04-21,25.841239490929,25.890782190946,25.35991211035,25.5244507903,46876938.456919
2011-04-25,25.57865024541,25.622889418793,25.341026381362,25.610212696596,33505228.478028
2011-04-26,25.730253494547,26.43911510314,25.67100922142,26.187391619505,69183471.852226
2011-04-27,26.292297963404,26.390089820356,26.127888637762,26.382328561868,52664638.898233
2011-04-28,26.482966213599,26.869864949238,26.39746301592,26.709465607148,79796305.277424
2011-04-29,26.55514591754,26.634828171352,25.35991211035,25.920792390434,319224960.70686
2011-05-02,26.001768187328,26.001768187328,25.479952908301,25.661954419851,89768342.547
2011-05-03,25.564550625823,25.847707206336,25.487714166789,25.809806394052,71881753.217485
2011-05-04,25.856373944981,26.249611041719,25.788333578901,26.058425374292,73246792.430005
2011-05-05,26.039668999612,26.076276268815,25.679675960065,25.788333578901,55474556.642514
2011-05-06,26.010693634589,26.22037696808,25.746810845989,25.867886478405,55984708.150417
2011-05-09,25.889488647864,25.962832540578,25.668422135257,25.829856311813,38630146.933886
2011-05-10,25.364956928367,25.847707206336,25.253970931985,25.668422135257,120766274.63823
2011-05-11,25.629098425584,25.659367333688,25.214647222311,25.356160835414,78422487.720956
2011-05-12,25.335852209036,25.384101365971,25.10223832854,25.324598384228,77347576.298236
2011-05-13,25.303125569077,25.324598384228,24.954515708647,25.034068608151,66769116.211732
2011-05-16,24.973272083327,25.074685860907,24.499447252619,24.567875681624,91298208.998427
2011-05-17,24.400178798089,24.698969086584,24.269610654816,24.52303622424,70880450.303913
2011-05-18,24.511984196365,24.741635054661,24.250847909818,24.687531522852,53918574.580405
2011-05-19,24.848428486807,24.880684986769,24.501831752154,24.710406650315,41764879.662134
2011-05-20,24.710406650315,24.871046590366,24.44053155103,24.492193355751,45427029.43635
2011-05-23,24.188134077223,24.250847909818,24.029678840356,24.169114308321,52648038.138565
2011-05-24,24.212037300302,24.291072150807,24.041116404088,24.148038348186,47649865.527602
2011-05-25,24.17913824058,24.309963407757,24.159347399965,24.188134077223,34731960.314173
2011-05-26,24.357769853916,25.030401410897,24.319858828064,24.666455562718,77960233.05448
2011-05-27,24.676350983025,24.902403506664,24.643837459158,24.760526311611,50243836.600276
2011-05-31,24.93491703053,25.059188088154,24.704109564665,25.01048205833,60171451.381067
2011-06-01,24.971542936862,25.099412329142,24.368950393744,24.430379106819,73831843.251985
2011-06-02,24.481912399587,24.643837459158,24.17913824058,24.223346352082,51419409.006111
2011-06-03,24.051268848299,24.139428047399,23.839481151336,23.911961892287,60639319.805833
2011-06-06,23.86929592421,24.250847909818,23.770213209187,24.011558655119,54770833.006528
2011-06-07,24.087509218775,24.169114308321,23.90078135246,24.058979565422,41075551.705213
2011-06-08,23.932138268758,24.021197051522,23.859143479999,23.942290712969,42194474.396093
2011-06-09,23.972105485842,24.041116404088,23.82020435853,23.962081553583,42870543.349725
2011-06-10,23.972105485842,24.021197051522,23.689636215257,23.6986320519,49285378.680394
2011-06-13,23.770213209187,24.188134077223,23.6986320519,24.041116404088,47560728.346735
2011-06-14,24.291072150807,24.450298459385,24.188134077223,24.223346352082,42862153.602465
2011-06-15,23.988426503751,24.011558655119,23.669588350739,23.739884388505,49279088.959132
2011-06-16,23.768928089666,24.097661662986,23.651211141597,23.999992579435,57086941.800249
2011-06-17,24.223346352082,24.300967571114,23.978402571492,24.258558626941,83318312.359162
2011-06-20,24.169114308321,24.656431630458,24.159347399965,24.470603347808,53777934.182288
2011-06-21,24.542184505094,24.859737538587,24.400178798089,24.760526311611,49639154.190468
2011-06-22,24.603870242074,24.810645972907,24.588577319781,24.643837459158,44281232.626742
2011-06-23,24.400178798089,24.643837459158,24.200985272427,24.627259417345,59458760.23659
2011-06-24,24.52303622424,24.542184505094,24.188134077223,24.300967571114,101055984.37102
2011-06-27,24.243265704648,25.462201569753,24.231956652868,25.199780163686,91939655.999278
2011-06-28,25.298991390661,25.916619832168,25.159684434649,25.802244194852,80943343.88382
2011-06-29,25.687997069488,25.709587077431,25.36311885473,25.620399782715,66035408.306388
2011-06-30,25.712157316472,25.993212955585,25.66293723884,25.993212955585,52511136.519661
2011-07-01,25.946563116994,26.172615640633,25.841311828273,26.01685915476,52901736.575135
2011-07-05,26.112472047078,26.155266527108,25.897728575218,26.028296718492,37761699.528035
2011-07-06,25.999510041235,26.36448398503,25.960313895862,26.327087006986,48710007.407343
2011-07-07,26.495180640255,26.879045841,26.361014162325,26.773923064231,51853790.93894
2011-07-08,26.570745668055,26.981341354825,26.505204572514,26.918370498325,58282223.858276
2011-07-11,26.800268014399,26.800268014399,26.486570339468,26.63088926161,43966534.648988
2011-07-12,26.596833594319,26.790372594092,26.337239451197,26.536818512716,47288267.500356
2011-07-13,26.622021936919,26.958337715409,26.505204572514,26.63088926161,40854997.988521
2011-07-14,26.622021936919,27.010899103794,26.361014162325,26.467679082518,46363954.919717
2011-07-15,26.47783152673,26.929808062056,26.467679082518,26.782790388922,49077338.282495
2011-07-18,26.648366887087,26.900635848943,26.259232696309,26.590536508669,44477882.21595
2011-07-19,26.807593195666,27.644977075162,26.780220149881,27.544609240619,86351516.297251
2011-07-20,27.233353292776,27.34760041814,26.981341354825,27.057420430433,49594597.151771
2011-07-21,27.057420430433,27.306091057631,26.648366887087,27.091347585771,81240768.430752
2011-07-22,26.858098392818,27.552319957741,26.678438683865,27.533171676887,76299386.545584
2011-07-25,27.273449021813,28.090656524839,27.193129051788,27.904828242188,108426400.04423
2011-07-26,27.81551243552,28.138462970998,27.781970816037,28.076648722067,74599703.895823
2011-07-27,27.849696614763,27.980136246084,27.203152984047,27.327552553622,71433176.190404
2011-07-28,27.273449021813,28.066624789807,27.211891796785,27.729152403749,83723759.98084
2011-07-29,27.495774698843,27.713987993408,27.265866816642,27.393993232827,104292456.64491
2011-08-01,27.543324121098,27.681602981494,26.753875199713,27.273449021813,61799837.510882
2011-08-02,26.909503173634,27.450409979773,26.761328892931,26.797697775359,63815083.323615
2011-08-03,26.792814321181,27.000875171535,26.47783152673,26.918370498325,64583239.532567
2011-08-04,26.481686885291,26.867993813125,25.931784242509,25.940523055248,92120968.069331
2011-08-05,25.940523055248,26.104889841908,25.226253625806,25.680671888222,112056286.21722
2011-08-08,25.029116291376,25.600094894292,24.393753200487,24.487052877669,133991153.35984
2011-08-09,24.621090843647,25.620399782715,24.030963959877,25.57914744611,126242129.13015
2011-08-10,24.924764586319,25.088231789315,24.097661662986,24.202141879995,127773489.43818
2011-08-11,24.528176702322,25.378026241166,24.404034156651,25.188728135811,90627967.492611
2011-08-12,25.13706633109,25.340372239218,24.65026305676,25.096842090102,64778906.825853
2011-08-15,25.206077249336,25.57914744611,25.146062167733,25.512449743001,56350497.099196
2011-08-16,25.204040100164,25.589201150742,25.047983467602,25.352434377608,54202525.553627
2011-08-17,25.270064060094,25.700560711784,24.930877140221,25.248864877601,50447054.364885
2011-08-18,24.560402270285,25.085401301759,24.030039590228,24.671251007653,105666025.39669
2011-08-19,24.42043658347,24.621445699389,23.909357497126,24.05034483129,77381311.053667
2011-08-22,24.436910646973,24.482884777679,23.792123463827,23.97780786951,54617729.874109
2011-08-23,24.030039590228,24.751322618632,24.030039590228,24.71990696265,59615951.95611
2011-08-24,24.601395870164,24.930877140221,24.42043658347,24.902015602611,45281166.395941
2011-08-25,25.075312534188,25.161641735179,24.495655369541,24.572789744392,48175626.460017
2011-08-26,24.51532208101,25.341323962687,24.42043658347,25.248864877601,71936425.952127
2011-08-29,25.459707349254,25.857383579858,25.370951735809,25.836439809203,38812012.028139
2011-08-30,25.756623610061,26.43001691898,25.700560711784,26.230540274085,57297842.67691
2011-08-31,26.304098883214,26.709182057098,26.254293574949,26.602164497289,59296695.064355
2011-09-01,26.487356876443,26.86051357067,26.211639798128,26.211639798128,60499981.484632
2011-09-02,25.781526264193,26.008459681593,25.662887465789,25.798766563208,43885042.319278
2011-09-06,25.192801979324,25.589201150742,25.105451130984,25.511939069972,54918383.322651
2011-09-07,25.700560711784,26.003479150767,25.568257380087,26.003479150767,41905482.035149
2011-09-08,25.984961792566,26.658227395566,25.952396783316,26.219302153246,65787239.583776
2011-09-09,25.9947951483,26.182012025007,25.50197800832,25.737850840023,64498759.735516
2011-09-12,25.418713749375,25.929792835719,25.270064060094,25.889948589107,55026425.995839
2011-09-13,25.952396783316,26.182012025007,25.807578271593,26.042301750029,48780482.481992
2011-09-14,26.161962195782,26.798065376462,25.889948589107,26.499872056469,66690145.133434
2011-09-15,26.759753600874,27.03253344306,26.306653001586,26.987580959704,67748311.86946
2011-09-16,26.921429293855,27.268278568845,26.830247267956,27.121161350587,89669030.803798
2011-09-19,26.819392264873,27.309399874643,26.602164497289,27.208512198928,52286443.055756
2011-09-20,27.309399874643,27.500447928909,26.931518061427,26.979918604586,48881391.63061
2011-09-21,26.998819080543,27.062544333938,25.973595965808,25.9947951483,72696252.945153
2011-09-22,25.332384548383,25.649095226578,24.601395870164,25.058072235173,96200998.348744
2011-09-23,24.92078837265,25.148998849235,24.687597365237,25.058072235173,64729746.27556
2011-09-26,25.211447043444,25.51960142509,24.73101737757,25.439529814111,51027525.886591
2011-09-27,25.690471944213,25.918810126717,25.448341522496,25.671699174174,55608577.880269
2011-09-28,25.941158662477,26.370378254981,25.511939069972,25.568257380087,60726189.894034
2011-09-29,25.96223013905,26.172050963354,25.085401301759,25.448341522496,63386588.097741
2011-09-30,25.20531715935,25.496997477493,24.879667066852,24.889500422586,54054320.928652
2011-10-03,24.710073606915,25.341323962687,24.51532208101,24.527709555117,64549837.631397
2011-10-04,24.350581445981,25.389724505847,24.25863318457,25.341323962687,83442138.08164
2011-10-05,25.418713749375,26.156853959037,25.159087616807,25.893779766666,93983738.090676
2011-10-06,25.944862134117,26.396430262381,25.702987124238,26.332705008986,55063732.293036
2011-10-07,26.336408480626,26.508683764854,26.199124618103,26.249313044123,52733338.568229
2011-10-10,26.602164497289,26.969063601503,26.467690164975,26.940329769812,41793504.619478
2011-10-11,26.850424803099,27.071356042323,26.719398530588,26.998819080543,38809481.863659
2011-10-12,27.157302125559,27.309399874643,26.899080758096,26.957570068827,52471056.875881
2011-10-13,26.748260068197,27.199572784624,26.622342032432,27.178629013969,43806366.71044
2011-10-14,27.256018800657,27.500447928909,27.022572381408,27.268278568845,50916358.187689
2011-10-17,27.102388580549,27.42037631793,26.850424803099,26.979918604586,39422204.965499
2011-10-18,26.899080758096,27.402752901159,26.798065376462,27.309399874643,52453330.492219
2011-10-19,27.383213895609,27.471586391299,27.011334260568,27.1274189406,42855448.16313
2011-10-20,27.24835644554,27.340560118788,26.40026143994,27.041217445527,76148590.226258
2011-10-21,27.182204779691,27.193315194611,26.799342435648,27.161005597199,76576884.700619
2011-10-24,27.081317103976,27.402752901159,27.041217445527,27.189611722971,56879664.851975
2011-10-25,27.073782454777,27.233287147142,26.719398530588,26.810835968325,53517919.645119
2011-10-26,27.011334260568,27.062544333938,26.099641707492,26.593480494822,63003455.776642
2011-10-27,27.121161350587,27.402752901159,26.649543393099,27.24835644554,74438441.150552
2011-10-28,27.104942698922,27.193315194611,26.78797660889,26.981195663773,57702776.421612
2011-10-31,26.804450672393,26.99626496217,26.624768444885,26.632175388166,46787282.077942
2011-11-01,26.169496844981,26.314315356704,25.862491816603,25.997349266673,61182531.834923
2011-11-02,26.11100753425,26.199124618103,25.700560711784,26.013440212419,53533090.209908
2011-11-03,26.226709096526,26.592203435636,25.988665264206,26.528733594078,65836614.669342
2011-11-04,26.385064435623,26.396430262381,26.008459681593,26.244332513297,36549119.019047
2011-11-07,26.1956765583,26.820669324059,26.128247833265,26.799342435648,42527177.760838
2011-11-08,26.990135078076,27.203403962183,26.679554283976,27.161005597199,47789690.594816
2011-11-09,26.602164497289,26.748260068197,26.062096167416,26.1956765583,62852219.92483
2011-11-10,26.448789689018,26.497445644015,26.117265124263,26.274087992337,32512179.05731
2011-11-11,26.592203435636,27.073782454777,26.572409018248,26.911468232202,37890531.896462
2011-11-14,26.869197573137,27.001373198916,26.648394039831,26.759753600874,34167171.990394
2011-11-15,26.548347810111,26.936841049794,26.403344134354,26.738982013205,43864784.330311
2011-11-16,26.480155522037,26.509561861876,26.039567430312,26.067959758432,53171165.968604
2011-11-17,26.020808213518,26.039567430312,25.443962297108,25.537885132542,70887594.365272
2011-11-18,25.422921553948,25.501000456279,25.150659407508,25.301493650647,47614402.948995
2011-11-21,25.211246607693,25.249398798605,24.895381957354,25.003247453919,61842534.92476
2011-11-22,24.926562817701,24.958630938301,24.651512139035,24.790304993016,49183490.391386
2011-11-23,24.662919770869,24.790304993016,24.470764550197,24.470764550197,49091413.257654
2011-11-25,24.370630892987,24.673820396844,24.296227783136,24.296227783136,26164411.315393
2011-11-28,24.958630938301,24.971052581854,24.691312098989,24.868383895347,46735371.403978
2011-11-29,24.81983808432,25.039118118464,24.749364269878,24.84113233041,40909874.394922
2011-11-30,25.369812690187,25.589979984585,25.139251775674,25.580346873258,81301111.575891
2011-12-01,25.588839221401,25.627371666707,25.199965727324,25.281720422135,48520080.111214
2011-12-02,25.57907935861,25.61849906417,25.162954299596,25.217584180934,52291045.59456
2011-12-05,25.741067730654,25.803049196952,25.501000456279,25.700253758981,56778177.870812
2011-12-06,25.851468256514,25.866298177899,25.604683154504,25.65424297725,46146346.401301
2011-12-07,25.67921301582,25.763249236998,25.338505078376,25.597331569544,62628455.433108
2011-12-08,25.529392784399,25.71888622431,25.369812690187,25.399219030026,60495074.269338
2011-12-09,25.537885132542,25.867312189617,25.501000456279,25.700253758981,53777736.627184
2011-12-12,25.432808168204,25.567925229705,25.290466273208,25.510887070535,38823581.047951
2011-12-13,25.783149216975,26.098887115849,25.64714489522,25.763249236998,54490737.092352
2011-12-14,25.669199650099,25.859073344404,25.567925229705,25.588839221401,47675900.78795
2011-12-15,25.656778006546,25.878339567057,25.537885132542,25.556517597871,46190927.811218
2011-12-16,25.710013621772,26.169487681755,25.627371666707,25.999894221822,101271942.70581
2011-12-19,26.020808213518,26.117646332643,25.459932981676,25.529392784399,52234791.582052
2011-12-20,25.867312189617,26.098887115849,25.814076574392,26.020808213518,60732091.67078
2011-12-21,26.010668096332,26.187866644155,25.443962297108,25.763249236998,64124487.940299
2011-12-22,25.859073344404,25.859073344404,25.482241239485,25.814076574392,35780616.507435
2011-12-23,25.922068822421,26.039567430312,25.730040353214,26.030694827774,23186173.945031
2011-12-27,25.981388507958,26.135898543577,25.932969448396,26.039567430312,21273363.856407
2011-12-28,26.117646332643,26.145785157833,25.763249236998,25.823836437183,29793501.083949
2011-12-29,25.953756688627,26.04818652992,25.859073344404,26.020808213518,22483493.931271
2011-12-30,25.999894221822,26.117646332643,25.909520427403,25.961361776516,27396332.510086
2012-01-03,26.480155522037,26.958008544419,26.393457520098,26.758628490253,64732993.128199
2012-01-04,26.821877471199,27.470718219629,26.779542481949,27.396315109777,80517477.770043
2012-01-05,27.387569258705,27.734234514996,27.291111393974,27.68099889977,56081888.669569
2012-01-06,27.565908569711,28.188511764921,27.525094598038,28.09965898808,99457556.945664
2012-01-09,28.047437384573,28.09965898808,27.722066374373,27.742853614604,59707361.393325
2012-01-10,27.902433708816,28.14668378153,27.752993731789,27.839438230799,60003777.326122
2012-01-11,27.429523993561,27.981780125795,27.368810041911,27.723207137556,65582844.378346
2012-01-12,27.841973260095,28.022847600398,27.651339057001,28.000285839659,49373960.351861
2012-01-13,27.933614569162,28.2541690237,27.793680951998,28.2541690237,60199568.655766
2012-01-17,28.397778433344,28.64811257637,28.173808595002,28.257844816179,72384953.983807
2012-01-18,28.270266459732,28.402594989007,27.969485233707,28.231987517356,64844005.224904
2012-01-19,28.137937930457,28.442521700427,28.027790907526,28.117911199015,74026994.58658
2012-01-20,28.8087066823,29.73982294289,28.749133493834,29.7116841177,165888849.53557
2012-01-23,29.552864532276,29.949089611313,29.350062188559,29.727401299338,76078485.791474
2012-01-24,29.482390717835,29.57162374907,29.1776801964,29.341316337487,47299918.754671
2012-01-25,29.078940805303,29.647294373569,29.071462468878,29.562751146532,59233958.240516
2012-01-26,29.618521791055,29.70040323733,29.39949525984,29.502163946347,49103555.155247
2012-01-27,29.44259075788,29.534612321342,29.170201859976,29.230789060161,44189472.661962
2012-01-30,28.983243449362,29.618521791055,28.831141691574,29.60736766215,51107193.616717
2012-01-31,29.661870792024,29.705346544458,29.230789060161,29.534612321342,50576371.695124
2012-02-01,29.777087873548,30.050617534636,29.759596171403,29.893318966791,67588244.513488
2012-02-02,29.939076245592,30.16951040864,29.7116841177,29.949089611313,52224639.139872
2012-02-03,30.143526358352,30.399817820224,30.089023228478,30.236181679137,37769590.509697
2012-02-06,30.067982485317,30.21653520209,29.964173035627,30.196888725042,28039774.732089
2012-02-07,30.089023228478,30.489050851459,30.04808250534,30.348863731365,39242328.699118
2012-02-08,30.277375905205,30.669671688832,30.21653520209,30.659785074576,49660386.197548
2012-02-09,30.722780552593,30.800986206389,30.481572515035,30.767777322605,50468903.139181
2012-02-10,30.64229337243,30.800986206389,30.358877097086,30.500078228899,44606179.970307
2012-02-13,30.631265994991,30.767777322605,30.429350911527,30.580311906132,33319715.894993
2012-02-14,30.32994087255,30.45926326162,29.851561363226,30.251365243748,59645761.903472
2012-02-15,30.32994087255,30.390257741454,30.029993520297,30.046993055374,43313218.098707
2012-02-16,30.300600934231,31.549122343799,30.300600934231,31.279522309721,94698261.28204
2012-02-17,31.197043083976,31.321328573763,30.949857251703,31.247789844243,70036410.315895
2012-02-21,31.180043548898,31.610572515042,31.151585067954,31.441962311571,50829860.489605
2012-02-22,31.453169412474,31.680459492582,31.180043548898,31.2684411313,49246328.440163
2012-02-23,31.228020014561,31.588284235718,30.999092942186,31.371823489067,35034908.137387
2012-02-24,31.481250125972,31.502153257993,31.237716045679,31.481250125972,35576527.460559
2012-02-27,31.206865037576,31.502153257993,31.101467920096,31.349661132225,34568684.958466
2012-02-28,31.40758547397,31.927645324854,31.381645442667,31.87098020793,45219911.558127
2012-02-29,31.889742657756,31.998917449697,31.605787460724,31.734732082347,59324420.108846
2012-03-01,31.917949293736,32.390032678957,31.851588145693,32.293198290258,77345506.794335
2012-03-02,32.313975499797,32.440653516743,32.001435899338,32.079130070766,47315068.547382
2012-03-05,32.01138377542,32.048404985144,31.62026854616,31.80235245521,45215288.531813
2012-03-06,31.510967831737,31.97826616264,31.489938777234,31.556299925276,51937049.274205
2012-03-07,31.662200732684,31.917949293736,31.529226591635,31.843025416914,22999381.921309
2012-03-08,32.018939124344,32.209207994728,31.900697913695,32.01138377542,36749543.554252
2012-03-09,32.098773977966,32.158839001906,31.917949293736,31.989347341061,34628398.099799
2012-03-12,31.97826616264,32.199511963609,31.821870439929,32.038457109062,34076755.444162
2012-03-13,32.241444150133,32.688846728872,32.14926889327,32.668321364297,48951649.945741
2012-03-14,32.509407191945,32.877100839543,32.488629982406,32.775229551561,41987740.516193
2012-03-15,32.792355009121,32.942580530211,32.576020184952,32.849146048527,49070793.285537
2012-03-16,32.911729522108,32.950765491545,32.499711160827,32.599315844132,65626400.142614
2012-03-19,32.518095843207,32.610145177588,32.14926889327,32.199511963609,44797116.857498
2012-03-20,32.120684489843,32.14926889327,31.737250531988,31.989347341061,41566789.822544
2012-03-21,31.989347341061,32.14926889327,31.821870439929,31.911779092115,37935481.51872
2012-03-22,31.811922563846,32.088952024366,31.79253050161,32.001435899338,31749516.192096
2012-03-23,32.098773977966,32.108470009084,31.718739927126,32.01138377542,35912884.740583
2012-03-26,32.199511963609,32.610145177588,32.14926889327,32.588360588193,36753978.765041
2012-03-27,32.648677457097,32.701438977078,32.398847252701,32.518095843207,36274389.78774
2012-03-28,32.529177021627,32.701438977078,32.038457109062,32.188556707671,41347058.666438
2012-03-29,32.001435899338,32.188556707671,31.811922563846,32.120684489843,37038633.113944
2012-03-30,32.370514694239,32.408669206301,32.038457109062,32.263354662011,31749536.518449
2012-04-02,32.21915587081,32.461556648764,31.948674379357,32.293198290258,35850585.273766
2012-04-03,32.139321017187,32.188556707671,31.662200732684,31.938726503275,42749199.131681
2012-04-04,31.657289755884,31.687762996541,31.052106307131,31.211901936858,49449275.717934
2012-04-05,31.154103517595,31.626312825298,31.052106307131,31.515752886055,51121994.124308
2012-04-09,31.219331363299,31.397889442852,30.970886306206,31.101467920096,26951343.362832
2012-04-10,31.05940981109,31.18873220016,30.300600934231,30.46908521522,54137144.732918
2012-04-11,30.45926326162,30.530535386462,30.230336189245,30.341273895935,43014863.786139
2012-04-12,30.480166393641,31.040017748854,30.419975447219,30.980834182288,38304408.937882
2012-04-13,30.889540382799,31.161658866518,30.71979687699,30.81360912612,39749425.004545
2012-04-16,30.989396911068,31.18873220016,30.774321311719,31.08144624545,38124887.378398
2012-04-17,31.2733521081,31.605787460724,31.199561533617,31.448258435674,34361410.606119
2012-04-18,31.279522309721,31.311758465127,31.040017748854,31.140503889533,40554069.808166
2012-04-19,31.129422711112,31.680459492582,30.941294522923,31.008914895786,54707637.237671
2012-04-20,32.14926889327,32.889567165267,32.048404985144,32.420002229686,106046024.11744
2012-04-23,32.313975499797,32.499711160827,32.031027682621,32.120684489843,64683855.651317
2012-04-24,32.209207994728,32.518095843207,31.831818316011,31.917949293736,40832616.493741
2012-04-25,31.917949293736,32.318634631633,31.87098020793,32.199511963609,62495705.585255
2012-04-26,32.120684489843,32.230488894195,31.917949293736,32.108470009084,40311422.718772
2012-04-27,32.119425265023,32.21915587081,31.878535556853,31.975747712999,41420904.316283
2012-04-30,31.97826616264,32.108470009084,31.917949293736,32.01138377542,35700600.348111
2012-05-01,32.047145760324,32.331100957356,31.947415154537,32.0101245506,43832746.738627
2012-05-02,31.851588145693,31.917949293736,31.641045755699,31.80235245521,37385791.006273
2012-05-03,31.878535556853,31.899438688874,31.605787460724,31.754250067066,31502966.442429
2012-05-04,31.458080389274,31.562344204415,30.921650615723,30.982093407109,57928238.518006
2012-05-07,30.700530737236,30.860074521998,30.56654921633,30.647265527327,48642979.601186
2012-05-08,30.479033091302,30.781372970714,30.167626793182,30.501069525662,47609260.835379
2012-05-09,30.189915072506,30.830860506162,30.093710296216,30.764373435637,50306881.247562
2012-05-10,30.861333746819,31.021129376546,30.450574610358,30.740825931493,43749811.955618
2012-05-11,30.688064411512,31.534263490917,30.688064411512,31.16543654098,44525394.13602
2012-05-14,30.824564382059,31.042536198495,30.637569496208,30.677990612948,40518157.203115
2012-05-15,30.640760900245,30.799514837468,30.152239131246,30.208284650455,61825660.837672
2012-05-16,30.311993881313,30.322877720981,29.736526496578,29.897532262698,60068286.18841
2012-05-17,29.993109889206,30.208284650455,29.71075556587,29.720513491089,38265063.261902
2012-05-18,29.790069983679,29.808585021275,29.173068865958,29.267270374807,56194676.488312
2012-05-21,29.10238645892,29.790069983679,29.060602522724,29.746284421797,38787853.572343
2012-05-22,29.691239715431,29.878516818681,29.502961799338,29.75729336307,39504886.928542
2012-05-23,29.348961723119,29.396875637978,28.644139278423,29.113270298588,67040860.90453
2012-05-24,29.162059924685,29.298795979362,28.757981739316,29.06910943189,43311770.081574
2012-05-25,29.198714695061,29.360095765997,29.009310864519,29.060602522724,29507345.950119
2012-05-29,29.378485701988,29.720513491089,29.217104631051,29.559257521758,37758704.57032
2012-05-30,29.348961723119,29.482194932846,29.121777207754,29.337952781846,41588956.827671
2012-05-31,29.298795979362,29.41739230126,28.941005387983,29.1903328875,39140234.786423
2012-06-01,28.757981739316,28.960646340028,28.439848356842,28.450982399721,56638632.183105
2012-06-04,28.624623427984,28.779749418652,28.317624088388,28.548561651915,47926479.509809
2012-06-05,28.508278934983,28.745471578779,28.39118383235,28.501023041871,45706529.992498
2012-06-06,28.868946863286,29.368727776768,28.807772178257,29.348961723119,39566993.668432
2012-06-07,29.642199886123,29.70099764065,29.173068865958,29.22823867393,37791499.063341
2012-06-08,29.207471807437,29.681481790212,29.051094800715,29.653333929002,42552002.076829
2012-06-11,29.726643469753,29.808585021275,28.819031322741,28.898095537339,46362022.11576
2012-06-12,29.10238645892,29.298795979362,28.838547173179,29.287787038089,35337831.496008
2012-06-13,29.217104631051,29.439535285412,29.051094800715,29.131535132973,32984515.633824
2012-06-14,29.329821177496,29.459176237456,28.880080906165,29.337952781846,39459154.520264
2012-06-15,29.590908227918,30.08230733384,29.49207795967,30.02250876647,62305929.280765
2012-06-18,29.993109889206,30.03089057403,29.71075556587,29.838984711382,58545889.090188
2012-06-19,30.18976961286,31.112268850912,30.051782542128,30.699433553167,75716303.910752
2012-06-20,30.930120913482,31.048842336985,30.640760900245,30.930120913482,36250897.7152
2012-06-21,30.962272026064,31.139165696068,30.062791483402,30.140979986762,48459647.814011
2012-06-22,30.302235956094,30.729833243273,30.03089057403,30.699433553167,45097401.255606
2012-06-25,30.302235956094,30.322877720981,29.622934238895,29.858625663426,36983670.332972
2012-06-26,30.00411883048,30.268083217826,29.939316198894,30.02250876647,38421240.569642
2012-06-27,30.18976961286,30.500396899011,30.03089057403,30.169002746367,33760569.584146
2012-06-28,29.981975846328,30.051782542128,29.41739230126,29.906039171864,45331022.7357
2012-06-29,30.447478919937,30.689425424736,30.140979986762,30.591721070937,55220313.734563
2012-07-02,30.623621980308,30.623621980308,30.208284650455,30.563823412938,30572760.233866
2012-07-03,30.231303345845,30.760483136591,30.169002746367,30.760483136591,20941439.431318
2012-07-05,30.591721070937,30.780124088635,30.377672224136,30.699433553167,28802324.910964
2012-07-06,30.613989156694,30.699433553167,29.951576156221,30.179761484429,38295112.877463
2012-07-09,30.120088018664,30.231303345845,29.779311245617,30.00411883048,30682548.785168
2012-07-10,30.08230733384,30.220419506177,29.514220943822,29.736526496578,37531775.058918
2012-07-11,29.71075556587,29.736526496578,29.10238645892,29.298795979362,39185841.98115
2012-07-12,29.151426288228,29.182951892783,28.537802913852,28.635632369257,63525470.807242
2012-07-13,28.757981739316,29.482194932846,28.719575546466,29.386992611153,39086349.584686
2012-07-16,29.482194932846,29.53348659105,29.041211773891,29.439535285412,27901897.894962
2012-07-17,29.642199886123,29.858625663426,29.198714695061,29.660714923719,33775829.269634
2012-07-18,29.600791254743,30.447478919937,29.459176237456,30.447478919937,41096419.093319
2012-07-19,30.508653604966,30.799514837468,30.377672224136,30.668783659849,46632741.99781
2012-07-20,30.996174561122,31.048842336985,30.051782542128,30.110330093445,64023907.491127
2012-07-23,29.569140548583,29.579023575408,29.009310864519,29.277028300027,55139514.166385
2012-07-24,29.238997411992,29.360095765997,28.898095537339,29.151426288228,47722076.980213
2012-07-25,29.238997411992,29.329821177496,28.779749418652,28.828539044749,45582637.321293
2012-07-26,29.22823867393,29.502961799338,29.091377517647,29.162059924685,45301462.516896
2012-07-27,29.482194932846,29.847491620547,29.182951892783,29.746284421797,44244136.373857
2012-07-30,29.746284421797,29.8184680481,29.459176237456,29.642199886123,28904667.757098
2012-07-31,29.482194932846,29.71075556587,29.329821177496,29.471185991572,37622115.408679
2012-08-01,29.590908227918,29.653333929002,29.207471807437,29.407634376041,31721873.638815
2012-08-02,29.207471807437,29.523978869042,28.970279163642,29.1903328875,39521423.301222
2012-08-03,29.53348659105,29.939316198894,29.482194932846,29.746284421797,35859837.789572
2012-08-06,30.00411883048,30.110330093445,29.808585021275,29.951576156221,27471772.978071
2012-08-07,30.071173290962,30.349774566137,29.871010722358,30.259451207055,28002888.762096
2012-08-08,30.208284650455,30.467119871981,30.110330093445,30.330258715698,26258226.152665
2012-08-09,30.387555250961,30.649142707805,30.302235956094,30.500396899011,24920029.646021
2012-08-10,30.500396899011,30.623621980308,30.252070212337,30.418455347489,27810585.298801
2012-08-13,30.349774566137,30.457487048367,30.16162175165,30.387555250961,23050019.269344
2012-08-14,30.299670363696,30.391636303973,30.008237755658,30.130651878864,34551337.411253
2012-08-15,30.112507247404,30.277424548413,30.020292750532,30.199999168964,24350981.906834
2012-08-16,30.363922243592,30.940324988191,30.257042907595,30.779011757814,35787128.602596
2012-08-17,30.919694790777,30.919694790777,30.589363075568,30.901674437615,32589862.805114
2012-08-20,30.817786586687,30.847986213021,30.581036429624,30.741231155322,23737779.973288
2012-08-21,30.761985631033,30.962197968581,30.607756263623,30.796907832678,28821183.701558
2012-08-22,30.589363075568,30.761985631033,30.469434518315,30.540894539476,33437903.545221
2012-08-23,30.391636303973,30.403815577145,30.079822055116,30.248343426758,28356540.396341
2012-08-24,30.248343426758,30.630996305287,30.177753353681,30.560530510508,22944449.33331
2012-08-27,30.929512776293,30.962197968581,30.589363075568,30.691644114551,34691204.835467
2012-08-28,30.701462100067,30.796907832678,30.519021559086,30.630996305287,23947893.745815
2012-08-29,30.650259441426,30.751049140838,30.439110613683,30.650259441426,23347868.666277
2012-08-30,30.530082327579,30.607756263623,30.218268078722,30.319927726217,23972037.169411
2012-08-31,30.599181061084,30.962197968581,30.380699813778,30.817786586687,36591721.560246
2012-09-04,30.449922825581,30.659828870347,30.1500392933,30.391636303973,48557719.482586
2012-09-05,30.218268078722,30.530082327579,30.209568597885,30.391636303973,33650348.702357
2012-09-06,30.499758422947,31.360385634319,30.460859315776,31.337145592654,48360798.216472
2012-09-07,31.042481748876,31.071438592234,30.730170386829,30.951385756683,42652672.384199
2012-09-10,30.828598798584,30.901674437615,30.510694913142,30.719358174932,40523944.410879
2012-09-11,30.691644114551,30.911119588238,30.607756263623,30.788456908437,25192516.18911
2012-09-12,30.940324988191,31.178193649933,30.730170386829,30.779011757814,32776218.697509
2012-09-13,30.889370886146,31.178193649933,30.403815577145,30.929512776293,45048298.585807
2012-09-14,31.009423721696,31.25251207194,30.809211384148,31.209760337542,51422728.373039
2012-09-17,31.189378696724,31.263324283838,31.042481748876,31.209760337542,36488801.227335
2012-09-18,31.101886775163,31.209760337542,31.03266376336,31.167257159738,34534223.565352
2012-09-19,31.092068789647,31.189378696724,31.042481748876,31.05080839482,48877661.241719
2012-09-20,30.951385756683,31.481805531144,30.911119588238,31.44999028694,45545019.436594
2012-09-21,31.432094212075,31.610309290936,31.092068789647,31.189378696724,102340450.0061
2012-09-24,30.997493005119,31.071438592234,30.640690012506,30.779011757814,46806826.57352
2012-09-25,30.951385756683,30.997493005119,30.363922243592,30.391636303973,54268273.909145
2012-09-26,30.277424548413,30.599181061084,30.041917174327,30.166195471998,54677967.385291
2012-09-27,30.166195471998,30.403815577145,29.890546207763,30.158738774137,47130153.371297
2012-09-28,30.177753353681,30.257042907595,29.738802406307,29.760426830102,54229759.92967
2012-10-01,29.811380932147,29.97878379911,29.421768468948,29.490867202453,54002832.178382
2012-10-02,29.678154597043,29.890546207763,29.501927970946,29.658394347714,43328676.71152
2012-10-03,29.750733122883,29.989844567602,29.669455116206,29.86245931249,46663696.858473
2012-10-04,29.970457153166,30.031229240727,29.567546912116,30.031229240727,43638689.902695
2012-10-05,30.227837507642,30.248343426758,29.738802406307,29.851522822294,41133882.405971
2012-10-08,29.639006933277,29.9206215558,29.546916714703,29.782299810492,29754874.404621
2012-10-09,29.678154597043,29.738802406307,29.178928675299,29.281955384068,45121635.048492
2012-10-10,29.14736198769,29.312527845295,28.949635216095,28.982320408383,47223797.594417
2012-10-11,29.208258353549,29.249394470078,28.870469940479,28.949635216095,41489402.906641
2012-10-12,28.97125963989,29.324831396764,28.801371206974,29.197321863354,46465731.824054
2012-10-15,29.3709386452,29.716680869321,29.249394470078,29.51025461689,42445169.268148
2012-10-16,29.451968095282,29.738802406307,29.324831396764,29.490867202453,47740631.786284
2012-10-17,29.302958416374,29.639006933277,29.088081239701,29.590414118888,44208368.263191
2012-10-18,29.647333579221,29.727741637814,29.259336733892,29.501927970946,59209607.34308
2012-10-19,29.048933575935,29.078387532483,28.50061772661,28.63881519362,90471394.845392
2012-10-22,28.729786907515,28.830700885224,27.831751928544,28.002883144437,83377974.282438
2012-10-23,27.75780634143,28.200609916032,27.75780634143,28.051227402231,64417116.523216
2012-10-24,28.158355294824,28.200609916032,27.871645262097,27.902093445026,53325999.92119
2012-10-25,28.189424869242,28.200609916032,27.863318616153,27.883824535268,54073987.190023
2012-10-26,27.863318616153,28.338061713256,27.842439862144,28.211794962822,57782121.141441
2012-10-31,28.546600696748,28.877802360042,28.50061772661,28.537901215911,69467693.038077
2012-11-01,28.840270314145,29.556486143623,28.819640116732,29.51025461689,72047823.205364
2012-11-02,29.590414118888,29.771363320297,29.333282321006,29.501927970946,57139346.047208
2012-11-05,29.619743797138,29.738802406307,29.333282321006,29.62819472138,38070899.41918
2012-11-06,29.822565978937,30.199999168964,29.608931585241,29.86245931249,43406100.923476
2012-11-07,29.526162238992,29.829649841904,29.048933575935,29.078387532483,57874733.953417
2012-11-08,29.120890710286,29.3709386452,28.801371206974,28.811064914192,49836273.045787
2012-11-09,28.877802360042,29.186385373159,28.811064914192,28.830700885224,43292549.311979
2012-11-12,28.941060013556,29.009040242382,28.211794962822,28.219127382385,61102194.888752
2012-11-13,27.021870911659,27.299094793384,26.746249480116,27.089420350158,131681423.98
2012-11-14,27.237585359422,27.2880009075,26.794446251016,26.840300979341,76090946.893519
2012-11-15,26.880978560919,26.973920671556,26.625819185564,26.658484516226,50947897.27519
2012-11-16,26.669455136712,26.700641282589,26.338117744947,26.521166862049,64088199.287625
2012-11-19,26.794446251016,26.794446251016,26.470628048573,26.728252731903,57166178.356666
2012-11-20,26.757220100602,26.794446251016,26.460890082074,26.710255983689,47059029.174215
2012-11-21,26.710255983689,27.17508980227,26.669455136712,26.950993307393,66345319.393623
2012-11-23,27.226738004335,27.77218739368,27.200235943609,27.700939993218,57845670.246289
2012-11-26,27.535271297336,27.579523575477,27.17508980227,27.388215676661,85181801.402668
2012-11-27,27.357892388575,27.376012402187,27.038881536682,27.078449729672,45023193.089381
2012-11-28,27.012379475957,27.388215676661,26.764369493728,27.357892388575,53003580.075132
2012-11-29,27.110005671745,27.357892388575,26.860763035529,26.950993307393,69538964.415012
2012-11-30,27.048619503181,27.131577116521,26.493678678134,26.610534276123,83677886.35302
2012-12-03,26.775340114214,26.818606269166,26.401845956086,26.433401898159,53161544.810829
2012-12-04,26.421321889085,26.625819185564,26.338117744947,26.36967368702,49784884.753362
2012-12-05,26.379411653519,26.931640639794,26.25873482817,26.669455136712,68281582.195597
2012-12-06,26.806526260091,26.983535372656,26.610534276123,26.728252731903,39186487.220049
2012-12-07,26.806526260091,26.818606269166,26.36967368702,26.451028850177,46165627.154899
2012-12-10,26.562090974425,26.973920671556,26.521166862049,26.941501871692,47034365.92423
2012-12-11,27.048619503181,27.490279426802,27.048619503181,27.320666238161,52275240.930341
2012-12-12,27.5291080274,27.621433811043,27.078449729672,27.237585359422,43953888.292679
2012-12-13,27.320666238161,27.518260672312,26.950993307393,27.110005671745,45078189.960729
2012-12-14,27.110005671745,27.131577116521,26.700641282589,26.806526260091,42068140.551016
2012-12-17,26.786310734701,27.218232691823,26.681165349591,27.089420350158,42047141.821099
2012-12-18,27.249911899294,27.632527696928,27.143533860197,27.556596211315,50488519.949735
2012-12-19,27.672465686114,27.730153892716,27.249911899294,27.309818883073,53520884.559062
2012-12-20,27.376012402187,27.682943245005,27.154504480683,27.682943245005,52605942.271506
2012-12-21,27.420634476524,27.490279426802,27.00054599768,27.451820622401,98779077.041291
2012-12-24,27.200235943609,27.249911899294,27.00054599768,27.058480735079,20842331.655048
2012-12-26,27.031732143556,27.200235943609,26.700641282589,26.860763035529,31635684.646135
2012-12-27,26.931640639794,27.089420350158,26.572938329513,26.961840662481,39377628.653308
2012-12-28,26.710255983689,26.901810413303,26.551490150135,26.551490150135,28242785.914171
2012-12-31,26.594633039688,26.764369493728,26.36967368702,26.710255983689,42751277.857363
2013-01-02,27.249911899294,27.730153892716,27.154504480683,27.621433811043,52902098.949433
2013-01-03,27.632527696928,27.652989753116,27.162886527797,27.249911899294,48294997.373587
2013-01-04,27.267538851312,27.338662986374,26.728252731903,26.736634779016,52515474.639941
2013-01-07,26.764369493728,26.880978560919,26.636666540652,26.692135970077,37113987.661755
2013-01-08,26.746249480116,26.786310734701,26.460890082074,26.551490150135,44693220.997677
2013-01-09,26.7188845616,26.746249480116,26.562090974425,26.700641282589,49040302.781174
2013-01-10,26.647760426537,26.983535372656,26.287578931471,26.460890082074,71415911.328331
2013-01-11,26.493678678134,26.931640639794,26.279320149757,26.828220970266,55513051.226018
2013-01-14,26.901810413303,27.078449729672,26.757220100602,26.890839792817,48313275.1226
2013-01-15,26.840300979341,27.2880009075,26.828220970266,27.207385336735,48235635.803018
2013-01-16,27.154504480683,27.226738004335,27.012379475957,27.038881536682,41068106.147281
2013-01-17,27.191977161895,27.473638597975,27.058480735079,27.249911899294,51677573.654185
2013-01-18,27.100267705246,27.2880009075,27.038881536682,27.249911899294,52168507.215132
2013-01-22,27.299094793384,27.451820622401,27.00054599768,27.154504480683,58652348.889814
2013-01-23,27.200235943609,27.64103300944,27.200235943609,27.611819109942,50352960.946901
2013-01-24,27.700939993218,28.070736189385,27.473638597975,27.632527696928,101666938.12906
2013-01-25,27.579523575477,28.234309373489,27.388215676661,27.879428290568,81849644.665642
2013-01-28,28.007870836036,28.234309373489,27.759984119206,27.909258517059,56058580.488052
2013-01-29,27.82137028777,28.129533784575,27.601341551051,28.007870836036,49245988.505215
2013-01-30,28.007870836036,28.193508526512,27.759984119206,27.85033765647,43581911.26592
2013-01-31,27.789074753305,27.969535297034,27.398939766349,27.451820622401,50531356.295621
2013-02-01,27.672465686114,28.049288010007,27.545748856227,27.928857715456,55566012.34517
2013-02-04,27.869813589468,28.019950845111,27.420634476524,27.440973267314,50523856.155951
2013-02-05,27.601341551051,27.662604454216,27.357892388575,27.50112678189,35388510.346568
2013-02-06,27.357892388575,27.535271297336,27.249911899294,27.338662986374,41883368.007124
2013-02-07,27.347045033487,27.388215676661,27.100267705246,27.278386206399,38028242.228864
2013-02-08,27.347045033487,27.709568571129,27.309818883073,27.545748856227,33318437.74377
2013-02-11,27.652989753116,27.917887094969,27.50112678189,27.860198888367,32247850.531159
2013-02-12,27.879428290568,27.997516542544,27.750246152707,27.879428290568,35991127.881024
2013-02-13,27.928857715456,28.107099482008,27.879428290568,28.029812077009,41715913.061475
2013-02-14,27.917887094969,28.058779445709,27.869813589468,28.040659432097,32663177.2024
2013-02-15,28.040659432097,28.15998033806,27.879428290568,28.007870836036,49653790.949959
2013-02-19,27.899774781393,28.084988414244,27.799649391753,28.04452259743,38805580.651931
2013-02-20,28.129121827749,28.200639963206,27.829479178166,27.868966969196,44111443.808206
2013-02-21,27.739867565704,27.739867565704,27.231294158008,27.489248458546,49084440.455758
2013-02-22,27.678863207425,27.759305828162,27.480812986159,27.759305828162,31317892.693869
2013-02-25,27.97532727321,28.04941272635,27.371029591901,27.371029591901,48014154.618454
2013-02-26,27.380443090073,27.601354664041,27.338510234582,27.371029591901,49924749.739787
2013-02-27,27.42225369234,28.004790299954,27.326651671951,27.810407675377,36394687.100154
2013-02-28,27.876302162577,27.97532727321,27.739867565704,27.799649391753,35840458.957348
2013-03-01,27.718350998455,27.984863024604,27.51871148529,27.952221414062,34850287.597481
2013-03-04,27.850873492192,28.148193330537,27.698301469883,28.148193330537,39021266.840565
2013-03-05,28.290251575668,28.538792378035,28.159196120608,28.350033401717,41433623.429557
2013-03-06,28.211642753276,28.228391444828,27.777888318058,28.084988414244,51448452.33249
2013-03-07,28.109072299176,28.280960330719,28.004790299954,28.13975785815,29196889.87478
2013-03-08,28.248563226623,28.330961898928,27.964446736362,28.004790299954,37670285.5474
2013-03-11,27.9407296111,27.97532727321,27.669327456031,27.868966969196,36635429.99941
2013-03-12,27.84023746179,27.952221414062,27.639742176064,27.909432786011,39259452.983888
2013-03-13,27.868966969196,28.022883776958,27.752092888005,27.917990511621,29103199.383441
2013-03-14,28.004790299954,28.159196120608,27.929849074252,28.13975785815,55917304.110031
2013-03-15,28.031441502569,28.159196120608,27.984863024604,28.031441502569,92711911.218444
2013-03-18,27.876302162577,28.280960330719,27.810407675377,28.097091483322,44828020.509316
2013-03-19,28.118485797347,28.220078225664,28.031441502569,28.179490155626,51902966.993894
2013-03-20,28.340497650322,28.49221390007,28.179490155626,28.320325868527,35454209.595622
2013-03-21,28.109072299176,28.359813659557,28.04941272635,28.109072299176,34234568.343907
2013-03-22,28.188903653798,28.340497650322,28.097091483322,28.248563226623,28720835.821759
2013-03-25,28.301254365738,28.350033401717,27.964446736362,28.159196120608,44153925.484667
2013-03-26,28.238905222006,28.340497650322,28.109072299176,28.159196120608,27831655.902535
2013-03-27,28.13975785815,28.442090078639,28.077775474087,28.370327436735,36048961.440644
2013-03-28,28.320325868527,28.662023626823,28.259321510248,28.596251392847,55455611.605488
2013-04-01,28.640262553128,28.662023626823,28.359813659557,28.607987702255,29201016.862412
2013-04-02,28.587815920459,28.852983161155,28.522165939706,28.801392301047,28458128.940235
2013-04-03,28.747600882925,28.952130525011,28.538792378035,28.557863880823,35062969.828194
2013-04-04,28.39208851043,28.607987702255,28.270202047095,28.587815920459,45263565.096889
2013-04-05,28.238905222006,28.778897708014,28.109072299176,28.698821846947,50927256.00242
2013-04-08,28.727551354353,28.727551354353,28.470697332822,28.587815920459,34759724.17023
2013-04-09,28.727551354353,29.820006155116,28.678283305482,29.612297929232,77737557.837199
2013-04-10,29.570487326965,30.318065785634,29.518040694296,30.278700247827,71093526.478418
2013-04-11,29.098834392616,29.198226262918,28.727551354353,28.931714236769,130912135.30855
2013-04-12,28.852983161155,29.021203596008,28.662023626823,28.789655991639,62886511.610768
2013-04-15,28.651143089975,28.981715804978,28.512507935089,28.69038637456,56333110.67579
2013-04-16,28.899561639119,29.139544715876,28.69038637456,28.972057800361,52801271.843564
2013-04-17,28.852983161155,29.04039735202,28.596251392847,28.83366715192,52841324.05754
2013-04-18,28.952130525011,28.981715804978,28.501627398242,28.789655991639,56873582.751462
2013-04-19,29.621833680626,30.241535268033,29.612297929232,29.7566789856,99790616.209611
2013-04-22,30.297527244169,31.179828754588,30.270264775439,30.827739472337,137905687.68154
2013-04-23,30.700107107521,30.901824925478,30.380048169697,30.599737211435,59100672.936466
2013-04-24,30.645093157169,31.916771182856,30.599737211435,31.759309031627,90952207.407494
2013-04-25,31.709185210195,32.838804990752,31.538275204436,31.939632535558,110697350.954
2013-04-26,31.898922212297,31.982665670055,31.449886124204,31.790116843824,47799783.237162
2013-04-29,31.802097659678,32.679875800847,31.771412100704,32.610680476626,59116520.970952
2013-04-30,32.563001719655,33.109718132928,32.279863255178,33.102382939548,75166269.51408
2013-05-01,32.928049843544,33.080010599738,32.601022472009,32.719119085431,54332962.100233
2013-05-02,32.631096764868,33.170722491207,32.389768902658,33.16228701882,46065115.200402
2013-05-03,33.226714467343,33.521956000897,33.080010599738,33.492981987046,46786440.28217
2013-05-06,33.420363572581,33.909865477489,33.246030476578,33.746168411887,40982077.552885
2013-05-07,33.651911176951,33.790424078614,33.23759500419,33.310457925101,45023813.746609
2013-05-08,33.071575127351,33.23759500419,32.651146293441,32.991499266283,51595060.888248
2013-05-09,32.848462995369,33.001157270901,32.591364467392,32.658359233598,48039707.941021
2013-05-10,32.669117517222,32.719119085431,32.319228792985,32.690634084471,36394977.697701
2013-05-13,32.610680476626,33.071575127351,32.554443994044,33.034410147558,36036345.989814
2013-05-14,32.861316943496,33.528906151025,32.804379438799,33.528906151025,56871709.627979
2013-05-15,33.451937328044,33.902581288463,33.431784607831,33.852685095647,46307828.427937
2013-05-16,33.635618446609,34.149270008175,33.549180273166,34.081649133727,59384088.862897
2013-05-17,34.130088503395,34.869062045171,34.100709236578,34.869062045171,60672513.056841
2013-05-20,34.732363473125,35.097904681321,34.680403447517,35.080058597759,54024561.544046
2013-05-21,35.097904681321,35.268595793484,34.720708887942,34.84988054039,48703362.699326
2013-05-22,34.786872939243,34.839197170639,34.360266560764,34.606833878547,66049938.353788
2013-05-23,34.232066123748,34.553659833649,33.902581288463,34.149270008175,51105314.706814
2013-05-24,33.920184568167,34.280869699203,33.902581288463,34.271278946813,33174303.402364
2013-05-28,34.420724721402,35.182036218113,34.412469390231,35.019600437121,48214432.407831
2013-05-29,34.741954225516,35.019600437121,34.572477132643,34.878531395632,38412371.90299
2013-05-30,34.84988054039,35.249535690633,34.807389865243,35.030162404944,51133118.431068
2013-05-31,34.822807910225,35.274423086076,34.790393595184,34.905482623868,56167596.271284
2013-06-03,34.923450109359,35.630373541882,34.828513800887,35.591282120746,51254771.215035
2013-06-04,35.620782789491,35.739392474117,34.769391061468,34.988521543299,65526892.018103
2013-06-05,34.599792566666,34.889093363454,34.432622110443,34.77873901,46026357.99176
2013-06-06,34.839197170639,35.107252629854,34.489559615141,34.961448913134,37621858.614437
2013-06-07,35.249535690633,35.780790531903,35.058570456328,35.669222159159,40757347.738493
2013-06-10,35.508000397457,35.650404860165,35.140516758398,35.473643651552,35994841.073027
2013-06-11,35.051529144446,35.182036218113,34.680403447517,34.839197170639,39435857.445357
2013-06-12,35.140516758398,35.268595793484,34.84988054039,35.00041893234,37372280.363041
2013-06-13,34.988521543299,35.019600437121,34.591415833565,34.720708887942,45648647.657254
2013-06-14,34.553659833649,34.692300836558,34.24991220731,34.40045059926,53198105.560001
2013-06-17,34.692300836558,35.160548076681,34.627108000689,35.00041893234,49670494.446741
2013-06-18,34.970796861666,35.170017427143,34.900990752496,34.979294996696,28616643.11466
2013-06-19,34.961448913134,35.089406546292,34.591415833565,34.591415833565,30819305.441257
2013-06-20,34.260595577061,34.32578841293,33.370112427903,33.491150151108,54495111.473075
2013-06-21,33.656863784183,33.730554755081,33.048640119931,33.2620647111,85338300.843922
2013-06-24,32.940835206986,34.200258818352,32.570923529346,33.720964002691,56111845.456794
2013-06-25,34.081649133727,34.380419280977,33.462377893937,33.669003977082,44060792.642666
2013-06-26,34.121590368365,34.477783628029,33.893111938002,34.348490573652,48666261.269352
2013-06-27,34.521488322466,34.77873901,34.500242984892,34.618852669518,28993442.653505
2013-06-28,34.380419280977,34.786872939243,34.337685801971,34.543947679329,65546201.729475
2013-07-01,34.749238341255,34.988521543299,34.32578841293,34.360266560764,31060751.468051
2013-07-02,34.412469390231,34.440877441615,33.630033957875,33.9379092498,37633272.233414
2013-07-03,33.656863784183,34.370828528586,33.598833662124,34.009293584047,15994380.584226
2013-07-05,34.090025866827,34.239228837559,33.578802343841,34.212156207393,26085829.544201
2013-07-08,34.348490573652,34.591415833565,33.976150857432,34.32578841293,32397040.504039
2013-07-09,34.582067885033,34.599792566666,34.138586638424,34.348490573652,25319954.121645
2013-07-10,34.337685801971,34.807389865243,34.31619766054,34.700556167729,29868234.900684
2013-07-11,35.00041893234,35.770228564081,34.900990752496,35.687311046579,53630980.595123
2013-07-12,35.581691368356,35.727495085075,35.278065143946,35.669222159159,35501450.412776
2013-07-15,35.659752808698,36.220508318713,35.581691368356,36.170976331684,34143185.901442
2013-07-16,36.008176344906,36.42931963658,35.963379033107,36.26785507102,36378581.21215
2013-07-17,36.341667443847,36.393870273314,35.489183098463,35.739392474117,37287305.657728
2013-07-18,35.718996950046,35.892116100789,35.221006237319,35.440500924938,49413450.200901
2013-07-19,32.401567838402,32.669501895688,31.02001388647,31.398059493352,248394574.60653
2013-07-22,31.698043659892,32.010168019331,31.601043518627,32.010168019331,79030561.027551
2013-07-23,31.909283016338,32.039547286147,31.710062450862,31.821388019748,65816017.354492
2013-07-24,32.031049151118,32.186686424086,31.890465717344,31.956629768645,52808477.295588
2013-07-25,31.621074836911,31.649482888295,31.25007054191,31.387254721671,63219523.610163
2013-07-26,31.259418490442,31.621074836911,31.201509770313,31.621074836911,38636818.940739
2013-07-29,31.46932242567,31.601043518627,31.398059493352,31.539371338699,28874184.924797
2013-07-30,31.781082579322,32.121493588217,31.551390129669,31.8488248557,45801054.131426
2013-07-31,31.968527157687,32.049259440466,31.710062450862,31.83923410331,43900010.221719
2013-08-01,32.07050477804,32.089443478963,31.601043518627,31.668664393076,42557121.290493
2013-08-02,31.688695711359,31.900784881309,31.571057242166,31.890465717344,29198809.365456
2013-08-05,31.900784881309,32.00069866887,31.639892135904,31.698043659892,30986513.188272
2013-08-06,31.561830695562,31.668664393076,31.378028175068,31.581862013846,36333488.39357
2013-08-07,31.539371338699,32.100126848714,31.25007054191,32.061156829508,38070591.614035
2013-08-08,32.238646449694,33.070249663292,32.049259440466,32.892274435389,59037512.560116
2013-08-09,32.770265496752,32.904293226359,32.470159928283,32.697667143214,26803491.829704
2013-08-12,32.45959796046,32.97045727766,32.45959796046,32.871878911318,25494765.325782
2013-08-13,32.509258072285,32.551571981498,32.209805791706,32.228853078474,39469501.966618
2013-08-14,32.141452553748,33.35903227752,31.696493468555,32.352178232674,48525928.53299
2013-08-15,31.967374818982,32.181717071346,30.838039487071,31.790886035259,33340623.479512
2013-08-16,31.790886035259,31.989918126739,31.661292153769,31.8000480213,32865290.246293
2013-08-19,31.758819084118,31.967374818982,31.381128264853,31.392942404747,27908416.316145
2013-08-20,31.437667362917,31.900106553055,31.374015670427,31.618857692108,22979513.155857
2013-08-21,31.609334048725,32.008483203716,31.542306887693,31.609334048725,37400726.586945
2013-08-22,32.192205134313,32.486714764528,32.102755217972,32.387861757252,31167882.782281
2013-08-23,35.16876562537,35.200712024063,33.999647985652,34.749725316475,225479197.18259
2013-08-26,34.396506644133,34.672089540029,34.031473831897,34.150579650421,72781662.098573
2013-08-27,33.512495543695,34.097416020897,33.153249248958,33.260299822692,58520150.000961
2013-08-28,33.39001425663,33.601824907588,33.002558689085,33.023534815019,44261432.857154
2013-08-29,32.928057276284,33.601824907588,32.798583947241,33.549866802543,45282230.498128
2013-08-30,33.368435368456,33.480308040106,33.085980983031,33.396765193713,42780205.855445
2013-09-03,31.748210468703,32.072014343758,31.289026194659,31.881300371183,154500325.30039
2013-09-04,31.392942404747,31.469252104267,31.108920837499,31.186797718841,142303572.37565
2013-09-05,31.099517746563,31.437667362917,30.950032711169,31.239720243468,71642217.776792
2013-09-06,31.289026194659,31.392942404747,31.130138068329,31.149064802649,75436530.204182
2013-09-09,31.228991075605,31.790886035259,31.198611858735,31.661292153769,49627846.07755
2013-09-10,31.900106553055,32.399675897146,31.790886035259,32.387861757252,56885769.552084
2013-09-11,32.573633079463,32.928057276284,32.531319170251,32.740959877146,39081925.696844
2013-09-12,32.721189275691,32.777607821307,32.592559813783,32.692497793091,32865022.725646
2013-09-13,32.765673128965,33.072961318658,32.509258072285,33.031732381477,40905542.607888
2013-09-16,33.379285088767,33.501645823384,32.730592366627,32.798583947241,55016974.77332
2013-09-17,33.416897452512,33.471025501618,32.898883583893,32.928057276284,84711436.211877
2013-09-18,32.950721136489,33.396765193713,32.828119296976,33.320334941745,64102105.880467
2013-09-19,33.480308040106,33.681751180544,33.320334941745,33.642933292321,42026259.635112
2013-09-20,33.407373809128,33.480308040106,32.692497793091,32.787131464691,102902280.53055
2013-09-23,32.540963366083,32.969286213465,32.497323379943,32.740959877146,39826264.953502
2013-09-24,32.870433206189,32.870433206189,32.151096749579,32.457179414793,40246430.333699
2013-09-25,32.486714764528,32.798583947241,32.399675897146,32.509258072285,28904151.9435
2013-09-26,32.641865764973,33.002558689085,32.592559813783,32.765673128965,28490221.068284
2013-09-27,32.882247346083,33.747693369544,32.870433206189,33.268617941597,55344473.549248
2013-09-30,33.002558689085,33.30972632633,32.700936464444,33.276694955606,39838298.28698
2013-10-01,33.340346648096,33.612192418107,33.299117710915,33.578076075352,36699155.813643
2013-10-02,33.35903227752,34.031473831897,33.288388543052,33.918757293112,46932502.522703
2013-10-03,33.881627139159,33.999647985652,33.416897452512,33.860892118121,38706409.93725
2013-10-04,33.69115427148,33.992535391226,33.62292158597,33.881627139159,32991644.918817
2013-10-07,33.601824907588,33.708875481321,33.202675752596,33.299117710915,35067701.106445
2013-10-08,33.299117710915,33.329858585129,32.798583947241,33.0131673045,40973697.526726
2013-10-09,33.072961318658,33.349629186584,32.958918702946,33.072961318658,35877401.177405
2013-10-10,33.30972632633,33.890065810512,33.260299822692,33.759386956991,42870107.230423
2013-10-11,33.681751180544,34.141056007037,33.681751180544,34.130326839174,30032300.099807
2013-10-14,33.897298957386,34.498855672399,33.780604187821,34.451960770166,27752202.093069
2013-10-15,34.672089540029,34.992276841646,34.470766952038,34.492828050004,47100400.179237
2013-10-16,34.600240281081,34.901741953275,34.5590113439,34.639058169304,35109869.154571
2013-10-17,34.451960770166,34.992276841646,34.367091846846,34.921633107178,31345201.411946
2013-10-18,34.749725316475,34.992276841646,34.332854951643,34.960692100297,41808999.748229
2013-10-21,34.9805832542,35.200712024063,34.909939519732,34.992276841646,27434688.20681
2013-10-22,35.019521694872,35.100774044755,34.519108483646,34.579143602699,40437371.284559
2013-10-23,34.351661133515,34.492828050004,33.672589194504,33.759386956991,58580201.167377
2013-10-24,33.791333355684,34.097416020897,33.567708564832,33.717193600226,52942906.731198
2013-10-25,35.877855123907,36.291108915303,35.469061773084,35.729575612992,113484610.89594
2013-10-28,35.610710899365,35.729575612992,35.267859737542,35.572857430725,38383525.255526
2013-10-29,35.632651444882,35.722463018566,35.257130569679,35.519934906097,31702598.804934
2013-10-30,35.530422969064,35.787320235536,35.427953388351,35.541152136927,37001217.197776
2013-10-31,35.640969563787,35.694012640862,35.341035073416,35.404325108563,41689564.093834
2013-11-01,35.671951542897,35.694012640862,35.389256052576,35.530422969064,40268602.275059
2013-11-04,35.591543060149,35.9815302291,35.551640199895,35.941506816398,28061872.953379
2013-11-05,35.787320235536,36.713765797634,35.769478473247,36.641916538687,51670699.980446
2013-11-06,37.242508834116,38.21970697678,37.05987187555,38.181130193452,88931005.404475
2013-11-07,37.960760318694,38.011512899259,37.433102254243,37.500370520171,60442288.396715
2013-11-08,37.671193338842,37.779328884607,37.336780848373,37.779328884607,36742951.066719
2013-11-11,37.692410569672,37.779328884607,37.347389463788,37.590905408542,26872372.546114
2013-11-12,37.380179729616,37.601634576405,37.201159344487,37.359203603682,31650298.943102
2013-11-13,36.981151127073,38.160756829757,36.899898777189,38.15026876679,44949972.402501
2013-11-14,37.917240885003,38.129292640856,37.720499290033,38.022000962226,46186297.415691
2013-11-15,37.9489461788,38.022000962226,37.720499290033,37.839484556108,50601650.107491
2013-11-18,37.347389463788,37.580537898023,37.069395518934,37.201159344487,53273679.450281
2013-11-19,36.851158256981,37.229954529242,36.670015630258,36.74120444327,44270095.124584
2013-11-20,36.921150619354,37.413131122051,36.860610217028,37.079082103683,32231299.300366
2013-11-21,37.270633850963,37.527870738317,37.260105085341,37.401645195918,23049481.025662
2013-11-22,37.527870738317,37.679819969451,37.330336737842,37.569985800805,27981300.985741
2013-11-25,37.930835313483,37.951773199663,37.569985800805,37.636388811261,30646845.325986
2013-11-26,37.569985800805,37.646917576883,37.350197818447,37.350197818447,34467900.513682
2013-11-27,37.569985800805,37.761537548085,37.491498638896,37.596547004987,26001714.806356
2013-11-29,37.819924339261,38.28977050514,37.819924339261,38.128369313958,22090428.988422
2013-12-02,38.087689992237,38.77816165592,38.057180500946,38.450932406193,42949427.439075
2013-12-03,38.140094530219,38.492927823617,38.075725485848,38.309631585745,52108306.622264
2013-12-04,38.210206537656,38.981677909589,38.119156644039,38.941836103315,51923755.054878
2013-12-05,38.849470113996,38.878783154648,37.17970360241,37.999750870281,116309039.15352
2013-12-06,38.42066220503,38.550237809218,37.990657845426,38.360959318151,36443498.215971
2013-12-09,38.560886219904,38.868254389026,38.370411278198,38.710083614569,30274900.36919
2013-12-10,38.599292285411,38.898524590189,38.01973159595,38.108627878417,37824603.181127
2013-12-11,38.057180500946,38.298863529995,37.392193235871,37.605998965034,39850471.439958
2013-12-12,37.636388811261,37.636388811261,37.17970360241,37.220382924131,36011118.546666
2013-12-13,37.418993730181,37.450580027047,36.618568252787,36.691192806566,40073198.064257
2013-12-16,36.679347945241,36.998441330624,36.536850674154,36.881548103208,31734250.851897
2013-12-17,36.952856561283,37.110548755484,36.332257614909,36.516989593549,45579962.003845
2013-12-18,36.360254559859,36.600980428396,35.528362430663,36.577769286002,63191103.592313
2013-12-19,36.507657278565,36.547140149648,36.079686885047,36.249343585637,34161502.297325
2013-12-20,36.196460467399,36.932995480678,36.189879988886,36.799830524574,62649532.409801
2013-12-23,36.809043194493,36.891000063255,36.547140149648,36.618568252787,25103437.199584
2013-12-24,36.721463007729,37.170251642363,36.640702589606,37.079082103683,14242996.330217
2013-12-26,37.198009297185,37.491498638896,37.170251642363,37.43897445585,17613301.407432
2013-12-27,37.577882375021,37.61664737572,37.170251642363,37.290734221696,14563376.892804
2013-12-30,37.220382924131,37.382980565952,36.899135927599,37.290734221696,16279946.924788
2013-12-31,37.401645195918,37.577882375021,37.220382924131,37.412054316476,17504378.588026
2014-01-02,37.350197818447,37.401645195918,37.100019989862,37.161876487891,30643644.960325
2014-01-03,37.198009297185,37.220382924131,36.600980428396,36.910741498796,31134794.980853
2014-01-06,36.851158256981,36.891000063255,36.109358860891,36.130296747071,43611599.352801
2014-01-07,36.332257614909,36.488873003535,36.204715976807,36.411821582393,35903854.954271
2014-01-08,36.001678303394,36.139150481798,35.576220456217,35.757243437876,59978044.28884
2014-01-09,35.883468980275,35.910389119649,35.403452983966,35.528362430663,36518299.48973
2014-01-10,35.899860354027,36.151114988187,35.747791477829,36.037691467623,40553598.621301
2014-01-13,35.991029892708,36.021419738935,34.830592418083,34.978952297301,45909642.452528
2014-01-14,34.733560271272,35.883468980275,34.629588710755,35.778540259247,41625899.105865
2014-01-15,35.883468980275,36.789182113888,35.853198779112,36.760108363364,44882362.726825
2014-01-16,36.691192806566,36.998441330624,36.312396534304,36.891000063255,38020893.41593
2014-01-17,36.830220370801,36.830220370801,36.151114988187,36.381431736166,46298499.715986
2014-01-21,36.770637128986,36.819571960115,36.058988288995,36.168702812578,31576523.311879
2014-01-22,36.258436610492,36.322805654862,35.747791477829,35.92797694404,21957553.913613
2014-01-23,36.086626298753,36.130296747071,35.517953310105,36.058988288995,44410491.914408
2014-01-24,37.450580027047,37.548688979433,36.527398714107,36.809043194493,77044480.219017
2014-01-27,36.869583596819,36.891000063255,35.981697577725,36.029435958215,44477526.739307
2014-01-28,36.120844787024,36.391840856724,35.747791477829,36.270401116881,36224899.549946
2014-01-29,35.981697577725,36.881548103208,35.899860354027,36.658170768933,52784495.110731
2014-01-30,36.74120444327,36.881548103208,36.228405699457,36.860610217028,35097100.103978
2014-01-31,36.962188876266,37.890155991762,36.557788560334,37.83990506493,93182500.339597
2014-02-03,37.771946668643,37.990657845426,36.432879113637,36.479660333616,64096818.198538
2014-02-04,36.972597996824,37.189155562457,36.249343585637,36.349845439301,54703927.251387
2014-02-05,36.291458648124,36.471285179144,35.800554951002,35.820416031607,55831985.122604
2014-02-06,35.81096407156,36.249343585637,35.690601137292,36.179470868328,35370854.590598
2014-02-07,36.291458648124,36.589255212135,36.011010618377,36.557788560334,33341660.176334
2014-02-10,36.618568252787,36.799830524574,36.291458648124,36.799830524574,26782062.361383
2014-02-11,36.881548103208,37.260105085341,36.860610217028,37.170251642363,32158468.733055
2014-02-12,37.350197818447,37.596547004987,37.300066536679,37.470560752716,27055409.528737
2014-02-13,37.330336737842,37.859766145535,37.330336737842,37.605998965034,37645308.257123
2014-02-14,37.392193235871,37.783791529968,37.330336737842,37.61664737572,42986496.915123
2014-02-18,37.649709356906,37.777251758288,37.410893929365,37.421106821841,32835133.532827
2014-02-19,37.218274027092,37.749581944953,37.211267507835,37.511954063049,29791635.550929
2014-02-20,37.559455888517,37.871424127279,37.399374736689,37.749581944953,27528202.634846
2014-02-21,37.93875796488,38.347036154778,37.860973725676,37.980322062164,38087420.080305
2014-02-24,37.692817263518,37.968684114924,37.539623876384,37.692817263518,32141552.98211
2014-02-25,37.649709356906,37.849217023872,37.347122728674,37.539623876384,30861751.135989
2014-02-26,37.580237937159,37.73913154335,37.190485459193,37.473477584419,41042627.38592
2014-02-27,37.451626744704,37.891137384848,37.228724428695,37.860973725676,33904677.526066
2014-02-28,37.990891218331,38.460803026774,37.817984573627,38.308678430713,41215446.405598
2014-03-03,37.918807198183,38.132327903662,37.492003296352,37.777251758288,29726433.563265
2014-03-04,38.204293169246,38.477666174815,38.070813039681,38.411044864596,26862941.312083
2014-03-05,38.250607449078,38.270439461211,37.92937635435,38.11154585502,20520255.860133
2014-03-06,38.141590759628,38.241344593112,37.891137384848,38.152041161231,23596084.558284
2014-03-07,38.299415574746,38.357486556381,37.692817263518,37.901469031887,26594536.276771
2014-03-10,37.968684114924,38.009416930263,37.72036832229,37.817984573627,19007850.62809
2014-03-11,37.871424127279,38.230894191509,37.72036832229,38.019748577303,25218134.550791
2014-03-12,37.787820914455,38.429095558274,37.787820914455,38.270439461211,30496293.602861
2014-03-13,38.420782738817,38.451421416244,37.641871555704,37.891137384848,32169650.642797
2014-03-14,37.649709356906,38.132327903662,37.511954063049,37.702198874048,27195637.926368
2014-03-17,37.909544342217,38.411044864596,37.787820914455,38.048724690838,20479608.181142
2014-03-18,38.259870305044,39.897852001749,38.221631335542,39.548476075431,64063865.584671
2014-03-19,39.3792508222,39.548476075431,38.909457768321,39.266671495841,35142482.460619
2014-03-20,39.246958238272,40.648143335018,39.237814136869,40.329168576999,59269810.31971
2014-03-21,40.718921054965,40.941704616411,40.01245015569,40.160774605715,80731944.320866
2014-03-24,40.369901392338,40.638999233615,39.859613032247,40.498631339357,46098375.146347
2014-03-25,40.658593736621,40.989087687315,39.962573238949,40.337243887329,43193151.519464
2014-03-26,40.48806218319,40.708351898798,39.597402955663,39.788597803172,41982898.51766
2014-03-27,39.740027186631,39.973261149679,39.341011852699,39.360725110268,35369170.77643
2014-03-28,39.788597803172,40.634249051068,39.680887413923,40.301498763664,43472746.994949
2014-03-31,40.397689960237,41.500682347607,40.397689960237,40.989087687315,46878791.098847
2014-04-01,41.140143492304,41.591173325123,41.070434563429,41.420641771693,32608729.719731
2014-04-02,41.440355029262,41.658388408161,41.172444733622,41.346657678526,28664077.143192
2014-04-03,41.291911824674,41.291911824674,40.708351898798,41.007732153811,30139459.950553
2014-04-04,41.25034772739,41.390596867084,39.637898261874,39.870894715795,51407142.380041
2014-04-07,39.962573238949,40.270028804291,39.740027186631,39.800473259539,37554393.033677
2014-04-08,39.749408797161,39.92896569743,39.201712749513,39.82089904449,35919273.15881
2014-04-09,39.92896569743,40.553139684081,39.879088780689,40.473099108168,27395824.383093
2014-04-10,40.440560357722,40.690063695993,39.088064632081,39.360725110268,45959080.892198
2014-04-11,38.999829991274,39.788597803172,38.999829991274,39.208838023333,34331067.781856
2014-04-14,39.110390490051,39.410483272446,38.897819821081,39.183187037581,32006591.790546
2014-04-15,39.300516546487,39.962573238949,39.047688080433,39.749408797161,33968765.642491
2014-04-16,40.060070735722,40.418590763443,39.907114857715,40.397689960237,30615824.401652
2014-04-17,40.01245015569,40.186781855158,39.514987288476,40.01245015569,36688402.11264
2014-04-21,40.11208523461,40.152699295385,39.788597803172,39.940722399234,22221820.051193
2014-04-22,39.962573238949,40.141417611836,39.83028065502,39.992736898121,27056669.557149
2014-04-23,39.984780342355,39.992736898121,39.473304436627,39.690150269889,24590330.165949
2014-04-24,39.749408797161,39.973261149679,39.300516546487,39.859613032247,42362451.867186
2014-04-25,40.289742061861,40.67830699419,39.749408797161,39.907114857715,56877858.043264
2014-04-28,40.141417611836,41.291911824674,40.091421940531,40.868314296062,50604860.238471
2014-04-29,41.099291922401,41.193583045955,40.388427104271,40.508962986396,29637266.963465
2014-04-30,40.369901392338,40.498631339357,40.171462516445,40.397689960237,35458802.926129
2014-05-01,40.236540017336,40.358382199662,39.951054046273,40.002237263215,28788610.879143
2014-05-02,40.320974512106,40.337243887329,39.65974910159,39.690150269889,43417166.371872
2014-05-05,39.526625235715,39.637898261874,39.300516546487,39.429127738942,22447938.499442
2014-05-06,39.28864109012,39.350393463228,38.949003038023,39.058019727472,27110780.249526
2014-05-07,39.208838023333,39.514987288476,38.509373643315,39.419983637539,41748796.750766
2014-05-08,39.341011852699,39.897852001749,38.968597541028,39.637898261874,32122567.167512
2014-05-09,39.542775856374,39.850231421717,39.367494120397,39.542775856374,29647082.307178
2014-05-12,39.740027186631,40.02183176622,39.649536209114,39.973261149679,22783751.711664
2014-05-13,39.91752720047,40.5017160472,39.852315970708,40.417519269532,27004425.479359
2014-05-14,40.302426755522,40.449830077769,40.050190190492,40.241342818782,18817422.118447
2014-05-15,40.089222590223,40.399123334916,39.508689345885,39.598546411127,37793164.337638
2014-05-16,39.671186768331,39.841702931506,39.270367654476,39.831089892304,29867127.116727
2014-05-19,39.608923605013,39.822009847654,39.460458978846,39.750784562344,24537442.481973
2014-05-20,39.750784562344,39.937102361664,39.460458978846,39.682625266137,21320934.24586
2014-05-21,39.802552609117,40.349595818641,39.741468672378,40.349595818641,22398734.588187
2014-05-22,40.291931638978,40.349595818641,39.852315970708,40.09959978411,20202060.554593
2014-05-23,40.302426755522,40.369170979835,39.999365524982,40.117052337464,18020467.354498
2014-05-27,40.218347900512,40.264455659711,39.811750576425,40.192994529085,26161168.128695
2014-05-28,40.137806725236,40.192994529085,39.822009847654,40.009860641526,25711563.074676
2014-05-29,40.149245223042,40.349595818641,39.906442470637,40.343817608409,19893802.934995
2014-05-30,40.449830077769,40.970576534603,40.252781316589,40.940388334207,34573978.537306
2014-06-02,40.949704224173,41.088970883032,40.679071724528,40.7898011002,18503738.177065
2014-06-03,40.600889002408,40.679071724528,40.252781316589,40.291931638978,18070297.484477
2014-06-04,40.209032010546,40.369170979835,39.861396015358,40.323299065952,23209917.601955
2014-06-05,40.589096736628,41.2502890789,40.399123334916,41.211138756511,31863364.11043
2014-06-06,41.47139406227,41.658183552222,41.240029807671,41.480709952236,24060519.153574
2014-06-09,41.429059828121,41.480709952236,41.017745597723,41.269746317436,15011640.514907
2014-06-10,41.029184095529,41.159370709738,40.859729236274,41.111022420041,15116685.422498
2014-06-11,40.930129062979,41.068334417918,40.772348546846,40.859729236274,18034521.962019
2014-06-12,40.809022493421,40.881662850624,40.291931638978,40.577658238822,29819983.233083
2014-06-13,41.068334417918,41.56136905017,40.859729236274,41.229652613785,26310331.202905
2014-06-16,41.038146217522,41.611014489103,41.038146217522,41.500403036089,24204996.490398
2014-06-17,41.290736550524,41.913604029012,40.3346196411,41.678820017337,22518580.765177
2014-06-18,41.600519372559,41.739786031418,41.18012509751,41.648867662256,27097029.78458
2014-06-19,41.627995351826,41.770917613077,41.329651027597,41.510544384659,19836487.953802
2014-06-20,41.419626015497,41.829761019318,41.37929646653,41.678820017337,47764924.870484
2014-06-23,41.708890295075,42.000277182493,41.687900061987,41.988720762029,18740503.790129
2014-06-24,41.829761019318,41.940372472332,41.56136905017,41.739786031418,26517332.789833
2014-06-25,41.698277255873,42.05074808003,41.459837641806,42.028932388338,20049776.260095
2014-06-26,41.931056582366,41.940372472332,41.429059828121,41.719267488961,23604408.590896
2014-06-27,41.611014489103,42.293904600409,41.510544384659,42.250155294366,74640273.348345
2014-06-30,42.167137743277,42.2098257454,41.698277255873,41.698277255873,30798894.287247
2014-07-01,41.85959545174,42.14874180866,41.687900061987,41.871151872205,26920623.102176
2014-07-02,41.739786031418,41.903344757783,41.530119545854,41.903344757783,20208500.079179
2014-07-03,41.920561465822,41.988720762029,41.56136905017,41.800869968157,15969309.038666
2014-07-07,41.750281147962,42.119968680158,41.708890295075,41.988720762029,21953598.218682
2014-07-08,41.881764911406,42.000277182493,41.611014489103,41.780115580385,31218208.31076
2014-07-09,41.940372472332,41.988720762029,41.530119545854,41.66738151953,18445910.951097
2014-07-10,41.367740046066,42.000277182493,41.049938483301,41.687900061987,21854715.876213
2014-07-11,41.698277255873,42.092492700891,41.480709952236,42.092492700891,24084880.299635
2014-07-14,42.21996709397,42.450623812622,42.04060673146,42.139543841352,21881945.593023
2014-07-15,42.330578546984,42.470081051159,42.028932388338,42.450623812622,28751943.324271
2014-07-16,42.49897210232,44.308377363568,42.477981869232,44.076777263653,63319567.421717
2014-07-17,45.447392315236,45.711185300729,44.250713183904,44.531840800094,82173369.337816
2014-07-18,44.648112540683,44.842567003391,44.250713183904,44.690682620148,43402095.305214
2014-07-21,44.561675232517,45.160486488814,44.220878751482,44.832425654821,37599297.054058
2014-07-22,44.998106989026,45.151524366821,44.589387057099,44.832425654821,43062917.201782
2014-07-23,45.447392315236,45.447392315236,44.619221489522,44.873934430365,52363947.897452
2014-07-24,44.926999626374,44.998106989026,44.319933784032,44.396819356916,30725185.736791
2014-07-25,44.299061473602,44.658489734569,44.299061473602,44.500591295778,26737525.113858
2014-07-28,44.362503863497,44.512029793584,43.92701548825,43.971000639608,29685474.700531
2014-07-29,43.906379023135,44.088451606775,43.639166280566,43.879846425131,27763252.735937
2014-07-30,44.067579296345,44.099890104581,43.289997290827,43.581502100902,31922405.096057
2014-07-31,43.377731748228,43.689755100761,43.080684573236,43.160046521933,31539194.778943
2014-08-01,43.209574038209,43.254502570829,42.600267665368,42.859343744549,31170382.012889
2014-08-04,42.968775970986,43.46971142131,42.81323598535,43.36853378092,34274679.992022
2014-08-05,43.312048827835,43.458155000846,42.83304699186,43.080684573236,26266949.279626
2014-08-06,42.740831473463,43.170187870504,42.2098257454,42.740831473463,24633965.025626
2014-08-07,42.840947809933,43.448131574933,42.648615955065,43.231271807243,30314988.802084
2014-08-08,43.231271807243,43.312048827835,42.91122971398,43.199196844322,28942765.790175
2014-08-11,43.26252131156,43.448131574933,43.018303487261,43.199196844322,20350622.826457
2014-08-12,43.037878648455,43.588459537713,42.998846248724,43.518295556323,21431776.201537
2014-08-13,43.68067505611,44.181610506435,43.518295556323,44.076777263653,22888135.852052
2014-08-14,44.076777263653,44.417809590004,44.012273569837,44.270524190414,19312625.639668
2014-08-15,44.580189089791,44.899051956476,44.396819356916,44.78961973004,41611072.250992
2014-08-18,44.937140974945,45.109897668619,44.680423348919,45.109897668619,26894287.643197
2014-08-19,44.968417719794,45.339560685807,44.82989830526,45.32795880591,28133643.979661
2014-08-20,45.339560685807,45.398859183061,44.900915873118,44.950135969652,24751028.551266
2014-08-21,44.841382994452,45.250026986396,44.82989830526,45.217916732943,22285040.583584
2014-08-22,45.309677055768,45.471048657978,45.073772164519,45.147133546497,18294483.225936
2014-08-25,45.398859183061,45.442336935,45.044005725186,45.166470012993,16907469.284194
2014-08-26,45.309677055768,45.398859183061,44.938651280461,45.013301760205,14873346.645836
2014-08-27,44.900915873118,45.002754596662,44.757826021049,44.871266624491,21287816.001999
2014-08-28,44.747630429624,44.980019599691,44.611220447799,44.880173118149,17657641.47815
2014-08-29,45.092171105367,45.442336935,44.852867683643,45.432141343575,21608073.691745
2014-09-02,45.432141343575,45.462024973614,44.852867683643,45.092171105367,22971980.00954
2014-09-03,44.531296386283,45.109280948448,44.531296386283,44.961620658844,33685182.052449
2014-09-04,44.737434838199,45.270652550658,44.717629608879,45.261511675588,26476033.209252
2014-09-05,45.109280948448,45.927623648691,45.109280948448,45.90934189855,36929564.092498
2014-09-08,46.022782501992,46.796475543236,45.989265960066,46.471388524694,45736146.036812
2014-09-09,46.471388524694,46.970386550992,46.419824614039,46.762255857073,40299476.006342
2014-09-10,46.817218298204,46.943081116485,46.281539580917,46.838781388114,27303700.249126
2014-09-11,46.741630292811,46.99909827397,46.471388524694,46.99909827397,29216359.780777
2014-09-12,46.931479236588,47.019723838232,46.600884254863,46.69112109851,38245147.956769
2014-09-15,46.53889037137,46.709520039358,46.099425223739,46.23771025686,37666139.044141
2014-09-16,46.389120649058,46.848156644597,46.291617981636,46.762255857073,27902258.473701
2014-09-17,46.281539580917,46.69112109851,46.227631856141,46.519436714169,38311171.112325
2014-09-18,46.59033709132,46.827179508217,46.462130458917,46.679636409319,35542234.768818
2014-09-19,46.805733609012,47.568996677419,46.600884254863,47.519776580884,202524076.66222
2014-09-22,47.302387821189,47.379030542936,46.979644616768,47.062146873817,38686091.218809
2014-09-23,46.848156644597,46.979644616768,46.471388524694,46.560687842693,33430380.529679
2014-09-24,46.628189689369,47.112304496,46.339783361817,47.080428623959,26582714.425711
2014-09-25,46.881087232993,47.090624215384,46.032040567769,46.040947061427,33071493.357587
2014-09-26,45.927623648691,46.61928319571,45.759337794825,46.408457115553,27078224.00473
2014-09-29,45.979187559347,46.560687842693,45.759337794825,46.442911183128,26090983.314501
2014-09-30,46.37072170821,46.479357492705,46.012469719861,46.360291735373,33033006.277611
2014-10-01,46.270054891726,46.53092140336,45.853207550359,45.899146307125,38086700.420866
2014-10-02,45.832816367509,46.099425223739,45.638162604784,45.759337794825,25119405.137776
2014-10-03,45.979187559347,46.299586949647,45.6093336911,46.091339065022,32453264.385913
2014-10-06,46.121222695061,46.299586949647,45.919771871387,46.091339065022,20603859.163118
2014-10-07,45.86352033249,45.927623648691,45.420539463677,45.531636252999,25723882.23389
2014-10-08,45.492494557183,46.89034529877,45.339560685807,46.779248509448,33030192.301933
2014-10-09,46.501154964027,46.796475543236,45.738829421269,45.853207550359,34423997.875756
2014-10-10,45.598903718263,46.121222695061,43.951085200703,44.027493541038,51974701.288999
2014-10-13,43.819245656413,44.563172258324,43.489588200337,43.646272174306,37097184.787245
2014-10-14,43.868465752948,44.377893752083,43.5607229589,43.731001054769,38119617.209336
2014-10-15,42.992816797454,43.392319914328,42.100057998878,43.220635529986,60219508.502073
2014-10-16,42.5315541785,43.081881734041,42.219006565504,42.738630156064,49040363.281552
2014-10-17,43.199892775018,43.940655227866,42.789139350365,43.627170089222,40681868.30593
2014-10-20,43.062662458251,44.139879428126,42.809764914627,44.082573172874,34528482.775897
2014-10-21,44.360666718296,44.968417719794,44.187693236188,44.880173118149,36433726.900661
2014-10-22,45.002754596662,45.073772164519,44.220037871054,44.377893752083,33579820.023596
2014-10-23,44.66735479599,45.442336935,44.531296386283,45.023380160924,45399504.211735
2014-10-24,46.805733609012,46.901947178667,45.177954702185,46.13012918872,61078819.445423
2014-10-27,45.709062981936,46.099425223739,45.709062981936,45.90934189855,30371306.7819
2014-10-28,45.86352033249,46.501154964027,45.770822484016,46.491076563308,29049750.754404
2014-10-29,46.442911183128,46.699207257226,46.339783361817,46.61928319571,30283620.993322
2014-10-30,46.299586949647,46.322673518736,45.770822484016,46.052197369207,30073870.164089
2014-10-31,46.943081116485,46.970386550992,46.479357492705,46.949878177436,35849663.140696
2014-11-03,46.89034529877,47.460478083631,46.731200319974,47.440907235723,23120145.74483
2014-11-04,47.302387821189,47.729430753981,47.25094110124,47.568996677419,21530026.709028
2014-11-05,47.800331131132,47.902287045383,47.26008197631,47.864317256628,22447445.682303
2014-11-06,47.864317256628,48.860203876514,47.790135539707,48.700004181364,33035786.181559
2014-11-07,48.91973675518,48.91973675518,48.290305473065,48.678323900747,28000353.61348
2014-11-10,48.688519492172,49.150016492539,48.549062551991,48.892314129968,36368678.720846
2014-11-11,48.848719187322,48.931455825783,48.65195599189,48.871688565705,23445090.481929
2014-11-12,48.558203427061,48.91973675518,48.51894454054,48.778873526526,22722063.84908
2014-11-13,48.810983779979,49.64772542107,48.709145056435,49.606591483252,26209000.808024
2014-11-14,49.740423269544,50.039259569933,49.391312156265,49.579168858039,29081655.000864
2014-11-17,49.411000194879,49.709602113856,49.140875617468,49.462446914828,30316947.516222
2014-11-18,49.131818831918,49.326300670709,48.699533451324,48.740293118137,24035938.370445
2014-11-19,48.662151014048,48.749609613408,47.928477011424,48.219501032464,26177245.723328
2014-11-20,48.002193780259,48.699533451324,47.871646390268,48.699533451324,21507184.176533
2014-11-21,49.020253801043,49.051114691629,47.574683103492,47.979717735416,42883755.630664
2014-11-24,47.991130442124,48.002193780259,47.388003829491,47.592850269271,35433308.547778
2014-11-25,47.654339138062,47.970517696336,47.450540804,47.469988987879,28007895.98029
2014-11-26,47.490601733667,47.991130442124,47.278884378624,47.750066126976,27164677.834371
2014-11-28,47.949904950548,48.189105966641,47.611133891241,47.809109415759,21534426.223468
2014-12-01,47.881661622685,48.780470503995,47.7088406354,48.621274891044,31189470.263228
2014-12-02,48.839746705159,49.051114691629,48.19807309334,48.460798259994,25768741.616084
2014-12-03,48.440185514206,48.500509821089,47.809109415759,48.078705497675,23533831.760951
2014-12-04,48.389061246404,49.061479292619,48.19807309334,48.839746705159,30345131.208222
2014-12-05,48.821346626998,48.969245989432,48.377648539697,48.420853786518,27312446.180226
2014-12-08,48.321866024259,48.350514247219,47.440409115392,47.686131678176,26662425.286909
2014-12-09,47.109440620875,47.918228866625,47.050164419711,47.592850269271,24326107.006566
2014-12-10,47.58365023019,47.654339138062,46.699864197505,46.897839722023,30431792.865585
2014-12-11,47.079744292197,47.738536964078,46.67831980219,47.170813033476,29061168.093173
2014-12-12,46.67831980219,47.729453381188,46.67040078121,46.950128551734,34248372.255811
2014-12-15,47.198180238335,47.66575184477,46.547539499818,46.67040078121,29247758.575752
2014-12-16,45.896665848918,46.338267724784,45.130267656653,45.163224758676,47765769.217139
2014-12-17,45.048515410647,45.937891340494,44.898286924395,45.742361395986,34969630.218324
2014-12-18,46.58038014565,47.520065149963,46.338267724784,47.520065149963,40100160.338438
2014-12-19,47.611133891241,48.100016980609,47.170813033476,47.654339138062,64550080.764765
2014-12-22,47.778248525172,48.119581620679,47.7088406354,47.979717735416,26565386.209273
2014-12-23,48.368564956807,48.80073388121,48.130994327386,48.450433659005,23655740.074837
2014-12-24,48.64153826826,48.64153826826,48.078705497675,48.138913348367,11442790.292636
2014-12-26,48.409557536001,48.409557536001,47.820289210084,47.881661622685,13197777.867587
2014-12-29,47.697427928692,47.778248525172,47.259669107127,47.450540804,14439516.557159
2014-12-30,47.440409115392,47.621382036039,46.843338224685,47.021749109133,16384289.425369
2014-12-31,46.729444069992,47.440409115392,46.450764405186,46.450764405186,21552145.378469
2015-01-02,46.660269092602,47.420029281986,46.538223004546,46.761353066297,27908744.318706
2015-01-05,46.369012159179,46.729444069992,46.249411651132,46.329300598085,39671917.681551
2015-01-06,46.379260303978,46.750988465307,45.543221309559,45.647566056599,36444978.669407
2015-01-07,45.980048481598,46.461012549984,45.490932479848,46.230196379635,29113882.469405
2015-01-08,46.750988465307,47.750066126976,46.719428837575,47.592850269271,29643419.262733
2015-01-09,47.611133891241,47.820289210084,46.897839722023,47.190028304973,23944180.313105
2015-01-12,47.420029281986,47.542890563378,46.357599452472,46.600992891438,23651087.642774
2015-01-13,46.970741297522,47.907980721826,46.060636165695,46.345953833382,35264825.802016
2015-01-14,45.958271173901,46.241609086343,45.620664676503,45.958271173901,29716455.940477
2015-01-15,46.220996340555,46.379260303978,45.407899215742,45.480451422668,32746471.006989
2015-01-16,45.310891208728,46.281437103628,45.173589359666,46.241609086343,35694489.156223
2015-01-20,46.299487813216,46.651185509712,45.572684725855,46.390556554494,28167019.354971
2015-01-21,45.937891340494,46.141456762175,45.480451422668,45.919840630906,38198221.142762
2015-01-22,46.488379754844,47.135526807635,46.081248911483,47.130868559999,31057428.05206
2015-01-23,47.359821431294,47.388003829491,46.801181083582,47.179896616365,23181772.239549
2015-01-26,47.002417381445,47.130868559999,46.241609086343,47.011733876716,42317905.778677
2015-01-27,42.950906500287,43.198725274507,42.099844657243,42.658601461146,169152493.77621
2015-01-28,42.741518269062,42.792758993055,41.159344459594,41.189040788271,88079336.579218
2015-01-29,40.928528289244,42.119292841122,40.788547947791,42.009125284538,63579803.39803
2015-01-30,41.549472699084,41.577888009662,40.350556213844,40.404126061654,77998028.836568
2015-02-02,40.589524317556,41.371993464164,40.229208862934,41.279876617168,50346949.427928
2015-02-03,41.629012277464,41.930517355685,41.041374338219,41.599665317359,52079626.076776
2015-02-04,41.940765500484,42.2103615824,41.362094687938,41.839565070598,41612922.536945
2015-02-05,42.219561621481,42.639036821077,41.850861321115,42.449213229921,36546351.928843
2015-02-06,42.678864838362,42.792758993055,42.1489891698,42.410666230736,34616133.295859
2015-02-09,42.240989560605,42.741518269062,42.2103615824,42.360590068652,31377876.178954
2015-02-10,42.741518269062,42.772262703458,42.179500691814,42.598277154264,29668563.671175
2015-02-11,42.648353316348,42.648353316348,42.2103615824,42.37992179634,38260271.153176
2015-02-12,42.690161088878,43.090653929358,42.507208412986,43.090653929358,33266310.837793
2015-02-13,43.377252615145,43.868814196904,43.149930130523,43.868814196904,40125864.761851
2015-02-17,43.971980257644,44.00389504092,43.192727632658,43.576976997969,33694065.639135
2015-02-18,43.630052670156,43.702092199072,43.391616861769,43.528179756873,27110733.516635
2015-02-19,43.269508125756,43.528179756873,43.047376608825,43.502393537052,27599840.494083
2015-02-20,43.502393537052,43.879473639453,43.287778182849,43.851374754178,29719019.259061
2015-02-23,43.702092199072,44.187867577848,43.650172859613,44.146239599662,32518509.985981
2015-02-24,44.146239599662,44.299800585859,43.920060918185,44.088538596565,25270520.675172
2015-02-25,43.953132034188,44.088538596565,43.799224148173,43.993603679647,29758122.990614
2015-02-26,43.993603679647,44.229495556034,43.889880634,44.058011412562,28956702.34947
2015-02-27,44.136063871661,44.198043305849,43.660348587614,43.851374754178,33803595.930528
2015-03-02,43.67075558216,44.187867577848,43.549803178875,43.879473639453,31924002.227023
2015-03-03,43.558822574149,43.830907664903,43.090160919739,43.279915120303,31748599.878115
2015-03-04,43.009680161912,43.207528691568,42.880055263172,43.057436703554,25748599.984184
2015-03-05,43.067265531736,43.240252907754,42.821313560621,43.111553075195,23193499.389517
2015-03-06,43.000892033184,43.111553075195,42.149252979463,42.358317936575,36248701.398319
2015-03-09,42.18879955874,43.13074819847,42.18879955874,42.850568778624,32107901.768543
2015-03-10,42.348142208574,42.71065251861,42.029572542179,42.029572542179,39159699.516883
2015-03-11,42.319812056753,42.369649997303,41.83877764216,41.984359932538,32215299.129124
2015-03-12,41.329297442473,41.64879217505,40.781426996236,41.199210010642,60023709.090512
2015-03-13,40.701293138228,41.472798333941,40.609827219492,41.379135383023,58007698.12593
2015-03-16,41.472798333941,41.640004046322,41.277378103013,41.560795254496,35273399.527046
2015-03-17,41.368728388477,41.829526980341,41.148447003909,41.690651419781,31673400.121927
2015-03-18,41.429898389755,42.830332955895,41.329297442473,42.50378459368,44194700.950026
2015-03-19,42.250894626201,42.587503083143,42.218170410016,42.278068445294,33879001.099731
2015-03-20,42.558016598595,42.980656210455,42.492683799497,42.880055263172,71904495.842542
2015-03-23,42.899019119901,43.13074819847,42.77945431589,42.850568778624,26245998.741229
2015-03-24,42.77945431589,43.173879409202,42.748927131887,42.899019119901,25513201.983653
2015-03-25,42.919601842449,42.919601842449,41.439958484484,41.46135063994,43469902.904346
2015-03-26,41.219792733189,41.609245595773,40.919146224068,41.210657704643,37495603.542868
2015-03-27,41.119307419179,41.429898389755,40.828836638059,40.968984164619,34401400.922504
2015-03-30,41.101037362086,41.540559431766,40.909317395885,40.959964769345,35049599.393145
2015-03-31,40.781426996236,41.031194865352,40.53882839003,40.653767863133,34887217.750141
2015-04-01,40.629253609312,40.762116239689,40.310568309644,40.721528960958,36865299.024786
2015-04-02,40.659318260224,40.743383649505,40.121854808534,40.289060520915,37487402.07416
2015-04-06,40.339823527647,41.778648340336,40.179440178358,41.540559431766,39223598.901152
2015-04-07,41.560795254496,41.909892104894,41.310102319198,41.531540036493,28809144.088639
2015-04-08,41.46135063994,41.690651419781,41.040098627353,41.420763361209,24753399.612672
2015-04-09,41.250319917192,41.61965259032,41.250319917192,41.48285842867,25723082.729719
2015-04-10,41.48285842867,41.951751349625,41.409546933753,41.717825238875,28022000.537301
2015-04-13,41.502169185217,42.060099726182,41.390351810479,41.758528150879,30276596.945717
2015-04-14,41.799231062883,42.029572542179,41.390351810479,41.64879217505,24244301.167892
2015-04-15,41.758528150879,42.461000282767,41.680591325053,42.261070354202,27317801.343984
2015-04-16,41.951751349625,42.338891546755,41.819466885612,42.159544340737,22509649.365503
2015-04-17,41.669374897597,41.73702036215,41.15989469791,41.61965259032,42387599.4467
2015-04-20,41.860169797616,43.173879409202,41.680591325053,42.899019119901,46057608.387826
2015-04-21,43.000892033184,43.150984021199,42.528761380592,42.634912724966,26013264.912064
2015-04-22,42.669949606606,43.13074819847,42.549228469867,42.990947571729,25062257.556584
2015-04-23,42.890346624446,43.608544881427,42.800962104619,43.339581889036,46309498.751259
2015-04-24,45.660919839267,48.140906639695,45.65051284472,47.868474649123,130933665.07063
2015-04-27,47.23503558106,48.129458945694,47.223819153604,48.029089264957,59248102.313139
2015-04-28,47.779552662387,49.209242446529,47.70369723547,49.153854108887,60730777.868205
2015-04-29,48.720113702844,49.312040425994,48.500179218095,49.061578757241,47804499.972508
2015-04-30,48.701149846115,49.541225572562,48.597311167195,48.638939145381,64725398.691781
2015-05-01,48.576844077921,48.88292535086,48.398190671539,48.6481898072,38937300.972635
2015-05-04,48.369282353354,48.872980889405,48.180453218972,48.241391953705,34039401.215478
2015-05-05,47.818752341845,48.161142462425,47.307306376522,47.599974189823,50369101.804427
2015-05-06,47.738965383655,47.77041763384,46.01614525312,46.28210178042,52430999.556999
2015-05-07,46.260247091872,47.079277562681,46.158721078407,46.700925494279,32971255.318517
2015-05-08,47.558114945092,47.981563989861,47.519724698543,47.748909845111,35364899.514139
2015-05-11,47.548979916546,47.909524460945,47.368245111255,47.368245111255,24609398.007329
2015-05-12,46.84870481684,47.683577046014,46.420630441161,47.345812256344,29928163.35156
2015-05-13,48.189356980973,48.319444412804,47.568290673093,47.624719710189,34184614.049279
2015-05-14,48.029089264957,48.823258582127,48.029089264957,48.720113702844,32980800.825817
2015-05-15,48.90107977468,48.90107977468,48.049440720959,48.290882994438,28642640.90436
2015-05-18,47.981563989861,48.221040497703,47.609918651279,48.011166107682,24128466.821961
2015-05-19,47.617750883856,47.808807349658,47.181296576229,47.579838295933,28574815.08271
2015-05-20,47.393377295334,47.93104672405,47.26780620867,47.579838295933,25047917.293407
2015-05-21,47.299285145308,47.599024363155,47.007473104937,47.42060542666,22410599.038025
2015-05-22,47.299285145308,47.351903221879,46.820093011297,46.903270931466,25720500.56142
2015-05-26,46.829169055072,46.880753151973,46.191663144828,46.591238844202,29563628.301206
2015-05-27,46.820093011297,47.770550101845,46.62053493487,47.6079855203,27335599.758374
2015-05-28,47.498843221736,48.019854089092,47.393377295334,47.449441970807,19283614.22735
2015-05-29,47.429566583805,47.569613385857,46.591238844202,46.861567084751,36519500.193229
2015-06-01,47.058023222167,47.770550101845,46.62053493487,47.231961580089,28837332.442083
2015-06-02,46.951408429464,47.351903221879,46.62053493487,46.924295184768,21497426.172934
2015-06-03,47.373387021702,47.739186051837,46.820093011297,46.850537968265,28002100.892856
2015-06-04,46.788728961288,47.159123456626,46.203036921204,46.362269790478,27745499.912165
2015-06-05,46.300690556762,46.520583566711,45.841718469642,46.141457687488,25438000.831327
2015-06-08,46.300690556762,46.429593355697,45.670882050732,45.727061612835,22121601.00497
2015-06-09,45.759804302404,45.939372105199,45.461328837489,45.6508917771,24405926.48869
2015-06-10,45.790019486112,46.829169055072,45.691331870884,46.611458891094,28417072.610299
2015-06-11,46.658792182682,46.924295184768,46.131117890782,46.440622472184,27347756.005039
2015-06-12,46.217512636593,46.469918562851,45.896749165444,45.970736155208,23915999.716109
2015-06-15,45.451103927413,45.6508917771,45.020164178029,45.471323974304,33254498.628197
2015-06-16,45.489246288595,46.235434950883,45.298649369313,45.831493559566,27070299.321636
2015-06-17,45.727061612835,46.069308883806,45.360343489659,45.970736155208,28703999.598911
2015-06-18,46.21314694465,46.799872964405,46.171443097936,46.720371416398,32658299.828093
2015-06-19,46.788728961288,46.829169055072,45.99199018177,46.099638954144,63836997.918135
2015-06-22,46.329871760799,46.720371416398,46.160299094819,46.224405834397,20318002.899773
2015-06-23,46.141457687488,46.278172777269,45.621825459693,45.907663395301,25896471.611322
2015-06-24,45.670882050732,46.235434950883,45.550940408941,45.629522863907,34890901.778879
2015-06-25,46.012095342032,46.05931374699,45.499471198671,45.6508917771,20615900.898773
2015-06-26,45.790019486112,46.278172777269,45.029125335175,45.256026429558,49835198.455849
2015-06-29,45.03797160569,45.228798298232,44.360370261552,44.371629151298,34081699.087699
2015-06-30,44.709166070437,44.718357000842,43.939655422245,44.15288500765,35945382.434098
2015-07-01,44.45905787678,45.228798298232,44.10118602412,44.437918736847,28343898.083047
2015-07-02,44.480426789972,44.746504225209,44.059597064035,44.400810355336,21752000.666935
2015-07-06,43.962058315108,44.480426789972,43.950799425361,44.389551465589,23033897.864601
2015-07-07,44.339001348359,44.490766586678,43.317888980319,44.298905914466,36435800.233135
2015-07-08,44.437918736847,44.900222536239,44.030415859998,44.235833154559,39785899.980606
2015-07-09,44.746504225209,45.219952027717,44.498463990893,44.519718017455,32424599.751064
2015-07-10,45.009020174913,45.141484459381,44.571531887616,44.61300596107,25465700.60518
2015-07-13,44.9707629271,45.621825459693,44.95284061281,45.541979251796,28178300.078463
2015-07-14,45.451103927413,45.961545224802,45.308874279389,45.621825459693,22880251.141012
2015-07-15,45.680072981137,45.885490275698,45.428701034549,45.759804302404,26625634.316389
2015-07-16,46.012095342032,46.68992645943,45.970736155208,46.658792182682,26271601.566729
2015-07-17,46.549534997488,46.779767804143,46.256918750706,46.62053493487,29467101.945814
2015-07-20,46.648567272606,47.127414746727,46.440622472184,46.924295184768,30631901.363847
2015-07-21,46.779767804143,47.329615215646,46.480143472927,47.278031118746,42781901.924096
2015-07-22,45.439845037666,46.933486115174,45.199731980825,45.541979251796,59152398.761139
2015-07-23,45.265906679744,46.224405834397,45.101044365597,46.10974897759,33933999.933221
2015-07-24,45.907663395301,46.320795717024,45.801278375858,45.939372105199,32333199.319785
2015-07-27,45.939372105199,46.012095342032,45.248214138713,45.350118579583,39701401.545547
2015-07-28,45.580236499608,45.640781753654,44.786944318992,45.338859689837,34328901.946745
2015-07-29,45.400553810183,46.779767804143,45.256026429558,46.289316780385,40945863.099934
2015-07-30,46.256918750706,47.402453339109,45.928228102083,46.880753151973,39777798.489627
2015-07-31,47.289290008493,47.373387021702,46.500248633189,46.700151369506,31201398.483804
2015-08-03,46.980704520131,46.998397061162,46.449813402589,46.809868101221,24125827.530425
2015-08-04,46.748288867505,47.707822001828,46.678552683054,47.53962797541,33403898.997753
2015-08-05,47.981367068019,48.411272837732,47.53962797541,47.579838295933,26959600.035594
2015-08-06,47.707822001828,47.770550101845,46.329871760799,46.62053493487,27367074.465213
2015-08-07,46.391450994515,46.779767804143,46.256918750706,46.738063957429,19163001.73202
2015-08-10,46.951408429464,47.490111837851,46.840427944819,47.329615215646,23079796.807828
2015-08-11,46.820093011297,46.943481251989,45.896749165444,46.410637061736,29234512.248033
2015-08-12,46.191663144828,46.903270931466,45.708105318874,46.738063957429,30198497.88555
2015-08-13,47.058023222167,47.098578202581,46.490023723113,46.730366553214,22627197.84876
2015-08-14,46.529544723856,47.098578202581,46.520583566711,46.998397061162,21473398.849232
2015-08-17,46.809868101221,47.449441970807,46.568950837969,47.320654058501,21099702.762376
2015-08-18,46.838992251772,47.429749791978,46.697351968271,47.270418739789,23574101.019044
2015-08-19,46.77884363823,47.082896591691,46.30050807969,46.613805886465,31485498.807529
2015-08-20,46.070870488713,46.46885571721,45.660444655139,45.660444655139,36238200.479661
2015-08-21,45.30160738574,45.479998814515,43.070858521108,43.070858521108,70052997.223657
2015-08-24,40.450113807386,43.309398563424,39.718629055612,41.67842382433,88751897.924725
2015-08-25,42.560451310945,43.239206158628,40.388595585947,40.469060049982,70616498.170799
2015-08-26,42.008499327862,42.841335064122,41.058676250273,42.709624437886,63407999.155073
2015-08-27,43.229276501364,43.94603796823,42.921457126183,43.902552917453,50943198.604382
2015-08-28,43.401847096571,44.147940999262,43.392031573299,43.930401611389,28246700.453493
2015-08-31,43.556955191073,43.930401611389,43.101104028865,43.519176839873,34441599.422539
2015-09-01,42.170227193872,42.591495756643,41.657423169887,41.820292375814,49688800.271292
2015-09-02,42.359803753819,43.38324325595,41.881468195279,43.361900199532,37671501.016399
2015-09-03,43.412005021818,43.977082413928,43.280522663565,43.498860989379,28285201.950112
2015-09-04,42.811089556365,43.038558601502,42.189173436468,42.614094286968,37138699.184346
2015-09-08,43.298327566245,43.997284130431,43.200286467513,43.891367786282,32469699.538018
2015-09-09,44.209116818727,44.399948852581,42.911527468919,43.070858521108,33469400.07886
2015-09-10,43.121077477385,43.792071213643,42.751055076815,43.28828377499,31366628.654816
2015-09-11,43.141050925904,43.587086564839,42.942800182601,43.479115808843,27132500.098272
2015-09-14,43.433348078236,43.441109189661,42.861308512642,43.038558601502,23656001.805241
2015-09-15,43.190242676258,44.290380220703,43.081929518287,43.977082413928,28882198.957116
2015-09-16,43.967495158639,44.382143949901,43.842404303912,44.301565351874,23372101.146738
2015-09-17,44.290380220703,44.998467504212,44.081971552153,44.252601869504,32768158.123611
2015-09-18,43.498860989379,43.987240339175,43.330855753834,43.479115808843,63143599.068203
2015-09-21,43.617217938605,44.465461763724,43.59827169601,44.111075719995,26177200.831393
2015-09-22,43.38324325595,44.048530292632,43.309398563424,43.902552917453,28085898.555029
2015-09-23,43.930401611389,44.168827519714,43.509018914626,43.871394337763,17145238.247936
2015-09-24,43.451038846924,44.128766488684,43.270593006301,43.9127108427,27905594.29087
2015-09-25,44.475391420988,44.729681954137,43.761140901936,43.940445402644,29384599.488595
2015-09-28,43.832360512657,44.081971552153,43.208161712929,43.28828377499,27613385.324972
2015-09-29,43.371943990788,43.565971776404,43.049972000656,43.441109189661,32763502.529205
2015-09-30,43.882579468934,44.301565351874,43.66058885539,44.262645660759,34958798.285599
2015-10-01,44.747486856817,44.747486856817,43.749955770765,44.610411932979,28657800.203829
2015-10-02,44.272803586006,45.569251595899,43.921385026057,45.569251595899,41839002.545116
2015-10-05,45.740909119174,46.892521093803,45.701761160076,46.633779334984,34368399.843612
2015-10-06,46.329269845558,47.171236301142,46.219130543723,46.747456790557,27510800.782363
2015-10-07,47.102071102269,47.35054080185,45.946007901969,46.79881708675,27711491.885451
2015-10-08,46.561075982374,47.50998598803,46.5000142969,47.449837374489,33772699.944414
2015-10-09,47.449837374489,47.540117361796,46.921396993663,47.111087687601,28597399.472875
2015-10-12,46.979491195356,47.073081068418,46.5000142969,47.000377715808,19768265.618994
2015-10-13,46.561075982374,47.128664322298,46.561075982374,46.892521093803,19987799.769495
2015-10-14,46.652839711571,47.102071102269,46.530145670667,46.679204663617,24697768.646586
2015-10-15,47.010649775046,47.030737357557,46.530145670667,47.010649775046,27189301.93814
2015-10-16,47.019552226386,47.540117361796,46.901309411152,47.50998598803,26450302.125531
2015-10-19,47.418564660807,47.881035594524,47.019552226386,47.621380763772,29387581.221891
2015-10-20,47.438652243318,47.809930117795,47.019552226386,47.76952668479,30802234.264123
2015-10-21,47.918015007782,47.988207412579,47.111087687601,47.198742593103,25264700.739896
2015-10-22,47.529959436549,48.949215621338,47.092940382946,48.028496711592,56636999.531944
2015-10-23,52.300303746918,54.069266481783,52.249171718709,52.871201972597,135227005.96456
2015-10-26,52.53108267781,54.320132995186,52.498668624213,54.250054724381,64633301.368681
2015-10-27,53.990514027621,54.372520497302,53.579974060055,53.689200289958,50999899.976702
2015-10-28,53.537744483185,53.982524648213,52.86104404735,53.982524648213,47000700.428303
2015-10-29,53.537744483185,53.826389347788,53.218968244817,53.36163573424,30201999.869796
2015-10-30,53.319292023379,53.990514027621,52.616683171465,52.636884887967,46619700.575897
2015-11-02,52.849858916179,53.36163573424,52.616683171465,53.237686219429,30284381.464971
2015-11-03,52.931350586138,54.392608079813,52.900990944389,54.150872285733,36596927.932553
2015-11-04,54.178720979669,54.880074357677,54.058195484604,54.400597459221,37085611.952655
2015-11-05,54.489736106613,54.700427454994,54.000443684885,54.381422948642,31468401.383759
2015-11-06,54.079538541021,54.981425342164,53.961181591795,54.921276728622,32851199.03707
2015-11-09,54.549884720154,54.868775092514,53.55885927162,54.15874753115,32513069.225551
2015-11-10,54.069266481783,54.132953249062,53.269073067102,53.508640315343,55283598.503731
2015-11-11,53.700271287137,54.198694428188,53.461845378812,53.650280598843,36516203.154885
2015-11-12,53.482047095314,53.982524648213,53.188608603067,53.319292023379,35361002.172791
2015-11-13,53.068197241993,53.291329195452,52.53108267781,52.838673785008,36848100.39031
2015-11-16,53.078469301232,53.889961981075,52.849858916179,53.759392694754,32165100.770595
2015-11-17,53.16812257242,53.530112029057,52.850347299337,52.969838964634,31551200.795076
2015-11-18,53.001129002226,53.979736264892,52.979702128658,53.849134368855,29709998.647729
2015-11-19,53.990959865333,54.657460339987,53.781452657107,53.941190566409,28149197.136805
2015-11-20,54.251143330094,54.30102599872,53.259952030571,54.190263800431,37147600.829582
2015-11-23,54.251143330094,54.460310429216,53.751636425633,54.190263800431,28235900.856369
2015-11-24,53.919990432244,54.441717798183,53.581128394696,54.251143330094,22435393.209351
2015-11-25,54.088117699451,54.23005656563,53.688489501942,53.688489501942,21005098.365773
2015-11-27,53.799478439633,54.077234208115,53.790408863519,53.930987293281,9009098.8583413
2015-11-30,54.541029656628,54.96083766099,54.002070096072,54.349548230928,56241397.340442
2015-12-01,54.409407433278,55.22895700485,54.30102599872,55.218753731723,39952678.245581
2015-12-02,55.321806790314,55.95973810021,55.058448973913,55.208663828296,47272544.20138
2015-12-03,55.489140469612,55.770410698837,53.930987293281,54.201374031171,38627265.200402
2015-12-04,54.119294367342,56.230918426009,54.099454669593,55.909855431585,43963600.133251
2015-12-07,55.790137026884,55.969601264234,55.290970231528,55.810316833737,30709699.063557
2015-12-08,55.468053705147,56.099182832958,54.990767262165,55.790137026884,32878025.352858
2015-12-09,55.372823155954,55.872330060415,54.509172770529,54.980563989037,36373202.389235
2015-12-10,55.391529156688,55.648311530407,55.010833699316,55.270903794376,31775798.368875
2015-12-11,54.7063226813,55.099148696723,54.012953587409,54.058414837679,39549401.960054
2015-12-14,54.329708533179,55.208663828296,53.67873970762,55.139054831624,47002774.611911
2015-12-15,55.657267736819,55.901012594874,55.089058793297,55.19778033696,39842898.146239
2015-12-16,55.54004346555,56.24214202645,54.759266331863,56.131493197863,37503300.199842
2015-12-17,56.358232600705,56.787677029688,55.531087259137,55.70046159306,41280899.866702
2015-12-18,55.770410698837,56.000664562423,54.031772957845,54.129384270768,84684096.081907
2015-12-21,54.883292785218,55.350489324774,54.23005656563,54.830235764953,37246300.148587
2015-12-22,54.990767262165,55.47780349947,54.499196236803,55.350489324774,28321069.341493
2015-12-23,55.70046159306,55.880946157723,55.437103776659,55.821427064477,27279798.389371
2015-12-24,55.86235352669,55.95973810021,55.429281267261,55.667357640245,9570003.9852787
2015-12-28,55.350489324774,55.949648196784,54.980563989037,55.949648196784,22458291.682549
2015-12-29,56.292024695075,56.852184389796,56.055875607015,56.549827396107,27731402.95196
2015-12-30,56.473302847647,56.77906093238,56.288623604033,56.309483629094,15847706.746823
2015-12-31,56.038416672996,56.190105333498,55.420438430551,55.47780349947,24406627.907526
2016-01-04,54.320752326767,54.800192794076,53.390440556906,54.800192794076,49354087.300158
2016-01-05,54.9297743628,55.391529156688,54.541029656628,55.048245700785,32463459.675732
2016-01-06,54.320752326767,54.400451226866,53.640760857644,54.049572000968,36867973.228853
2016-01-07,52.697638311522,53.482723493863,52.073991584006,52.170242460512,52950766.813012
2016-01-08,52.370906832027,53.282059122348,52.14938243545,52.327486236383,45577378.069271
2016-01-11,52.510351564775,52.850347299337,51.461681826631,52.298010114013,36943756.013082
2016-01-12,52.75727077447,53.101687927387,52.064128419982,52.778130799531,34606344.42114
2016-01-13,53.799478439633,54.067257674389,51.303417723447,51.640919324577,63207128.96203
2016-01-14,51.998940841665,53.417309176143,51.569156303578,53.11155109141,47846837.475704
2016-01-15,51.310219905532,51.969918198101,50.33988863107,50.992444632449,69378243.10571
2016-01-19,51.481748263782,51.68105219888,50.059978838261,50.558352045708,43564500.588477
2016-01-20,49.978012544134,51.379715532503,49.099737467226,50.789512866906,62223152.959174
2016-01-21,51.001060729757,51.57811250999,50.302476629601,50.479673472922,37721927.51783
2016-01-22,51.409645133678,52.327486236383,51.260110497504,52.286673143871,33817749.577628
2016-01-25,51.940215336329,52.654217715878,51.649762161288,51.7863726515,32503498.5899
2016-01-26,51.7863726515,52.438361804373,51.553511284782,52.170242460512,28134471.529297
2016-01-27,52.008577266286,52.202552825417,51.020900427506,51.22145142932,33896750.935703
2016-01-28,51.858022302799,52.211282292426,51.251381030495,52.058800044015,52846361.840366
2016-01-29,54.728316403375,55.058448973913,54.002070096072,55.039289494373,68361838.436107
2016-02-01,54.883292785218,55.089058793297,54.494661448747,54.7063226813,40966749.358837
2016-02-02,54.167929969251,54.261006494118,52.654217715878,53.001129002226,51174650.478169
2016-02-03,53.25031560595,53.390440556906,51.260110497504,52.159245599474,55461749.301394
2016-02-04,52.103014227569,52.809420837124,51.368718671465,51.998940841665,42422590.503481
2016-02-05,51.940215336329,51.998940841665,49.558317909474,50.159404066408,58337925.230423
2016-02-08,49.548114636346,49.568181073497,48.188471807204,49.408783273299,55614949.442987
2016-02-09,49.023326288468,50.241710469639,48.670293038243,49.279315074276,41949044.731523
2016-02-10,49.888223740609,50.389657929994,49.521812865616,49.709893200273,35551609.939154
2016-02-11,48.680156202267,50.110768464498,48.510555128941,49.690053502525,44960898.358721
2016-02-12,50.25134689426,50.68215175966,49.752066729202,50.499399800969,31125346.629426
2016-02-16,50.899194348386,51.091449426886,50.129611226778,51.091449426886,32932488.255083
2016-02-17,51.488341351238,52.768165849217,51.448832257237,52.419675379055,38051764.9463
2016-02-18,52.328050300659,52.949502460144,52.098762481628,52.190162436981,25283439.177294
2016-02-19,51.968979047488,52.283250815154,51.529313745016,51.821636016015,26886138.468758
2016-02-22,52.283250815154,53.001168198453,52.283250815154,52.651664674599,23371758.573447
2016-02-23,52.338180837583,52.368122202267,50.978325097909,51.18374987441,25812149.104143
2016-02-24,50.692643956672,51.499372380332,50.19793607025,51.359908655354,31088359.083245
2016-02-25,51.732712414132,52.098762481628,50.6111494152,52.098762481628,26048601.855255
2016-02-26,52.599886374768,52.68138091624,51.10157996381,51.300588733592,33361802.036369
2016-02-29,51.350003241474,51.650092257447,50.661689538295,50.880509135839,26114889.904124
2016-03-01,50.967294068815,52.590093522409,50.920130791361,52.579062493315,30207366.273706
2016-03-02,52.40864434996,52.960420927717,52.155943734484,52.949502460144,26662008.478471
2016-03-03,52.971564518333,52.971564518333,51.779875691586,52.348198812984,23190944.706478
2016-03-04,52.397725882387,52.44804088244,51.713802078542,52.029312022943,31683179.69416
2016-03-07,51.561056094043,51.800587011519,50.579181943131,51.029878274697,37692450.231314
2016-03-08,50.798001540674,52.130504830655,50.595615925251,51.650092257447,32346559.532994
2016-03-09,51.887484506016,52.849547829167,51.854391418733,52.840655468979,25286431.63988
2016-03-10,52.927665524998,52.938583992571,51.162138062307,52.04799723549,38387804.851224
2016-03-11,53.001168198453,53.069380480403,52.376902000934,53.069380480403,30295587.527071
2016-03-14,52.710984596361,53.590427762826,52.630840793145,53.170460726594,24083619.034859
2016-03-15,52.751731867097,53.590427762826,52.741939014737,53.590427762826,21104760.784421
2016-03-16,53.448712807421,54.601005101687,53.401436968445,54.346953747955,31691742.321146
2016-03-17,54.212780414482,55.002286925372,53.999701454528,54.658073793022,28223946.609355
2016-03-18,54.921917999114,54.972458122209,53.444322908087,53.488334462943,67625517.743049
2016-03-21,53.250942214373,53.930250995843,52.927665524998,53.861138221721,23925716.152712
2016-03-22,53.611589328844,54.250038278055,53.459743836515,54.069827282342,23124141.844895
2016-03-23,54.109561499385,54.240357987217,53.740134586248,53.968747036151,20129016.058485
2016-03-24,53.840201778746,54.327030358672,53.730229172368,54.212780414482,19949972.201302
2016-03-28,54.212780414482,54.287746387714,53.328834787162,53.539887639731,15325192.221079
2016-03-29,53.65976565999,54.861472462138,53.448712807421,54.709739531331,22097713.534566
2016-03-30,54.930697797781,55.637809275028,54.900081063968,55.047424095442,21532218.147429
2016-03-31,54.950621187063,55.589295259318,54.861472462138,55.227747652677,23463545.314148
2016-04-01,55.047424095442,55.610119140771,54.571288860046,55.569596993078,22828260.060221
2016-04-04,55.430808637229,55.656269364533,55.002286925372,55.430808637229,17218006.66719
2016-04-05,55.192290773445,55.300012149396,54.461316253667,54.560370392473,17235742.237998
2016-04-06,54.358097338571,55.199944956898,54.212780414482,55.120926768896,19724442.39341
2016-04-07,54.871265314497,54.910999531541,54.23067769638,54.461316253667,16544869.035462
2016-04-08,54.669329945159,55.278175214251,54.316337014142,54.421807159666,21593963.838197
2016-04-11,54.492045549001,55.149517395324,54.296301063338,54.306206477219,19761526.190394
2016-04-12,54.368903244622,54.776826198068,53.758707237274,54.649181432834,23791641.094992
2016-04-13,55.120926768896,55.438575382203,54.890175650087,55.350664834013,18248397.943928
2016-04-14,55.216716623582,55.574999946104,55.067122361681,55.359557194201,19237800.669312
2016-04-15,55.300012149396,55.919100516932,55.110233424366,55.646476512174,25595672.177744
2016-04-18,55.491366735726,56.588616446042,55.208837317086,56.460071188638,22128010.171729
2016-04-19,56.629251155257,56.770065618491,55.678443984243,56.388482061046,26116496.192551
2016-04-20,56.289653045283,56.500705897852,55.485851221179,55.589295259318,34356363.803633
2016-04-21,55.799222496673,56.228081893094,55.415725393365,55.779636791955,34102400.143798
2016-04-22,51.906057157042,52.429693354457,50.770423967939,51.779875691586,121660499.24176
2016-04-25,51.779875691586,52.130504830655,51.629380937514,52.108442772466,31209285.496852
2016-04-26,52.264678164128,52.348198812984,51.091449426886,51.437913789664,32577926.007273
2016-04-27,51.477760568229,51.499372380332,50.547439594104,50.939941619122,40197420.651385
2016-04-28,50.622180444294,50.770423967939,49.559036874953,49.900773653832,39007519.294511
2016-04-29,49.348884514554,50.249376685516,49.348884514554,49.881300510635,43280362.026019
2016-05-02,50.000052915681,50.750950824742,49.779995141402,50.6111494152,31963737.159793
2016-05-03,50.341564571518,50.411127591725,49.599671584167,49.779995141402,24480644.235803
2016-05-04,49.839540186207,50.059260275922,49.463134458745,49.870044358498,22649873.817155
2016-05-05,49.870044358498,50.302168039039,49.730468071999,49.942759101304,23211821.908219
2016-05-06,49.921710096807,50.39019114875,49.658991505929,50.39019114875,23188509.80607
2016-05-09,50.490258341248,50.584584896156,50.000052915681,50.070291305016,16195091.999101
2016-05-10,50.332784772851,51.10157996381,50.187918094848,51.018959807124,21374257.053244
2016-05-11,51.128932413503,51.779875691586,50.99813592567,51.049914225501,19036678.077535
2016-05-12,51.200521541094,51.811843163656,50.920130791361,51.509277794212,22838811.901698
2016-05-13,51.437913789664,51.891761843828,51.039896250099,51.080418397792,20408270.120204
2016-05-16,50.798001540674,51.957835456873,50.750950824742,51.832667045109,14516436.91262
2016-05-17,51.719346306115,51.729182919128,50.360999472788,50.511790279088,24838942.063672
2016-05-18,50.47892704925,51.139545036821,50.300861997778,50.812142315062,18998962.687267
2016-05-19,50.468084418997,50.617757428364,49.816185247506,50.32176480043,23204710.36545
2016-05-20,50.47892704925,51.220361755097,50.399228127907,50.617757428364,21586086.027742
2016-05-23,50.599984457125,50.679795158161,49.983184109338,50.030355139923,22459405.777276
2016-05-24,50.699803723267,51.709397913409,50.399228127907,51.588116946148,31437375.962223
2016-05-25,51.923344246439,52.489173054068,51.790326411379,52.138520156097,20744476.514615
2016-05-26,51.933292639146,51.978004516477,51.361204168691,51.894169746481,22892923.113667
2016-05-27,51.923344246439,52.312225799529,51.770653185353,52.312225799529,13908256.601682
2016-05-31,52.260918920291,53.002130066752,52.077376663846,53.002130066752,32203039.729358
2016-06-01,52.43786617483,52.948587593647,52.43786617483,52.861287653158,21776903.412596
2016-06-02,52.640634538528,52.738218210803,51.836156085643,52.480342458295,22168235.995279
2016-06-03,52.382199887552,52.417969389418,51.598065338854,51.790326411379,21560289.9185
2016-06-06,51.989070706116,52.351460471887,51.894169746481,52.127789305537,16560984.895887
2016-06-07,52.240016117639,52.727040241471,52.099173704045,52.099173704045,18166981.376821
2016-06-08,52.017350968529,52.43786617483,51.872260926588,52.037918432101,20051364.99167
2016-06-09,51.998907319129,51.998907319129,51.489862595712,51.618856361813,18976273.395327
2016-06-10,51.049003485225,52.049096401434,51.038943312825,51.481255559326,24047906.260527
2016-06-13,49.582677468143,50.716011778799,49.062790114472,50.140681697238,79855353.164322
2016-06-14,49.899237559649,50.100217448253,49.571723058197,49.827251437145,41681201.088797
2016-06-15,49.779186169014,50.119778894586,49.690656651898,49.690656651898,28402022.783481
2016-06-16,49.519298382026,50.468084418997,49.50599659852,50.390732871214,28873727.777261
2016-06-17,50.410182537853,50.428737966945,49.816185247506,50.129503727905,41755332.387536
2016-06-20,50.63743065439,50.832709778634,50.030355139923,50.069589812281,33355976.699963
2016-06-21,50.197465781449,51.429948680088,50.159237126331,51.189734119125,31293010.625247
2016-06-22,51.077283747637,51.461694112993,50.954102525589,51.001049996787,24742251.53433
2016-06-23,51.279157873788,52.06005081138,51.14926987014,51.913507633426,26188990.655131
2016-06-24,49.805454396946,50.939906504536,49.519298382026,49.827251437145,62960049.263798
2016-06-27,49.103477922844,49.145954206309,48.035758292171,48.43101128778,49540266.409198
2016-06-28,48.917811852225,49.471233113894,48.666642881317,49.439711240376,35555568.546145
2016-06-29,49.910415528982,50.720259407146,49.79885939504,50.5400705415,27335899.923884
2016-06-30,50.720259407146,51.301178473374,50.500947648836,51.169278435246,26146597.070541
2016-07-01,51.128478847181,51.719346306115,51.066552897077,51.159218262846,19912871.649309
2016-07-05,50.832709778634,51.279157873788,50.742168227038,51.169278435246,23567510.05525
2016-07-06,50.77916730553,51.53681006691,50.390732871214,51.381883411957,26252261.832181
2016-07-07,51.420223846768,51.6090197488,51.066552897077,51.381883411957,17938600.99537
2016-07-08,51.729182919128,52.3612970849,51.546646679923,52.303506983449,26952797.842467
2016-07-11,52.500127464014,52.830771796879,52.470282285895,52.59033367653,18141346.470363
2016-07-12,52.938862760328,53.398612638988,52.786059919548,53.209593177569,26050597.148584
2016-07-13,53.55991073646,53.86048633182,53.181312915157,53.510839451089,23884989.780366
2016-07-14,53.841707343341,53.989032979148,53.578801504633,53.739205364559,21675861.323994
2016-07-15,53.946556695683,54.000099168788,53.209593177569,53.700976709441,29748869.301445
2016-07-18,53.700976709441,54.339574097426,53.550297682834,53.957399325936,27532216.521914
2016-07-19,53.71170756,53.897485410312,52.929249706702,53.089541786935,45709538.691001
2016-07-20,56.152976062293,56.838520921476,55.528462915667,55.91074946685,85571640.544956
2016-07-21,55.979493978247,56.230551169462,55.760070440243,55.798075535975,30973675.236256
2016-07-22,56.081101719482,56.627033741698,55.778625869336,56.571255674727,29740446.455948
2016-07-25,56.468641916252,56.741496147667,56.254583803528,56.731659534654,22695420.392876
2016-07-26,56.522184389356,57.289663763749,56.511118199717,56.760275136146,25702898.312821
2016-07-27,56.608142973526,56.798392011571,56.110499778828,56.188969123544,30555741.446331
2016-07-28,55.999055424579,56.371393583056,55.719717970952,56.20998370589,36235162.849227
2016-07-29,56.260172788194,56.760275136146,56.05148010075,56.680464435109,28319475.966643
2016-08-01,56.599535937139,56.750438523133,56.14213343204,56.581315847127,24564883.590894
2016-08-02,56.848469314182,56.900893990353,56.309244073566,56.581315847127,31592517.155798
2016-08-03,56.680464435109,57.110592695037,56.489321159518,56.968744264203,20725017.689842
2016-08-04,56.798392011571,57.518923914766,56.66939824547,57.390041928358,25115787.695956
2016-08-05,57.652165309213,58.208939961682,57.449955843982,57.960006584639,26517391.868905
2016-08-08,58.055913561515,58.084529163007,57.778588142367,58.061502546182,17838294.394472
2016-08-09,58.169481729937,58.500461401882,58.022379653517,58.200332925295,16493788.064661
2016-08-10,58.159756896617,58.32038431593,57.818940611659,58.022379653517,14678285.666951
2016-08-11,58.032104486836,58.450272319578,58.032104486836,58.299593292971,15901468.582819
2016-08-12,58.032104486836,58.190384532589,57.620419876308,57.939327341374,20173423.893322
2016-08-15,58.011201684184,58.500461401882,57.960006584639,58.118398410086,17089786.816878
2016-08-16,57.61077327997,57.620437876882,57.27129042752,57.44036532982,17418149.451141
2016-08-17,57.541343704453,57.682424601904,57.229965944172,57.561783771485,17518499.680893
2016-08-18,57.418592214938,57.701864883049,57.27129042752,57.599886722529,12322056.719075
2016-08-19,57.429478772379,57.73008106254,57.200416716832,57.620437876882,15817011.089828
2016-08-22,57.599886722529,57.747299597268,57.260292782758,57.671538044463,14188457.815864
2016-08-23,57.898156178952,58.180540148497,57.84949993243,57.889602455249,16868961.821705
2016-08-24,57.799510638057,58.039237076404,57.716195147436,57.950256132421,16405620.674275
2016-08-25,57.879937858336,58.291072032721,57.778959483704,58.170542289623,16052499.530673
2016-08-26,58.281296348488,58.701095333897,57.692977897383,58.039237076404,18817140.388219
2016-08-29,58.180540148497,58.599117173377,58.101112714105,58.101112714105,12714357.428055
2016-08-30,57.981804931536,58.191426705938,57.61077327997,57.889602455249,15992037.602527
2016-08-31,57.650764715468,57.799510638057,57.300395305577,57.459694523644,19127445.200314
2016-09-01,57.008680001082,57.819173093844,57.008680001082,57.579335568176,23378141.876549
2016-09-02,57.671538044463,58.191426705938,57.418592214938,57.671538044463,17791430.407806
2016-09-06,57.778959483704,57.799510638057,57.211525448914,57.61077327997,14985253.367802
2016-09-07,57.469581295198,57.839835335518,57.402484553418,57.661873447551,16472416.068427
2016-09-08,57.629324862549,57.788735167937,57.179976649799,57.429478772379,18017779.008378
2016-09-09,56.78828275656,57.520681462779,56.212072823425,56.212072823425,31235006.448369
2016-09-12,56.000673651889,57.205971082873,55.609979544537,57.050782095676,24687929.742099
2016-09-13,56.498455936519,56.651645351941,56.049440985733,56.528893862426,28597599.872279
2016-09-14,56.3911455846,56.629872237059,56.028778744059,56.258618410852,20316817.029676
2016-09-15,56.150197185724,57.349273726741,55.980122497536,57.189752334032,20975609.933337
2016-09-16,57.629324862549,57.629324862549,56.752512639253,57.249406225317,39422225.049313
2016-09-19,57.27129042752,57.747299597268,56.850158394261,56.93047452722,19529744.71207
2016-09-20,57.349273726741,57.349273726741,56.752512639253,56.807611950384,16037252.024625
2016-09-21,57.509683818017,57.84949993243,57.080109148375,57.758408329351,32099988.13954
2016-09-22,57.920040381155,58.001245212681,57.629324862549,57.819173093844,18464057.031594
2016-09-23,57.869051300895,57.909264911035,57.378378604798,57.429478772379,18830422.971462
2016-09-26,57.080109148375,57.140873912868,56.829718327229,56.900036601313,19989246.33398
2016-09-27,56.93047452722,58.057788658982,56.681861103206,57.950256132421,23718928.79787
2016-09-28,57.879937858336,58.057788658982,57.671538044463,58.0306833527,18775979.310633
2016-09-29,57.809175234969,58.168320543206,57.211525448914,57.398041060585,24068569.853052
2016-09-30,57.569559883943,57.768072926263,57.339386955187,57.599886722529,19839972.106944
2016-10-03,57.402484553418,57.552119174573,57.060779954551,57.418592214938,18648973.594304
2016-10-04,57.27129042752,57.595554317017,56.969355089509,57.240630326971,19193863.646328
2016-10-05,57.291730494552,57.960142903974,57.260292782758,57.639989245348,15164958.092583
2016-10-06,57.737635000356,57.860164315229,57.28206589764,57.737635000356,15461404.300444
2016-10-07,57.84949993243,57.981804931536,57.418592214938,57.799510638057,18973695.520585
2016-10-10,57.909264911035,58.38882887505,57.869051300895,58.039237076404,17003218.029455
2016-10-11,57.889602455249,58.022129628996,56.889261131192,57.189752334032,24001295.209436
2016-10-12,57.11165794749,57.27129042752,56.401143443474,57.11165794749,20841609.939723
2016-10-13,56.701523558993,57.300395305577,56.313939896624,56.919476882458,23362114.668487
2016-10-14,57.121433631723,57.737635000356,57.121433631723,57.418592214938,25841636.194945
2016-10-17,57.358938323653,57.459694523644,56.870709548614,57.221412220468,21729825.091965
2016-10-18,57.531679107541,57.9448128537,57.407927832138,57.661873447551,18253986.32342
2016-10-19,57.469581295198,57.839835335518,57.392708869185,57.531679107541,21537561.266307
2016-10-20,57.499019435217,57.520681462779,56.662420822062,57.249406225317,42123121.119881
2016-10-21,60.277757678409,60.451387160863,59.48770465268,59.659223476039,76764740.594878
2016-10-24,59.944828977887,60.999380914508,59.933942420446,60.999380914508,50843662.349713
2016-10-25,60.851856952448,61.370412566073,60.800756784867,60.988383269746,33382525.143215
2016-10-26,60.8105324691,61.199893528602,60.471938315216,60.630459922038,27929533.491477
2016-10-27,60.608575719835,60.831083623453,60.086798573906,60.097685131347,27348908.940419
2016-10-28,60.011814632347,60.518817164606,59.577907557193,59.871955695424,31796704.332103
2016-10-31,60.157450109952,60.423059894052,59.922944775684,59.922944775684,26434697.269614
2016-11-01,59.974044943265,60.02159031658,59.250088873429,59.798082627074,24532986.546875
2016-11-02,59.818855956068,59.933942420446,59.298967294593,59.433382952795,22147004.377967
2016-11-03,59.532361755653,59.638672321685,59.108230364732,59.20998635061,21600426.814847
2016-11-04,58.650106253637,59.27841614024,58.520023000947,58.709871232243,28697015.565575
2016-11-07,59.77875343325,60.518817164606,59.77875343325,60.423059894052,28470790.463906
2016-11-08,60.550143789079,60.779094757306,60.147674425719,60.471938315216,21534842.447228
2016-11-09,60.002261122756,60.588024565482,59.19921088049,60.168114492752,46828149.053607
2016-11-10,60.480603126241,60.491600771003,57.629324862549,58.701095333897,55594075.207751
2016-11-11,58.230418355549,59.113673643452,58.011131984234,59.020249206636,34841590.922335
2016-11-14,59.020249206636,59.081902669696,57.28206589764,58.118442336154,41328424.127617
2016-11-15,58.327719626122,59.491936977274,58.314809624218,58.869939706073,35904125.441613
2016-11-16,58.937799972489,59.658773924951,54.271110139082,59.649174179946,25237744.684048
2016-11-17,60.411084976051,60.950877534277,59.965855423222,60.638499624968,30380970.62244
2016-11-18,60.780840671598,61.140886280242,60.29908795099,60.348521120672,26392076.456001
2016-11-21,60.499468835237,60.970408049977,60.420795062953,60.858190341123,18220759.773389
2016-11-22,60.981221555845,61.261489973239,60.805557256439,61.110542258674,16967326.0839
2016-11-23,61.010241474654,61.099728752806,60.249323755618,60.400271470183,20784080.923827
2016-11-25,60.29908795099,60.529702514909,60.129823481587,60.529702514909,7946353.3720241
2016-11-28,60.337707614804,61.020061903452,60.209490330941,60.610583125126,19457906.740485
2016-11-29,60.64920278894,61.410120507975,60.519771744214,61.089025588835,20979136.530727
2016-11-30,60.858190341123,61.179505944057,60.214897083875,60.25903384252,30442016.371862
2016-12-01,60.108306811748,60.150236732461,58.932282877658,59.197544797114,31742588.120809
2016-12-02,59.082237515154,59.472406461574,58.798769182758,59.249074462831,24107442.624196
2016-12-05,59.697503930662,60.583439018559,59.562886816796,60.220414178706,22508680.872291
2016-12-06,60.430394807958,60.46062848763,59.800011552615,59.950848925283,18274067.1724
2016-12-07,60.013412780662,61.381100589166,59.800011552615,61.371611186058,28350292.935188
2016-12-08,61.301323397916,61.576185062376,60.839101193009,61.010241474654,20766040.546486
2016-12-09,61.179505944057,61.989856832774,61.124445337647,61.97076768466,25237707.569657
2016-12-12,61.818606209233,62.299145168978,61.72260875918,62.171038227011,19756919.755051
2016-12-13,62.498753659948,63.420218838554,62.239008835324,62.97840988452,33408169.69343
2016-12-14,62.999816212463,63.448245680294,62.52898733962,62.691520953329,25561071.335802
2016-12-15,62.701231040231,63.15297076496,62.299145168978,62.578420509302,25811924.717312
2016-12-16,62.95137611985,62.95137611985,62.115977620602,62.299145168978,38035357.146927
2016-12-19,62.559993412568,63.770444018401,62.421072964734,63.622916902631,28485122.092836
2016-12-20,63.689673750081,63.801781117038,63.023539720235,63.539608770689,21743537.093674
2016-12-21,63.428604822697,63.700266572155,63.118102725631,63.550422276557,15191471.162216
2016-12-22,63.83819394292,64.102352443409,63.405101998719,63.550422276557,21325378.535009
2016-12-23,63.448245680294,63.539608770689,62.800649089079,63.240140863284,12006986.871636
2016-12-27,63.208914106543,64.070132609599,63.208914106543,63.283284544859,11164546.807737
2016-12-28,63.399584903888,63.399584903888,62.829558665991,62.989002706595,13399389.829027
2016-12-29,62.860785422732,63.199314361537,62.729478565764,62.900618847409,9888001.9873113
2016-12-30,62.960093129683,62.989002706595,62.026821368139,62.141907966306,25579908.744677
2017-01-03,62.790718318384,62.839268752893,62.127011810263,62.578420509302,19809878.278791
2017-01-04,62.479333486145,62.748678055774,62.121494715432,62.299145168978,16867760.236483
2017-01-05,62.189575665642,62.660183854692,62.026821368139,62.299145168978,21355446.758435
2017-01-06,62.299145168978,63.149660508062,62.037414190214,62.839268752893,17574834.839795
2017-01-09,62.758388142676,63.081800241646,62.538807768419,62.640874022785,18593650.837876
2017-01-10,62.729478565764,63.070876393881,62.279945678967,62.619357352945,17036235.444799
2017-01-11,62.609647266043,63.229327357416,62.429789974566,63.190707693602,20432115.880539
2017-01-12,63.061166306979,63.399584903888,61.952119904133,62.609647266043,20640160.596238
2017-01-13,62.619357352945,62.8650887567,62.349792099522,62.701231040231,18472849.991961
2017-01-17,62.681921208324,62.701231040231,62.026821368139,62.52898733962,18311055.373928
2017-01-18,62.671218044353,62.701231040231,62.121494715432,62.498753659948,17853362.566548
2017-01-19,62.239008835324,62.97840988452,62.194651392886,62.299145168978,18115323.357262
2017-01-20,62.671218044353,62.818634818226,62.371639795052,62.737974891803,27298948.02959
2017-01-23,62.701231040231,63.114902810629,62.56970349947,62.960093129683,21561871.430991
2017-01-24,63.199314361537,63.737010423727,62.941555691052,63.514009450675,21047579.178166
2017-01-25,63.950301309878,64.102352443409,63.448245680294,63.678860244213,22619699.292742
2017-01-26,64.123869113249,64.534671994335,63.550422276557,64.26941007488,37333431.237434
2017-01-27,65.389159641697,65.909752709912,64.891186662288,65.781535426049,43494337.473562
2017-01-30,65.688848232895,65.792238590021,64.801809726032,65.130518236039,30617005.155702
2017-01-31,64.861063324513,65.151152170705,64.259699987978,64.648655173535,21555510.952328
2017-02-01,64.356580173203,64.620738673692,63.467665854098,63.581759375194,37923295.812105
2017-02-02,63.250954369152,63.410619093549,62.748678055774,63.169853075142,43048863.651379
2017-02-03,63.497789191873,63.700266572155,63.070876393881,63.678860244213,30301758.306751
2017-02-06,63.497789191873,63.649619641611,63.140060763057,63.643109469711,17385038.342022
2017-02-07,63.740210338729,63.781147182372,63.229327357416,63.428604822697,19089024.958026
2017-02-08,63.572159630189,63.810277443078,63.219617270514,63.340220963511,17026839.936855
2017-02-09,63.519416203609,64.434371210314,63.3210214735,64.059319103731,21746814.294351
2017-02-10,64.248776140213,64.299533412655,63.973142082477,63.998851744387,17097463.982594
2017-02-13,64.239286737105,64.861063324513,64.13357920015,64.718942961677,21553078.104033
2017-02-14,64.411316743067,64.71983809056,64.019221536069,64.569909657562,18530357.686049
2017-02-15,64.501251867469,64.569909657562,64.155220992482,64.529109820638,15731510.440464
2017-02-16,64.740128332041,65.240474719265,64.442465005665,64.520555016122,20086371.534215
2017-02-17,64.471310051662,64.688799504943,64.299994607374,64.616851405421,19840121.017471
2017-02-21,64.607419185057,64.950159750615,64.451019810181,64.491819647105,18532046.360238
2017-02-22,64.328949330352,64.389929731776,64.048285936028,64.359878238988,18274978.620446
2017-02-23,64.422065087203,64.729379987905,64.197007922235,64.616851405421,19357830.441843
2017-02-24,64.529109820638,64.803411950065,64.133943658172,64.616851405421,21388307.594732
2017-02-27,64.539967841755,64.539967841755,64.043898856789,64.230240047471,15550362.094283
2017-02-28,64.078118074854,64.201175647512,63.762029015674,63.981712008574,21694768.821153
2017-03-01,64.129556578933,64.989753140748,64.021305398707,64.909359913691,22344744.090218
2017-03-02,64.688799504943,64.750876676177,63.879931770226,64.009679638723,23897810.926549
2017-03-03,63.990376490071,64.279704365893,63.619558617383,64.249433519143,17850189.781306
2017-03-06,63.971950757267,64.560148406255,63.810177210323,64.269943114586,16924388.393342
2017-03-07,64.191853104129,64.777747536517,64.191853104129,64.400678075912,16673839.178622
2017-03-08,64.259085093469,65.085172114199,64.249433519143,64.989753140748,20376916.843054
2017-03-09,65.189255569148,65.199674882341,64.482058395798,64.729379987905,19198520.974949
2017-03-10,65.110836527748,65.260764960746,64.750876676177,64.930966278944,18311195.034197
2017-03-13,65.141875113365,65.194520064235,64.569909657562,64.709199423405,20100034.952729
2017-03-14,64.529109820638,64.5495097391,64.150066174376,64.411316743067,14280200.926352
2017-03-15,64.5495097391,64.920108257827,64.249433519143,64.750876676177,24833809.703586
2017-03-16,64.750876676177,64.761734697294,64.299994607374,64.638457770674,20674295.261377
2017-03-17,64.909359913691,65.240474719265,64.678051160807,64.870972970348,43337736.698115
2017-03-20,64.909359913691,65.175216915583,64.71983809056,64.930966278944,14598081.473582
2017-03-21,65.189255569148,65.499641425318,64.129556578933,64.210936898819,26640481.984204
2017-03-22,64.119795327626,65.141875113365,64.119795327626,65.027262668243,20680013.789887
2017-03-23,64.939411406479,65.235210224178,64.7668895154,64.870972970348,19269205.385228
2017-03-24,65.121584871884,65.44951904501,64.761734697294,64.979114473593,21823220.077636
2017-03-27,64.627819103519,65.218978030993,64.349129894852,65.100088183613,17146501.790971
2017-03-28,64.958714555131,65.468602839701,64.648109345,65.288622913915,18742933.668432
2017-03-29,65.121584871884,65.499641425318,64.946979118166,65.468602839701,12852444.169807
2017-03-30,65.419357875241,65.980794340871,65.360461336456,65.712963153321,14888040.553902
2017-03-31,65.652969844726,66.189399958692,65.44951904501,65.85971095387,19976867.220794
2017-04-03,65.808272449791,65.939994503947,65.189255569148,65.548008973929,20400870.99913
2017-04-04,65.391499922073,65.808272449791,65.27908101657,65.730950178201,12636064.236449
2017-04-05,66.298857585709,66.350296089787,65.445131965771,65.558647641084,20585980.121749
2017-04-06,65.600544247818,66.056800488689,65.479460860818,65.730950178201,17419134.458022
2017-04-07,65.848852932753,65.960394422409,65.440854563513,65.681705213742,14108533.052838
2017-04-10,65.611292591954,65.818911116946,65.360461336456,65.528705825277,15525831.044538
2017-04-11,65.600544247818,65.611292591954,64.851340790753,65.479460860818,18791533.692895
2017-04-12,65.419357875241,65.510389769453,65.110836527748,65.22983605211,16475942.246327
2017-04-13,65.288622913915,65.85971095387,64.950159750615,64.950159750615,16810320.272232
2017-04-17,65.037901335398,65.490209204953,65.008178873553,65.479460860818,14547563.137645
2017-04-18,65.330519520649,65.712963153321,65.161178262018,65.391499922073,14564799.936364
2017-04-19,65.652969844726,65.748279141196,64.89016644202,65.037901335398,21678009.033219
2017-04-20,65.458841588394,65.748279141196,65.141875113365,65.499641425318,20786686.843602
2017-04-21,65.671285900549,66.700604367033,65.44951904501,66.401844270847,31278377.567272
2017-04-24,67.481614148582,67.658194087957,67.100047931757,67.53184620587,29724505.133472
2017-04-25,67.90167698573,68.038553857991,67.600503995962,67.921747873249,30230326.996515
2017-04-26,68.077160155295,68.309456001008,67.618600697824,67.829509532246,26167645.743667
2017-04-27,68.148888900855,68.378113791101,67.582187940139,68.270959380685,34348716.761358
2017-04-28,68.90927940998,69.140917193807,67.688355257726,68.460919911739,39548818.562532
2017-05-01,68.679286780868,69.54814782418,68.500403624892,69.409625797204,31927512.699925
2017-05-02,69.709702017162,69.709702017162,69.130168849671,69.300497201131,23530533.158749
2017-05-03,69.383083967807,69.383083967807,68.709447950637,69.081033562192,28902131.072215
2017-05-04,69.030582150942,69.081033562192,68.639474036773,68.809802388232,21686033.269439
2017-05-05,68.899956866597,69.030582150942,68.487242387174,68.999543565325,19128781.251389
2017-05-08,68.969382395556,69.048788529785,68.419900720853,68.939769610692,18553920.71195
2017-05-09,68.861240892311,69.279000512859,68.679286780868,69.040124048287,22845420.584481
2017-05-10,68.98890489817,69.557580044544,68.917834214496,69.310258452438,17934439.594185
2017-05-11,68.35902999641,68.729628515137,68.118837408067,68.460919911739,28771277.95908
2017-05-12,68.608545128137,68.608545128137,68.038553857991,68.378113791101,17350038.839045
2017-05-15,68.138140556719,68.481868215106,67.572317011851,68.430649064989,30961781.495269
2017-05-16,68.229305159502,69.442398538794,68.161147719547,69.412627369022,34939873.385507
2017-05-17,68.88950538588,69.100738923788,67.430281859424,67.480445735231,30495371.367308
2017-05-18,67.399529222516,68.129958875024,67.141621469727,67.7072736954,25201274.798544
2017-05-19,67.500511285553,68.096916148134,67.430281859424,67.688080560309,26905430.339815
2017-05-22,67.891571413038,68.502153023129,67.500511285553,68.44969905734,16216112.407051
2017-05-23,68.721347350024,68.750137052661,68.38056015025,68.680889093667,15424142.644643
2017-05-24,68.869439835558,68.879799766431,68.44969905734,68.770311654887,14665915.571284
2017-05-25,68.971621469538,69.880241933064,68.909898091915,69.618190207925,21838881.224664
2017-05-26,69.801397406524,70.221138184742,69.51699004108,69.958868355795,19715850.11344
2017-05-30,69.791691787074,70.408489355689,69.771626236752,70.408489355689,17057450.837655
2017-05-31,70.5309546438,70.737935157455,69.81099397407,69.839565572899,30448614.539653
2017-06-01,70.241312786968,70.612089260322,69.454285196322,70.099654363766,21574416.878955
2017-06-02,70.439351044501,71.859315885544,70.241312786968,71.751681656367,34636633.253285
2017-06-05,71.968913048991,72.891383104315,71.808170542601,72.279820027089,33305136.284764
2017-06-06,72.300321785027,72.620716278767,72.270332511447,72.519516111922,31506618.380834
2017-06-07,72.634565870566,72.769790231436,71.94862939486,72.388653827209,22282576.790456
2017-06-08,72.508938077241,72.519516111922,71.499226498774,71.94862939486,24462260.995028
2017-06-09,72.035107554675,72.080691250517,68.588085923424,70.319066794469,49143956.965551
2017-06-12,69.251666758824,69.938693753569,68.129958875024,69.781113752393,47721377.925837
2017-06-13,70.019610266283,70.820705552536,69.958868355795,70.652329412872,25256970.279615
2017-06-14,70.911218632796,71.100750841822,69.431711452209,70.269993437701,25483816.423061
2017-06-15,69.272059464859,70.212414032427,68.800300928468,69.900198431482,26058678.58334
2017-06-16,69.732040395626,70.02506286148,69.220914121917,69.999326612153,48278131.825734
2017-06-19,70.499874851181,70.945351878725,70.348728912337,70.870651324535,23621211.725778
2017-06-20,70.820705552536,70.870651324535,69.869772950287,69.910013102836,21511211.652198
2017-06-21,70.212414032427,70.62146772406,69.938693753569,70.269993437701,19891048.095934
2017-06-22,70.541423626577,70.592568969519,69.712956312438,70.260287818252,22602131.068295
2017-06-23,70.09005779622,71.249933846396,69.918628203246,71.210784212885,27072037.976889
2017-06-26,71.400098318104,71.712095815241,70.444585535889,70.5309546438,19508739.23241
2017-06-27,70.109032827504,70.180679928384,69.178165775577,69.210227035332,25214385.637213
2017-06-28,69.210227035332,69.840656091938,68.789395738075,69.801397406524,25803714.314717
2017-06-29,69.380675161171,69.489290857483,68.091572604841,68.49135688464,28899031.702347
2017-06-30,68.77870865149,69.380675161171,68.740431433211,68.931054161277,24150600.446621
2017-07-03,69.330729389172,69.596816034755,68.020579815384,68.170744287093,16165538.273988
2017-07-05,68.254823305021,69.442398538794,68.218618072917,69.079146646811,21164771.001442
2017-07-06,68.268781948724,68.77870865149,68.120798515094,68.568892788333,21108325.390755
2017-07-07,68.701936111125,69.839565572899,68.701936111125,69.461591673885,16190063.475459
2017-07-10,69.461591673885,70.250909354514,69.199539948747,69.978170542791,15006191.82772
2017-07-11,69.999326612153,70.678174714103,69.750252063582,69.988748577472,17459189.842039
2017-07-12,70.687662229744,71.279814068072,70.551238297931,71.150914717629,17747479.95672
2017-07-13,71.499226498774,72.040342046064,71.311657224019,71.77174720669,20268858.998267
2017-07-14,72.240561341675,73.270556574272,71.958225962406,72.780586369925,25861353.185408
2017-07-17,72.802069594999,73.45071031956,72.719953511341,73.350382567947,21786398.438897
2017-07-18,73.091493348023,73.390949876208,72.661283587028,73.300436795948,26392095.707135
2017-07-19,73.49956557252,74.040681119809,73.45071031956,73.860636426425,22176370.078305
2017-07-20,74.178086518758,74.301533274004,73.280044089914,74.219635294155,39893725.618245
2017-07-21,73.45071031956,74.290955239323,73.168156836484,73.790516052199,46302784.243096
2017-07-24,73.529336742292,73.748858224899,73.131188241052,73.599566168422,21228480.382898
2017-07-25,73.800003567841,74.312438464397,73.49956557252,74.188555501535,22008236.833437
2017-07-26,74.338829025148,74.379287281505,73.809491083483,74.051477258298,16230665.297147
2017-07-27,73.758236688637,74.421817524037,72.321477854389,73.159541736074,35805860.005041
2017-07-28,72.671861621709,73.30992431159,72.540126921764,73.039148434137,17800885.617848
2017-07-31,73.300436795948,73.440132284879,72.408828429435,72.70076037625,23546561.154646
2017-08-01,73.102071382704,73.419521475037,72.490835461189,72.579276555274,20805764.036645
2017-08-02,72.550486852637,72.559865316375,71.44273761254,72.260844995805,26487386.57817
2017-08-03,72.190397465868,72.439690118247,71.845466293745,72.151247832358,18211297.585182
2017-08-04,72.368370173078,73.039148434137,72.240561341675,72.681458189254,22578354.118771
2017-08-07,72.802069594999,72.899998204726,72.260844995805,72.39814134285,18704178.746237
2017-08-08,72.091378337102,73.131188241052,71.751681656367,72.791164404606,22040303.701003
2017-08-09,72.25015790922,72.508938077241,72.051029132648,72.470551807058,22209251.855141
2017-08-10,71.898683622861,72.190397465868,71.348843923258,71.409476781842,23886948.193677
2017-08-11,71.6110047003,72.70076037625,71.279814068072,72.499450561599,21439223.618728
2017-08-14,73.060740711115,73.721159041301,72.945690952471,73.59007865278,20080485.397449
2017-08-15,73.592211629854,73.592211629854,73.040079128445,73.219278124973,19174190.240898
2017-08-16,73.340009652295,74.100629121819,73.169488573274,73.650462151122,18146310.555192
2017-08-17,73.582557446627,73.870772781842,72.40127592593,72.40127592593,22450875.225273
2017-08-18,72.271107163319,72.83994465593,71.930715849091,72.491200846101,18760888.493427
2017-08-21,72.472217901553,72.482631402562,71.700751035145,72.14918242234,17713181.612137
2017-08-22,72.349099946917,73.23826106952,72.349099946917,73.158749650359,14333415.408864
2017-08-23,72.960567709283,73.148227675381,72.529383683134,72.722250399736,13758993.039536
2017-08-24,72.741450292221,72.860120814135,72.06956252921,72.691660740522,17097237.940957
2017-08-25,72.860120814135,73.349663835522,72.482631402562,72.818683758037,12791910.650129
2017-08-28,73.060363760618,73.090953419832,72.546305622273,72.829097259046,14561957.179002
2017-08-29,72.249629317488,73.158749650359,72.049277897036,73.049841785641,11473315.782826
2017-08-30,73.01144200067,74.207692929067,72.828012519357,74.010704201649,16893441.703916
2017-08-31,74.031639677635,74.961153116648,73.798529118593,74.799093007197,27645590.085404
2017-09-01,74.70884266512,74.738456058614,73.640916441864,73.940630017776,21732401.536326
2017-09-05,73.340009652295,73.891816731797,72.979659127799,73.611194574401,22234377.766212
2017-09-06,73.738326065885,74.042378600551,73.349663835522,73.400538126909,16534749.453714
2017-09-07,73.679858596679,74.600802592153,73.601648865143,74.340139645024,17468443.589505
2017-09-08,74.329400722108,74.440586540172,73.838989908971,73.979789120529,14703741.400807
2017-09-11,74.308356772153,74.944882021322,74.308356772153,74.756462737442,17900380.465723
2017-09-12,74.756462737442,75.239605794667,74.368885246767,74.680205537346,14398206.081873
2017-09-13,74.93002108759,75.22897534572,74.551013040454,75.210100875142,13354031.984564
2017-09-14,74.999986797494,75.491916246195,74.521291172991,74.767201660357,15701598.55763
2017-09-15,74.830550458161,75.39027613739,74.070147936575,75.31054777029,38515337.795111
2017-09-18,75.22897534572,75.969744078947,75.041315379623,75.158250318035,23305749.486593
2017-09-19,75.210100875142,75.710057397538,75.010834194378,75.442126694496,15769511.44528
2017-09-20,75.349706873042,75.548973553806,74.308356772153,74.940651536537,20790315.740806
2017-09-21,75.109328558087,75.239605794667,74.111259570766,74.207692929067,19174096.800979
2017-09-22,73.989443303756,74.510660724044,73.84940340998,74.411081620647,14095458.859084
2017-09-25,74.089998672873,74.249021511196,72.920323866842,73.258220279787,24139292.075263
2017-09-26,73.671506101078,73.809376515477,72.990398050715,73.258220279787,18014579.147219
2017-09-27,73.550666099787,74.170594831723,73.169488573274,73.84940340998,19488003.959053
2017-09-28,73.541228864498,73.96937561952,73.311155576583,73.870772781842,10879680.656167
2017-09-29,73.940630017776,74.536043632754,73.881294756819,74.489399826151,17075298.436922
2017-10-02,74.70884266512,75.010834194378,74.292411098733,74.61045677538,15296789.460503
2017-10-03,74.670768302056,74.88034000986,74.195001474712,74.259760434111,12186589.870664
2017-10-04,73.999965278733,74.719473114067,73.707627932702,74.690727512323,13295160.116883
2017-10-05,75.220514376151,76.119004260074,74.961153116648,75.969744078947,21189635.478695
2017-10-06,75.668837289377,76.029079339904,75.539427844548,75.997296467033,13946654.373523
2017-10-09,75.969744078947,76.551273025912,75.860402318354,76.292888032129,11386469.513761
2017-10-10,76.331938660913,76.628506491728,76.140265157968,76.292888032129,13941382.096924
2017-10-11,76.359491048999,76.457985412708,75.949459446773,76.417741570267,15381255.371248
2017-10-12,76.489768285579,77.290848545481,76.370013023976,77.119351200741,17269532.655663
2017-10-13,77.589477381705,77.870424961008,77.290848545481,77.492176231653,15319789.837956
2017-10-16,77.42036646428,77.807835480986,77.348014327062,77.65000585632,12362070.03713
2017-10-17,77.472108547418,77.620392462825,77.251689442729,77.589477381705,16076734.345768
2017-10-18,77.670290488493,77.849164063115,77.368407433204,77.609870487848,13288964.767151
2017-10-19,77.568650379688,77.928783956245,77.348014327062,77.908499324072,15087470.829911
2017-10-20,78.318639400266,78.969049317446,78.220036562588,78.809158687372,22854845.25081
2017-10-23,78.989442423588,79.341115030576,78.757091182328,78.829334845577,20609964.428707
2017-10-24,78.901144612951,79.198905657424,78.460414877543,78.85992450479,17364871.575074
2017-10-25,78.579302347394,79.101387559434,78.010247906846,78.632346118158,20401392.373622
2017-10-26,79.198905657424,79.421494241489,78.746677681319,78.757091182328,31601123.626527
2017-10-27,84.368449590558,86.200249502403,83.610758918192,83.807856119579,71024820.125859
2017-10-30,83.797225670632,84.323758315394,83.104185483697,83.891706497494,31756654.842364
2017-10-31,84.358686933362,84.358686933362,83.108307494513,83.180659631731,27086574.920375
2017-11-01,83.681809367784,83.756873354223,82.878668102473,83.180659631731,22307372.275276
2017-11-02,83.349228179312,84.461628729793,83.119046417428,84.050620861849,23992942.511192
2017-11-03,84.081318995031,84.542116414675,83.399017731011,84.140654255988,17633543.430505
2017-11-06,84.198904777257,84.699837565372,84.083488474408,84.472150704771,19852150.646504
2017-11-07,84.770020223213,84.900188985824,83.931841865966,84.260192569653,17927877.285301
2017-11-08,84.140654255988,84.610888910921,83.829008543503,84.562184098911,18029586.164392
2017-11-09,84.110823914556,84.269738278911,82.899929000366,84.090647756352,21175385.419244
2017-11-10,83.786703695654,84.095962980825,83.230449183429,83.871421865321,19396302.589591
2017-11-13,83.662717949267,83.941387575224,83.460305523407,83.931841865966,14185940.790422
2017-11-14,83.501742579505,84.100301939579,82.977053992213,84.050620861849,18765150.863838
2017-11-15,83.471418178975,83.690519979926,82.688911747007,82.979140684326,19338007.949254
2017-11-16,83.099160981202,83.419718788504,82.94017726061,83.201264579083,20958100.748768
2017-11-17,83.119236318629,83.119236318629,82.240886340235,82.401273175808,22075458.790157
2017-11-20,82.401273175808,82.588966787558,82.2516795324,82.528848707199,16128942.336359
2017-11-21,82.740719069399,83.840221555256,82.740719069399,83.72020125838,21195897.776334
2017-11-22,83.830831478072,83.898180997182,83.040014288137,83.108551058385,20552303.03526
2017-11-24,83.008498167015,83.430188184904,82.780869744253,83.261490591364,7425601.2922538
2017-11-27,83.306929930379,83.978374414969,83.299374695864,83.869794901788,17721906.764386
2017-11-28,84.072167254883,85.062118840264,84.020467864413,84.879821824596,21923926.360353
2017-11-29,84.708965592623,84.914360039524,83.17622437326,83.337258800363,27371851.443089
2017-11-30,83.511352989986,84.520300593577,83.337258800363,84.17135669088,33023712.177923
2017-12-01,83.599857165739,84.809126415915,83.222527167648,84.258889479339,29387603.558461
2017-12-04,84.418952519147,84.418952519147,80.699618499062,81.080294386724,39085883.958605
2017-12-05,81.34159756904,82.679845465588,80.979270108059,81.589409261151,26147421.753744
2017-12-06,81.54947445014,83.139203724134,81.431288995932,82.780869744253,24876978.460981
2017-12-07,82.538238784383,82.800729217837,82.00062988264,82.489777351561,23171202.541789
2017-12-08,83.63061776341,84.58257731237,83.326897335885,84.161750749853,24027796.594165
2017-12-11,84.289434213166,85.371991387323,84.121708006921,85.229737114588,21448190.01858
2017-12-12,85.311009851591,86.046565897641,85.082086245769,85.578681017285,23921269.429762
2017-12-13,85.740039240153,86.001450354391,85.167568327717,85.352023981818,21708932.190307
2017-12-14,85.430166693093,85.871500320723,84.530985853821,84.688782323274,19302735.090282
2017-12-15,85.260389780337,87.089296192709,84.879821824596,86.851198373547,53924650.690455
2017-12-18,87.119948858458,87.498142311922,86.231992939037,86.379859671698,22279354.601994
2017-12-19,86.349207005949,86.349207005949,85.270859176737,85.832644828929,23340580.562444
2017-12-20,86.202851320191,86.30085350505,84.708965592623,85.519642256142,23588617.485468
2017-12-21,86.046565897641,86.097293900817,85.401672665777,85.498379667576,17941850.612477
2017-12-22,85.401672665777,85.629301088539,84.917490065252,85.509172859742,14076564.690323
2017-12-26,85.311009851591,85.534320997486,85.031574106437,85.401672665777,9887708.5060518
2017-12-27,85.650347813261,85.980187765825,85.214086985948,85.710357961699,14662468.837422
2017-12-28,85.900318143804,85.92945976265,85.549107670752,85.721043221942,10589197.785291
2017-12-29,85.629301088539,86.046565897641,85.498379667576,85.539609661647,18548142.538462
2018-01-02,86.123737221621,86.309164263017,85.498379667576,85.949858895842,22475803.1309
2018-01-03,86.051854561802,86.509485909601,85.969718369425,86.349207005949,25980977.683681
2018-01-04,86.589571395466,87.66079571785,86.569711921882,87.110450849352,21905962.197297
2018-01-05,87.66079571785,88.411354301009,87.43003726936,88.189985929703,23402932.466866
2018-01-08,88.200347394182,88.580051894549,87.603699731296,88.279461492752,22110878.67866
2018-01-09,88.650639371309,88.728458286819,87.859930113295,88.22053066353,19466267.975614
2018-01-10,87.859930113295,88.189985929703,87.40974606809,87.820966689579,18639738.142474
2018-01-11,88.130839236639,88.130839236639,87.239969155333,88.080219165384,17785684.380977
2018-01-12,88.668664002224,89.778527952559,88.450317724725,89.602598920269,24262472.801345
2018-01-16,90.100273011,90.787583488072,88.010818939763,88.349185514138,36585263.544669
2018-01-17,89.080748079087,90.27944000094,88.750800194601,90.140207822011,25617511.195249
2018-01-18,89.799898473046,90.67036942116,89.658507655684,90.100273011,24147908.338729
2018-01-19,90.140207822011,90.609387885427,89.658507655684,89.999896323865,35614129.692697
2018-01-22,89.999896323865,91.618227557097,89.739672460765,91.607758160696,23513158.135426
2018-01-23,91.900793327978,92.299277982713,91.536846888172,91.900793327978,23225888.990427
2018-01-24,92.548061062118,93.430512453535,91.578184814164,91.822866480546,32736375.683912
2018-01-25,92.463658299387,93.239688816056,91.937706045183,92.329930648462,26101265.863683
2018-01-26,93.120531974554,94.061914195192,92.579685115162,94.061914195192,28966092.6566
2018-01-29,95.139506500953,95.449271116091,93.721388982383,93.919444058613,31522525.480813
2018-01-30,93.300670351789,93.659220195513,92.129501069956,92.739856086891,37406349.490821
2018-01-31,93.750854396994,95.400809683269,93.509410688261,95.011715105718,47745192.029374
2018-02-01,94.790454666334,96.069016210209,93.581077484237,94.257918564909,46897239.51916
2018-02-02,93.639144858086,93.971251381005,91.498962783672,91.780449235338,47486088.051204
2018-02-05,90.561034384527,93.239688816056,88.000241611441,88.000241611441,50609241.937215
2018-02-06,86.893399754913,91.474893965144,85.249812452015,91.330373122054,67998566.003472
2018-02-07,90.491310363141,91.771059158154,89.19990492059,89.612204861295,41082862.774206
2018-02-08,89.709019795016,89.87534288628,84.760772915015,85.012470156305,55256556.121827
2018-02-09,86.30085350505,88.92791647803,83.830831478072,88.180379988676,63472602.405802
2018-02-12,88.736984908629,89.778527952559,87.929438270838,89.14831346204,35711319.058962
2018-02-13,88.92791647803,89.999896323865,87.799919964857,89.830119411108,26320329.43174
2018-02-14,88.507837079438,90.992630208156,88.411474803759,90.80989639441,34951896.718741
2018-02-15,91.208773907896,92.719631260352,90.618031261341,92.658719989103,27523668.420101
2018-02-16,92.45020362668,93.499231075964,91.801772527461,91.997719897404,30580807.475188
2018-02-20,91.475301004842,93.058779202737,91.01347110167,92.719631260352,30865383.287584
2018-02-21,92.981001847562,93.359897885823,91.487869997322,91.487869997322,26687939.021152
2018-02-22,92.049499849329,92.730051707108,91.360783517803,91.731515082316,23617192.553308
2018-02-23,92.750355464191,94.071173947442,92.359749851739,94.062042628119,26305878.36189
2018-02-26,94.401727706935,95.451077438077,94.247676978592,95.419601243235,30170614.219123
2018-02-27,95.742742519983,95.838352804659,94.196971299527,94.196971299527,25869117.390078
2018-02-28,94.840460743584,95.706109815405,93.631474065218,93.767047300343,31167339.572484
2018-03-01,93.990496055541,94.571570246343,91.840338923189,92.851014831317,37135560.528846
2018-03-02,91.578216344976,93.149877541394,90.859420373327,93.049110746983,32830388.802506
2018-03-05,92.339875803801,94.267228744672,92.259090484614,93.639853393538,23901577.758996
2018-03-06,94.339849590111,94.489603227008,92.941253751685,93.319934935375,22175776.036119
2018-03-07,93.159438569862,93.940112658336,92.430007296883,93.860186757438,26716126.893902
2018-03-08,94.267228744672,95.101616476222,93.762965063469,94.429981083193,25887826.391329
2018-03-09,95.288325099556,96.540175265096,94.998808563373,96.540175265096,36937257.123822
2018-03-12,96.499352896358,97.20858783954,96.039564111623,96.769962230178,26073743.219546
2018-03-13,97.00082346812,97.239956607097,93.969118025597,94.411288735403,35387817.114981
2018-03-14,95.12149052416,95.408965941905,93.499231075964,93.849873737967,32131981.052023
2018-03-15,93.530922125379,94.581131274811,92.83081850152,94.179245797312,27610996.788626
2018-03-16,94.678567823351,95.378564019924,93.9209906014,94.601112750035,49081278.316923
2018-03-19,93.739545915088,93.900149707887,92.108155147569,92.889581227046,33344084.359152
2018-03-20,93.049110746983,93.767047300343,93.000983322786,93.130003493456,23075241.45853
2018-03-21,92.93051102307,94.05140732679,92.211929905993,92.480390694089,24457082.896655
2018-03-22,91.26646236056,91.752463403116,89.658813023281,89.789444603243,38604715.086958
2018-03-23,89.500357776205,90.460542859841,87.078731891745,87.180465531731,44068949.039253
2018-03-26,90.608577660159,94.001131356871,90.39855731573,93.777252892528,56396779.903437
2018-03-27,94.94026069242,95.139323453661,88.507837079438,89.47006328151,56569010.217115
2018-03-28,89.81941681608,91.22961480141,88.872982425072,89.390352235185,52501143.840026
2018-03-29,90.179405651978,92.289277552023,88.400839502429,91.271726297582,45867549.181439
2018-04-02,90.471070733884,90.879294421265,87.508870745501,88.518579808053,48515417.516917
2018-04-03,89.575019740082,90.050170626736,87.889915329486,89.7090889932,37213836.031858
2018-04-04,87.851026651898,92.760668483662,87.730278382262,92.331496475481,35559956.890473
2018-04-05,92.434304388329,93.063935712472,91.402787586688,92.380805599825,29771882.144301
2018-04-06,91.487869997322,92.460516646151,89.479624309978,90.230755894759,38026002.629784
2018-04-09,91.043013605362,93.16899959833,90.618031261341,90.769074025672,31533945.840005
2018-04-10,92.390366628293,93.281046257787,91.6400944618,92.879053353003,26939882.012407
2018-04-11,91.8604278257,93.29157413183,91.479598096288,91.8604278257,24872109.93879
2018-04-12,92.430007296883,94.161627722383,92.430007296883,93.58227236816,26758879.978109
2018-04-13,94.05140732679,94.179245797312,92.439568325351,93.07962009625,23346061.184937
2018-04-16,94.071173947442,94.659875475561,93.418553184063,94.169792196131,20288080.601242
2018-04-17,94.998808563373,96.540175265096,94.88020883946,96.069966033605,26770999.705523
2018-04-18,96.218967679499,96.719686260258,95.521334883221,96.441557016408,21043287.244111
2018-04-19,96.441557016408,97.06785809468,95.338708496761,96.108747283906,23552540.664622
2018-04-20,95.908610249803,96.108747283906,94.05140732679,94.998808563373,31154375.457362
2018-04-23,95.745965338567,96.289439979215,94.632588944878,95.349128943518,22331827.652573
2018-04-24,96.242279400594,96.470025247238,92.411314949093,93.119690473985,34524797.600868
2018-04-25,93.301027733012,93.301027733012,90.279098173528,92.310548154681,33729256.672891
2018-04-26,93.551870446179,95.149851327704,93.099494144189,94.257023152487,42529041.271788
2018-04-27,97.599838015709,97.899023007645,93.910570154644,95.818156474862,48272779.94506
2018-04-30,96.330154920667,96.396330128938,93.149877541394,93.52028682405,41523605.191952
2018-05-01,93.209821967068,95.288325099556,92.790103560068,94.998808563373,31408925.948358
2018-05-02,94.989247534906,95.169725375643,93.188658791696,93.509973804579,27471002.834137
2018-05-03,92.961020372337,94.924146599497,92.45020362668,94.071173947442,31142497.800463
2018-05-04,93.319934935375,95.368251000453,92.921057421889,95.159519783458,22531323.302544
2018-05-07,95.169725375643,96.710017804504,95.101616476222,96.218967679499,24242018.490919
2018-05-08,95.84447615997,96.161171799549,95.063802071496,95.810743992118,23484589.373854
2018-05-09,96.010129035218,96.971495819001,95.050266233441,96.939804769585,27327411.17807
2018-05-10,97.459323125421,97.949298977565,97.047876619455,97.908369181541,22388119.531122
2018-05-11,97.800297331671,97.86958793124,97.038637872846,97.699637964546,16778315.425149
2018-05-14,97.91900448287,98.691084388451,97.31247002525,98.029117451177,19454122.891627
2018-05-15,97.239956607097,97.850680728877,96.340790221996,97.322890472007,24594010.942274
2018-05-16,97.359612856295,97.400259049583,96.613434318453,97.150605851859,17384741.158694
2018-05-17,96.759760614291,97.540167525428,95.83013938832,96.179910577933,17246716.148469
2018-05-18,96.010907984787,96.932079081101,96.010907984787,96.360893101733,17865841.621334
2018-05-21,96.99903833636,98.010379803575,96.799551098247,97.59867665103,19422467.436869
2018-05-22,97.681252601605,98.168899957399,97.200664847804,97.499414368473,15441189.321448
2018-05-23,96.70959465468,98.733347225775,96.320139944778,98.662430314853,21251221.770605
2018-05-24,98.728106006114,98.940107993213,96.809819610236,98.309129324244,26649287.822104
2018-05-25,98.299823485254,98.97893580417,97.860095852074,98.359188320189,18363919.307638
2018-05-29,97.84009364643,98.878603884947,97.229865928771,98.010379803575,28670980.640643
2018-05-30,98.309129324244,99.249446916871,97.907052901689,98.950590432534,22158529.321758
2018-05-31,99.289237400826,99.994341890713,98.610125081911,98.837743764326,34140892.403661
2018-06-01,99.279610670837,100.85539940643,99.173181822622,100.78501731384,28655623.896188
2018-06-04,101.25843850198,101.85936038065,100.84577267644,101.66778845386,27281623.119839
2018-06-05,102.00119420249,102.34198044412,101.52285268569,102.19875609461,23514401.40576
2018-06-06,102.49226439562,102.60628766416,101.89989961027,102.50274683494,21122918.678448
2018-06-07,102.6595555701,102.70148532738,100.38508016461,100.87497375741,28232198.327211
2018-06-08,101.08718967184,101.95017253355,100.53750338945,101.62607262391,22165128.012626
2018-06-11,101.37010856986,101.58553339429,100.66511104364,101.04536687822,23490893.449899
2018-06-12,101.09756514749,101.45075917444,100.75399785054,101.30860446159,18325228.811227
2018-06-13,101.71923797747,102.01178360548,100.55750559509,100.84577267644,29492874.675948
2018-06-14,101.64714446622,102.03264152046,100.99509395494,101.42038149314,25691811.459938
2018-06-15,101.51237024637,101.52285268569,100.07360196763,100.13232502056,65738585.791259
2018-06-18,100.01423713269,101.10815455048,99.419733074015,100.85539940643,23586038.455457
2018-06-19,99.651523339426,100.99509395494,99.501239387925,100.85539940643,28653088.367887
2018-06-20,101.37010856986,102.53408718924,101.11628378914,101.86962889264,26180794.170808
2018-06-21,102.07446431408,102.47226218997,100.87497375741,101.13735563145,23198187.813004
2018-06-22,100.41535088225,100.76448028986,99.62660080512,100.41535088225,38923104.569963
2018-06-25,100.0036477297,100.11232281492,97.300889803359,98.389672965155,35433332.250577
2018-06-26,98.817955486015,100.08429833428,98.750140521423,99.079053796059,26897244.1124
2018-06-27,99.580606428504,100.02343600801,97.400259049583,97.540167525428,31298387.145506
2018-06-28,97.380363807605,99.110501114024,97.261420210403,98.630769069555,26650672.838884
2018-06-29,98.929839481224,99.914867886468,98.329024566222,98.610125081911,28053212.426795
2018-07-02,98.102368556806,100.0640822013,97.999897364253,100.01423713269,19564523.066072
2018-07-03,100.47599928118,100.62532055968,98.940107993213,99.05081538809,14670274.815343
2018-07-05,99.501239387925,99.924494616457,99.029957473113,99.75923575164,18977401.339632
2018-07-06,99.883634495836,101.43086393246,99.670455908405,101.15703694609,19234627.766432
2018-07-09,101.64714446622,102.26143680321,101.24795606266,101.84877097766,18211979.999596
2018-07-10,102.00119420249,102.52360474992,101.85936038065,102.12762525635,19293139.221717
2018-07-11,101.14762414344,102.35246288344,101.09756514749,101.98033628752,19644649.20618
2018-07-12,102.78491698729,104.42306554048,102.74320115734,104.19320062107,24335925.975634
2018-07-13,104.38134971053,105.6131432945,104.08880408252,105.44724264768,24653499.698899
2018-07-16,105.4270265147,105.7922004723,104.5275690427,104.92493906393,21786913.143449
2018-07-17,104.62148314193,106.4809395212,104.32904447758,105.92740254682,25901727.168403
2018-07-18,105.91702707116,106.02142360971,104.71550420482,105.14335887102,29493927.556707
2018-07-19,104.9461178699,105.33236366981,103.88396866108,104.41269006483,40171645.989367
2018-07-20,108.09962068708,108.22476817694,106.05212218201,106.24091305347,56038826.080188
2018-07-23,106.27268126243,108.16165961368,106.10506919695,107.9873088372,29706955.006398
2018-07-24,108.58095718655,108.80130233964,107.25353808468,107.67283565755,26316618.660246
2018-07-25,107.96591610389,111.14059772705,107.61079673095,110.83789055072,30798060.123037
2018-07-26,110.75445889081,110.99405750388,109.50191435553,109.62385293539,31372107.94194
2018-07-27,110.19931746142,110.19931746142,106.11565859994,107.69208911753,37005290.88146
2018-07-30,107.1818724281,107.53592216437,104.76791640143,105.39557919674,34668327.277025
2018-07-31,106.47035011822,106.71026962228,105.40616859973,106.05212218201,27655151.712472
2018-08-01,106.00024480374,106.42874125193,105.43654628103,106.25150245646,23628700.226657
2018-08-02,105.4270265147,108.10924741707,104.85166895234,107.57870763099,26104258.35409
2018-08-03,107.81830624406,108.06967086045,106.80439764885,108.05897449379,18659597.89693
2018-08-06,108.14026688037,108.4461829667,107.56801126433,108.15096324702,20265948.399231
2018-08-07,108.57026081989,109.08047750933,108.19374871364,108.86334126624,16080213.283497
2018-08-08,109.32221539573,109.75113969859,108.74782050636,109.49121798887,15487501.71739
2018-08-09,109.72012023529,110.17899436478,109.60246020208,109.67733476867,13677212.040677
2018-08-10,109.41741305896,109.69872750198,108.40553677341,108.97993166277,18183723.551511
2018-08-13,109.22915700583,109.58427637877,108.11994378372,108.2354645436,18474884.325182
2018-08-14,108.57026081989,109.75113969859,108.05897449379,109.56395328213,16788313.880669
2018-08-15,108.47691246601,108.98730430404,106.81254492736,107.67562924638,29982807.298574
2018-08-16,108.28937809546,108.85304674331,107.31121586724,107.65538405865,21384289.344127
2018-08-17,107.37408250282,107.92709578871,106.67722183043,107.59464849546,18061511.591977
2018-08-20,107.52006096172,107.92709578871,106.46837673595,106.86262512859,17914199.218921
2018-08-21,106.91590193841,107.36342714086,105.82404699804,105.95745212982,22881860.884888
2018-08-22,105.82404699804,107.3527717789,105.75116432221,107.0629459335,18000639.004362
2018-08-23,107.15564758258,108.19454537399,106.86262512859,107.57333777153,18167723.702454
2018-08-24,107.68521907215,108.54084463779,107.57333777153,108.38421081693,17234019.899709
2018-08-27,109.27819568564,109.65326442674,108.49822318994,109.61064297889,19662330.067053
2018-08-28,109.93350044637,110.49610355803,109.79817734944,110.26807881202,19151528.989517
2018-08-29,110.44389228441,112.04645872367,110.27873417398,112.0368688979,20818043.507923
2018-08-30,111.67245551876,112.60799629913,111.43270987459,111.96441243655,22798704.316215
2018-08-31,111.68311088073,112.76463011999,111.5168872341,112.31710491753,23222712.977185
2018-09-04,110.84133728564,111.96441243655,110.22545736416,111.71507696662,22634641.484301
2018-09-05,111.00542985987,111.41246468686,108.12315444883,108.47691246601,32872352.251335
2018-09-06,108.2478221838,108.98730430404,107.52006096172,108.72624793595,23477623.964023
2018-09-07,108.22651145987,108.71559257398,107.23875940589,108.21585609791,22498646.936913
2018-09-10,108.83173601938,109.65326442674,108.35224473104,109.38368376907,20727906.380332
2018-09-11,108.89247158257,111.58721262306,108.88288175681,111.23558567827,24301774.788659
2018-09-12,111.42205451263,111.85892435312,110.50675891999,111.71507696662,18891066.224369
2018-09-13,112.12957054698,113.73320252244,112.12957054698,112.90101875312,26055620.759219
2018-09-14,113.35813378134,113.73320252244,112.43218282674,113.3687891433,19122349.964993
2018-09-17,113.69058107459,113.70123643655,111.86957971508,112.15088127091,20736515.576188
2018-09-18,112.19243718257,113.70123643655,111.72573232858,113.21215532244,22170934.437621
2018-09-19,113.04593167581,113.31657786968,111.02674058379,111.70442160465,21728429.457429
2018-09-20,112.27554900588,113.80672451998,111.94310171263,113.56591333962,23714512.329583
2018-09-21,114.01237300587,115.29527858624,113.50411224023,114.2649050844,71229699.08919
2018-09-24,113.02568648808,114.89889912121,112.22333773226,114.66021901323,27334460.113539
2018-09-25,114.79447657397,115.09602331753,113.75344771017,114.4385874844,22668012.687568
2018-09-26,114.45989820833,115.05340186968,113.74279234821,113.99212781814,19352026.207328
2018-09-27,114.77316585004,114.90848894698,114.21162827459,114.39916264514,19091300.169896
2018-09-28,114.20097291262,114.5536653936,113.67992571262,114.36932763164,21647811.448516
2018-10-01,114.74439637274,115.68952697888,114.72308564882,115.61600498133,18883080.618704
2018-10-02,115.3059339482,115.85788169789,114.42899765863,115.14823459115,20787239.689851
2018-10-03,115.41888078501,116.19032899114,114.92766859851,115.16954531507,16648017.112035
2018-10-04,114.59628684146,114.75398619851,111.62983407091,112.77528548195,34821719.209201
2018-10-05,112.61865166109,113.16953387459,110.64101648073,112.14022590895,29068859.486453
2018-10-08,111.6618001568,112.04645872367,109.34106232122,110.84133728564,29640588.880773
2018-10-09,111.13009759484,113.0778977617,110.78806047582,112.25423828195,26198593.943831
2018-10-10,111.23558567827,111.49557651017,105.76054104074,106.14583892933,61376313.970981
2018-10-11,105.32377775387,108.92443766846,104.20997276786,105.88648741914,63904281.345441
2018-10-12,109.00861502797,111.23558567827,107.12368149669,109.58080796539,47742109.212286
2018-10-15,108.90312694454,109.48704078012,106.9457369519,107.61382814699,32068104.42703
2018-10-16,109.5499074157,111.40394039729,108.94468285619,110.99477449791,31610164.388553
2018-10-17,111.68311088073,111.81736844146,109.55949724147,110.70388311631,26548243.558142
2018-10-18,110.099724093,110.52806964392,107.85250825497,108.48756782797,32506193.350953
2018-10-19,108.92443766846,110.8519926476,108.21585609791,108.64313611263,32785475.280168
2018-10-22,109.33040695926,110.53872500588,108.23716682184,109.64260906478,26545607.952759
2018-10-23,107.78964161939,108.96599358012,105.11461299853,108.12315444883,43770429.656941
2018-10-24,108.39486617889,108.47691246601,101.58939304664,102.32823584516,63897758.150053
2018-10-25,106.54179217988,109.27819568564,106.13529012098,108.28937809546,61646819.51683
2018-10-26,105.66666730184,108.73690329791,104.78216570528,106.95639231387,55523103.309043
2018-10-29,108.12315444883,108.68362648809,101.63105551191,103.85610819706,55162000.389531
2018-10-30,103.65866433989,104.38695833007,100.11160089597,103.73122735485,65350878.952125
2018-10-31,105.40763545252,108.15405499853,105.36554677276,106.8018895654,51062384.916889
2018-11-01,107.05229057153,107.33146105497,105.51099246356,105.89714278111,33384200.652921
2018-11-02,106.46837673595,107.33146105497,104.99154356786,106.14583892933,37680194.189062
2018-11-05,106.35457747019,107.7576755335,105.87583205718,107.52006096172,27922143.423932
2018-11-06,107.39539322675,108.83173601938,106.2705066643,107.73636480957,24340247.132638
2018-11-07,109.44441933226,112.23399309422,109.4039289568,111.97506779852,37901704.186356
2018-11-08,111.8067130795,112.2126823703,110.90313838502,111.75663287827,25644105.040717
2018-11-09,110.84133728564,111.44336523655,108.74755865987,109.58080796539,32039223.265307
2018-11-12,109.42523968073,109.9548111703,106.0832919546,106.86262512859,33621804.850057
2018-11-13,107.56268240957,108.72624793595,106.62501055681,106.93614712614,35374581.397069
2018-11-14,108.08456816938,108.2479549031,104.48772593126,104.94382954703,39495142.363477
2018-11-15,104.96473031751,107.80235472022,103.91735769717,107.29415832117,38505166.63109
2018-11-16,107.08939442761,108.88134373448,106.80718097845,108.27978348759,33502123.29733
2018-11-19,108.25856443126,108.56093598393,103.56501526685,104.63275818126,44773900.29274
2018-11-20,101.80531892559,102.96897197461,99.351653347136,101.72245851063,64052457.512534
2018-11-21,103.61678976429,104.4459243903,102.24572043968,103.10901774637,28130621.275722
2018-11-23,102.17410612457,103.81349041645,102.00955234275,103.07146001667,13823099.348744
2018-11-26,104.78702072077,106.63212376374,104.59116883086,106.46661512439,32336164.617168
2018-11-27,106.26079027801,107.34614500917,105.33733694663,107.15092969096,29124485.952756
2018-11-28,107.88616999271,111.3363885516,107.85540236104,111.11783227143,46788462.399877
2018-11-29,110.32211765914,111.10722274326,109.03730379849,110.19586427399,28123193.680946
2018-11-30,110.69451209769,110.96399411305,109.34710202088,110.88230074619,33665623.987286
2018-12-03,113.00632828459,113.42964845833,110.72634068218,112.08329933434,34732771.628454
2018-12-04,111.92840022315,112.64136051576,108.19490726228,108.51849787128,45196983.695402
2018-12-06,105.81338647534,109.25373817304,104.97523375039,109.20281243785,49107429.478027
2018-12-07,108.37420828825,109.44258777435,104.32083805325,104.81842492413,45044935.609684
2018-12-10,104.79752415365,107.96892431239,103.89645692669,107.60607844919,40801525.720358
2018-12-11,109.80437268474,110.94277505672,107.46284981897,108.59276456843,42381947.470049
2018-12-12,110.88230074619,111.27591424107,109.04685237384,109.08822953368,36183019.882317
2018-12-13,109.5752068764,110.86108168986,108.63308077545,109.44258777435,31333359.22744
2018-12-14,108.23734537494,109.27389627655,105.48258138719,106.02101494151,47043136.164341
2018-12-17,105.3888992535,105.79216741901,101.72245851063,102.89438699161,56957313.463364
2018-12-18,103.76171591901,104.52942137695,102.51201959659,103.9796356275,49319195.54155
2018-12-19,103.66856426173,106.89099625094,101.35855169461,103.69954408397,68198187.341309
2018-12-20,103.05098362731,104.33144758141,98.78149730361,101.52151404721,70334184.8813
2018-12-21,101.64034076265,102.99920912987,97.461459809462,98.230226220216,111242068.89526
2018-12-24,97.67884904154,97.967958684005,93.979624856645,94.128688727347,43935193.892145
2018-12-26,95.140943809462,100.68824170522,93.960739896513,100.55753231824,51634793.809336
2018-12-27,99.299560563852,101.19389181751,96.400082611949,101.18360057519,49498507.734741
2018-12-28,102.10174914249,102.40953155453,99.519389987407,100.38555186671,38169311.388365
2018-12-31,101.29850176521,102.39902812164,100.43637150661,101.57954816627,33173765.129287
2019-01-02,99.549308856829,101.75343833287,98.939048796844,101.12248969297,35329344.422325
2019-01-03,100.09368374692,100.18577445138,97.200041035504,97.400242831957,42578409.619637
2019-01-04,99.721289308365,102.50172835427,98.928757554525,101.93995383799,44060619.594508
2019-01-07,101.64988933799,103.27484467157,100.98170125423,102.07055712969,35656135.432527
2019-01-08,103.04058628971,103.9796356275,101.72245851063,102.80134142962,31514416.138232
2019-01-09,103.86537100917,104.86033256038,103.25404999637,104.28975213573,32280840.278318
2019-01-10,103.22296407885,103.76171591901,102.37940049454,103.61678976429,30067555.994705
2019-01-11,103.19177206605,103.45096283909,101.64988933799,102.80134142962,28314201.65804
2019-01-14,101.90908011104,102.87380450698,101.26741584769,102.06026588737,28437078.798911
2019-01-15,102.50172835427,105.02562900917,101.88807324527,104.98573718328,31587615.14748
2019-01-16,105.23325747534,106.23957122168,104.93332611415,105.35834381239,29853864.758832
2019-01-17,104.97523375039,106.6225751884,104.76611995028,106.11437878935,28393015.99456
2019-01-18,107.48300792249,107.89677952088,105.89709565255,107.72914897589,37427587.354281
2019-01-22,106.75625524326,107.11061348393,104.8498291275,105.66920298759,32371252.933873
2019-01-23,106.11437878935,107.04695631495,105.31622398558,106.71593903624,25874293.226356
2019-01-24,106.86977719461,107.0045182023,105.31622398558,106.18652358086,23164839.435676
2019-01-25,107.25278116133,107.87556046455,106.59180755672,107.18169732263,31218192.425957
2019-01-28,106.25018074984,106.47616369974,104.66246486012,105.05713930782,29476718.187941
2019-01-29,104.86033256038,104.94382954703,102.17410612457,102.93799215237,31490546.896085
2019-01-30,104.63275818126,106.37219032373,104.35234835189,106.37219032373,49471866.051413
2019-01-31,103.81349041645,105.19113764853,103.18126863317,104.4459243903,55636391.436496
2019-02-01,103.78261668949,104.11501320687,102.34831457702,102.78033456385,35535691.053308
2019-02-04,102.87380450698,105.79216741901,102.77014941682,105.73190529904,31315281.907323
2019-02-05,106.0516764779,107.28354879301,105.94791529246,107.231562105,27325363.659087
2019-02-06,107.0045182023,107.0045182023,105.5119697802,106.02101494151,20609759.377515
2019-02-07,105.1606883027,105.57530866334,104.31075900149,105.24365481294,29760697.032069
2019-02-08,104.4147323775,105.7720093155,104.27935479813,105.65869955471,21461092.78573
2019-02-11,106.18652358086,106.58119802856,104.94382954703,105.22275404246,18914122.576406
2019-02-12,106.13453689286,107.15092969096,105.46252937896,106.90160577911,25056594.846843
2019-02-13,107.52544603514,107.78219661671,106.71593903624,106.81779050661,18394867.406114
2019-02-14,106.30110648503,107.30476784933,105.64819612183,106.91221530727,21784704.125307
2019-02-15,107.89677952088,108.29039301576,107.38858312183,108.20551679045,26606886.443006
2019-02-19,107.79280614487,108.66384840712,107.78219661671,108.15459105526,18038457.691681
2019-02-20,107.85100985233,107.9323558128,106.29170286978,107.16960537825,21607671.156351
2019-02-21,106.92134173265,109.48109838491,106.8896485013,109.41876836325,29063229.884571
2019-02-22,110.04735078508,111.20309728841,109.81070799097,110.97701890476,27763217.53872
2019-02-25,111.74927730872,112.18347457825,111.26542731007,111.58552894673,23750598.809455
2019-02-26,111.26542731007,113.24731071066,111.1724604981,112.35990023278,21536734.485739
2019-02-27,111.6784957587,112.35990023278,110.88299565174,112.1729101678,21487062.244361
2019-02-28,112.03979859612,112.88706431428,111.71864051841,112.02923418567,29083935.131611
2019-03-01,112.89762872473,113.02968385537,111.65736693779,112.52576147686,23501167.694171
2019-03-04,113.02968385537,113.25787512111,110.80270613232,112.26693342081,26608012.060085
2019-03-05,112.25636901036,112.39053702309,111.23479051976,111.6880037281,19538319.087396
2019-03-06,111.86442938263,112.65887304854,111.42178058474,111.73871289827,17686995.741035
2019-03-07,111.39008735339,111.54538418701,109.86353004323,110.37907327323,25338953.404403
2019-03-08,109.1599403072,110.7086828793,108.80920188023,110.50162043446,22818429.496027
2019-03-11,110.99814772566,112.9578458643,110.98758331521,112.83529870307,26491618.819735
2019-03-12,112.82473429262,113.98893232431,112.64830863809,113.60755710703,26132715.918554
2019-03-13,114.13472118853,115.01051081491,113.77447479216,114.50447555432,35513771.524272
2019-03-14,114.54567675507,115.20912173139,114.33227566397,114.59849880733,30763368.585539
2019-03-15,115.34223330307,117.26284312305,114.59849880733,115.89897773384,54630663.000759
2019-03-18,116.16731375929,117.61041222688,116.04265371597,117.56921102613,31207597.649872
2019-03-19,118.07524628672,118.43760556519,116.99239421551,117.65266986869,37588696.032753
2019-03-20,117.38644672532,118.7471427914,116.71455022065,117.51850185596,28113343.120808
2019-03-21,117.13607019764,120.81037215247,117.09592543792,120.23144245976,29854445.551577
2019-03-22,119.5014416976,119.59440850957,117.04310338567,117.05366779612,33624528.453771
2019-03-25,116.55925338702,117.99178744416,116.32261059292,117.66323427914,27067118.084272
2019-03-26,118.61191833763,118.70594159064,116.85928264382,117.89987707324,26097666.727611
2019-03-27,117.86184519562,118.20096277109,115.51654607551,116.77582380126,22733426.04981
2019-03-28,117.43609945444,117.57871899553,116.12505611749,116.93112063489,18334756.463111
2019-03-29,118.05411746582,118.31505840396,116.9617574252,117.93051386355,25399750.173318
2019-04-01,118.9531487952,119.10738918778,118.08581069718,119.01547881686,22789102.958199
2019-04-02,119.05562357657,119.4803128767,118.51895152566,119.1897915893,18142297.000424
2019-04-03,119.87225250442,120.43850490459,119.14964682958,119.98634813729,22860745.148112
2019-04-04,120.10995173957,120.24200687021,118.37633198458,119.36621724383,20112849.232015
2019-04-05,119.39579759309,120.24200687021,119.37572521323,119.90288929473,15826246.734354
2019-04-08,119.82048689322,120.0381137485,118.63304715853,119.94409049549,15116185.169251
2019-04-09,118.62248274808,119.5436993394,118.57071713687,119.28381484231,17611980.04469
2019-04-10,119.76766484096,120.35715894412,119.5436993394,120.20080566945,16477167.756481
2019-04-11,120.55365697851,120.84206538382,119.93352608504,120.33708656426,14209121.876409
2019-04-12,120.64451090839,120.97623339655,120.37723132398,120.94454016519,19745142.845502
2019-04-15,120.93397575474,121.58474343852,120.57372935837,121.03856341821,15792570.786334
2019-04-16,121.64812990122,121.65658142958,120.10995173957,120.77022739275,14071784.985519
2019-04-17,121.23400501155,121.86258743338,120.55365697851,121.7812414729,19300937.040048
2019-04-18,122.20381789094,123.5032403764,121.29527859216,123.35850795323,27990997.545924
2019-04-22,122.60632192912,123.99871122655,122.55349987687,123.751504022,15648723.347838
2019-04-23,124.10435533106,125.59816296882,123.82122913098,125.46293851505,24025520.685933
2019-04-24,125.81578982411,125.87600696368,124.5153108976,125.01923327611,31256980.124395
2019-04-25,130.06690858956,131.38745989592,128.81713883321,129.14991776242,38033891.309643
2019-04-26,129.69398490064,130.53068620835,129.0136368676,129.89048293503,23654933.105905
2019-04-29,129.90104734548,130.18945575079,129.34324647367,129.76687933275,16324182.48628
2019-04-30,129.80913697455,130.71767627333,129.39606852592,130.62470946136,24166502.436834
2019-05-01,130.55181502925,130.67541863153,127.69308556124,127.87796274413,26821693.310726
2019-05-02,127.97198599714,127.992058377,125.53583294716,126.22040674438,27350163.123899
2019-05-03,127.34234713427,129.42670531623,127.23881591185,128.89108970637,24911125.72556
2019-05-06,126.39155019368,128.5498592488,126.12532705032,128.14735521063,24239462.629834
2019-05-07,126.46338818475,127.16803436183,124.22690249229,125.53583294716,36017659.610732
2019-05-08,125.46293851505,126.37042137278,124.75406657379,125.52526853671,28418995.789876
2019-05-09,124.28817607291,125.81578982411,123.55606242866,125.52526853671,27235836.047215
2019-05-10,124.91570205369,127.92972835534,123.81172116157,127.11521230957,30915082.370408
2019-05-13,124.11386330047,125.56752617851,123.02784190611,123.33843557337,33944922.405904
2019-05-14,123.86348677278,125.89502290249,123.69128688243,124.73293775289,25266314.959216
2019-05-15,124.26240147497,126.69904297977,123.70665775379,126.0285718616,24722709.201075
2019-05-16,126.7400922319,129.38092745243,126.44011692785,128.92938567897,30112215.379479
2019-05-17,128.29996381294,130.48188944553,127.92104763941,128.05577339,25770539.581861
2019-05-20,126.50116453359,127.58318071801,125.76438308506,126.20645195418,23706934.387014
2019-05-21,127.42740406889,127.51055511808,126.56431722918,126.88218579698,15293260.034718
2019-05-22,126.60536648131,128.22944330287,126.50116453359,127.66422667735,15396485.671252
2019-05-23,126.18540105565,126.27697246425,124.75604504549,126.17592815131,23603808.939325
2019-05-24,126.89271124624,127.40635317036,125.97594461528,126.22539776285,14123355.869425
2019-05-28,126.96533684617,128.0041986886,126.0601482094,126.16540270204,23128358.400254
2019-05-29,125.40230763035,125.41178053469,124.03505177085,124.96023876123,22763139.907886
2019-05-30,125.28021241888,125.76438308506,124.79709429762,125.74438473145,16829614.13973
2019-05-31,124.23187767211,124.6213192949,123.31405849622,123.68560685526,26646768.844171
2019-06-03,123.83927841453,124.37397123718,119.01862265126,119.84066023884,37983636.578353
2019-06-04,121.2900146026,123.27616687886,120.64375201774,123.15196657754,29382641.186055
2019-06-05,124.96971166557,125.87384775741,124.21082677358,125.83595614006,24926139.245492
2019-06-06,126.42011857425,127.97262234081,125.61807934028,127.81789823661,21458960.318607
2019-06-07,129.18515409611,132.22806147855,128.2504942014,131.39655098664,33885587.951381
2019-06-10,132.38383812767,134.08790836364,131.98492360054,132.58697929848,26477098.549545
2019-06-11,133.89424009717,134.24473755768,131.27129814039,132.08386282363,23913731.943858
2019-06-12,131.39655098664,131.95334725274,130.71765950906,131.49022748509,17092464.923338
2019-06-13,131.96387270201,132.66065744334,131.56285308502,132.29963453355,17200848.826308
2019-06-14,132.23858692782,133.80266868856,131.64179395451,132.43541282907,17821702.560062
2019-06-17,132.61855564628,133.7405685379,132.51751133333,132.8343273562,14517784.759874
2019-06-18,134.19316285629,135.22991960887,133.57426643952,135.14887364953,25934459.23135
2019-06-19,135.00362244967,135.94038743424,133.82371958709,135.69303937652,23744441.00505
2019-06-20,137.44026395447,137.64656276006,135.72461572431,136.94662038395,33042590.258836
2019-06-21,136.57717711476,137.71918835998,136.45613444821,136.96767128248,36727891.000119
2019-06-24,136.99714254042,138.39702729264,136.99714254042,137.77181560631,20628842.242479
2019-06-25,137.246595688,137.57498970506,132.71328468966,133.43112032952,33327419.362281
2019-06-26,134.35630731989,135.74356153299,133.60584278731,133.94581479856,23657745.55516
2019-06-27,134.14053560996,134.71627768475,133.51427137871,134.15106105923,16557481.783742
2019-06-28,134.58260447908,134.61312828195,133.14482810951,133.97633860143,30042969.324568
2019-07-01,136.62980436108,136.69927232623,134.97415119173,135.68251392725,22654160.708092
2019-07-02,136.13616079056,136.58770256402,135.33412155659,136.57717711476,15237844.903893
2019-07-03,136.79400136961,137.72971380925,136.31088324836,137.45078940373,13629296.46836
2019-07-05,135.9509128835,137.32764164734,135.72461572431,137.06029523601,18141139.614
2019-07-08,136.41403265115,137.0918715838,135.36569790438,136.95714583322,16779747.330939
2019-07-09,136.01301303417,136.96767128248,135.80566168365,136.45613444821,19953098.639804
2019-07-10,137.1234479316,138.58332774462,137.01819343895,137.84023102653,24204362.273214
2019-07-11,138.1928335769,139.22853778455,137.86128192506,138.39702729264,22327942.912063
2019-07-12,138.84962161102,139.13696637595,137.99600767565,138.90119631242,18936832.608593
2019-07-15,139.44746712926,139.53903853786,138.45807489837,138.90119631242,16651456.974532
2019-07-16,138.96329646308,139.05697296154,136.51507696409,137.08134613454,22726129.370536
2019-07-17,137.68866455712,137.92338207572,136.2372051035,136.28983234983,20210956.517209
2019-07-18,135.54989326652,136.61927891182,134.67522843261,136.42455810042,30808707.800053
2019-07-19,140.21582492559,140.65894633964,136.44560899895,136.61927891182,48992363.474315
2019-07-22,137.39921470234,139.19906652661,137.32764164734,138.42649855058,25080761.759289
2019-07-23,139.76428315213,139.99163285625,138.01705857418,139.30116338448,18034587.318742
2019-07-24,138.90119631242,140.73051939464,138.84962161102,140.71052104103,20738276.669255
2019-07-25,140.43264918044,140.60842418316,139.33273973227,140.18424857779,18356882.186517
2019-07-26,140.37054902978,141.6872827328,140.29897597478,141.34625817663,19037599.241254
2019-07-29,141.51361281993,141.5241382692,139.37484152933,141.02944215376,16605870.077547
2019-07-30,140.13583151118,141.22416296515,139.80638494919,140.35055067618,16846526.600317
2019-07-31,140.32949977765,140.49474933111,135.06572260034,136.28983234983,38598784.411502
2019-08-01,136.99714254042,140.9357656553,136.92767457527,138.04758237705,40557502.585867
2019-08-02,138.07810617991,138.31492878837,135.2509705074,136.89715077241,30791624.142993
2019-08-05,133.29744712385,133.94581479856,130.78818001913,132.19753767569,42749549.879446
2019-08-06,133.81319413783,135.68251392725,133.20587571525,134.69522678622,32696650.823742
2019-08-07,133.80266868856,135.65199012438,131.80599096304,135.27202140593,33414538.91252
2019-08-08,136.59822801329,138.99487281088,135.94038743424,138.89172340808,27496506.425105
2019-08-09,138.60437864315,139.39483988294,136.45613444821,137.69813746146,23466700.991888
2019-08-12,137.07082068527,137.85075647579,135.22991960887,135.79513623438,20484348.529055
2019-08-13,136.06458773556,138.7969943647,135.00362244967,138.59385319389,25496595.072307
2019-08-14,136.35048582322,136.9232680141,133.67435511089,133.99326680691,32527250.802706
2019-08-15,134.40449504652,134.57653951411,132.23086006575,133.68484562721,28125414.830331
2019-08-16,134.87551922913,136.45224383149,134.71081812296,136.12389067079,25026151.938061
2019-08-19,137.85587491463,138.55349424968,136.88235500047,138.40977417614,24370542.443871
2019-08-20,138.20416005634,138.71609725258,137.2316891938,137.25162117481,21188996.543087
2019-08-21,138.55349424968,139.48505209858,137.99854593654,138.79687422822,14982314.775318
2019-08-22,138.66469372263,139.19761195151,136.27705220901,137.77404888737,18709662.548272
2019-08-23,137.18028566385,138.34683107824,132.79420079194,133.39845453177,38515385.987635
2019-08-26,134.98671870208,135.57208951254,133.91039172801,135.45879193632,20325272.356058
2019-08-27,136.38090832054,136.71975199756,134.64892407669,135.75357544481,23115635.557014
2019-08-28,134.87551922913,135.77455647745,133.56210658631,135.57208951254,17410827.342495
2019-08-29,137.24113065849,138.44019667346,136.91382654942,138.1233830807,20179716.797007
2019-08-30,139.14725747319,139.17663091888,136.26656169269,137.85587491463,23946123.892788
2019-09-03,136.60540536971,137.18972712854,135.71161337955,136.03262317883,18880772.285245
2019-09-04,137.29358324007,137.68173234378,136.47322486412,137.61983829751,18015310.913802
2019-09-05,139.10739351119,140.38618745016,138.7664517309,140.05993239272,26119519.217366
2019-09-06,140.03895136009,140.17218091731,138.19366954002,139.09690299487,20824504.022675
2019-09-09,139.58890821011,139.75046216139,136.45224383149,137.50758977293,25773932.728681
2019-09-10,136.79947992157,136.88235500047,134.51569451947,136.07248714084,28903377.736229
2019-09-11,135.91932560261,136.26656169269,135.08952576198,136.1144492061,24726116.766993
2019-09-12,137.84538439832,138.42026469246,136.87186448415,137.50758977293,27009980.429234
2019-09-13,137.77404888737,138.06148903444,136.56344330445,137.3145642727,23363056.487093
2019-09-16,135.84799009166,136.69877096493,135.67384752081,136.31901427427,16731439.892647
2019-09-17,136.95369051142,137.50758977293,136.41237986949,137.38275262876,17976285.749097
2019-09-18,137.35547728634,138.67518423895,136.52357934244,138.52307175236,24473386.68904
2019-09-19,140.29387090658,142.3730912405,140.08091342536,141.08485583684,36095412.950584
2019-09-20,141.02296179057,141.6471475114,138.24507306997,139.44309003331,40040766.632128
2019-09-23,139.22803444883,139.62982122375,138.44019667346,139.13676695687,17408373.813496
2019-09-24,140.35576495285,140.69460862987,136.88235500047,137.37331116408,30016669.935199
2019-09-25,137.49709925661,139.95607628119,136.02213266252,139.36126400605,22544054.063325
2019-09-26,139.44309003331,140.17218091731,138.44019667346,139.53750468016,17813511.569472
2019-09-27,140.15224893631,140.35576495285,136.63687691866,137.72369440905,22498958.512631
2019-09-30,138.05099851812,139.20810246783,137.77404888737,139.02451843229,18430388.682846
2019-10-01,139.66024372107,140.24351642826,136.99460352505,137.065939036,22581928.587344
2019-10-02,136.24558066006,136.36097633954,133.59252908362,134.63843356037,32001763.252776
2019-10-03,134.94790379171,136.75017449488,133.22536101255,136.27705220901,26379799.215896
2019-10-04,136.75017449488,138.24507306997,136.41237986949,138.1233830807,23839549.580862
2019-10-07,137.1288821339,138.17478661065,137.01558455769,137.11839161759,16601284.766214
2019-10-08,137.07642955232,137.75411690636,135.63293450718,135.68433803713,26783335.443993
2019-10-09,137.45618624298,138.70560673627,136.96418102773,138.23563160529,20178483.200884
2019-10-10,138.49160020341,139.67073423738,138.24507306997,139.09690299487,18396606.301665
2019-10-11,140.12182643899,141.04394282321,139.4955426149,139.68017570207,25551063.679675
2019-10-14,139.69066621838,140.28338039026,139.51652364753,139.54799519648,13591641.070799
2019-10-15,140.07042290904,141.79086758494,139.81235620765,141.56532148413,19917763.050573
2019-10-16,140.79741568977,141.00198075794,139.52701416385,140.4071684828,20841686.533235
2019-10-17,140.96001869268,141.41111089428,139.01402791597,139.69066621838,22102798.486671
2019-10-18,139.7609526777,140.00747981114,136.55295278813,137.40373366139,32284428.531595
2019-10-21,138.45068718978,138.50209071973,137.00509404137,138.43075520878,20716040.278709
2019-10-22,138.97416395397,140.01797032746,136.25607117637,136.36097633954,27935269.260771
2019-10-23,136.88235500047,137.44569572666,135.62349304249,137.2316891938,31380308.951255
2019-10-24,139.392735555,140.41765899911,138.67518423895,139.94558576487,37278397.474848
2019-10-25,139.34238107668,141.15514229616,139.19761195151,140.7355216435,25959723.625848
2019-10-28,144.39356468305,145.67445672529,143.49138027984,144.18795056325,35280136.689788
2019-10-29,144.07465298703,144.49427363969,142.65004087126,142.83467395843,20589468.827092
2019-10-30,143.50187079615,145.00725988757,142.79585904806,144.60757121591,18496592.00012
2019-10-31,144.90655093093,144.93382627335,143.00147316786,143.36969029057,24605134.559836
2019-11-01,144.26033512583,144.41454571569,142.97000161891,143.70748491596,33128365.407386
2019-11-04,144.83521541998,145.00725988757,144.1564790143,144.54567716964,16911997.765753
2019-11-05,144.97578833862,145.0282409202,143.90260851944,144.45336062606,18250172.390944
2019-11-06,144.36419123737,144.51525467232,143.19344961645,144.05472100603,16575797.928584
2019-11-07,143.83022395686,144.8855698983,143.75888844591,144.26033512583,17786713.060016
2019-11-08,143.97289497876,145.99127031805,143.74839792959,145.97028928542,16752939.98964
2019-11-11,145.34610356459,146.42243053866,144.73240836007,146.11400935895,14370179.785015
2019-11-12,146.27975951675,147.57848543673,146.062605829,147.06549918886,18648711.773986
2019-11-13,146.7287536151,147.46833501541,146.27975951675,147.31307537392,17444231.056512
2019-11-14,147.01514471054,148.41143243226,146.99626178117,148.06104918729,19755100.128825
2019-11-15,148.9233696285,149.98815703462,148.26561425546,149.96822505362,23508806.259457
2019-11-18,150.06998306189,150.55359586408,148.97372410682,150.34588364101,21554761.697473
2019-11-19,150.89139048947,151.34143363945,150.20111451585,150.38679665465,23960164.83221
2019-11-20,150.31696053293,150.8491170327,148.4591175072,149.62275244678,25720059.647829
2019-11-21,149.39797121407,149.80675940938,148.49884628322,149.47951975431,18576084.296658
2019-11-22,150.0712694181,150.30650559187,148.80413056206,149.59243311772,15841678.524291
2019-11-25,150.00122131303,151.36977309731,149.91862727868,151.24640479285,22428585.992134
2019-11-26,151.38022803837,152.41003973243,151.33840827414,152.03157086618,24635100.167367
2019-11-27,152.32849119219,152.48113333161,151.53077918958,152.31803625113,15175799.368888
2019-11-29,152.10370995947,152.29712636902,151.29763400402,151.39800143816,11977300.276525
2019-12-02,151.80783512758,151.82874500969,148.31588481473,149.5516588476,27473616.729374
2019-12-03,147.48889897717,149.42933603724,146.65041270444,149.30387674456,25192145.527549
2019-12-04,150.14236301729,150.18313728741,149.19305436936,149.84544269128,17580617.105457
2019-12-05,150.0524505242,150.32741547399,149.47951975431,149.92803672563,17880600.915307
2019-12-06,150.99966818391,151.86951927981,150.2751407687,151.74510548124,16410400.66626
2019-12-09,151.08121672415,152.20512288772,150.92021063189,151.38022803837,16741349.883432
2019-12-10,151.17426569956,151.88938366782,150.76652299836,151.14290087639,16481060.668493
2019-12-11,151.55168907169,151.86951927981,150.33787041504,151.70537670522,18860001.26998
2019-12-12,151.663556941,153.42939648543,151.02998751298,153.22657062893,24645365.825155
2019-12-13,153.00178939622,154.90040669207,152.81778243363,154.53343826099,23850059.86512
2019-12-16,155.12623341889,155.92185443328,154.8314040811,155.5548860022,24152770.934051
2019-12-17,155.47124647375,155.72948351784,154.45188972075,154.69758083557,25443525.369737
2019-12-18,154.30029307543,155.50261129692,154.17797026507,154.3692956864,24132378.674413
2019-12-19,153.99187231426,155.79116767008,153.7388627407,155.72948351784,25813824.479772
2019-12-20,157.33118048769,158.49690641548,156.28882286436,157.39286463992,53599612.978248
2019-12-23,158.11948304334,158.11948304334,157.24963194745,157.39286463992,17726282.118372
2019-12-24,157.46604922732,157.70023990698,157.09908079624,157.36149981675,8989149.7317444
2019-12-26,157.54655227345,158.7415520362,157.38240969886,158.68091337807,14526927.1465
2019-12-27,159.46712494552,159.56853787376,158.2229869598,158.96528777481,18414351.467947
2019-12-30,158.98619765692,159.02801742115,156.71852094178,157.57687160251,16356719.198298
2019-12-31,156.74988576495,157.759833071,156.43310105094,157.69083046003,18393384.378477
2020-01-02,158.78128081222,160.70080799018,158.33067285268,160.60148605014,22634546.443507
2020-01-03,158.32126340573,159.96687112801,158.056753397,158.62863867279,21121680.502943
2020-01-06,157.05830652612,159.10852046728,156.49478520317,159.0384723622,20826700.748355
2020-01-07,159.33225620589,159.69086068412,157.29981566452,157.56641666146,21881739.699573
2020-01-08,158.93496844574,160.77294708347,157.9438400336,160.10905832638,27762025.601224
2020-01-09,161.82471415374,162.20213752588,161.00922875134,162.08086020962,21399952.001004
2020-01-10,162.82629750695,163.23508570225,161.16082539666,161.32392247714,20733945.540867
2020-01-13,161.75362055456,163.32604368945,161.24132844279,163.29572436038,21637007.122964
2020-01-14,163.39609179452,163.6135545685,161.71180079033,162.12267997385,23500782.683515
2020-01-15,162.62138066224,163.95961311747,162.57119694517,163.19431143213,21417870.631761
2020-01-16,164.34749143066,166.23669927956,164.05370758697,166.16456018627,23865359.935451
2020-01-17,167.42124410125,167.47142781832,165.42016838305,167.10445938724,34371657.943114
2020-01-21,166.68521625088,168.18550029247,166.43116118321,166.50225478239,29517190.639467
2020-01-22,167.40137971324,167.49233770043,165.66481400377,165.68572388588,24138777.20613
2020-01-23,166.18442457427,166.80858455534,165.25707130257,166.725990521,19680766.218013
2020-01-24,167.51324758255,167.53415746466,164.44890435891,165.02078963469,24918116.214887
2020-01-27,161.13259705581,163.38563685347,160.21047125463,162.27427661917,32078066.351474
2020-01-28,163.79547054288,165.73590760295,163.08244356283,165.45048771211,24899940.036864
2020-01-29,167.84989668456,168.75947655647,165.67526894483,168.03390364716,35127770.693031
2020-01-30,174.04863123692,174.04863123692,170.78041666268,172.78358336909,51597469.903766
2020-01-31,172.21169809331,172.40406900874,169.57287097066,170.23048676311,36142690.047384
2020-02-03,170.42494866676,174.49923919645,170.39358384359,174.38423484483,30149052.011769
2020-02-04,177.15374873068,180.64569904353,176.3048075169,180.12399748481,36433338.503262
2020-02-05,184.02578148707,184.1982880145,178.3989322105,179.8992162521,39186323.911728
2020-02-06,180.98130265144,183.81040970131,180.06335882668,183.61699329176,27751380.967039
2020-02-07,182.84019117127,185.62956944513,182.47322274019,183.88150330049,33529074.922436
2020-02-10,183.56576408059,188.84550931409,183.24897936658,188.70227662161,35844266.210142
2020-02-11,190.65316862274,190.70544332802,183.48317004624,184.44397912933,53159905.369429
2020-02-12,185.57834023395,185.85225968963,181.85010825323,184.71894407911,47062921.351838
2020-02-13,183.07438185094,186.23072855587,182.86110105339,183.69854183201,35295834.484025
2020-02-14,183.24897936658,185.41419765937,182.63736531478,185.36192295408,23149517.589545
2020-02-18,185.60865956301,187.69232931556,185.50724663477,187.21244752107,27853113.116712
2020-02-19,188.06523398947,188.1788824319,186.4574734554,187.27282283131,29997472.963049
2020-02-20,186.93396279657,187.24258608975,181.10035696769,184.43056912451,36862375.151044
2020-02-21,183.15854068641,183.4932301361,177.26133343563,178.58445154051,48600384.994294
2020-02-24,167.7690818778,174.56400755908,163.24921033747,170.89702066004,68311066.933484
2020-02-25,174.20533724538,174.84656469574,167.64604961903,168.07353458594,68073295.592119
2020-02-26,169.70423333774,173.24818797802,168.21741976992,170.16404033873,56387147.992683
2020-02-27,163.33887791589,167.0361015565,157.98280407444,158.18612009529,93174906.360082
2020-02-28,152.40151864067,163.72569967863,151.99488659898,162.00429070214,97073558.432471
2020-03-02,165.29488230105,172.92288234467,162.31187134906,172.78942362329,71030810.352515
2020-03-03,173.79766255743,174.99044987972,162.25973903602,164.48995938775,71677019.448561
2020-03-04,168.49372102902,170.70308845554,165.61080411806,170.55086210147,49814383.341729
2020-03-05,166.03828908496,170.87616773482,165.68066141753,166.27184184737,47817249.990832
2020-03-06,162.61736670346,163.12722072496,155.98613648511,161.56637927262,72821057.380879
2020-03-09,151.0168844064,157.75029395829,150.00968811852,150.62797735114,70419274.607183
2020-03-10,158.16630981633,161.01794733947,152.57459791995,160.90534154331,65354385.841768
2020-03-11,157.11740767802,157.69920429152,151.15972694412,153.62350005826,56504303.481722
2020-03-12,145.30318289751,153.45980459533,138.58124245449,139.06085973443,93226365.025769
2020-03-13,147.4948253376,161.90419666111,140.7217952278,158.83777400825,92727445.252037
2020-03-16,140.00653989293,149.35699155929,135.01852018152,135.41368311434,87905867.94423
2020-03-17,140.00653989293,147.4948253376,135.01852018152,146.5783392744,81059817.076985
2020-03-18,138.01195759612,145.99654266091,135.03937310673,140.40587341079,81593172.571488
2020-03-19,142.75704072877,150.15982918007,138.99934360504,142.69448195313,85922660.493474
2020-03-20,145.99654266091,147.09757711226,135.85472248264,137.34987722055,84866214.725174
2020-03-23,137.00371866198,140.55809976486,132.52346767955,135.97462680262,78975177.97296
2020-03-24,143.74546938396,149.60305607683,141.27126980721,148.32789969994,82516727.231673
2020-03-25,148.90761102091,154.33875539313,144.43778650109,146.92345518671,75638225.148251
2020-03-26,148.38837318306,156.6398756906,148.35709379524,156.09978492753,64694426.613185
2020-03-27,151.74882208144,154.9080402515,149.20580785148,149.7021074716,57042290.796204
2020-03-30,152.43279802849,160.58107855622,150.01907193487,160.20364060983,63420324.583505
2020-03-31,159.41852797549,164.76626064685,156.54708017339,157.70858810786,77927186.724487
2020-04-01,152.99165642425,157.75029395829,150.83442131077,152.09706593253,57969925.425019
2020-04-02,151.85204406126,155.49713538882,150.36627313969,155.27400908902,49630734.674448
2020-04-03,155.12074008869,157.37077071938,152.17839234087,153.82890137163,41243284.424926
2020-04-06,160.29435083451,166.50643725604,157.57408674023,165.25421909688,67111697.556594
2020-04-07,169.57077461637,169.99096105945,163.27736178651,163.51299984144,62769037.865854
2020-04-08,165.66189378483,166.67951653532,163.52342630404,165.11137655916,48318233.806457
2020-04-09,166.36463736457,167.38226011506,163.3493043785,165.12076037551,51431775.208262
2020-04-13,164.34711685003,165.55971445128,162.30144488645,165.4981983219,41905263.508012
2020-04-14,168.99314858791,173.74657289065,168.00367728647,173.6975685164,52874338.209732
2020-04-15,171.20147336817,173.56410979502,169.23608516667,171.8833640227,40940832.570083
2020-04-16,174.30543128641,177.29157017719,172.90307206571,177.04759095217,50479609.706705
2020-04-17,179.50093760371,179.99827987009,175.86523009249,178.59383535686,52765625.457218
2020-04-20,176.63991626422,178.74814700345,174.98002341712,175.05300865537,36669595.405962
2020-04-21,173.49216720303,173.66628912858,166.10918903069,167.82121419084,56203747.756703
2020-04-22,171.3839364638,174.0030638708,170.82507806804,173.51302012825,34651603.645057
2020-04-23,174.11566966696,175.05300865537,170.91578829273,171.41521585163,32790804.090607
2020-04-24,172.06686976459,174.57443402169,170.71247227188,174.56400755908,34305320.849269
2020-04-27,176.59925306005,176.90370576819,173.28885118219,174.05519618383,33194384.178669
2020-04-28,175.58163030957,175.66087142538,169.39143945952,169.8064126713,34392695.022181
2020-04-29,173.21795123646,177.66796547732,171.8833640227,177.44588182378,51286559.747258
2020-04-30,179.99827987009,180.40803985056,176.23328422253,179.20795400444,53875857.093527
2020-05-01,175.79433014676,178.63554120729,174.01349033341,174.58486048429,39370474.739
2020-05-04,174.50249142969,179.00255269107,173.79766255743,178.83885722814,30372861.498933
2020-05-05,180.62178233401,183.64545649017,179.89922847531,180.76462487173,36839166.95405
2020-05-06,182.06897534393,184.20535753219,181.64149037702,182.537123515,32139299.381852
2020-05-07,184.17512079063,184.56402784589,182.57570142665,183.59749476218,28315993.67595
2020-05-08,184.9915128128,185.01236573801,183.35038759838,184.69540127474,30912637.911572
2020-05-11,183.13768776119,187.50533294745,182.84157622314,186.72334825189,30892661.285396
2020-05-12,186.78277908876,187.02571566751,182.2900163512,182.50584412718,32038197.661067
2020-05-13,182.54546468509,184.05417382439,176.54816339328,179.75638593759,44711487.532823
2020-05-14,177.54597586481,180.69476757226,175.67129788799,180.5289868168,41873910.102892
2020-05-15,179.05259971159,187.04656859273,177.00692774801,183.1481142238,46610383.487477
2020-05-18,185.75472987566,186.20202512152,183.96242095344,184.9195702208,35306620.760018
2020-05-19,185.04260247957,186.58988953052,183.4828036735,183.62668885748,26799116.328942
2020-05-20,184.81149135519,185.84708284749,183.94849844495,185.66720601198,31261333.869547
2020-05-21,185.41038763989,186.66120748451,183.28929663158,183.4307026988,29119512.432475
2020-05-22,183.18636133264,184.46733394159,182.52715951927,183.51180323735,20826898.303728
2020-05-26,186.32640782535,186.48652940147,181.1058205936,181.56331081108,36073609.278284
2020-05-27,180.20331716457,181.99064826423,176.60578045438,181.80453292575,39517145.7076
2020-05-28,180.73982841962,184.15124979133,180.38319400008,181.41046748842,33831822.480578
2020-05-29,182.72055311121,184.27290059916,180.40398900997,183.24770661181,42146719.84246
2020-06-01,182.52715951927,182.9940074912,181.46037551215,182.82036915866,22668819.720191
2020-06-02,184.25210558927,185.00488494713,181.35847996371,184.91338690363,30794585.309893
2020-06-03,184.82188886014,185.92922313654,183.58458577195,185.36879762012,27311014.881038
2020-06-04,184.30305336349,185.83772509304,182.303613163,182.91082745166,28761809.921743
2020-06-05,182.60826005783,187.72695174114,182.00936377313,187.19875849005,39893643.726688
2020-06-08,185.92922313654,188.55979188705,184.4475786822,188.36639829512,33211590.398374
2020-06-09,188.00144587163,190.69232015081,187.2611435197,189.80853223067,29783916.125603
2020-06-10,191.11653835247,198.52268112318,191.00528504958,196.84556357592,43872327.311472
2020-06-11,193.12949530938,195.76110381039,186.06127144931,186.25362529075,52854672.002081
2020-06-12,190.5290793232,191.71751413816,185.18788103412,187.73630949559,43373587.591352
2020-06-15,184.57858724448,190.81501070913,184.02128097954,188.94553932043,32770342.010551
2020-06-16,192.88723344422,195.57498847192,191.45341751261,193.57554827143,42556656.496726
2020-06-17,195.01768220698,196.32672807928,193.69927858025,194.23890908677,25687821.66355
2020-06-18,194.00184597408,196.50244591281,194.00184597408,196.32672807928,23061647.617243
2020-06-19,198.59442390729,199.27234122955,194.36887789856,195.13933301481,44441140.562429
2020-06-22,195.79229632522,200.76646268982,195.22147330386,200.57410884838,32818929.896359
2020-06-23,202.0973433225,203.93458244588,201.43710175863,201.9143472355,30917446.372554
2020-06-24,201.61074009118,203.26498312756,196.57210919592,197.83956504844,36740646.981514
2020-06-25,197.79901477917,200.61465911766,195.46581467002,200.34016498717,27803932.207984
2020-06-26,199.71943394209,199.88371452019,194.86691838532,196.33712558422,54675780.307684
2020-06-29,195.78189882028,198.53307862812,193.55475326154,198.43950108364,26701584.701949
2020-06-30,197.88115506821,204.39207266336,197.74078875149,203.49892698878,34310283.769272
2020-07-01,203.15165032369,206.35408184605,201.77190141779,204.69671955818,32061206.425471
2020-07-02,205.67200552181,208.01872238738,205.00032670251,206.26050430157,29315761.447657
2020-07-06,208.81933026798,211.13485461872,208.089425421,210.69919916162,31897628.982336
2020-07-07,210.44342054003,214.65960879431,207.98752987256,208.25058674761,33600732.650636
2020-07-08,210.05767310666,213.26842263297,208.69767946015,212.83900567884,33600024.668106
2020-07-09,216.34608409602,216.39495236925,211.48005178282,214.30505387576,33121681.540616
2020-07-10,213.61465954757,214.05967275912,211.08286709401,213.65417006635,26177632.335588
2020-07-13,214.46517545188,215.8064535895,206.50380591723,207.08294694254,38135606.916092
2020-07-14,206.12845598879,208.83908552737,202.03703779383,208.35144254555,37591819.222807
2020-07-15,209.540917111,211.33760596511,205.03151921734,208.03951739727,32179408.982787
2020-07-16,205.38711388638,205.69072103071,202.31153192432,203.90338993105,29940652.035207
2020-07-17,204.46381544746,205.04191672228,201.39551173886,202.88859344864,31635281.576049
2020-07-20,205.00032670251,212.3004149228,203.02064176141,211.61417959658,36884836.140937
2020-07-21,213.65417006635,213.92762444634,208.02911989233,208.73822972942,38105777.120926
2020-07-22,209.1967596974,212.3004149228,208.39303256532,211.76494341825,49605692.913423
2020-07-23,207.20355799987,210.9217057674,202.15556935017,202.54443603503,67457034.193332
2020-07-24,200.42230527622,202.86883818925,197.51828214571,201.30193419438,39826988.993263
2020-07-27,201.47765202791,203.95537745576,200.86731848777,203.83268689744,30160866.111283
2020-07-28,203.59874303623,204.69671955818,201.74070890296,202.02664028888,23251386.934934
2020-07-29,202.50284601526,204.64681153445,202.01624278394,204.04791524975,19632602.67454
2020-07-30,201.00976430548,204.45341794252,199.55827261548,203.88363467166,25079595.744033
2020-07-31,204.39207266336,205.10326200144,198.98952909511,205.01072420745,51247968.180179
2020-08-03,211.53203930754,217.64473246337,210.43406278558,216.53739818697,78983008.469334
2020-08-04,214.15117080261,214.76150434275,210.3030542233,213.28921764286,49280055.413907
2020-08-05,214.89251290503,214.99544820396,211.58298708176,212.95233848271,28858621.362989
2020-08-06,212.34096519208,216.38559461481,211.56323182236,216.36479960492,32656843.253709
2020-08-07,214.84052538032,215.70455804106,210.93210327234,212.48653026128,27820420.618893
2020-08-10,211.6838428797,211.89491223004,206.35408184605,208.25058674761,36716462.337723
2020-08-11,207.17340523554,207.67248547279,203.15165032369,203.37623643045,36446459.070294
2020-08-12,205.28521833794,210.27186170848,204.7466275819,209.18636219245,28041363.355708
2020-08-13,209.41926630317,211.35840097499,208.15077070016,208.70807696509,22588869.882313
2020-08-14,208.74758748387,209.57106987534,207.53003965508,208.89107305208,17958936.900089
2020-08-17,209.58146738028,211.19619989789,208.90043080653,210.27186170848,20184756.180849
2020-08-18,210.52452107858,212.36176020197,209.20715720234,211.50084679271,21336167.171524
2020-08-19,211.508404989,212.10793154472,209.23995416311,209.69530391737,27627560.435283
2020-08-20,209.53038225238,215.00495173526,208.89351494233,214.5755330604,26981479.36458
2020-08-21,213.84738835086,216.24964354645,212.84229971332,213.01655656689,36249319.072872
2020-08-24,214.79024239783,215.52979678231,212.43881211786,213.67624322682,25460146.294814
2020-08-25,213.09953602097,216.60438071264,213.09953602097,216.46020391118,23043695.718333
2020-08-26,217.89056225087,222.09347159999,217.36467996064,221.1423196076,39600827.427436
2020-08-27,222.90563300679,231.15379074227,219.39975107194,226.58058557932,57602195.164095
2020-08-28,228.1841635294,230.63413191109,226.58058557932,228.92268067071,26292895.622735
2020-08-31,227.00689252465,228.71004581963,224.30383680802,225.51844856711,28774154.382724
2020-09-01,225.49770370359,227.46431676527,224.42519425961,227.28176196629,25791235.785851
2020-09-02,227.96945419197,232.86524198265,227.36162969084,231.65996541215,34080837.923869
2020-09-03,229.26911989149,229.30853513218,214.96346200822,217.30451985644,58400288.923419
2020-09-04,215.10348983698,218.35732168007,205.18537058816,214.24361524409,59664071.204147
2020-09-08,206.51200461025,210.02722173368,202.20640818671,202.67213037273,52924330.055112
2020-09-09,207.59799821551,214.84003007028,206.71426702957,211.30303084015,45678987.750895
2020-09-10,213.3920385966,214.73941748221,204.10145146925,205.36896263031,35461514.394923
2020-09-11,207.21110651087,208.62071998704,201.24384651939,204.0215837447,33620071.855341
2020-09-14,204.2331813526,209.18809200431,204.0215837447,205.40941511417,30375767.753282
2020-09-15,208.40704789279,209.77517164192,206.94868398734,208.76282230215,21823942.09875
2020-09-16,210.62571104623,210.65579109833,204.63978067759,205.04326827305,26372462.281369
2020-09-17,200.04997962383,204.32445875209,199.95870222434,202.90654733051,34011257.320133
2020-09-18,202.81526993102,203.63572928323,196.25055787017,200.39330711508,55225325.570263
2020-09-21,197.20274710573,202.72399253153,196.38125051035,202.55181016432,39839657.694854
2020-09-22,205.05364070481,208.1041728854,202.08505073512,207.41440617336,33517064.568879
2020-09-23,207.9008732229,208.1041728854,200.03027200348,200.59764402075,30803780.311904
2020-09-24,199.84667996133,205.57018780645,199.18803054458,203.17934228579,31202494.059854
2020-09-25,203.53511669516,209.02524482568,202.55181016432,207.818931012,29437311.538211
2020-09-28,210.88917081293,212.57261648757,208.06268315836,209.42976966431,32004934.81787
2020-09-29,209.34056675118,210.06871146072,206.82836377893,207.25259623791,24464472.363979
2020-09-30,207.72765361251,211.98449960678,206.55245709411,210.3332084706,33829087.081317
2020-10-01,213.48124150973,213.97808099103,211.33414813543,212.46992941314,27158417.214643
2020-10-02,208.00356029733,211.00119307594,205.53907051117,206.19771992793,33154782.104933
2020-10-05,207.23185137439,210.41307619515,206.99950890297,210.38195889987,21331559.609894
2020-10-06,208.80223754284,210.18073372373,204.82026099021,205.91558978406,28554258.828277
2020-10-07,207.07937662752,210.11020118776,206.73501189309,209.82703380072,25681053.582607
2020-10-08,210.51576326958,211.20345549526,208.30643530471,210.58422131919,19925836.569394
2020-10-09,211.24390797912,215.87312427357,211.24390797912,215.8243738443,26458046.039012
2020-10-12,218.78259138222,223.86923191728,216.80768037514,221.3974814289,40461368.330106
2020-10-13,222.7324133964,225.19379145302,220.41106316853,222.87555295468,28950842.507386
2020-10-14,223.00728283803,224.21255940853,219.12591887348,220.84670530244,23451713.464847
2020-10-15,217.09914570759,220.34260511891,216.00485415692,219.66321083864,22733063.9691
2020-10-16,220.16005031994,222.29677126248,219.31884610421,219.66321083864,26057882.304442
2020-10-19,220.40069073677,222.30714369424,213.7073605221,214.21353519198,27625840.982123
2020-10-20,215.81400141254,217.3750523924,213.08916358921,214.64710283955,22753511.840335
2020-10-21,213.11820639814,216.91555366544,213.11820639814,214.79957758642,22724905.943625
2020-10-22,213.91792088683,216.04530664078,211.6982204902,214.89189222908,22351450.982357
2020-10-23,215.03399454419,216.27868635538,213.14932369342,216.22993592611,18879607.557031
2020-10-26,213.8370159191,216.33054851418,208.1041728854,210.07908389248,37111560.674623
2020-10-27,211.60175687484,214.66784770307,210.3332084706,213.2406010929,36700324.135479
2020-10-28,207.66853075148,208.82194516318,202.10579559864,202.69287523625,51195592.636269
2020-10-29,204.06099898538,207.3521715828,203.35152465301,204.72068564531,31432564.197072
2020-10-30,203.48429177953,204.28296902505,199.61330024674,202.48127762835,36980112.329954
2020-11-02,204.28296902505,205.27664798765,200.12051215979,202.34021255642,30842163.007447
2020-11-03,203.87844418641,208.12388050574,203.10777250665,206.44458380381,27512031.344684
2020-11-04,214.00919828631,218.31790643938,212.41806725434,216.37929894345,42311777.294786
2020-11-05,222.04368392754,224.11090957729,221.1423196076,223.29978541366,36080135.542004
2020-11-06,222.26669121038,224.35362448047,218.03059007963,223.7343903044,25231894.316448
2020-11-09,224.43556669137,228.12296618202,217.89056225087,218.38532724582,44394950.075029
2020-11-10,214.4977398222,216.49028396328,209.71604878089,211.02193793946,44045119.334177
2020-11-11,212.39732239082,218.04096251139,212.20750688962,216.54214612208,29440787.952696
2020-11-12,217.21220521377,219.10621125313,214.45728733834,215.44992905776,21616115.289312
2020-11-13,216.35959132311,217.42172833532,214.1523378446,216.50065639504,18630306.589764
2020-11-16,214.87114736556,217.75053442211,214.51744744255,217.23295007729,24953343.891356
2020-11-17,216.09716879958,217.68829983155,214.0703956337,214.45728733834,24154112.0554
2020-11-18,213.64383341944,215.17804840434,210.94576687824,211.08025639141,28372789.191866
2020-11-19,211.37923692454,213.01690538111,209.93606099472,212.42101338428,24792745.746151
2020-11-20,212.20893376735,213.26829731727,210.00640935545,210.39953254781,22843119.16263
2020-11-23,210.96645757257,212.28652387111,208.14735046951,210.11607003543,25683506.841353
2020-11-24,209.59156093405,214.24903622872,208.85393768103,213.85591303637,33979731.386594
2020-11-25,215.11804539077,215.30012350091,212.46032570351,213.86625838354,21012887.827704
2020-11-27,214.85630810744,216.2705170652,214.03592207708,215.24012048734,14512212.645597
2020-11-30,214.09695962537,214.76423451765,210.84231340656,214.06695811858,33064752.78442
2020-12-01,214.51180804677,217.33091514984,213.33968021273,216.21051405163,30931318.183062
2020-12-02,214.88734414894,215.46151091672,212.79448041702,215.37150639637,23724508.356768
2020-12-03,214.61215791429,216.37914321045,213.64383341944,214.23869088156,25120922.605338
2020-12-04,214.21903472194,215.38185174353,213.17001651918,214.36076597813,24666039.029227
2020-12-07,214.3711113253,215.53289381218,212.97552399244,214.28938308268,24603087.959865
2020-12-08,213.96764278578,216.90468684655,212.88345040265,216.00774524715,23268213.552469
2020-12-09,215.16770305717,215.22977514018,211.21681497402,211.80236162368,32419939.270724
2020-12-10,211.77132558218,213.06759758223,210.36953104102,210.53195299155,26466814.686925
2020-12-11,210.05503248714,213.30864417123,209.10636415191,213.24967569237,30979440.47042
2020-12-14,212.97552399244,216.21051405163,212.87310505549,214.19834402761,28798378.402247
2020-12-15,215.16770305717,215.41288778504,212.2368662047,214.12799566687,27018106.128529
2020-12-16,214.75388917048,220.1003645865,214.7238876637,219.28204762557,35023253.479542
2020-12-17,219.85621439335,220.88764550592,217.91749633422,219.42170981233,32515784.03044
2020-12-18,218.58270215707,219.69689604698,216.01809059432,218.58270215707,63354922.094721
2020-12-21,217.55437464865,224.00056046853,217.2916028306,222.59462778851,37181885.332542
2020-12-22,222.69601219075,225.6258145085,221.85907360492,223.93848838553,22643396.726519
2020-12-23,223.12017142461,223.55467600563,220.79867552028,221.01903141495,18699638.410285
2020-12-24,221.42353448918,223.60640274146,221.20110952509,222.75808427375,10550571.514972
2020-12-28,224.43506504956,226.03031758274,223.03016690425,224.95026333848,17933494.899675
2020-12-29,226.31378009512,227.19313460434,223.57536669996,224.13194637756,17403212.548646
2020-12-30,225.2233805037,225.6258145085,221.47319215559,221.68630630723,20272336.43553
2020-12-31,221.70596246685,223.01154527935,219.68655069981,222.42496409497,20942132.448752
2021-01-04,222.53565930966,223.01154527935,214.81492671877,217.69610590484,37130138.979534
2021-01-05,217.27194667098,218.51545740048,215.6953157627,217.89680563988,23822952.90361
2021-01-06,212.17893226057,216.49294202929,211.9461619493,212.24617701715,35930652.420651
2021-01-07,214.03592207708,219.34308517386,213.70383643301,218.28268708922,27694480.286038
2021-01-08,218.67581028157,220.57521602147,217.038141825,219.62551315152,22956205.449313
2021-01-11,218.46373066465,218.90754605812,216.73709222244,217.49230256564,23047028.770166
2021-01-12,216.50328737646,217.10952472046,213.30864417123,214.93700181534,23249336.148789
2021-01-13,214.01523138275,216.76812826394,213.92729593182,216.34086542593,20087080.572787
2021-01-14,215.90532631019,217.46126652414,212.73447740345,213.00656003394,29346736.547678
2021-01-15,213.5114129757,214.51180804677,212.03823553909,212.64343834837,31746512.264365
2021-01-19,213.74314875225,216.98641508917,212.62274765404,216.44121529346,30480860.281878
2021-01-20,217.70645125201,225.79030552846,217.30091364305,224.32333530015,37777261.32588
2021-01-21,224.68749152044,226.30343474796,222.42496409497,224.96060868565,30749552.784424
2021-01-22,227.09485380625,230.0618993738,225.79961634091,225.94962387484,30172663.286537
2021-01-25,229.10392022612,229.77016058369,224.20332927301,229.51669957809,33152094.54794
2021-01-26,231.87130059335,234.17417487277,230.07224472097,232.33580668115,49169599.774902
2021-01-27,237.99574611633,240.44035165194,230.13431680397,232.89031728932,69870638.831664
2021-01-28,235.61010905958,242.63253071668,235.08353088876,238.93510363912,49111158.499962
2021-01-29,235.9949559742,238.01436774123,231.3550677697,231.9737195303,42503137.939105
2021-02-01,235.05352938198,242.49390306464,232.43615654868,239.65307073252,33314192.809314
2021-02-02,241.30936081399,242.29837600318,238.69198798069,239.51133947633,25916336.730293
2021-02-03,239.5713424899,245.09782694662,239.25994754017,242.9987560064,27158105.704495
2021-02-04,242.65322141101,243.23876806067,240.36793422177,241.99836093533,25296098.97364
2021-02-05,242.21768229527,243.27911491463,240.41966095761,242.1887153232,18054752.65279
2021-02-08,243.14876354032,243.6856870583,240.81381868468,242.46286702313,22211930.03774
2021-02-09,241.86490595687,244.76470676784,241.39108905661,243.77362250922,23564953.472979
2021-02-10,245.0098914957,245.90786762981,240.89451239259,242.81564336154,22186705.076148
2021-02-11,244.78539746217,245.15886449491,242.1390576568,244.49365867206,15751058.220038
2021-02-12,243.93811352918,245.30163028582,242.72356977175,244.99954614853,16561078.457752
2021-02-16,245.0098914957,246.12098178146,242.91599322906,243.7043086832,26728487.665261
2021-02-17,241.31944440794,244.31476533331,240.93651399329,244.20226017105,21673109.160414
2021-02-18,241.79320467835,243.93183491866,240.86632728656,243.79868660737,16925562.758337
2021-02-19,243.75843246674,243.86990547155,240.17994258106,240.96747871685,25262599.377116
2021-02-22,237.41892139727,237.93396796576,232.3964432364,234.5030765957,36446935.641269
2021-02-23,230.32077460066,234.82820619304,228.72815565241,233.27584138541,30171610.586018
2021-02-24,230.01009520765,235.19875071827,228.98929148773,234.54333073632,26339745.605324
2021-02-25,232.08576384339,234.57429545988,227.89107595893,228.97896991321,39542233.247531
2021-02-26,231.53046313427,235.37318532764,229.53323846488,232.37580008736,37819226.800097
2021-03-01,235.90681073026,237.46743279751,233.15301464863,236.93277523743,25332836.270508
2021-03-02,237.00296194416,237.2981589754,233.44717952242,233.86107466063,22812458.718494
2021-03-03,232.15698270757,233.57619920391,227.26558854309,227.56801067649,34029526.372841
2021-03-04,226.72989882556,232.48830524962,224.25375309849,226.72989882556,44727785.919477
2021-03-05,229.51259531584,233.27584138541,226.47082730514,231.60168199845,41872769.133193
2021-03-08,231.3797681463,233.37699281569,227.1365688616,227.39667253948,35267441.079738
2021-03-09,232.88155723879,235.38350690215,231.67290086263,233.76921264741,33080531.303974
2021-03-10,236.99264036964,236.99264036964,232.04447754531,232.41708638544,29746812.728534
2021-03-11,234.95825803198,239.17358906547,234.30490236494,237.12578868094,29907585.174902
2021-03-12,234.00144807408,235.82630244901,233.23455508733,235.75508358483,22653661.185692
2021-03-15,234.95825803198,235.17810756923,231.81224211864,234.807563044,26042669.405637
2021-03-16,236.29077330236,240.04989074212,235.94396839853,237.71102195615,28092196.218661
2021-03-17,236.15968930597,238.5573910667,233.23455508733,237.03392666772,29562099.29078
2021-03-18,232.5595241138,234.18104347071,230.33006401773,230.7233160069,34852250.963493
2021-03-19,231.02883461266,232.4779836751,229.34435365118,230.35070716677,46430729.784389
2021-03-22,230.26916672807,236.89252109681,230.13911488913,235.99454411367,30127003.924495
2021-03-23,237.48807594655,241.04798699809,237.06489139127,237.57787364486,31638375.221912
2021-03-24,237.85139536961,238.00105820013,235.32260961249,235.4619508685,25620126.183279
2021-03-25,235.30196646346,236.93277523743,231.58103884941,232.33451378929,34061854.051421
2021-03-26,231.56039570038,236.70363628311,231.56039570038,236.47965811606,25479852.764419
2021-03-29,236.58080954634,236.79446613888,231.88242882536,235.24003701634,25227454.644527
2021-03-30,233.52459133131,233.84146366904,231.10831073645,231.85352841671,24792011.497038
2021-03-31,232.91148980489,239.10237020129,232.38612166188,235.77572673387,43623470.99082
2021-04-01,238.47688278545,242.84187664947,238.05060175782,242.34747323002,30337981.431267
2021-04-05,242.76033621077,249.95963443766,242.69943892111,249.08230060356,36910609.835982
2021-04-06,247.61044407717,249.40639804345,246.87554797143,247.86125833798,22931922.638752
2021-04-07,247.81171478029,250.92779812753,247.18622736445,249.89976930545,22719835.173024
2021-04-08,252.7732956515,254.14296859015,251.99608109023,253.25634533898,23625196.654304
2021-04-09,252.87238276688,255.97917669705,252.43784447963,255.84706054321,24326833.550959
2021-04-12,254.70652655888,257.67191491814,254.61569670311,255.90795783287,27148668.615179
2021-04-13,257.24873036287,259.19434715967,256.82451365014,258.48938362003,23837469.609152
2021-04-14,257.46961205757,258.82999557915,255.1606758377,255.59521412495,23070938.302513
2021-04-15,257.93305075347,259.93027542286,257.7328122078,259.50812302504,25627481.273232
2021-04-16,259.47715830148,260.99959054301,257.60069605396,260.7446476524,24878582.344073
2021-04-19,260.19244341564,261.47231865598,257.82364206357,258.74019788084,23209259.621977
2021-04-20,257.82364206357,260.20276499016,256.83483522466,258.26746976788,19722875.565803
2021-04-21,258.94146858396,260.68684683509,257.24873036287,260.58672756226,24030383.253062
2021-04-22,260.21205440723,261.77474078938,255.64682199754,257.16718992417,25606153.000249
2021-04-23,257.88350719578,261.50225122208,257.26834135445,261.14925337354,21499286.017011
2021-04-26,261.65501052496,262.43119292878,260.17283242405,261.54353752016,19763345.919153
2021-04-27,261.57347008626,263.1857000261,260.12225670891,261.96672207543,31014213.261991
2021-04-28,256.06897439536,256.53344524871,252.95289104812,254.55686372835,46903118.991959
2021-04-29,255.46516228601,256.0896175444,249.01004958193,252.51009550127,40589023.734967
2021-04-30,249.73875274296,253.08500720197,249.5963150146,252.17877295921,30945097.238679
2021-05-03,253.40807248441,254.35559302524,251.11048999651,251.85364336187,19626568.027872
2021-05-04,250.9690844256,251.19822337992,245.75462497869,247.79107163125,32756052.310618
2021-05-05,249.07197902904,249.50445300138,245.81552226835,246.46268499068,21901325.252261
2021-05-06,246.44204184164,249.85951516483,244.6966635905,249.72843116844,26491084.88845
2021-05-07,252.14780823566,254.30398515264,251.15900139675,252.45848762867,27032911.50155
2021-05-10,250.86690083787,251.72359152293,247.11707281517,247.17693794738,29299890.085961
2021-05-11,244.5552580196,246.59273682962,242.57041923962,246.21806367458,33641589.270279
2021-05-12,242.16581351848,244.38495204004,238.07124490686,239.00225092846,36684369.649625
2021-05-13,241.79320467835,245.59360841619,241.41233857861,243.03592225042,29624298.652968
2021-05-14,245.57296526715,249.18345203384,245.48316756884,248.15439105432,23901081.466026
2021-05-17,246.54319327193,246.5824152551,243.52929351242,245.18177759289,24970167.348859
2021-05-18,246.25831781521,246.40178770102,242.90277393913,243.08443365066,20167975.058633
2021-05-19,239.304302629,243.23703092243,238.60199294162,243.1268445052,25739806.898337
2021-05-20,243.96096598142,247.95445127126,243.86313691939,246.47774732448,21800715.6461
2021-05-21,247.56313502316,248.33752928256,244.73639002042,245.16786767294,21863058.632081
2021-05-24,247.78453763722,251.1539764893,247.51370560235,250.7719282576,21411546.719397
2021-05-25,251.76566557186,252.75425398812,250.81003010281,251.71623615105,17704302.456314
2021-05-26,251.42583830377,252.94373343457,250.74309442879,251.48659530019,17771599.594994
2021-05-27,251.1642742853,251.47629750419,249.2540331268,249.31479012322,24426243.583906
2021-05-28,250.99436065126,252.07974834994,249.56399678649,249.67521298331,18274942.702271
2021-06-01,251.22297172252,251.28269893934,246.9596841774,247.40248940552,23213310.315547
2021-06-02,248.12745424411,249.27359893921,245.83413507431,247.30054122509,19406705.613654
2021-06-03,245.21832687335,246.33666751924,243.00739007157,245.70129350588,25307710.929475
2021-06-04,247.76394204521,251.64827069743,247.51370560235,250.781196274,25281093.916419
2021-06-07,249.97796818579,254.08884835007,249.80702477215,253.821105654,23079167.409915
2021-06-08,255.15672979555,256.00320862697,252.51225578206,252.57198299887,22454997.857221
2021-06-09,253.821105654,255.52024199444,253.21662502864,253.59764348074,17937634.79649
2021-06-10,254.10944394207,257.46034676135,253.67693650996,257.23997392689,24563619.663243
2021-06-11,257.98450457789,258.48806680242,256.60459991353,257.89388397306,18999731.36472
2021-06-14,257.90418176907,259.9555027328,256.79716869878,259.89577551599,19150507.417984
2021-06-15,259.78249975996,259.99566413721,257.68277915501,258.36552302999,18038930.963838
2021-06-16,259.40251108746,260.57851939097,254.42352672016,257.37899417293,27219956.207079
2021-06-17,256.06396562339,261.74525967807,256.00320862697,260.89054260985,27565536.9414
2021-06-18,259.63318171792,262.29825132342,258.75683927809,259.43340447547,37202216.973963
2021-06-21,259.82369094397,263.52574860694,257.92477736107,262.6288105751,26696118.437203
2021-06-22,262.72046095953,265.78920416833,262.39916972424,265.50704455786,24694088.959761
2021-06-23,265.99104096998,266.8241326666,264.42886531637,265.2753441478,19518681.594024
2021-06-24,266.15168658763,267.84876336887,265.46688315345,266.68202308176,21446867.054293
2021-06-25,266.21965204124,267.24737208231,264.76148412726,265.02407792533,25611113.262409
2021-06-28,266.18155019603,268.90531723875,265.90865860196,268.7261355883,19590024.176683
2021-06-29,268.86515583433,271.64144163666,267.9816049373,271.4015029898,19937811.064893
2021-06-30,270.68580616761,271.36134158539,269.61071626493,270.89794076527,21656456.644999
2021-07-01,269.61071626493,271.83401042191,269.60041846893,271.59304199545,16725323.904128
2021-07-02,272.81950949937,277.99930088872,272.49615870488,277.64917582463,26474408.421942
2021-07-06,278.03019427673,279.37714599388,274.30960058096,277.65947362064,31565560.394415
2021-07-07,279.40803938189,280.69423410263,277.1466433797,279.93013763923,23260031.266338
2021-07-08,276.90155583484,278.73353374372,274.8625922263,277.41438607577,24618591.569933
2021-07-09,275.71627951493,278.05078986874,275.31466547082,277.93957367191,23916664.786135
2021-07-12,279.15574337983,279.76846224199,276.58232415875,277.31346767494,18931695.527373
2021-07-13,277.5173640358,282.84750324679,277.38452246736,280.9774234927,26120127.348415
2021-07-14,282.35629837746,283.66308869021,280.54491606059,282.51488443591,23113661.55559
2021-07-15,282.00411375417,282.51488443591,279.830249018,281.02788269312,22604227.912605
2021-07-16,282.07207920779,284.10486413872,279.46879637831,280.74469330304,26186847.844798
2021-07-19,278.93537054537,280.36264507134,274.458918623,277.01380181127,32935633.659732
2021-07-20,278.03019427673,280.9671256967,276.26000314387,279.32668679347,26259741.396392
2021-07-21,278.90447715736,281.52114712165,277.28360406654,281.39860334921,24364320.154905
2021-07-22,283.84124056105,286.41774912093,283.42109048414,286.13558951045,23384058.076503
2021-07-23,287.37338458998,289.98696521546,286.49807192975,289.66773353938,22768070.87916
2021-07-26,289.001466138,289.68832913138,286.63915173498,289.05295511802,23176073.14212
2021-07-27,289.43294379052,289.56681513855,282.94842164762,286.53823333416,33604073.433454
2021-07-28,288.991168342,290.1496703923,283.83094276505,286.21797187847,33566852.1674
2021-07-29,286.23856747048,288.6214774655,286.07586229364,286.49807192975,18168293.70367
2021-07-30,285.1727455842,286.65974732699,283.91332513307,284.90706244733,20944846.247457
2021-08-02,286.35699212451,286.78023154022,283.74238171943,284.81850140171,16267356.580352
2021-08-03,285.41165445146,287.23333456434,284.0049755175,287.12108858791,17879047.939124
2021-08-04,286.21797187847,287.59581698363,284.64858776766,286.50836972575,16191301.438235
2021-08-05,286.88114994105,289.62654235537,286.09542810604,289.51532615854,13900166.379977
2021-08-06,288.50099325227,289.49473056653,287.62671037164,289.45353938252,16589335.743144
2021-08-09,289.7490861278,291.54708130987,287.81516003849,288.32902005903,16117629.41954
2021-08-10,288.80374845475,289.25582169927,285.20260919261,286.43731493333,18616578.407913
2021-08-11,287.21273897233,288.66163886991,285.85445967958,286.95014517427,13955933.655352
2021-08-12,286.62885393898,289.96636962345,286.33742631211,289.80778356501,14570391.756398
2021-08-13,289.47413497453,292.90536060262,289.30731067928,292.85387162261,18249046.492086
2021-08-16,293.1967882295,294.81869109992,290.01785860347,294.59522892667,22516027.490662
2021-08-17,292.39356014129,293.43775665596,291.07441247334,293.08763159187,20075249.779516
2021-08-18,292.04557320604,294.81655424504,290.26848633052,290.7299738997,21812984.860979
2021-08-19,288.70312871835,297.47550378061,288.64351562478,296.77350821323,29850460.783445
2021-08-20,299.71407822531,305.83880968354,298.06957909238,304.35156578019,40817645.95244
2021-08-23,303.24769573721,305.39479491765,301.85192709813,304.64346437629,22830156.88759
2021-08-24,305.01553230512,305.6486644713,302.00301545597,302.62689731453,18175774.565829
2021-08-25,304.29092487467,304.58385128272,300.4181294166,302.01329357555,20006056.661797
2021-08-26,300.98753724138,302.43469647836,298.94116363283,299.08094605913,17666083.861907
2021-08-27,298.98227611116,300.8693388662,296.8331213068,299.71407822531,22605725.391616
2021-08-30,301.12115279593,304.21178335389,301.05948407845,303.59098493121,16348072.40557
2021-08-31,304.41220668572,304.49340383041,301.50041540847,301.88276145687,26285338.274881
2021-09-01,302.8653496888,305.18614909016,301.49116510084,301.83342648289,18983826.367418
2021-09-02,302.20549441171,303.36794973631,300.17556579449,301.15095934272,16290545.815965
2021-09-03,300.96698100222,302.60634107536,300.25676293918,301.14170903509,14751610.181656
2021-09-07,301.00809348054,301.09031843719,298.20833370672,300.17556579449,17184083.139766
2021-09-08,299.7757469428,300.60724681689,297.46522566103,300.20537234128,15046818.577964
2021-09-09,300.82000389221,302.14485350618,297.0047659038,297.25555202158,19926999.064343
2021-09-10,298.41903515813,299.9155293691,295.37773957416,295.70972283662,19633362.536201
2021-09-13,297.55772873725,298.54031696918,294.07036276347,296.99448778422,23652949.186709
2021-09-14,299.55373955985,301.38941171699,298.10760813483,299.78602506238,21853433.073088
2021-09-15,303.26825197637,305.31668120883,301.8231483633,304.81305334937,28356304.46567
2021-09-16,303.75851828038,305.30640308925,300.76039079864,305.2169834489,19550814.554685
2021-09-17,304.1624483799,304.49340383041,299.52496082503,299.86413877119,41372456.643943
2021-09-20,296.3305212593,298.71196156618,289.51510016524,294.29545358229,38278661.494155
2021-09-21,295.68916659746,297.54745061767,294.06008464389,294.79702581784,22364102.957243
2021-09-22,296.72314542729,300.21565046086,294.50307159783,298.58040163555,26626342.024179
2021-09-23,298.8414658729,300.90017322494,297.53717249809,299.55373955985,18604600.721189
2021-09-24,298.23916806546,299.79527537,296.9338468787,299.34303810845,14998978.202577
2021-09-27,296.14140385901,296.47235930952,292.94799210524,294.1628658397,23571741.974871
2021-09-28,289.7956928298,290.78033668564,282.74798623321,283.52192863765,43186237.11252
2021-09-29,285.09859218135,286.77392567303,283.00905047056,284.00397244599,26353695.613887
2021-09-30,285.71219592033,287.82743293007,281.62355995107,281.92470885479,32343634.947028
2021-10-01,282.12718781053,289.97658773442,281.29260450056,289.09369726243,30086279.856647
2021-10-04,287.40705783921,287.74829140929,280.24834755115,283.11183166637,31350747.187843
2021-10-05,284.04405711236,290.39901844919,284.04405711236,288.76479743584,24993024.571979
2021-10-06,285.78105932152,293.63148705737,285.50868915263,293.10935858266,28002559.419987
2021-10-07,295.17731624233,296.6419482826,293.91310753388,294.84738860378,20430471.027485
2021-10-08,296.21951756783,296.6419482826,293.75276886842,294.84738860378,17685700.338315
2021-10-11,292.92846367804,297.97810382811,292.74756877342,294.22453455718,19298634.306192
2021-10-12,295.33765490779,295.43838047968,292.35597241739,292.88735119972,17974143.12716
2021-10-13,294.90494607344,297.2843307564,293.48964900715,296.30996502014,23424024.219701
2021-10-14,299.20222787019,303.27853009595,297.83729358985,302.75640162125,27262902.809744
2021-10-15,302.3432212141,304.44304104446,300.51679936458,304.20150523431,25384803.249016
2021-10-18,303.57042869205,308.21716655455,302.69678852768,307.2962470401,22729296.343117
2021-10-19,308.33947617756,309.30253598229,307.22430020304,308.23772279371,17682139.230147
2021-10-20,309.21208852997,309.69413233832,306.10912422852,307.41341760333,16537069.132067
2021-10-21,307.17290960513,311.01692632837,306.35991034629,310.75894552689,16918100.733292
2021-10-22,310.39715571765,311.08784535348,307.80706958327,309.16069793207,17449332.406207
2021-10-25,309.36317688781,309.39195562264,306.4626915421,308.13699722182,17554469.268822
2021-10-26,310.99739790117,312.39316654025,308.58923448338,310.10525712155,28107348.638757
2021-10-27,315.99770307725,326.09698337739,315.99770307725,323.16669148489,52588690.278466
2021-10-28,324.31989650186,324.87183152335,321.35979806258,324.3507308606,26297943.103626
2021-10-29,324.13077910157,332.00073526463,323.89746578709,331.61736140426,34765981.408456
2021-11-01,331.35732497887,331.4888849095,326.36832573432,329.37056446389,27073181.908241
2021-11-02,330.31306802945,333.44789450161,330.00164100615,333.12413373481,26487109.169535
2021-11-03,333.89807613925,334.90327623426,330.65532941149,333.99880171114,21500081.492503
2021-11-04,332.88465354858,336.54777536719,329.51034689019,336.4470497953,23992201.767291
2021-11-05,338.5067849593,338.7863498119,334.42020461396,336.06573155885,22570098.372103
2021-11-08,337.30116153247,337.64033947864,334.44076085312,336.98973450917,20897001.100406
2021-11-09,337.10998850827,338.71543078679,334.53018049347,335.95575567934,21307370.256253
2021-11-10,334.57026515984,334.62987825341,329.92249948538,330.80538995738,25500938.208217
2021-11-11,331.25762721893,333.7767943282,330.51349136128,332.43447191094,16849844.001817
2021-11-12,333.91863237841,337.2292146954,333.78604463582,336.72867027182,23831049.42027
2021-11-15,337.53036359912,337.87262498117,334.02758044597,336.07600967843,16723008.78417
2021-11-16,335.6844133224,340.6744403789,335.5127687254,339.50890161844,20886832.766928
2021-11-17,338.93917443908,342.18625873855,337.99634016697,339.12076493545,19053380.315994
2021-11-18,338.17793066334,342.44684623051,337.11608793034,341.27317658167,22463533.141292
2021-11-19,342.63561827193,345.10094009551,342.19549215362,343.10652244048,21963403.260097
2021-11-22,344.62080251189,349.67148055495,339.5526835737,339.8307119608,31031112.952233
2021-11-23,337.0442724798,339.45009007293,333.55814532353,337.67727437957,30427562.912951
2021-11-24,336.28405463907,338.1584378982,333.90901509617,337.90810975631,21661306.904883
2021-11-26,334.34914121449,337.92760252146,328.11658604253,329.68113692932,24217241.996615
2021-11-29,334.94110571395,339.02945671976,334.74002245244,336.63389847671,28563481.275486
2021-11-30,335.32172760182,337.77781601033,328.9886307991,330.59216721618,42885609.403992
2021-12-01,335.13192962539,339.28081079665,329.38874545211,330.08022564732,33401146.43282
2021-12-02,330.30182760899,333.488381743,327.80675367019,329.49031301788,30765980.167425
2021-12-03,331.98333508666,332.69635991704,318.02651524149,323.00640376902,41779278.963997
2021-12-06,323.94923804112,327.44459861246,319.22993700556,326.19398383804,30032555.669626
2021-12-07,331.64477653411,335.80186518544,330.10074434748,334.9205870138,31021935.927571
2021-12-08,335.31146825174,335.50126622817,330.80248389277,334.97085782918,24760987.693366
2021-12-09,334.40967137995,336.48513790059,332.11568070266,333.09852644007,22214157.774863
2021-12-10,334.98111717925,342.99777332966,334.79131920282,342.53712851119,38095693.51547
2021-12-13,340.68326395222,343.78979515563,339.07972753514,339.40084519256,28899430.632831
2021-12-14,333.21753490096,334.64050675669,324.10928390233,328.3381880042,44438699.079693
2021-12-15,328.60903484624,335.19040792083,324.50016514027,334.65076610676,35381122.43545
2021-12-16,335.71363477477,336.7652181577,323.01563718409,324.9013057283,35034831.46147
2021-12-17,320.880666433,324.92182442845,317.25501211568,323.79842559499,47983713.052529
2021-12-20,320.05068501175,322.79608709243,317.56381855301,319.90910598068,28326532.215175
2021-12-21,323.28545809112,327.7277566746,319.80035686986,327.28455275126,24740596.855512
2021-12-22,328.29715060389,333.6073902039,325.75283178471,333.19701620081,24831492.909694
2021-12-23,332.74663073242,336.39485561991,332.72611203226,334.69180350707,19617848.165538
2021-12-27,335.46228069788,342.47762428074,335.43252858266,342.44684623051,19947028.519157
2021-12-28,343.14755984079,343.81031385579,340.3221348295,341.25265788151,15661466.777313
2021-12-29,341.3039546319,344.30173672449,339.68092544967,341.94618994674,15041955.740594
2021-12-30,341.90617848144,343.12704114064,338.81914004317,339.32082226196,15994471.223853
2021-12-31,338.50828173583,339.35057437718,335.85316193582,336.32406610437,18000796.743572
2022-01-03,335.35250565205,337.99634016697,329.78065262507,334.75028180251,28918013.209628
2022-01-04,334.83133066812,335.20066727091,326.1231943225,329.00914949925,32674306.320484
2022-01-05,325.86158089553,326.07394944213,315.98285270609,316.38399329411,40054326.648761
2022-01-06,313.14716834472,318.69747673655,311.49233517725,313.87660813522,39646147.6407
2022-01-07,314.15053278228,316.50300175501,310.08988202169,314.03870586644,32720017.802829
2022-01-10,309.48765817215,314.71992671158,304.68833420598,314.26851530817,44289466.647668
2022-01-11,313.37492591644,316.61175086583,309.88674689015,314.98051420354,29386773.952804
2022-01-12,319.67006312388,323.40651842203,317.08265503438,318.2665840333,34372216.550653
2022-01-13,320.46003307983,320.880666433,303.99890588079,304.79810925181,45365978.743071
2022-01-14,304.24718215266,310.8213736822,303.74549993388,310.20170893753,39846413.550777
2022-01-18,304.06866946131,309.80056834951,301.74287479879,302.65493102066,42434111.965473
2022-01-19,306.29289655807,313.90738618545,302.70417590103,303.32486658071,45933854.545989
2022-01-20,309.06805075399,311.65340697347,301.14270281926,301.60334763773,35380675.359869
2022-01-21,302.68468313588,304.10765499161,295.61086125758,296.03046867574,57984402.621707
2022-01-24,292.2027051619,297.1128301089,276.05038440018,296.37210503331,86035392.575754
2022-01-25,291.52251025177,294.98709277288,285.1699206839,288.48574262889,72848637.835124
2022-01-26,307.98568932083,308.49660495468,293.03473845317,296.71271545588,90428853.214994
2022-01-27,302.66416443573,307.30344254069,297.9356299851,299.83976535945,53481316.654811
2022-01-28,300.23064659739,308.47608625452,294.44745095881,308.25653616287,49743697.930916
2022-01-31,308.94596448807,312.38592456899,306.37394542368,310.9814195434,46444535.610496
2022-02-01,310.40894780909,310.63157570577,305.13051219431,308.75719244664,40950395.846034
2022-02-02,309.63128907323,315.12004136459,308.87722684255,313.45597478205,36635988.747748
2022-02-03,309.48765817215,311.23379955531,299.95877382034,301.25145193008,43729971.516031
2022-02-04,300.21115383224,308.79822984695,299.96800723541,305.94100085042,35096487.974267
2022-02-07,306.17183622716,307.83487687469,299.9002955249,300.94982703781,28533285.710868
2022-02-08,301.25145193008,305.56037896255,299.94851447026,304.56009233002,32421187.693994
2022-02-09,309.86828006002,311.93348723058,307.39475075638,311.21328085515,31284670.670811
2022-02-10,304.03789141108,309.11832156936,300.70155076594,302.38408417862,45386198.933771
2022-02-11,303.18431348465,304.28616768295,294.2196933871,295.03838952326,39175619.551865
2022-02-14,293.76725604869,296.76196033625,291.35220504049,294.99735212296,36359487.469579
2022-02-15,300.00801870071,300.79901459167,297.02357376322,300.46866351918,27379488.418107
2022-02-16,298.36413009699,300.87043670449,293.68118629687,299.499544324,29982121
2022-02-17,296.36051815627,296.79973610342,290.00056037613,290.73054265193,32461580
2022-02-18,293.05051437276,293.85933063907,286.30560100257,287.9304002616,34264007.999999
2022-02-22,285.00023297783,291.53935891824,284.49958594717,287.71642228735,41736116.999999
2022-02-23,290.17972853639,291.69907453538,280.09921593122,280.27121736507,37811167.000001
2022-02-24,272.50965266268,295.15855575545,271.51962059999,294.58931291486,56989686
2022-02-25,295.13910321234,297.63005254896,291.65505035886,297.31062131467,32546720.999999
2022-02-28,294.31083440292,299.14120800348,292.99932346983,298.79106222744,34627457
2022-03-01,296.40147087862,299.97152444902,292.14955448117,294.9496968715,31217778
2022-03-02,295.36127173106,301.47039408684,293.69961502192,300.18857387745,31873007
2022-03-03,302.89145355221,303.1289793418,294.05078461603,295.91925257301,27314468.999999
2022-03-04,294.29035804175,295.65920278612,287.16560817181,289.85927348404,32369655
2022-03-07,288.53138146201,289.69034350437,278.52970284736,278.91158698323,43157178.000001
2022-03-08,277.79972057157,283.96105764834,270.00129841906,275.8493471699,48159475
2022-03-09,283.4399342565,289.60024751521,280.78005494021,288.50066692025,35204480
2022-03-10,283.02016885246,286.5994367854,280.57938660072,285.5899521796,30628012
2022-03-11,287.9600909853,289.51015152605,279.43066273895,280.06850138947,27209330
2022-03-14,280.34083699306,285.40054583875,275.81863262814,276.44111400778,30660747
2022-03-15,280.35107517364,287.81880409321,278.7242282785,287.15025090093,34245085
2022-03-16,289.10983866513,294.57088418981,283.20036083078,294.38864457537,37826329
2022-03-17,293.28906398042,295.61005951931,289.36886463396,295.21998483897,30816632.999999
2022-03-18,295.37048609359,301.00148541599,292.73005932041,300.43019493928,43390624.999999
2022-03-21,298.88934876106,300.14147824675,294.89952978662,299.15963672854,28351245
2022-03-22,299.79747537906,304.9994949349,298.77058586626,304.05962995709,27599689
2022-03-23,300.51107656592,303.22931351155,297.71912472006,299.48930614341,25715377
2022-03-24,299.14120800348,304.197845395,298.31498683018,304.09955886138,24484456
2022-03-25,305.23087781615,305.49911814751,299.28659016781,303.67774582122,22566453.000001
2022-03-28,304.33094174262,310.79840041892,304.33094174262,310.70011388529,29578187.999999
2022-03-29,313.91080731712,315.82022799645,309.0497191748,315.410700773,30393402.999999
2022-03-30,313.76030606251,315.94922907183,311.58059741571,313.86064023225,28163555
2022-03-31,313.90056913654,315.14041280553,307.89075713244,308.30847490036,33422070.000001
2022-04-01,309.36915040909,310.13189486276,305.54007086985,309.42034131202,27110529
2022-04-04,310.09094214042,315.10969826377,309.70803418649,314.96943518974,24335867.999999
2022-04-05,313.26989721243,314.86500574776,309.8687736217,310.87928204555,23156719
2022-04-06,305.18992509381,307.00003542144,296.71066393232,299.499544324,40110372
2022-04-07,296.65947302939,303.64805509752,296.35027997569,301.3700599171,31411155
2022-04-08,300.44043311987,301.12024831079,296.27963652964,296.96968990115,24361917
2022-04-11,291.7901943426,292.61129642561,285.00023297783,285.25925894666,34569264
2022-04-12,289.23576828634,290.73975701445,280.48929061156,282.06085133154,30966721
2022-04-13,282.72940452382,288.58154854688,281.30015451398,287.62223102596,21907176
2022-04-14,288.09216351486,288.30307003494,279.32111420667,279.83097559987,28221607
2022-04-18,278.91158698323,282.4601403744,278.34029650652,280.51898133526,20778000.000001
2022-04-19,279.38151947213,286.16943320078,278.41093995256,285.29918785095,22297720
2022-04-20,289.39855535766,289.6995578669,285.37085511505,286.36088717774,22906667
2022-04-21,288.58154854688,293.299302161,280.05826320888,280.80872184585,29454587.000001
2022-04-22,281.67896719567,283.20036083078,273.37989801251,274.02899866167,29405798
2022-04-25,273.28980202335,281.11074817314,270.76916196303,280.72169731086,35678852
2022-04-26,277.50076569845,278.36077286769,270.00129841906,270.21937166555,46518445
2022-04-27,282.09975641777,290.96909225958,279.15935095341,283.2198133739,63477694
2022-04-28,285.18452022839,290.97933044017,281.45679867695,289.63096205697,33646570
2022-04-29,288.61123927058,289.87872602715,276.50049545518,277.52124205962,37073922.999999
2022-05-02,277.70962458241,284.93880389432,276.21894548906,284.46989522347,35151104.999999
2022-05-03,283.96105764834,284.13203526413,280.1493830161,281.78032518348,25978604.999999
2022-05-04,282.5911890859,290.88104390654,276.72983070031,289.98008401496,33599320
2022-05-05,285.54080891279,286.35064899715,274.34023935149,277.35128826189,43260386.000001
2022-05-06,274.80300511399,279.24944694257,271.26980899369,274.72929021377,37780322
2022-05-09,270.05863223035,272.35915140806,263.31986176851,264.58018179867,47725952.000001
2022-05-10,271.69162203384,273.75154396778,265.07059064875,269.49962757034,39336424.000001
2022-05-11,265.67976239363,271.35888116479,259.30035207037,260.55043391995,48975898
2022-05-12,257.68783862805,259.87983309155,250.02046518705,255.35046200022,51033802
2022-05-13,257.35100248676,263.04138325657,255.35046200022,261.11762912442,34925093.000001
2022-05-16,259.95457180983,265.8190016496,255.77944176678,261.49951326029,32550932.999999
2022-05-17,266.11078979631,268.32837971128,262.45985459927,266.81824807482,28828799
2022-05-18,263.000126477,263.59971119909,252.77143583485,254.07887781827,31355985
2022-05-19,253.9001259846,257.66821463838,251.88074098365,253.13915389269,32692286
2022-05-20,257.24023167662,258.53848070859,246.43851372767,252.55897651255,39199279
2022-05-23,255.49050658474,261.50065395227,253.43026402181,260.649795224,33175379
2022-05-24,257.89088835118,261.32905219195,253.50074331623,259.62018466206,29043904
2022-05-25,258.13909804022,264.5792712476,257.12378762497,262.52107156277,28547947.000001
2022-05-26,262.26979755658,267.11141865143,261.4311960969,265.90101337771,25002104.999999
2022-05-27,268.48014697782,273.33811109746,267.56085183323,273.24107438775,26910806.000001
2022-05-31,272.53015280926,274.77016864492,268.92958015962,271.86928174421,37827695.000001
2022-06-01,275.19406585048,277.69046288757,270.03988440647,272.41983739191,25292174
2022-06-02,264.45056992736,274.64861739802,261.59973354008,274.5781381036,44008209
2022-06-03,270.30954431555,273.45046939291,268.40864624435,270.01945562548,28058958.000001
2022-06-06,272.06131228552,274.17875543523,267.21969119068,268.75082832595,22400342
2022-06-07,266.63440661529,273.12973753135,265.9418709397,272.50053107683,22860677
2022-06-08,271.70891581343,272.99899333301,269.60985856661,270.41168822051,17372341
2022-06-09,267.77943978983,272.70890464294,264.62830032198,264.79070913086,26439728
2022-06-10,260.57931592958,260.57931592958,252.52935478011,252.99104523051,31445841.000001
2022-06-13,245.11166440231,249.02581884017,241.5304990946,242.26082801503,46135787.999999
2022-06-14,243.86040156662,245.73984941778,241.51109175266,244.49062946019,28651487.000001
2022-06-15,248.30979006644,255.29949748248,246.41808494668,251.76123261485,33111729
2022-06-16,245.97886615538,247.41705233714,243.01873578979,244.97070581347,33169160
2022-06-17,244.6990030263,250.50077682771,244.02996044884,247.64994044043,43084780
2022-06-21,250.25461001677,254.74996327382,249.5110023887,253.73976005382,29928297
2022-06-22,251.89095537415,257.1697523822,250.37003262937,253.1289395022,25961215.000001
2022-06-23,255.57017883061,259.36993209492,253.62944463647,258.8602340092,25861449
2022-06-24,261.80708566713,267.98066328259,261.71924190887,267.69874610491,33923231
2022-06-27,268.20537987349,268.30139514415,263.27897933753,264.88978871866,24615114
2022-06-28,263.98070796457,266.90917371962,256.32093653203,256.48028102375,27380247
2022-06-29,257.58956383156,261.97153735411,255.76016649382,260.25960550707,20069839.000001
2022-06-30,257.04922257435,259.5282551476,252.9001371551,256.83063461775,31730868
2022-07-01,256.39243726549,259.77135764139,254.61002612404,259.57932710008,22837692.000001
2022-07-05,256.1595491622,262.98174057411,254.73974888333,262.84997493672,22971634
2022-07-06,263.74884130032,267.98985623403,262.40054175492,266.20846653163,23824419
2022-07-07,265.11859106576,269.05317428461,265.01951147796,268.39843185385,20859874
2022-07-08,264.79070913086,268.10017165139,263.28408653278,267.65993142103,19658751
2022-07-11,265.64871793248,266.53021983223,262.17888948117,264.50879195318,19519108
2022-07-12,265.88058459672,265.9418709397,252.03804259728,253.6692807594,35868450
2022-07-13,250.19025935665,253.54977239061,248.10856657368,252.72036388238,29497423
2022-07-14,250.56921324403,255.13811011265,245.94005147149,254.07887781827,25102823
2022-07-15,255.71930893184,260.36992092442,254.77345637196,256.7203192004,29774049.999999
2022-07-18,259.7509288604,260.84182576531,253.30054126252,254.24945813955,20975034.000001
2022-07-19,257.57424224582,259.72130712796,253.6794951499,259.5282551476,25012562
2022-07-20,259.89903752258,264.87038137672,258.91028452262,262.26979755658,22788282.000001
2022-07-21,259.79076498333,264.88978871866,257.02879379336,264.84178108333,22404675
2022-07-22,265.24014231266,265.33105038807,259.0686075753,260.36072797298,21881290
2022-07-25,260.9960630618,261.50065395227,256.81122727581,258.83061227676,21055998
2022-07-26,259.8602228387,259.88065161969,249.57126729263,251.90014832559,39347956.999999
2022-07-27,261.16153618782,270.05009879697,258.8500196187,268.74061393545,45994049
2022-07-28,269.75081715545,277.84061442785,267.86932642619,276.41162119754,33459327
2022-07-29,277.70067727806,281.99889279855,276.62918771509,280.74047988951,32152752
2022-08-01,277.82120708591,281.27979970767,275.83961532979,278.00813043198,21539580
2022-08-02,275.99895982152,277.88964350223,272.37897982993,274.82021915835,22754184
2022-08-03,276.76095335248,283.49938676233,276.6087589341,282.47079763944,23518874.000001
2022-08-04,281.79971218389,283.7996898429,280.16643114367,283.64953830262,18098667.999999
2022-08-05,279.15009928937,283.64953830262,278.68023732658,282.91205930885,16774606
2022-08-08,284.04994241004,285.91917587071,279.32067961064,280.3196470011,18757818
2022-08-09,279.6414114722,283.07855387392,277.60976920265,282.30021731817,23405238
2022-08-10,288.16940609686,289.80983721043,286.9416363593,289.16020197492,24687845.000001
2022-08-11,290.84864072382,291.20920870831,286.50956764135,287.01926572707,20065938
2022-08-12,288.47992356792,291.91093733534,286.9416363593,291.91093733534,22619674.999999
2022-08-15,290.99981370315,294.18057490343,290.11014029099,293.46965332495,18085653.999999
2022-08-16,291.98958814216,294.0396163146,290.42065776206,292.70868123304,18102882
2022-08-17,289.73925400599,293.35054710718,289.47118454914,291.32015030854,18253358
2022-08-18,290.18875450207,291.91031082381,289.08080203214,290.17142681855,17186192
2022-08-19,288.8993709929,289.24796321435,285.56022445057,286.15038496583,20570032.999999
2022-08-22,282.07837933805,282.45958837554,277.22153157425,277.75053555943,25061070.000001
2022-08-23,276.43872798923,278.85950730487,275.40110552888,276.43872798923,17527409
2022-08-24,275.4092597329,277.23070505376,275.11061201101,275.79046877039,18137019.000001
2022-08-25,277.32957477739,279.02055283408,274.51943222024,278.84931454986,16583407
2022-08-26,279.08069008866,280.34051460829,267.97976060375,268.0908616334,27549307
2022-08-29,265.85151335699,267.400812119,263.8516948234,265.23077457669,20338544
2022-08-30,266.66897230905,267.05221989755,260.65830467775,262.97002151475,22767070.999999
2022-08-31,265.39080083039,267.11031860113,261.33102650863,261.47168652781,24791834
2022-09-01,258.87049544843,260.89171876756,255.40903584594,260.40042797592,23263431
2022-09-02,261.6949078626,264.74050306055,254.46926383372,256.05831434028,22855380
2022-09-06,256.20101291047,257.83083443708,251.93942203944,253.25021033414,21328242
2022-09-07,254.69962009702,258.82972442838,253.2196320691,258.09074968992,24126700.000001
2022-09-08,257.50874337867,260.43100624096,254.79033561664,258.51884540048,20319910.999999
2022-09-09,260.49929769955,265.23077457669,260.29136549728,264.45918302219,22093190
2022-09-12,265.7801640719,267.44973734307,265.15942529159,266.65062535003,18747689.999999
2022-09-13,258.83991718339,260.40042797592,251.58879126698,251.989366539,33353318
2022-09-14,253.5294918215,254.23075336641,249.85908074124,252.2207420778,23912953.999999
2022-09-15,249.76938449712,251.40022529924,244.02067066966,245.37936491293,31530948
2022-09-16,244.25918113697,245.29986142382,242.06162315612,244.73824062259,39791768
2022-09-19,242.46627553015,245.14085444562,240.84970458505,244.52011566531,26826930.999999
2022-09-20,242.06468098262,243.5100136435,239.63880528948,242.45098639763,26660299
2022-09-21,244.26937389199,247.66050348489,238.90186910202,238.95181360159,28625556.999999
2022-09-22,237.87036229468,243.86064441596,237.56967602179,240.98119112472,31061162
2022-09-23,239.53993556585,241.12898607241,235.19986048122,237.91928751875,34176048
2022-09-26,237.04474913861,241.44903857983,236.90001201742,237.45042078814,27694190.000001
2022-09-27,239.98128185792,241.79966935228,234.49859893631,236.41075977679,27018732
2022-09-28,236.8092964978,242.33071188847,234.72997447511,241.06986809333,29029679
2022-09-29,238.86109808197,239.95070359288,234.40992196769,237.5013845632,27484233
2022-09-30,238.28928452573,240.54086410815,232.73015594151,232.90037495023,35694832
2022-10-03,235.40983123449,241.61008410903,234.65964446552,240.7386035554,28880356.999999
2022-10-04,245.08989067055,250.35852573689,244.9757318144,248.88057625997,34888416
2022-10-05,245.98991093822,250.58072779618,244.09915488326,249.19859021638,20347136
2022-10-06,247.93061149274,250.33814022686,246.07960718233,246.79004220676,20239886.000001
2022-10-07,240.90168763562,241.31959059116,233.17048295808,234.24072223447,37769602
2022-10-10,233.04816989792,234.55771691538,226.72968106522,229.2513686555,29743608
2022-10-11,227.62052785338,229.05872558575,224.11014302683,225.41073856651,30473954
2022-10-12,225.4005458115,227.86005759619,223.95929025263,225.75117658395,21903937
2022-10-13,219.84855215579,236.09988074888,219.12996292736,234.24072223447,42551818
2022-10-14,235.53927922316,237.24045003486,228.33911708181,228.5602998656,30198588
2022-10-17,235.81957998602,238.9620063566,235.13360757363,237.52992427724,28142268
2022-10-18,243.23888636015,243.92995515005,235.37109876544,238.50129383,26329591
2022-10-19,237.0406720366,239.60924629994,234.29168600954,236.48108978638,19985698.000001
2022-10-20,235.76963548646,241.30939783614,234.86961521879,236.15084452395,21811015
2022-10-21,234.74016723012,243.00037589284,234.49859893631,242.1207411352,26299733
2022-10-24,243.75973614132,247.84091524862,241.29410870362,247.25075473335,24911212
2022-10-25,247.26094748837,251.04042104727,245.82988468451,250.66125056078,34775505
2022-10-26,231.16760659798,238.29947728074,230.05863485254,231.32049792318,82684846
2022-10-27,231.04019716032,233.69031346376,225.77971629799,226.75006657525,40424645
2022-10-28,226.23940954909,236.60034502003,226.05084358134,235.86952448559,40647724
2022-10-31,233.76166274885,234.92057899385,231.14722108796,232.12980267123,28357264.999999
2022-11-01,234.59950721094,235.74109577242,227.324937958,228.1719558996,30592270.999999
2022-11-02,229.45828158227,231.30011241316,220.04221450105,220.09827465362,38407008
2022-11-03,220.08808189861,220.41017295702,213.98160237018,214.24865255153,36633922
2022-11-04,217.55212445131,221.58845543655,213.43119359947,221.3907159893,36789063
2022-11-07,221.99106925958,228.4084278159,221.27961495965,227.8702503512,33497979
2022-11-08,228.69994060928,231.64972391011,225.83883427707,228.8691403425,28192548
2022-11-09,227.36978608006,228.63266842619,224.33132581061,224.50969902334,27852910
2022-11-10,235.42919746901,243.33062115527,235.00212103396,242.97999038281,46268021.000001
2022-11-11,242.99018313783,247.98972947181,241.93013661645,247.11009471417,34620246.000001
2022-11-14,241.98619676902,243.91160819102,239.20969030342,241.54892757896,31123340
2022-11-15,245.66170422679,246.99899368453,240.03020708198,241.9709076365,31390117.000001
2022-11-16,242.79112781624,243.80144041613,240.41984079858,241.72999466303,24093272
2022-11-17,237.78022125942,243.2505456182,237.6297924216,241.68019052078,23123544
2022-11-18,243.50871402904,243.74045575215,239.02939045989,241.21975630775,27613523
2022-11-21,241.43015339847,244.66945546674,241.18926397576,242.04914773784,26394700
2022-11-22,243.58901050327,245.30877802744,240.71053436354,245.03129780634,19665699
2022-11-23,245.10549581418,248.28178039635,244.27102232876,247.57842393847,19508462
2022-11-25,247.31009141697,248.70054175566,246.73073710918,247.4899961757,9200772
2022-11-28,246.08125043782,246.65044063495,240.79997853737,241.76048699502,24810271
2022-11-29,241.39966106648,242.79112781624,238.21117955152,240.33039662474,17956313
2022-11-30,240.57026963639,255.32855831895,239.86081471212,255.14153868275,47594239
2022-12-01,253.87102484988,256.12034253959,250.91530146911,254.68923575825,26041524
2022-12-02,249.81961033964,256.06139069774,249.68950972316,255.02058576586,21528520
2022-12-05,252.0099761875,253.8191878855,248.05816996176,250.19974807844,23435294
2022-12-06,250.81874241781,251.85853093863,243.7811121948,245.12074198018,22463727
2022-12-07,244.82903200415,246.16053050099,242.20669145312,244.36961420219,20481522
2022-12-08,244.83919611481,248.74119819831,243.05946033774,247.3995355908,22611757
2022-12-09,244.6948657434,248.31125631727,244.16023352253,245.42058324473,20609743
2022-12-12,247.44527408879,252.54054276411,247.16982668982,252.51005043212,30665069
2022-12-13,261.69129159394,263.91519900698,253.07009292965,256.91924163769,42196884
2022-12-14,257.13167155055,262.58878256547,254.31011443052,257.21908290225,35410933
2022-12-15,253.71957960101,254.1993256243,247.33956733789,249.00953071981,35568093
2022-12-16,248.54909650678,249.83993856097,243.50871402904,244.68978368807,86101994
2022-12-19,244.85952433614,245.20815333188,238.71125379614,240.4493167195,29696436
2022-12-20,239.40139691015,242.90903149993,238.41852740905,241.80114343767,25150802
2022-12-21,241.69035463144,245.61573416946,240.10983542336,244.43059886616,23690607
2022-12-22,241.25533069507,241.98816307387,233.86805506526,238.1908513302,28651664
2022-12-23,236.10822505537,238.86981392248,233.94123666203,238.73158201747,21206982
2022-12-27,238.70108968548,238.92876576433,235.83176124533,236.95896111785,16688648
2022-12-28,236.88984516534,239.7195335739,234.17094556301,234.52973866941,17457104
2022-12-29,235.6488072534,241.92006353242,235.6488072534,241.01037562809,19770693
2022-12-30,238.21117955152,239.95940658555,236.6591198533,239.82117468053,21938472
2023-01-03,243.07978855906,245.74888401915,237.39906710956,239.57926884675,25740036
2023-01-04,232.27635533545,232.86892298709,225.95936055844,229.10108716435,50623394
2023-01-05,227.19938205932,227.55004387719,221.75955003252,222.31044483045,39585623
2023-01-06,223.00058794446,225.76014398945,219.35065580541,224.92871973722,43613574
2023-01-09,226.45028710346,231.23758322569,226.41064707187,227.11908558508,27369784
2023-01-10,227.75332609045,231.31076482247,227.3294826758,228.84901721991,27033881
2023-01-11,231.29145301221,235.94966492902,231.10951543134,235.77077658136,28669331
2023-01-12,235.26053822608,239.90147115477,233.56008251217,238.50898799395,27269486
2023-01-13,237.00165038264,239.37090457816,234.92004051887,239.22962343995,21333265
2023-01-17,237.96927371775,240.90975093253,237.0900781454,240.35072484607,29831257
2023-01-18,241.56431965922,242.37948133439,235.52073945905,235.81143302401,30028692
2023-01-19,233.78064371356,235.52073945905,230.68058996137,231.92975916184,28623033
2023-01-20,234.85499021063,240.74102669552,234.50941044809,240.21960781852,35389809
2023-01-23,241.10083621299,245.16343124496,239.65041762139,242.57971431445,31933951
2023-01-24,242.49840142914,243.95085284287,240.43915260884,242.03898362718,40234444
2023-01-25,234.4789181161,243.30136617151,230.90013475169,240.60889325691,66526641
2023-01-26,243.64999516725,248.31125631727,241.99832718453,247.99820170885,33454491
2023-01-27,248.98920249848,249.82977445031,246.82831257155,248.15981106839,26498939
2023-01-30,244.50987892934,245.60150441453,242.20160939779,242.71184775306,25867365
2023-01-31,243.44976218719,247.94941397767,242.94460588725,247.81118207265,26541072
2023-02-01,247.99820170885,255.1791458922,245.47140379805,252.7519562659,31259912
2023-02-02,258.81891392059,264.6897042395,257.24855882317,264.60127647673,39940437
2023-02-03,259.54259859979,264.19979410554,257.10117921856,258.35034841903,29077256
2023-02-06,257.4406605147,258.29952786572,254.77867993208,256.76881279988,22517997
2023-02-07,260.52953374516,268.77364390386,260.08028005386,267.56004909071,50841365
2023-02-08,273.20011409756,276.76060206278,266.21025519467,266.73065766061,54686049
2023-02-09,273.79878021561,273.97970138541,262.79816324513,263.62043979776,42375102
2023-02-10,261.53069864546,264.09103812145,260.66370000591,263.10207015395,25818489
2023-02-13,267.63932915388,274.60174495798,267.15043543099,271.32077003599,44630921
2023-02-14,272.67056393202,274.96968576397,269.27981661487,272.16947327634,37047924
2023-02-15,268.32011189164,270.73008474612,266.17982888961,269.31978931466,28962163
2023-02-16,264.02129619832,266.74049989867,261.90027675719,262.1486753055,29603616
2023-02-17,259.38993061175,260.09152977679,256.00055776676,258.06074491035,30000055
2023-02-21,254.48177807134,255.49058033899,251.59123006623,252.66998947607,28397444
2023-02-22,254.08940975216,254.33983604373,250.34011248002,251.51012033617,22491056
2023-02-23,255.56053748117,256.84004347291,250.481040636,254.76971761306,29219095
2023-02-24,249.9619383636,251.0001429084,248.10047005867,249.21978433353,24990905
2023-02-27,252.46011804953,252.82105634831,249.39112863829,250.158629459,21190042
2023-02-28,249.06973133291,251.48984290366,248.73008433828,249.42154478706,22490950
2023-03-01,250.75884146147,250.93119963785,245.78985662351,246.2694179025,27565259
2023-03-02,246.55026034284,251.40062220059,245.60938747412,251.11065491561,24833646
2023-03-03,252.18941432545,255.61934203547,251.39048348433,255.28983375709,30760136
2023-03-06,256.42536997796,260.11991818231,255.98028033424,256.86944575006,24109849
2023-03-07,256.29964989637,257.68966789531,253.38983833037,254.14922817808,21473179
2023-03-08,254.03871617087,254.54058262563,250.80953504276,253.70008304786,17340217
2023-03-09,255.82008861737,259.56127491651,251.58109134998,252.32020376517,26653387
2023-03-10,251.08023876684,252.79064019953,247.60063134715,248.59017005392,28333930
2023-03-13,247.39887089362,257.90967803811,245.72902432596,253.92110706228,33339721
2023-03-14,256.74980889821,261.0709297673,255.8606434824,260.78907345533,33620293
2023-03-15,259.98101776958,266.47993489085,259.21047533399,265.43970260279,46028047
2023-03-16,265.20549825724,276.55984659437,263.28015603988,276.20093603885,54832140
2023-03-17,278.26010931081,283.33048131135,276.31955901906,279.42808942371,69527371
2023-03-20,276.97958944745,277.47942815896,269.84903030332,272.23061475228,43466649
2023-03-21,274.87986131045,274.99949816229,269.51952202494,273.77981059648,34558704
2023-03-22,273.40163648006,281.0401453087,272.17992117099,272.2904331782,34873330
2023-03-23,277.93972587706,281.05839499797,275.20125861582,277.65989730835,36610879
2023-03-24,277.24015445527,280.62952730026,275.28135447426,280.56970887434,28199962
2023-03-27,280.49975173216,281.45887429015,275.51961430632,276.37937744498,26840212
2023-03-28,275.7903180304,276.14111761292,272.04406237314,275.23066089297,21878647
2023-03-29,278.9596807326,281.13950472803,278.4091484398,280.50887657679,25087032
2023-03-30,284.23079931504,284.45892043084,281.48016559429,284.04931629403,25053410
2023-03-31,283.73096060353,289.26974129518,282.99995916134,288.2994661493,32765976
2023-04-03,286.51910757443,288.27006387216,283.94894300307,287.22881771248,24883342
2023-04-04,287.22881771248,290.44988786759,285.67049702365,287.18015187444,25824299
2023-04-05,285.84995230141,287.14973572567,282.9198633029,284.34131132225,22064770
2023-04-06,283.2108444595,292.07917957022,282.02968401547,291.59961829123,29770334
2023-04-10,289.20890899763,289.59924957356,284.71137446566,289.39039201865,23102994
2023-04-11,285.75160675371,285.97871399789,281.63934343954,282.83064259984,27276589
2023-04-12,284.7914703241,287.00982144131,281.95972687329,283.48965915659,27403432
2023-04-13,283.59003244755,289.90036944641,283.17028959447,289.83953714887,24222678
2023-04-14,286.99968272505,288.47993529869,283.6904057385,286.13991958639,20987917
2023-04-17,289.93078559519,291.59961829123,286.1601970189,288.80031873244,23836223
2023-04-18,291.56920214245,291.7557545216,287.00982144131,288.36942329148,20161845
2023-04-19,285.98885271415,289.04973115238,284.53901628928,288.45053302155,17150271
2023-04-20,285.2517680422,289.03046759149,285.07940986582,286.10950343762,23244363
2023-04-21,285.00843885202,286.27172289774,283.06079145889,285.76174546997,21676387
2023-04-24,282.09051631301,284.94760655447,278.72040702891,281.77013287927,26611014
2023-04-25,279.50919915377,281.59878857451,275.36854743408,275.41924101537,45772236
2023-04-26,296.70040644054,299.57067701313,292.73008515397,295.37020686751,64599182
2023-04-27,295.96940499835,305.19867840784,295.25057001567,304.82962913606,46462638
2023-04-28,304.0094069908,308.92972599072,303.30983556901,307.25886555143,36469613
2023-05-01,306.96991213808,308.60021771234,305.15001256981,305.56063057825,21294115
2023-05-02,307.75971813457,309.18015228229,303.91004757147,305.41057757763,26404431
2023-05-03,306.62114029882,308.6103564286,304.09051672086,304.39974756673,22360754
2023-05-04,306.23789682427,307.76174587782,303.40007014371,305.41057757763,22519907
2023-05-05,305.71879455187,311.96931312482,304.26997199863,310.64925226805,28197052
2023-05-08,310.13116386727,310.1990932662,306.09088543853,308.64989742201,21318613
2023-05-09,308.00000570988,310.03991542095,306.30886783807,307.00032828686,21340829
2023-05-10,308.62049514486,312.99940669661,307.6704974315,312.30997399108,30078044
2023-05-11,310.1007477185,311.11968870241,306.25817425679,310.11088643476,31680179
2023-05-12,310.54989284872,310.64925226805,306.6008628663,308.97028085575,19774696
2023-05-15,309.09498706572,309.90608436635,307.59141544469,309.45998085101,16336547
2023-05-16,309.83004399442,313.71114457791,309.83004399442,311.74017813739,26730347
2023-05-17,312.28934473309,314.43001742561,310.73948151714,314.000061899,24315012
2023-05-18,314.53017177182,319.04015233102,313.71983206165,318.51914739876,27275991
2023-05-19,316.74064900866,318.75081755311,316.37038142574,318.34008356768,27546701
2023-05-22,318.60008020377,322.59006749078,318.0092707272,321.18082502354,24115664
2023-05-23,320.03056753233,322.7195599788,315.25047373641,315.25957867697,30797173
2023-05-24,314.72946880415,316.49987391375,312.61004097294,313.85033620973,23384887
2023-05-25,323.23955325099,326.89872769752,320.00021773045,325.9194407569,43301743
2023-05-26,324.01954315928,333.39965525998,323.87993407064,332.88977858841,36630633
2023-05-30,335.23075997334,335.7406366449,330.51945906167,331.21042288445,29503070
2023-05-31,332.28986417128,335.93892201718,327.32868322414,328.38890296978,45950553
2023-06-01,325.92955735752,333.53015940806,324.72062358268,332.58021060925,26773851
2023-06-02,334.24742639246,337.49991349382,332.54986080737,335.39869554374,25873769
2023-06-05,335.22064337271,338.56114489952,334.66119535808,335.93892201718,21307053
2023-06-06,335.33091431954,335.36935740192,332.17048828389,333.68089675739,20396223
2023-06-07,331.64948335163,334.48921314743,322.50002974521,323.3801739997,40717129
2023-06-08,323.93557537408,326.64075438155,323.34982419782,325.25983839606,23277708
2023-06-09,324.98972515934,329.98934918886,324.41004394345,326.78946841076,22528950
2023-06-12,328.58010672161,332.10068373956,325.16069570993,331.84979204403,24306753
2023-06-13,334.46392164587,336.97992022163,330.38996657366,334.29092777516,22951279
2023-06-14,334.33948745816,339.0406717692,332.80985744347,337.34007120392,26003791
2023-06-15,337.48069195263,349.84014293777,337.20046211528,348.10008763005,38899075
2023-06-16,351.3202016094,351.47093895873,341.95020610932,342.33059029287,46551985
2023-06-20,339.30977334586,342.07969859734,335.85900087223,338.05126822795,26375407
2023-06-21,336.36988920386,337.72956032803,332.07033393768,333.56050920994,25117799
2023-06-22,334.12096888463,340.12011305603,333.33895565622,339.71039073066,23556764
2023-06-23,334.35972065942,337.96021882231,333.45023826311,335.01932302025,23146901
2023-06-26,334.6308455562,336.10989256776,328.49006897604,328.60033992287,21520582
2023-06-27,331.85990864466,336.15035897027,329.29939702614,334.57014595244,24354110
2023-06-28,334.66119535808,337.98045202357,333.81038924541,335.84888427161,20259523
2023-06-29,334.70975504109,336.10989256776,332.62067701176,335.04967282213,16997042
2023-06-30,337.74979352929,342.73019601761,337.20046211528,340.54096364208,26832756
2023-07-03,339.18938579841,340.90010296431,336.57120955632,337.99056862419,12508692
2023-07-05,335.09013922463,341.64974307072,334.72695326215,338.15041091409,18172378
2023-07-06,337.29960480142,342.99019265371,335.49986155,341.27037054724,28195534
2023-07-07,339.31988994649,341.79036381943,337.00015342288,337.21968365647,21214824
2023-07-10,334.60049575432,335.23075997334,327.59070318036,331.82955884278,32791449
2023-07-11,331.05968553512,332.85942878654,326.99989370379,332.46993966242,26698218
2023-07-12,336.60054769814,341.65176639085,335.67083210058,337.20046211528,29995262
2023-07-13,339.56066504139,343.73983276012,339.02043856795,342.65937981323,20567159
2023-07-14,347.58919929842,351.43148421629,344.31040903544,345.240124633,28352729
2023-07-17,345.67817344011,346.99029654134,342.20008614479,345.72976810331,20363927
2023-07-18,345.82992244951,366.7803906865,342.16973634291,359.48935661513,64872705
2023-07-19,361.75041685511,362.45959055901,352.43505099842,355.07953040213,39732901
2023-07-20,353.56912192862,357.96984320106,345.36961712101,346.86990899389,33778395
2023-07-21,349.149179115,350.30044826627,339.82976661805,343.77018256199,69405382
2023-07-24,345.85015565076,346.92049199702,342.31035709162,345.10962048492,26719207
2023-07-25,347.10967242873,351.89077788472,345.07016574247,350.98028382835,41637739
2023-07-26,341.4393177777,344.66954835767,333.11032048207,337.76901507048,58383702
2023-07-27,340.48026403832,341.331070151,329.05052865074,330.72077941414,39635262
2023-07-28,333.67078015676,340.0098421092,333.17102008583,338.36994114768,28484868
2023-07-31,336.92023227793,337.6951638859,333.35918885747,335.91970047599,25446022
2023-08-01,335.19029357083,338.54091169826,333.70112995864,336.34055106204,18381253
2023-08-02,333.63031375426,333.63031375426,326.35445458383,327.49965377472,27761257
2023-08-03,326.00037356191,329.88008990209,325.94979055878,326.66098758281,18360352
2023-08-04,331.88014184591,335.14072222777,327.24066879869,327.77786029195,23741484
2023-08-07,328.36866976852,331.10925687819,327.51988697598,330.11074839637,17741526
2023-08-08,326.95942730128,328.7510772722,322.99978981615,326.04994490498,22327574
2023-08-09,326.46978383097,327.11117631068,321.05032087546,322.22991650849,22373268
2023-08-10,326.01554846285,328.26042214182,321.18082502354,322.92998527183,20113725
2023-08-11,320.25920270649,322.40898033957,319.21011122154,321.00985447296,24355491
2023-08-14,321.38922699644,324.05899790172,320.08115053546,324.03977636053,18836139
2023-08-15,322.99978981615,325.08987950554,320.90261850632,321.8586372655,16966285
2023-08-16,320.80006911337,324.4202175454,319.80367020026,320.40029812088,20698864
2023-08-17,320.54062177733,321.87016318419,316.21077888135,316.88009243697,21257161
2023-08-18,314.48954266367,318.38024318153,311.55082205975,316.47931192177,24755012
2023-08-21,317.92999605362,322.7696479173,317.03959702488,321.88025841127,24039956
2023-08-22,325.5004068433,326.07482526434,321.46029696461,322.46073396856,16102024
2023-08-23,323.81955153395,329.20030756929,323.46016144979,327.00156711057,21166382
2023-08-24,332.85074168257,332.98097011195,319.96115574276,319.97125096984,23281434
2023-08-25,321.47039219169,325.36008318685,318.80020462819,322.98063816334,21684104
2023-08-28,325.65890190851,326.14952994475,321.72075382336,323.69941833166,14808482
2023-08-29,321.88025841127,328.983260187,321.88025841127,328.40985128868,19284590
2023-08-30,328.67030814743,329.80904976241,326.446329621,328.78943182701,15222110
2023-08-31,329.20030756929,330.91043903719,326.77947211474,327.75971866452,26410954
2023-09-01,331.31021002968,331.99062833509,326.77947211474,328.66021292034,14942024
2023-09-05,329.00042207305,334.84959664505,328.66021292034,333.55034091944,18553859
2023-09-06,333.38074110444,334.46093040234,330.17954459636,332.88001784112,17535773
2023-09-07,331.29001957551,333.07990333736,329.0307077543,329.91000203324,18380995
2023-09-08,330.08969707532,336.15995712044,329.46076442804,334.26912108776,19548165
2023-09-11,337.24014641835,338.42128798708,335.43007220233,337.9387361325,16583324
2023-09-12,335.8147003542,336.78989929044,331.47980984468,331.76954286197,17565482
2023-09-13,331.31021002968,336.84946113023,331.16988637322,336.06001437232,16544412
2023-09-14,339.14814433707,340.86029485038,336.56982334002,338.69991625458,20267048
2023-09-15,336.92012771981,337.39662243814,329.6495451745,330.2199255047,37679792
2023-09-18,327.80009957285,330.39962054678,326.36052019079,329.05998391284,16834208
2023-09-19,326.16871087621,329.39009783846,324.51006506644,328.65011769326,16514487
2023-09-20,329.51124056346,329.5899833347,320.51134561879,320.76978343212,21436525
2023-09-21,319.25953746048,325.34998795976,314.99935163137,319.5290800236,35560362
2023-09-22,321.31997330815,321.45020173753,316.15020751885,317.00931134363,21447887
2023-09-25,316.59035941968,317.67054871758,314.99935163137,317.5393107655,17835964
2023-09-26,315.12958006074,315.87965543302,310.01937611123,312.14038332141,26297573
2023-09-27,312.29988790932,314.2987428718,309.69128123103,312.78950642286,19410082
2023-09-28,310.98952743393,315.47988444053,309.44899578103,313.63952454326,19683564
2023-09-29,317.75030101154,319.47052770651,314.98017069991,315.74942700365,24147298
2023-10-02,316.27942642552,321.88833459294,315.18005619616,321.79949659461,20570006
2023-10-03,320.83035479462,321.39063989774,311.21566052059,313.39017243431,21033492
2023-10-04,314.03020983138,320.0388889913,313.99992415013,318.95466160256,20720144
2023-10-05,319.08993764548,319.98134619692,314.90041840595,319.36048973131,16965629
2023-10-06,316.54997851135,329.19021234221,316.29961687968,327.2600049239,25673630
2023-10-09,324.75033147102,330.30068732136,323.17951413688,329.81914498949,19891180
2023-10-10,330.95990564989,331.10022930635,327.66886162077,328.39067035722,20557094
2023-10-11,331.20925775885,332.82045600133,329.13973620679,332.42068500883,20063246
2023-10-12,330.56518227094,333.62908369069,328.71876523743,331.15979114614,19313098
2023-10-13,332.3803041005,333.82997870964,326.36052019079,327.72943298327,21085695
2023-10-16,331.04975317093,336.14077618899,330.59950604302,332.63874191383,22158048
2023-10-17,329.5899833347,333.4604933984,327.41042380744,332.05927587925,18338523
2023-10-18,332.49135159841,335.59058631295,328.29981331347,330.10887800678,23153602
2023-10-19,332.14912340029,336.87974681148,330.91043903719,331.32030525676,25052071
2023-10-20,331.72007624926,331.92097126821,325.44993070789,326.66943413954,25027715
2023-10-23,325.47012116205,332.72455134403,324.38993186415,329.31943124887,24374748
2023-10-24,331.3001148026,331.84020945155,327.5992045539,330.52984897615,31153571
2023-10-25,345.01952840865,346.20066997739,337.61972695667,340.67050458121,55053828
2023-10-26,340.54027615184,341.63056067683,326.94099574808,327.8899470939,37828543
2023-10-27,330.42485861448,336.72024222356,328.4007655843,329.80904976241,29856522
2023-10-30,333.41102678569,339.44999162686,331.83011422446,337.31081300793,22828082
2023-10-31,338.85033513811,339.00075402165,334.68908253442,338.11035499292,20265282
2023-11-01,339.79020077956,347.41916388633,339.6498771231,346.07044154801,28158819
2023-11-02,347.24047836695,348.82845758714,344.7701762997,348.31864861944,24348072
2023-11-03,349.63102814025,354.38890866456,347.32931636529,352.79891039896,23637673
2023-11-06,353.45005254582,357.53962903722,353.34910027499,356.53010632891,23828301
2023-11-07,359.39916986595,362.46004271757,357.63048608097,360.52983529927,25833931
2023-11-08,361.67968166404,363.87034594109,360.55002575343,363.20002286277,26767828
2023-11-09,362.30053812966,364.79002112837,360.36124500698,360.69034940989,24847331
2023-11-10,361.48989139488,370.09910105142,361.06992994822,369.67005390039,28065164
2023-11-13,368.22037929124,368.4697314002,365.90049610752,366.67984763835,19986506
2023-11-14,371.01070005703,371.95157522119,367.34512310313,370.27071991184,27683862
2023-11-15,371.27977481568,373.12950418626,367.10982390892,369.6708326562,26860095
2023-11-16,370.9593968528,376.34940346096,370.18061645877,376.17107987785,27182315
2023-11-17,373.61007113057,374.36970944507,367.00000882102,369.84915623931,40325371
2023-11-20,371.22033362131,378.87011309341,370.99969596763,377.43949451704,52528964
2023-11-21,375.67137085399,376.22246124925,371.12059331211,373.07006299189,28423145
2023-11-22,377.99965221314,379.78893291147,374.96512886664,377.85054548828,23361184
2023-11-24,377.330686907,377.96942787702,375.13640010466,377.42941973833,10176649
2023-11-27,376.78060398961,380.6402517122,376.20130421397,378.61018380277,22179228
2023-11-28,378.35025451214,382.99976488534,378.15984119458,382.70054395775,20453112
2023-11-29,383.76041067771,384.29941133852,377.43949451704,378.84996353599,28963399
2023-11-30,378.49029393616,380.09016879481,375.46987527985,378.91041220824,30554415
2023-12-01,376.7604544322,378.15984119458,371.3099991518,374.51075634696,33040472
2023-12-04,369.10060018139,369.52071845347,362.89957388734,369.14089929622,32063305
2023-12-05,366.44992590363,373.07510038124,365.62177909392,372.51998007449,23065035
2023-12-06,373.54055515749,374.18030360538,368.03065868273,368.79936429806,21182072
2023-12-07,368.22913182325,371.45205353157,366.31996125831,370.9493220741,23118864
2023-12-08,369.19933301272,374.46038245343,368.22913182325,374.22866254317,20154366
2023-12-11,368.47999381305,371.60015277856,366.1003310825,371.29992437309,27708757
2023-12-12,370.8495817649,374.4200833386,370.45968782894,374.37978422377,24838253
2023-12-13,376.01995819725,377.63595270182,370.76999101312,374.36970944507,30955531
2023-12-14,373.30984272511,373.75917785543,364.13071184531,365.93006732235,43277461
2023-12-15,366.84989461829,372.40009020788,366.27966214348,370.72969189829,78502324
2023-12-18,369.45019500252,373.00054701881,368.67947443145,372.64994471981,21802878
2023-12-19,371.48933021278,373.25946883157,369.8390814606,373.25946883157,20603658
2023-12-20,375.00039059211,376.03003297595,370.53021127989,370.62088428825,26316650
2023-12-21,372.55927171145,374.41000855989,370.04057703474,373.54055515749,17708006
2023-12-22,373.67958710365,375.1797216531,372.71039339205,374.58127979791,17107484
2023-12-26,375.00039059211,376.93978549318,373.50025604267,374.65986307182,12673050
2023-12-27,373.68966188236,375.06083926436,372.81114117912,374.07048851747,14905412
2023-12-28,375.36912749278,376.45720359312,374.16015404796,375.27946196229,14327013
2023-12-29,375.99980863983,377.16042314686,373.48010648525,376.04010775466,18730838
2024-01-02,373.8599256425,375.89906085276,366.77131134437,370.86872384444,25258633
2024-01-03,369.0109346509,373.25543892009,368.51021814917,370.60073473084,23083465
2024-01-04,370.66622079243,373.09927985013,367.17027258116,367.93998567437,20901502
2024-01-05,368.97063553607,372.05956268759,366.50029979716,367.74957235681,21004575
2024-01-08,369.29907332192,375.19987121051,369.0109346509,374.69008740794,23133967
2024-01-09,372.00918879406,375.98973386113,371.19111676306,375.78924576486,20829953
2024-01-10,376.36955301837,384.17045417107,376.31917912484,382.77005993082,25514245
2024-01-11,386.00003398423,390.68077617143,380.37931494369,384.63087155798,27850846
2024-01-12,385.4892427038,388.67992512025,384.65001363752,388.47036972315,21661153
2024-01-16,393.65988823504,394.03064009145,387.62207335603,390.27073267806,27202268
2024-01-17,387.980735478,390.11054369662,384.80919514109,389.46978777087,22234108
2024-01-18,391.72049333397,393.99034097662,390.12061847533,393.86944363214,23392068
2024-01-19,395.76047959541,398.67007568595,393.50070673147,398.67007568595,29331136
2024-01-22,400.02009603266,400.62055284359,393.58936478409,396.50903565333,27016902
2024-01-23,395.75141229458,399.38034758478,393.92989230438,398.89978064046,20525882
2024-01-24,401.53937266165,405.62973281663,400.44928160557,402.55994774466,24866953
2024-01-25,404.32001158474,407.00997749946,402.52871593066,404.87009450213,21021155
2024-01-26,404.37038547827,406.16974095531,402.42998309934,403.92911017091,17803271
2024-01-29,406.05891838954,409.97901478437,404.33008636345,409.72110044947,24510236
2024-01-30,412.25994468359,413.05081481208,406.44981980336,408.59071027857,33477610
2024-01-31,406.95960360593,415.31965497686,397.21024025133,397.578977152,47871097
2024-02-01,401.83053376628,408.00032824634,401.80030943016,403.78000344605,30657726
2024-02-02,403.81022778217,412.64883114168,403.56037327024,411.22022752105,28256670
2024-02-05,409.89942403258,411.15977884881,403.98955884315,405.64988237404,25352286
2024-02-06,405.88059480643,407.97010391022,402.91055004365,405.4896933926,18382624
2024-02-07,407.44117802812,414.29907989386,407.40087891329,414.0502328598,22340526
2024-02-08,414.0502328598,415.55943471008,412.52994875294,414.11068153204,21225257
2024-02-09,415.25114648165,420.82048415079,415.08995002234,420.54947260358,22032844
2024-02-12,420.55450999293,420.73988592113,414.75042997992,415.26021378249,21202921
2024-02-13,404.93961047521,410.0706952706,403.3901095101,406.32086263592,27824936
2024-02-14,408.06982235203,409.83971044031,404.57027090477,409.49076091381,20401190
2024-02-15,408.14021562827,409.12974396853,404.28970341805,406.56038938584,21825525
2024-02-16,407.95920434652,408.29005274484,403.43995601203,404.06042246116,22296495
2024-02-20,403.23983798387,404.49082706445,398.00961755938,402.79032663418,24307915
2024-02-21,400.16968552166,402.29053437289,397.22020724729,402.17991636737,18631072
2024-02-22,410.18966558503,412.83041906219,408.56961461333,411.65082887609,27009869
2024-02-23,415.67028494928,415.85934117689,408.97085628788,410.3395027016,16295879
2024-02-26,411.45473332085,412.1606773197,407.35985588026,407.53986154379,16193505
2024-02-27,407.98937289348,408.3202212918,403.85024825068,407.47952444987,14835827
2024-02-28,408.17541226639,409.29969344974,405.31945648759,407.71986720731,13183125
2024-02-29,408.64000788956,414.20007109414,405.91981057208,413.63994173893,31947263
2024-03-01,411.26969956617,415.86939735921,410.87951969217,415.50033546808,17823445
2024-03-04,413.43982371077,417.34966739668,412.32057061858,414.92009374823,17595956
2024-03-05,413.96073395493,414.2493463875,400.64031485422,402.65054569994,26919177
2024-03-06,402.96932667947,405.16056880694,398.3907468693,402.09041634473,22344149
2024-03-07,406.12093421847,409.77937334639,402.24025346129,409.13980015085,18718479
2024-03-08,407.95920434652,410.41995216015,404.32992814733,406.21948480521,18002186
2024-03-11,403.76175384627,405.68047343287,401.25977568512,404.5209956114,16120752
2024-03-12,407.62031100234,415.57072874432,406.78967034273,415.27909945704,22457003
2024-03-13,418.09985859773,418.18030805628,411.44970522969,415.10110502999,17115931
2024-03-14,420.23981419536,427.82016442797,417.98924059221,425.21963568009,34157299
2024-03-15,419.28950496615,422.6000001858,412.79019433291,416.4194705321,45079903
2024-03-18,414.2493463875,420.72955027433,413.77972267317,417.32050446795,20105977
2024-03-19,417.83035291156,421.6657808483,415.55061637968,421.40934819915,19837915
2024-03-20,421.99964610132,425.95977069882,420.66116823456,425.22969186241,17860085
2024-03-21,429.82938965545,430.81891799571,427.1604788678,429.36982212344,21296222
2024-03-22,429.69966490353,429.85955820241,426.07038870434,428.74030511023,17648473
2024-03-25,425.23974804473,427.40886657109,421.61047184554,422.86045530788,18060450
2024-03-26,425.61082117233,425.98993924578,421.34901110523,421.65069657482,16725647
2024-03-27,424.44028155031,424.45033773263,419.00994309766,421.42946056379,16704978
2024-03-28,420.95983684946,421.86891573116,419.11955548495,420.72049971025,21871161
2024-04-01,423.95054547134,427.89055770421,422.22088211235,424.57101192047,16315961
2024-04-02,420.11109506167,422.379769793,417.84040909388,421.43951674611,17911992
2024-04-03,419.72996575175,423.26069136421,419.08435884683,420.44998840585,16502264
2024-04-04,424.9903547232,428.66991183399,417.56989778948,417.88063382316,19370875
2024-04-05,420.01053323847,426.50984387171,418.32008899053,425.52031553145,16554761
2024-04-08,425.16935476849,427.28115305563,423.29991047526,424.65950632488,14261149
2024-04-09,426.43945059547,427.74072058764,421.62052802786,426.27955729659,12512289
2024-04-10,422.19071356539,424.02998931167,419.69979720479,423.26069136421,16216581
2024-04-11,425.81898414635,429.36982212344,422.35965742836,427.92977681526,17966423
2024-04-12,424.05010167631,425.17941095081,419.7691848628,421.89908427812,19253750
2024-04-15,426.60034951259,426.81957428716,413.43077314668,413.63994173893,20273538
2024-04-16,414.5701386035,418.40053844909,413.72944176157,414.58019478582,16765616
2024-04-17,417.25011119171,418.88021834574,410.32944651928,411.83887948547,15855485
2024-04-18,410.63113198887,411.88916039707,403.95081007388,404.26959105341,21029917
2024-04-19,404.0302539142,405.38984976383,397.77028042017,399.11982008748,29998997
2024-04-22,400.08018549902,402.8506637281,395.74898777391,400.96010145199,20286875
2024-04-23,404.23439441529,408.19954710396,403.05983232035,407.57003009074,15734501
2024-04-24,409.56014857182,412.46940211691,406.77961416041,409.06035631053,15065330
2024-04-25,394.03038621547,399.89012365317,388.02986222529,399.04037624716,40586450
2024-04-26,412.17073350202,412.99936292516,405.75991727319,406.31904101017,29694654
2024-04-29,405.24906321135,406.31904101017,399.18920774549,402.25030964361,19582091
2024-04-30,401.49006226024,402.16080962097,389.16922768212,389.33012659923,28781374
2024-05-01,392.61045327192,401.72034883536,390.30959875717,394.9404707154,23562481
2024-05-02,397.65966241466,399.93034838245,394.6508526646,397.84067369641,17709364
2024-05-03,402.28047819057,407.15068728801,401.85912415137,406.66095120904,17446724
2024-05-06,408.75967645917,413.93056540797,406.36932192177,413.53937991573,16996639
2024-05-07,414.65963862615,414.66969480847,409.08951923925,409.33991817902,20018228
2024-05-08,408.17038417523,412.2300649777,406.7132433571,410.54062634799,11792308
2024-05-09,410.57079489495,412.71980105667,409.09957542157,412.32057061858,14689727
2024-05-10,412.93500335832,415.37966128024,411.79966037442,414.73908246648,13402281
2024-05-13,418.00935295685,418.34824630102,410.81918259825,413.72039119749,15440226
2024-05-14,412.01989076722,417.48944833092,411.55026705289,416.56025708458,15109306
2024-05-15,417.90018417099,423.80959983993,417.26979296323,423.07983167426,22239533
2024-05-16,421.79997691328,425.42071112729,420.35047865849,420.99090794281,17530050
2024-05-17,422.53978315551,422.92022625701,418.0246563203,420.20994558669,15352239
2024-05-20,420.20994558669,426.76982861651,419.9901117101,425.34040651483,16272137
2024-05-21,426.82503803757,432.97034850559,424.85054837886,429.03943772598,21453255
2024-05-22,430.08942053381,432.41022383373,427.13019556489,430.5200540181,18073698
2024-05-23,432.97034850559,433.5997359057,425.42472635791,427.00070437731,17211689
2024-05-24,427.18942021658,431.05407969092,424.40987681802,430.15968706971,11855285
2024-05-28,429.62967662752,430.82019250714,426.59918131504,430.32029629462,15718024
2024-05-29,425.68973157901,430.94064942582,425.68973157901,429.16993272122,15517130
2024-05-30,424.30046178356,424.30046178356,414.24030145841,414.66993113504,28424847
2024-05-31,416.74982059759,416.74982059759,404.50939004433,415.12967504134,47995250
2024-06-03,415.52417145002,416.43060976309,408.92413611398,413.51956756164,17484675
2024-06-04,412.43043625524,416.44064783965,409.67498424042,416.06923900705,14348917
2024-06-05,417.80984148198,424.07962409931,416.30011476785,424.01036137107,16988038
2024-06-06,424.01036137107,425.31029228516,420.57934680398,424.51929185249,14861251
2024-06-07,426.19966586809,426.27997048054,423.00053086946,423.84975214616,13621650
2024-06-10,424.69997723051,428.07979760716,423.88990445239,427.87000180712,14003034
2024-06-11,425.47592054835,432.81977735724,425.25006382582,432.6802480931,14551101
2024-06-12,435.32026222752,443.39991004802,433.25041084153,441.06003440265,22366233
2024-06-13,440.85023860262,443.38987197147,439.37062611816,441.58000676829,15960565
2024-06-14,438.27446815816,443.13691244224,436.72057390718,442.56976111678,13581985
2024-06-17,442.58481823162,450.94051315743,440.71974360738,448.36976175125,20790030
2024-06-18,449.7048259333,450.1394746482,444.89056441669,446.34006267149,17112504
2024-06-20,446.29991036526,446.53078612606,441.26983020269,445.69963338717,19877378
2024-06-21,447.38000740276,450.58014620904,446.51070997295,449.78011150747,34486172
2024-06-24,449.80018766059,452.74937455295,446.41032920738,447.67010781525,15913719
2024-06-25,448.25030864023,451.42033321684,446.749616195,450.95055123399,16747529
2024-06-26,449.00015295902,453.5995996373,448.19008018089,452.15913565141,16507030
2024-06-27,452.17419276625,456.16934723582,451.76965828101,452.84975531852,14806324
2024-06-28,453.07059300276,455.38035441847,446.41032920738,446.95037772613,28362271
2024-07-01,448.65986216374,457.36990119201,445.65948108094,456.72947190769,17662818
2024-07-02,453.20008419035,459.59032372635,453.1127529243,459.28014716075,13979779
2024-07-03,458.19001204669,461.02074963568,457.87983548109,460.76979772177,9932830
2024-07-05,459.61039987947,468.34954932974,458.96495155687,467.56055651239,16000290
2024-07-08,466.55072601078,467.70008577652,464.45979466402,466.23954563752,12962321
2024-07-09,467.00043184052,467.32968075158,458.00029239977,459.54013334357,17228507
2024-07-10,461.21950355151,466.46038332177,458.85453271475,466.24958371408,18196100
2024-07-11,462.98018217956,464.78000930618,451.55082821208,454.69977282792,23111175
2024-07-12,454.32535257235,456.3600706904,450.64438989901,453.55041306218,16324274
2024-07-15,453.29946114826,457.25948234988,451.4303712934,453.95996658569,14429447
2024-07-16,454.21995276851,454.30025738096,446.65927350599,449.52012532465,17175679
2024-07-17,442.5898372699,444.85041211047,439.17990266358,443.5203669667,21754021
2024-07-18,444.34047782139,444.64965057933,434.39977060727,440.37041854321,20794822
2024-07-19,433.09983969317,441.13933520745,432.00067031021,437.11005127758,20940417
2024-07-22,441.78980256832,444.59946019655,438.91288982717,442.94016614172,15808755
2024-07-23,443.89478722227,448.38983790437,443.09977155898,444.85041211047,13107050
2024-07-24,440.45072315566,441.48062981038,427.58492043291,428.89990846184,26805800
2024-07-25,428.80053150393,429.80032392898,417.50970299294,418.40008038352,29943795
2024-07-26,418.20032266004,428.91496557668,417.26979296323,425.27013997893,23583839
2024-07-29,431.58007490249,432.14923384325,424.70399246114,426.72967631028,15125836
2024-07-30,427.71943065877,429.04947580254,417.36013565224,422.92022625701,32687578
2024-07-31,420.4950269609,421.77488172189,412.20959857099,418.34989000073,42891366
2024-08-01,420.78512737339,427.46044828361,413.08993788501,417.11018754598,30296400
2024-08-02,412.48966090692,414.9991800461,404.34075035818,408.48948739907,29437900
2024-08-05,389.17020525801,401.03922697867,385.57958527367,395.14988746285,40709238
2024-08-06,399.9992822474,405.66979169429,398.49959360982,399.609804877,24946525
2024-08-07,408.63503950914,410.07951872565,397.4696869551,398.43033088158,20650906
2024-08-08,402.44054246599,405.86051514887,399.94005759571,402.6894867646,20203030
2024-08-09,404.02956998492,408.04981964589,402.26286851094,406.02012056612,19276666
2024-08-12,407.06006529739,408.7605154661,404.24338101558,406.81011719113,16762883
2024-08-13,409.58966058969,414.94999347097,409.56958443657,414.00942569761,19414271
2024-08-14,414.80042613028,417.71949879297,412.44649717773,416.86023943972,18266980
2024-08-15,419.79960905414,421.11022719913,417.66033555296,421.03006706794,20752144
2024-08-16,420.60020836442,421.33968557467,417.29961496259,418.469952878,22775593
2024-08-19,418.95993167991,421.74950424539,416.45993758836,421.53006588625,15233957
2024-08-20,421.70040616503,425.85971497226,421.64028606664,424.79959723724,16387581
2024-08-21,424.0751500516,426.39979385617,421.72044619783,424.14028015819,16067298
2024-08-22,424.35971851733,426.78957249409,414.6102425611,415.55012009933,19361901
2024-08-23,416.97997643947,419.25953017024,412.09020843675,416.78959612788,18493784
2024-08-26,416.36474743257,417.2795749298,411.33970920847,413.49000472769,13152830
2024-08-27,412.8597456962,414.35974215113,410.24953142426,413.83970330002,13492911
2024-08-28,414.87978100223,415.00002119902,407.30965861279,410.60023199822,14882660
2024-08-29,414.93990110063,422.05010473736,410.60023199822,413.12026612257,17045241
2024-08-30,415.60022018132,417.48999527417,412.13028850235,417.14029670185,24308324
2024-09-03,417.90983396129,419.87976918534,407.03010015526,409.43991409922,20313603
2024-09-04,405.90986232185,411.23950904448,404.36978580132,408.89983521531,15135806
2024-09-05,407.62027912116,413.10022608977,406.13030268263,408.3898163806,14195516
2024-09-06,409.0601554777,410.65033208022,400.79965395836,401.70045343263,19609526
2024-09-09,407.239518498,408.65033680698,402.15035216895,405.72048401191,15295134
2024-09-10,408.20043807066,416.32967737517,407.70043925235,414.20042389038,19594287
2024-09-11,415.50002001733,423.98997991221,409.5801943288,423.04008235758,19266923
2024-09-12,423.30962079871,427.36872944195,419.74950897215,426.99999283847,17418759
2024-09-13,425.82464491486,431.82964074278,425.45991631794,430.59016471423,15874555
2024-09-16,430.60018473063,433.53003752569,428.22043083586,431.33966194087,13834697
2024-09-17,440.2304224917,441.84965714178,432.2695194627,435.15027417741,18874231
2024-09-18,434.99997393143,436.03003161724,430.40980441905,430.80960307337,18898042
2024-09-19,441.22541012013,441.49995856946,436.89976904068,438.69034597118,21706559
2024-09-20,437.22040956545,439.24044487148,434.22041665558,435.26951237256,55167106
2024-09-23,434.27953475234,436.45989032076,430.38876238461,433.5099974929,15128891
2024-09-24,432.99997865819,433.34967723051,426.10019536584,429.17032839049,17015754
2024-09-25,429.82964546954,433.11921685333,428.57012940819,432.11020120196,13396364
2024-09-26,435.08514407082,435.29957242176,429.13024832489,431.30960189168,14492044
2024-09-27,431.52002223605,431.84968077558,427.46993160758,428.02003050788,14896131
2024-09-30,428.21041081946,430.41982443544,425.36973617035,430.29958423866,16854606
2024-10-01,428.4498892114,428.4799492606,418.80963143392,420.69038851202,19092945
2024-10-02,422.58016360487,422.8196419968,416.71043799833,417.13027668545,16582257
2024-10-03,417.63027550376,419.55011064581,414.28960203633,416.54009771955,13686421
2024-10-04,418.24049450246,419.74950897215,414.96996114983,416.06013893404,19190913
2024-10-07,416.00001883564,417.11023665265,409.0000353793,409.54011426321,20919761
2024-10-08,410.89983048855,415.66034027972,408.17037802146,414.71044272509,19229261
2024-10-09,415.85973860606,420.37976800365,414.29962205273,417.45993522498,14974257
2024-10-10,415.225471568,417.34971504459,413.15032617177,415.83969857326,13848376
2024-10-11,416.13528905703,417.13027668545,413.24952433412,416.31965735877,14144944
2024-10-14,417.76955373171,424.0400799942,417.52005532337,419.14029197509,16653086
2024-10-15,422.18036495055,422.47996344088,415.25953962376,418.74049332077,18900201
2024-10-16,415.17036147781,416.35973742437,410.47999180143,416.12025903243,15508932
2024-10-17,422.35972324409,422.50000347367,415.59020016492,416.72045801473,14820004
2024-10-18,417.14029670185,419.6503108098,416.26053926202,418.16033437127,17145317
2024-10-21,416.12025903243,418.95993167991,413.75052515407,418.77957138473,14206115
2024-10-22,418.48999291079,430.57914269619,418.04009417448,427.51001167317,25482197
2024-10-23,430.85469314716,431.08014351614,422.53006352287,424.6001989109,19654379
2024-10-24,425.32464609655,425.97795116577,422.39980330968,424.73045912409,13581631
2024-10-25,426.75951244489,432.52001987267,426.56512412675,428.15029072107,16899064
2024-10-28,431.65529245744,431.93986092317,426.29959369218,426.59017416775,14882444
2024-10-29,427.99999047509,433.17031893697,425.8005968755,431.94988093957,17644080
2024-10-30,437.43483791638,438.4999656596,432.10018118556,432.53003988907,29749149
2024-10-31,415.35973978775,416.16033909803,406.29964095977,406.34974104177,53970981
2024-11-01,409.0100553957,415.50002001733,407.50003892437,410.36977162105,24230442
2024-11-04,409.78961267154,410.41486169484,405.57118576756,408.4599564954,19672286
2024-11-05,408.3697763478,414.89982103503,408.08019787387,411.45994940526,17626011
2024-11-06,412.41986697628,420.44990811844,410.52007186703,420.18036967731,26681842
2024-11-07,421.27956547628,426.84969259248,419.87976918534,425.42985626874,19901782
2024-11-08,425.31963608835,426.49999402016,421.77956429459,422.54008353927,16891414
2024-11-11,422.51503349827,424.80961725364,416.00001883564,418.01003412528,24503321
2024-11-12,418.24951251722,424.43987864852,417.20041680024,423.03006234118,19401204
2024-11-13,421.64028606664,429.32463664303,418.21043445326,425.2003978932,21502185
2024-11-14,424.99999756522,428.17033075387,420.00000938212,426.88977265808,30246881
2024-11-15,419.81964908694,422.799601964,413.64030497368,415.00002119902,28247644
2024-11-18,414.86976098584,418.40382076976,412.10022845315,415.75953844207,24742013
2024-11-19,413.11024610617,417.93989401049,411.55012955285,417.7895937645,18133529
2024-11-20,416.86975625908,417.28959494619,410.58019196542,415.49000000093,19191655
2024-11-21,419.5,419.78,410.2887,412.87,20780162
2024-11-22,411.365,417.4,411.06,417,24814626
2024-11-25,418.38,421.08,414.85,418.79,27691090
2024-11-26,419.585,429.0414,418.85,427.99,23458889
2024-11-27,425.105,427.2299,422.02,422.99,18332444
2024-11-29,420.09,424.8849,417.8,423.46,16271921
2024-12-02,421.57,433,421.31,430.98,20207223
2024-12-03,429.84,432.47,427.74,431.2,18301987
2024-12-04,433.03,439.67,432.63,437.42,26009429
2024-12-05,437.92,444.66,436.171,442.62,21697775
2024-12-06,442.3,446.1,441.7703,443.57,18821002
2024-12-09,442.6,448.33,440.5,446.02,19144388
2024-12-10,444.39,449.62,441.6,443.33,18469459
2024-12-11,444.05,450.35,444.05,448.99,19200208
2024-12-12,449.11,456.1648,449.11,449.56,20834779
2024-12-13,448.435,451.43,445.58,447.27,20177833
2024-12-16,447.27,452.18,445.28,451.59,23598834
2024-12-17,451.01,455.29,449.57,454.46,22733494
2024-12-18,451.32,452.65,437.02,437.39,24444545
2024-12-19,441.62,443.1834,436.32,437.03,22963681
2024-12-20,433.11,443.74,428.63,436.6,64263694
2024-12-23,436.74,437.65,432.83,435.25,19152519
2024-12-24,434.65,439.6,434.19,439.33,7164543
2024-12-26,439.08,440.94,436.63,438.11,8199927
2024-12-27,434.6,435.22,426.35,430.53,18117713
2024-12-30,426.06,427.55,421.9,424.83,13158703
2024-12-31,426.1,426.73,420.66,421.5,13246509
2025-01-02,425.53,426.07,414.85,418.58,16896469
2025-01-03,421.08,424.03,419.54,423.35,16662943
2025-01-06,428,434.32,425.4774,427.85,20573648
2025-01-07,429,430.65,420.8,422.37,18139065
2025-01-08,423.46,426.97,421.54,424.56,15054575
2025-01-10,424.63,424.71,415.02,418.95,20201132
2025-01-13,415.235,418.5,412.29,417.19,17604780
2025-01-14,417.81,419.74,410.72,415.67,16935856
2025-01-15,419.13,428.15,418.265,426.31,19637838
2025-01-16,428.695,429.49,424.39,424.58,15300023
2025-01-17,434.085,434.48,428.17,429.03,26197507
2025-01-21,430.2,430.8999,425.595,428.5,26085703
2025-01-22,437.56,447.27,436,446.2,27803811
2025-01-23,442,446.75,441.5048,446.71,18389270
2025-01-24,445.16,446.65,441.4,444.06,15549453
2025-01-27,424.01,435.2,423.5,434.56,35647805
2025-01-28,434.6,448.38,431.38,447.2,23491703
2025-01-29,446.69,446.88,440.4,442.33,23581370
2025-01-30,418.77,422.86,413.16,414.99,54586260
2025-01-31,418.98,420.69,414.91,415.06,34223388
2025-02-03,411.6,415.41,408.66,410.92,25679149
2025-02-04,412.685,413.9199,409.74,412.37,20532096
2025-02-05,412.35,413.827,410.4,413.29,16336188
2025-02-06,414,418.2,414,415.82,16309755
2025-02-07,416.48,418.65,408.1,409.75,22886844
2025-02-10,413.71,415.4624,410.92,412.22,20817919
2025-02-11,409.64,412.49,409.3,411.44,18140592
2025-02-12,407.21,410.75,404.3673,409.04,19121734
2025-02-13,407,411,406.36,410.54,23891731
2025-02-14,407.79,408.91,405.88,408.43,22758464
2025-02-18,408,410.597,406.5,409.64,21423051
2025-02-19,407.88,415.49,407.65,414.77,24114197
2025-02-20,415.29,419.31,412.54,416.13,23508728
2025-02-21,417.335,418.048,407.89,408.21,27524799
2025-02-24,408.51,409.37,399.32,404,26443656
2025-02-25,401.1,401.915,396.7,397.9,29387402
2025-02-26,398.01,403.6,394.245,399.73,19618954
2025-02-27,401.265,405.74,392.17,392.53,21127406
2025-02-28,392.655,397.63,386.57,396.99,32845658
2025-03-03,398.82,398.82,386.155,388.49,23007726
2025-03-04,383.4,392.58,381,388.61,29342923
2025-03-05,389.34,401.67,388.81,401.02,23433132
2025-03-06,394.28,402.15,392.6777,396.89,23304625
2025-03-07,392.32,394.8,385.54,393.31,22034087
2025-03-10,385.84,386.4,377.22,380.16,32840134
2025-03-11,379,386,376.91,380.45,30380177
2025-03-12,382.95,385.2165,378.9507,383.27,24253567
2025-03-13,383.155,385.32,377.45,378.77,20473017
2025-03-14,379.775,390.23,379.51,388.56,19952846
2025-03-17,386.7,392.705,385.57,388.7,22474272
2025-03-18,387.07,387.37,381.1,383.52,19486850
2025-03-19,385.525,389.68,384,387.82,19185532
2025-03-20,385.735,391.785,383.28,386.84,18470542
2025-03-21,383.215,391.74,382.8,391.26,39675928
2025-03-24,395.4,395.4,389.81,393.08,21004548
2025-03-25,393.915,396.36,392.64,395.16,15774968
2025-03-26,395,395.31,388.57,389.97,16132906
2025-03-27,390.13,392.24,387.395,390.58,13766761
2025-03-28,388.08,389.13,376.93,378.8,21632016
2025-03-31,372.535,377.07,367.24,375.39,35184676
2025-04-01,374.65,382.85,373.23,382.19,19689503
2025-04-02,377.965,385.08,376.62,382.14,16092555
2025-04-03,374.785,377.48,369.35,373.11,30197997
2025-04-04,364.125,374.59,359.48,359.84,49209854
2025-04-07,350.88,370.9999,344.79,357.86,50424998
2025-04-08,368.255,373.65,350.25,354.56,35868918
2025-04-09,353.535,393.225,353.1,390.49,50199696
2025-04-10,382.06,383.9,367.8,381.35,38024368
2025-04-11,380.635,390.05,378.89,388.45,23839220
2025-04-14,393.22,394.65,384.21,387.81,19251172
2025-04-15,388.505,391.89,384.1599,385.73,17199890
2025-04-16,380.67,381.61,368,371.61,21967826
2025-04-17,373.745,374.3215,366.89,367.78,21120192
2025-04-21,362.815,364.48,355.67,359.12,20807279
2025-04-22,363.375,367.77,359.8602,366.82,19484993
2025-04-23,376.06,380.39,373.02,374.39,20545526
2025-04-24,375.695,388.45,375.19,387.3,22232289
2025-04-25,387,392.16,384.6,391.85,18973165
2025-04-28,391.955,392.74,386.638,391.16,16579430
2025-04-29,391.3,395.1,390.38,394.04,14973976
2025-04-30,390.3,396.66,384.44,395.26,36461075
2025-05-01,431.11,436.99,424.9,425.4,58938100
2025-05-02,431.74,439.44,429.985,435.28,30757434
2025-05-05,432.87,439.5,432.11,436.17,20136053
2025-05-06,432.2,437.73,431.17,433.31,15104204
2025-05-07,433.84,438.12,431.1103,433.35,23307241
2025-05-08,437.93,443.67,435.66,438.17,23491330
2025-05-09,440,440.74,435.88,438.73,15324233
2025-05-12,445.94,449.37,439.78,449.26,22821935
2025-05-13,447.78,450.6733,445.36,449.14,23618819
2025-05-14,448.14,453.9,448.14,452.94,19902796
2025-05-15,450.765,456.19,450.4301,453.13,21992323
2025-05-16,452.05,454.36,448.73,454.27,23849781
2025-05-19,450.875,459.585,450.8,458.87,21336509
2025-05-20,455.59,458.34,454.3201,458.17,15441808
2025-05-21,454.57,457.78,451.814,452.57,19216906
2025-05-22,454.95,460.25,453.9,454.86,18025612
2025-05-23,449.98,453.69,448.91,450.18,16883509
2025-05-27,456.48,460.95,456.115,460.69,20974293
2025-05-28,461.22,462.52,456.93,457.36,17086261
2025-05-29,461.55,461.72,455.3105,458.68,13982211
2025-05-30,459.715,461.68,455.54,460.36,34770475
2025-06-02,457.14,462.11,456.89,461.97,16626495
2025-06-03,461.47,464.14,460.8622,462.97,15743760
2025-06-04,464,465.69,463.0201,463.87,14162688
2025-06-05,464.955,469.65,464.03,467.68,20154460
2025-06-06,470.085,473.335,468.78,470.38,15285624
2025-06-09,469.7,473.43,468.62,472.75,16469932
2025-06-10,471.185,472.8,466.96,470.92,15375944
2025-06-11,470.02,475.47,469.655,472.62,16399176
2025-06-12,475.02,480.415,473.52,478.87,18950582
2025-06-13,476.41,479.18,472.76,474.96,16814456
2025-06-16,475.21,480.6943,475,479.14,15626104
2025-06-17,475.395,478.7399,474.08,478.04,15414128
2025-06-18,478,481,474.46,480.24,17526452
2025-06-20,482.23,483.46,476.87,477.4,37576206
2025-06-23,478.21,487.75,472.51,486,24863952
2025-06-24,488.95,491.849,486.795,490.11,22305642
2025-06-25,492.04,494.5556,489.39,492.27,17495099
2025-06-26,492.98,498.04,492.81,497.45,21578853
2025-06-27,497.55,499.3,493.03,495.94,34539236
2025-06-30,497.04,500.76,495.33,497.41,28368991
2025-07-01,496.47,498.05,490.98,492.05,19945375
2025-07-02,489.99,493.5,488.7,491.09,16319641
2025-07-03,493.81,500.13,493.44,498.84,13984829
2025-07-07,497.38,498.75,495.225,497.72,13981605
2025-07-08,497.24,498.2,494.11,496.62,11846586
2025-07-09,500.3,506.78,499.74,503.51,18659538
2025-07-10,503.05,504.44,497.75,501.48,16498740
2025-07-11,498.47,505.03,497.795,503.32,16459512
2025-07-14,501.515,503.97,501.03,503.02,12058848
2025-07-15,503.02,508.3,502.79,505.82,14927202
2025-07-16,505.18,506.72,501.89,505.62,15154374
2025-07-17,505.68,513.37,505.62,511.7,17503129
2025-07-18,514.48,514.64,507.43,510.05,21209666
2025-07-21,506.705,512.09,505.55,510.06,14066805
2025-07-22,510.97,511.2,505.27,505.27,13868644
2025-07-23,506.75,506.79,500.7,505.87,16396585
2025-07-24,508.77,513.67,507.3,510.88,16107000
2025-07-25,512.465,518.29,510.3592,513.71,19125699
2025-07-28,514.08,515,510.12,512.5,14308027
2025-07-29,515.53,517.62,511.56,512.57,16469235
2025-07-30,515.17,515.95,509.435,513.24,26380434
2025-07-31,555.225,555.45,531.9,533.5,51617326
2025-08-01,535,535.8,520.86,524.11,28977628
2025-08-04,528.27,538.25,528.13,535.64,25349004
2025-08-05,537.18,537.3,527.24,527.75,19171569
2025-08-06,530.9,531.7,524.03,524.94,21355702
2025-08-07,526.8,528.09,517.5511,520.84,16079144
2025-08-08,522.6,524.66,519.41,522.04,15531009
2025-08-11,522.3,527.59,519.72,521.77,20194372
2025-08-12,523.75,530.98,522.7,529.24,18688921
2025-08-13,532.11,532.7,519.37,520.58,19619160
2025-08-14,522.56,525.9499,520.14,522.48,20269074
2025-08-15,522.77,526.1,519.08,520.17,25213272
2025-08-18,521.585,522.82,514.02,517.1,23760583
2025-08-19,515,515.1641,508.55,509.77,21481016
2025-08-20,509.865,511,504.44,505.72,27723025
2025-08-21,503.69,507.63,502.7201,504.24,18443254
2025-08-22,504.25,510.73,502.41,507.23,24324161
2025-08-25,506.63,508.19,504.12,504.26,21638579
2025-08-26,504.355,504.9778,498.51,502.04,30835709
2025-08-27,502,507.29,499.9,506.74,17277893
2025-08-28,507.09,511.09,505.5,509.64,18015593
2025-08-29,508.66,509.6,504.4915,506.69,20961569
2025-09-02,500.465,506,496.81,505.12,18127995
2025-09-03,503.79,507.79,502.32,505.35,16345078
2025-09-04,504.3,508.15,503.15,507.97,15509486
2025-09-05,509.07,511.97,492.37,495,31994846
2025-09-08,498.105,501.195,495.03,498.2,16771015
2025-09-09,501.43,502.25,497.7,498.41,14410542
2025-09-10,502.98,503.2299,496.72,500.37,21611816
2025-09-11,502.25,503.17,497.88,501.01,18881608
2025-09-12,506.65,512.55,503.85,509.9,23624884
2025-09-15,508.79,515.47,507,515.36,17143786
2025-09-16,516.88,517.23,508.6,509.04,19711922
2025-09-17,510.62,511.29,505.93,510.02,15816585
2025-09-18,511.49,513.07,507.66,508.45,18913696
2025-09-19,510.56,519.3,510.31,517.93,52474093
2025-09-22,515.59,517.74,512.545,514.45,20009314
2025-09-23,513.8,514.5899,507.31,509.23,19799580
2025-09-24,510.38,512.48,506.92,510.15,13533711
2025-09-25,508.3,510.01,505.04,507.03,15786468
2025-09-26,510.06,513.94,506.62,511.46,16213129
2025-09-29,511.5,516.845,508.88,514.6,17617775
2025-09-30,513.24,518.16,509.66,517.95,19728229
2025-10-01,514.8,520.505,511.69,519.71,22632336
2025-10-02,517.64,521.6,510.6791,515.74,21222886
2025-10-03,517.1,520.49,515,517.35,15112321
2025-10-06,518.61,531.03,518.2,528.57,21388581
2025-10-07,528.285,529.8,521.44,523.98,14615208
2025-10-08,523.28,526.95,523.09,524.85,13363447
2025-10-09,522.335,524.325,517.4,522.4,18343602
2025-10-10,519.64,523.58,509.63,510.96,24133840
2025-10-13,516.41,516.41,511.68,514.05,14284238
2025-10-14,510.225,515.282,506,513.57,14684300
2025-10-15,514.955,517.19,510,513.43,14694654
2025-10-16,512.58,516.85,508.13,511.61,15559565
2025-10-17,509.04,515.48,507.31,513.58,19867765
2025-10-20,514.61,518.7,513.43,516.79,14665620
2025-10-21,517.5,518.69,513.04,517.66,15586204
2025-10-22,521.15,525.23,517.71,520.54,18962694
2025-10-23,522.46,523.95,518.61,520.56,14023532
2025-10-24,522.79,525.345,520.71,523.61,15532360
2025-10-27,531.78,534.58,529.01,531.52,18734716
2025-10-28,550,553.72,540.77,542.07,29986683
2025-10-29,544.94,546.27,536.7287,541.55,36023004
2025-10-30,530.48,534.97,522.12,525.76,41023088
2025-10-31,528.875,529.32,515.1,517.81,34006424
2025-11-03,519.805,524.96,514.59,517.03,22374742
2025-11-04,511.76,515.55,507.84,514.33,20958663
2025-11-05,513.3,514.83,506.575,507.16,23024342
2025-11-06,505.66,505.7,495.81,497.1,27406496
2025-11-07,496.945,499.377,493.25,496.82,24019764
2025-11-10,500.035,506.85,498.8,506,26101480
2025-11-11,504.8,509.6,502.3488,508.68,17980020
2025-11-12,509.355,511.67,499.1201,511.14,26574851
2025-11-13,510.31,513.5,501.29,503.29,25273114
2025-11-14,498.23,511.6,497.44,510.18,28505746
2025-11-17,508.45,512.12,504.91,507.49,19092752
2025-11-18,495.365,502.98,486.78,493.79,33815114
2025-11-19,490.1,495.1872,482.83,487.12,23245314
